<gpx xmlns:ns3="http://www.garmin.com/xmlschemas/TrackPointExtension/v1" xmlns="http://www.topografix.com/GPX/1/1" xmlns:xsi="http://www.w3.org/2001/XMLSchema-instance" xmlns:ns2="http://www.garmin.com/xmlschemas/GpxExtensions/v3" creator="Garmin Connect" version="1.1" xsi:schemaLocation="http://www.topografix.com/GPX/1/1 http://www.topografix.com/GPX/11.xsd">
  <extensions>
<distance>5248.64</distance>
<average_hr>150.0</average_hr>
<average_speed>2.1089999675750732</average_speed>
<start_time>2026-07-24T14:04:58+00:00</start_time>
<end_time>2026-07-24T14:46:26.544000+00:00</end_time>
<moving_time>2388.57</moving_time>
<elapsed_time>2662.333</elapsed_time>
</extensions>
<metadata>
    <link href="connect.garmin.com">
      <text>Garmin Connect</text>
    </link>
    <time>2026-07-24T14:04:58.000Z</time>
  </metadata>
  <trk>
    <name>乌鲁木齐市 - 乳酸阈值训练</name>
    <type>running</type>
    <trkseg>
      <trkpt lat="43.8556849770247936248779296875" lon="87.5167795456945896148681640625">
        <ele>787.79998779296875</ele>
        <time>2026-07-24T14:05:41.000Z</time>
        <extensions>
          <ns3:TrackPointExtension>
            <ns3:hr>115</ns3:hr>
            <ns3:cad>80</ns3:cad>
          </ns3:TrackPointExtension>
        </extensions>
      </trkpt>
      <trkpt lat="43.85537191294133663177490234375" lon="87.51682254485785961151123046875">
        <ele>787.5999755859375</ele>
        <time>2026-07-24T14:05:42.000Z</time>
        <extensions>
          <ns3:TrackPointExtension>
            <ns3:hr>115</ns3:hr>
            <ns3:cad>80</ns3:cad>
          </ns3:TrackPointExtension>
        </extensions>
      </trkpt>
      <trkpt lat="43.85508072562515735626220703125" lon="87.51700610853731632232666015625">
        <ele>788</ele>
        <time>2026-07-24T14:05:44.000Z</time>
        <extensions>
          <ns3:TrackPointExtension>
            <ns3:hr>116</ns3:hr>
            <ns3:cad>81</ns3:cad>
          </ns3:TrackPointExtension>
        </extensions>
      </trkpt>
      <trkpt lat="43.85521567426621913909912109375" lon="87.51694031059741973876953125">
        <ele>788</ele>
        <time>2026-07-24T14:05:47.000Z</time>
        <extensions>
          <ns3:TrackPointExtension>
            <ns3:hr>118</ns3:hr>
            <ns3:cad>81</ns3:cad>
          </ns3:TrackPointExtension>
        </extensions>
      </trkpt>
      <trkpt lat="43.85524065233767032623291015625" lon="87.51693352125585079193115234375">
        <ele>788</ele>
        <time>2026-07-24T14:05:48.000Z</time>
        <extensions>
          <ns3:TrackPointExtension>
            <ns3:hr>119</ns3:hr>
            <ns3:cad>81</ns3:cad>
          </ns3:TrackPointExtension>
        </extensions>
      </trkpt>
      <trkpt lat="43.8551471941173076629638671875" lon="87.516635544598102569580078125">
        <ele>789.20001220703125</ele>
        <time>2026-07-24T14:05:55.000Z</time>
        <extensions>
          <ns3:TrackPointExtension>
            <ns3:hr>119</ns3:hr>
            <ns3:cad>81</ns3:cad>
          </ns3:TrackPointExtension>
        </extensions>
      </trkpt>
      <trkpt lat="43.85511157102882862091064453125" lon="87.5165032781660556793212890625">
        <ele>789.5999755859375</ele>
        <time>2026-07-24T14:05:58.000Z</time>
        <extensions>
          <ns3:TrackPointExtension>
            <ns3:hr>122</ns3:hr>
            <ns3:cad>81</ns3:cad>
          </ns3:TrackPointExtension>
        </extensions>
      </trkpt>
      <trkpt lat="43.85508206672966480255126953125" lon="87.51636036671698093414306640625">
        <ele>789.79998779296875</ele>
        <time>2026-07-24T14:06:02.000Z</time>
        <extensions>
          <ns3:TrackPointExtension>
            <ns3:hr>125</ns3:hr>
            <ns3:cad>0</ns3:cad>
          </ns3:TrackPointExtension>
        </extensions>
      </trkpt>
      <trkpt lat="43.85506815277040004730224609375" lon="87.51628375612199306488037109375">
        <ele>790</ele>
        <time>2026-07-24T14:06:04.000Z</time>
        <extensions>
          <ns3:TrackPointExtension>
            <ns3:hr>126</ns3:hr>
            <ns3:cad>0</ns3:cad>
          </ns3:TrackPointExtension>
        </extensions>
      </trkpt>
      <trkpt lat="43.8550513051450252532958984375" lon="87.51606431789696216583251953125">
        <ele>789.4000244140625</ele>
        <time>2026-07-24T14:06:09.000Z</time>
        <extensions>
          <ns3:TrackPointExtension>
            <ns3:hr>123</ns3:hr>
            <ns3:cad>79</ns3:cad>
          </ns3:TrackPointExtension>
        </extensions>
      </trkpt>
      <trkpt lat="43.85505683720111846923828125" lon="87.51603129319846630096435546875">
        <ele>789.4000244140625</ele>
        <time>2026-07-24T14:06:10.000Z</time>
        <extensions>
          <ns3:TrackPointExtension>
            <ns3:hr>123</ns3:hr>
            <ns3:cad>79</ns3:cad>
          </ns3:TrackPointExtension>
        </extensions>
      </trkpt>
      <trkpt lat="43.8550955615937709808349609375" lon="87.51577581278979778289794921875">
        <ele>791.20001220703125</ele>
        <time>2026-07-24T14:06:18.000Z</time>
        <extensions>
          <ns3:TrackPointExtension>
            <ns3:hr>121</ns3:hr>
            <ns3:cad>79</ns3:cad>
          </ns3:TrackPointExtension>
        </extensions>
      </trkpt>
      <trkpt lat="43.85510838590562343597412109375" lon="87.5156945921480655670166015625">
        <ele>792.4000244140625</ele>
        <time>2026-07-24T14:06:21.000Z</time>
        <extensions>
          <ns3:TrackPointExtension>
            <ns3:hr>124</ns3:hr>
            <ns3:cad>79</ns3:cad>
          </ns3:TrackPointExtension>
        </extensions>
      </trkpt>
      <trkpt lat="43.8551284186542034149169921875" lon="87.51558437012135982513427734375">
        <ele>793.5999755859375</ele>
        <time>2026-07-24T14:06:25.000Z</time>
        <extensions>
          <ns3:TrackPointExtension>
            <ns3:hr>124</ns3:hr>
            <ns3:cad>79</ns3:cad>
          </ns3:TrackPointExtension>
        </extensions>
      </trkpt>
      <trkpt lat="43.85515867732465267181396484375" lon="87.51531531102955341339111328125">
        <ele>797.4000244140625</ele>
        <time>2026-07-24T14:06:33.000Z</time>
        <extensions>
          <ns3:TrackPointExtension>
            <ns3:hr>127</ns3:hr>
            <ns3:cad>79</ns3:cad>
          </ns3:TrackPointExtension>
        </extensions>
      </trkpt>
      <trkpt lat="43.85516437701880931854248046875" lon="87.5152034126222133636474609375">
        <ele>798.5999755859375</ele>
        <time>2026-07-24T14:06:36.000Z</time>
        <extensions>
          <ns3:TrackPointExtension>
            <ns3:hr>129</ns3:hr>
            <ns3:cad>79</ns3:cad>
          </ns3:TrackPointExtension>
        </extensions>
      </trkpt>
      <trkpt lat="43.85520243085920810699462890625" lon="87.51493276096880435943603515625">
        <ele>798.79998779296875</ele>
        <time>2026-07-24T14:06:44.000Z</time>
        <extensions>
          <ns3:TrackPointExtension>
            <ns3:hr>127</ns3:hr>
            <ns3:cad>79</ns3:cad>
          </ns3:TrackPointExtension>
        </extensions>
      </trkpt>
      <trkpt lat="43.85522288270294666290283203125" lon="87.51488381065428256988525390625">
        <ele>798.4000244140625</ele>
        <time>2026-07-24T14:06:46.000Z</time>
        <extensions>
          <ns3:TrackPointExtension>
            <ns3:hr>131</ns3:hr>
            <ns3:cad>79</ns3:cad>
          </ns3:TrackPointExtension>
        </extensions>
      </trkpt>
      <trkpt lat="43.85524869896471500396728515625" lon="87.51475204713642597198486328125">
        <ele>797.5999755859375</ele>
        <time>2026-07-24T14:06:50.000Z</time>
        <extensions>
          <ns3:TrackPointExtension>
            <ns3:hr>134</ns3:hr>
            <ns3:cad>81</ns3:cad>
          </ns3:TrackPointExtension>
        </extensions>
      </trkpt>
      <trkpt lat="43.8552531413733959197998046875" lon="87.5146367959678173065185546875">
        <ele>797.4000244140625</ele>
        <time>2026-07-24T14:06:53.000Z</time>
        <extensions>
          <ns3:TrackPointExtension>
            <ns3:hr>136</ns3:hr>
            <ns3:cad>80</ns3:cad>
          </ns3:TrackPointExtension>
        </extensions>
      </trkpt>
      <trkpt lat="43.855264373123645782470703125" lon="87.51457057893276214599609375">
        <ele>797.4000244140625</ele>
        <time>2026-07-24T14:06:55.000Z</time>
        <extensions>
          <ns3:TrackPointExtension>
            <ns3:hr>132</ns3:hr>
            <ns3:cad>81</ns3:cad>
          </ns3:TrackPointExtension>
        </extensions>
      </trkpt>
      <trkpt lat="43.85530686937272548675537109375" lon="87.51435591839253902435302734375">
        <ele>796.4000244140625</ele>
        <time>2026-07-24T14:07:01.000Z</time>
        <extensions>
          <ns3:TrackPointExtension>
            <ns3:hr>134</ns3:hr>
            <ns3:cad>81</ns3:cad>
          </ns3:TrackPointExtension>
        </extensions>
      </trkpt>
      <trkpt lat="43.8553252257406711578369140625" lon="87.5141617096960544586181640625">
        <ele>796.79998779296875</ele>
        <time>2026-07-24T14:07:06.000Z</time>
        <extensions>
          <ns3:TrackPointExtension>
            <ns3:hr>137</ns3:hr>
            <ns3:cad>81</ns3:cad>
          </ns3:TrackPointExtension>
        </extensions>
      </trkpt>
      <trkpt lat="43.855349533259868621826171875" lon="87.5139967538416385650634765625">
        <ele>798.4000244140625</ele>
        <time>2026-07-24T14:07:10.000Z</time>
        <extensions>
          <ns3:TrackPointExtension>
            <ns3:hr>137</ns3:hr>
            <ns3:cad>82</ns3:cad>
          </ns3:TrackPointExtension>
        </extensions>
      </trkpt>
      <trkpt lat="43.8553812168538570404052734375" lon="87.5137395970523357391357421875">
        <ele>800.79998779296875</ele>
        <time>2026-07-24T14:07:16.000Z</time>
        <extensions>
          <ns3:TrackPointExtension>
            <ns3:hr>137</ns3:hr>
            <ns3:cad>80</ns3:cad>
          </ns3:TrackPointExtension>
        </extensions>
      </trkpt>
      <trkpt lat="43.8554030098021030426025390625" lon="87.51359685324132442474365234375">
        <ele>801.4000244140625</ele>
        <time>2026-07-24T14:07:20.000Z</time>
        <extensions>
          <ns3:TrackPointExtension>
            <ns3:hr>138</ns3:hr>
            <ns3:cad>81</ns3:cad>
          </ns3:TrackPointExtension>
        </extensions>
      </trkpt>
      <trkpt lat="43.85541222989559173583984375" lon="87.51348218880593776702880859375">
        <ele>801.5999755859375</ele>
        <time>2026-07-24T14:07:23.000Z</time>
        <extensions>
          <ns3:TrackPointExtension>
            <ns3:hr>141</ns3:hr>
            <ns3:cad>81</ns3:cad>
          </ns3:TrackPointExtension>
        </extensions>
      </trkpt>
      <trkpt lat="43.85542371310293674468994140625" lon="87.51340457238256931304931640625">
        <ele>802.20001220703125</ele>
        <time>2026-07-24T14:07:25.000Z</time>
        <extensions>
          <ns3:TrackPointExtension>
            <ns3:hr>144</ns3:hr>
            <ns3:cad>81</ns3:cad>
          </ns3:TrackPointExtension>
        </extensions>
      </trkpt>
      <trkpt lat="43.855443410575389862060546875" lon="87.51329250633716583251953125">
        <ele>802</ele>
        <time>2026-07-24T14:07:28.000Z</time>
        <extensions>
          <ns3:TrackPointExtension>
            <ns3:hr>146</ns3:hr>
            <ns3:cad>81</ns3:cad>
          </ns3:TrackPointExtension>
        </extensions>
      </trkpt>
      <trkpt lat="43.85547794401645660400390625" lon="87.513043396174907684326171875">
        <ele>800.5999755859375</ele>
        <time>2026-07-24T14:07:35.000Z</time>
        <extensions>
          <ns3:TrackPointExtension>
            <ns3:hr>147</ns3:hr>
            <ns3:cad>79</ns3:cad>
          </ns3:TrackPointExtension>
        </extensions>
      </trkpt>
      <trkpt lat="43.85548909194767475128173828125" lon="87.512975670397281646728515625">
        <ele>800</ele>
        <time>2026-07-24T14:07:37.000Z</time>
        <extensions>
          <ns3:TrackPointExtension>
            <ns3:hr>144</ns3:hr>
            <ns3:cad>79</ns3:cad>
          </ns3:TrackPointExtension>
        </extensions>
      </trkpt>
      <trkpt lat="43.85552060790359973907470703125" lon="87.51271591521799564361572265625">
        <ele>797.20001220703125</ele>
        <time>2026-07-24T14:07:44.000Z</time>
        <extensions>
          <ns3:TrackPointExtension>
            <ns3:hr>145</ns3:hr>
            <ns3:cad>81</ns3:cad>
          </ns3:TrackPointExtension>
        </extensions>
      </trkpt>
      <trkpt lat="43.85552563704550266265869140625" lon="87.51268087886273860931396484375">
        <ele>796.79998779296875</ele>
        <time>2026-07-24T14:07:45.000Z</time>
        <extensions>
          <ns3:TrackPointExtension>
            <ns3:hr>145</ns3:hr>
            <ns3:cad>81</ns3:cad>
          </ns3:TrackPointExtension>
        </extensions>
      </trkpt>
      <trkpt lat="43.8555605895817279815673828125" lon="87.51243076287209987640380859375">
        <ele>793.5999755859375</ele>
        <time>2026-07-24T14:07:52.000Z</time>
        <extensions>
          <ns3:TrackPointExtension>
            <ns3:hr>146</ns3:hr>
            <ns3:cad>79</ns3:cad>
          </ns3:TrackPointExtension>
        </extensions>
      </trkpt>
      <trkpt lat="43.85557056404650211334228515625" lon="87.51235951669514179229736328125">
        <ele>792.79998779296875</ele>
        <time>2026-07-24T14:07:54.000Z</time>
        <extensions>
          <ns3:TrackPointExtension>
            <ns3:hr>146</ns3:hr>
            <ns3:cad>80</ns3:cad>
          </ns3:TrackPointExtension>
        </extensions>
      </trkpt>
      <trkpt lat="43.85559822432696819305419921875" lon="87.51209598965942859649658203125">
        <ele>791.4000244140625</ele>
        <time>2026-07-24T14:08:01.000Z</time>
        <extensions>
          <ns3:TrackPointExtension>
            <ns3:hr>146</ns3:hr>
            <ns3:cad>82</ns3:cad>
          </ns3:TrackPointExtension>
        </extensions>
      </trkpt>
      <trkpt lat="43.8556075282394886016845703125" lon="87.51198417507112026214599609375">
        <ele>790.5999755859375</ele>
        <time>2026-07-24T14:08:04.000Z</time>
        <extensions>
          <ns3:TrackPointExtension>
            <ns3:hr>148</ns3:hr>
            <ns3:cad>82</ns3:cad>
          </ns3:TrackPointExtension>
        </extensions>
      </trkpt>
      <trkpt lat="43.85564130730926990509033203125" lon="87.511745207011699676513671875">
        <ele>787.79998779296875</ele>
        <time>2026-07-24T14:08:10.000Z</time>
        <extensions>
          <ns3:TrackPointExtension>
            <ns3:hr>153</ns3:hr>
            <ns3:cad>82</ns3:cad>
          </ns3:TrackPointExtension>
        </extensions>
      </trkpt>
      <trkpt lat="43.8556591607630252838134765625" lon="87.5116618908941745758056640625">
        <ele>786.5999755859375</ele>
        <time>2026-07-24T14:08:12.000Z</time>
        <extensions>
          <ns3:TrackPointExtension>
            <ns3:hr>151</ns3:hr>
            <ns3:cad>82</ns3:cad>
          </ns3:TrackPointExtension>
        </extensions>
      </trkpt>
      <trkpt lat="43.855700902640819549560546875" lon="87.5114060752093791961669921875">
        <ele>783.5999755859375</ele>
        <time>2026-07-24T14:08:18.000Z</time>
        <extensions>
          <ns3:TrackPointExtension>
            <ns3:hr>152</ns3:hr>
            <ns3:cad>81</ns3:cad>
          </ns3:TrackPointExtension>
        </extensions>
      </trkpt>
      <trkpt lat="43.855714313685894012451171875" lon="87.511259056627750396728515625">
        <ele>782.5999755859375</ele>
        <time>2026-07-24T14:08:21.000Z</time>
        <extensions>
          <ns3:TrackPointExtension>
            <ns3:hr>153</ns3:hr>
            <ns3:cad>82</ns3:cad>
          </ns3:TrackPointExtension>
        </extensions>
      </trkpt>
      <trkpt lat="43.85571129620075225830078125" lon="87.51097365282475948333740234375">
        <ele>781.4000244140625</ele>
        <time>2026-07-24T14:08:27.000Z</time>
        <extensions>
          <ns3:TrackPointExtension>
            <ns3:hr>154</ns3:hr>
            <ns3:cad>83</ns3:cad>
          </ns3:TrackPointExtension>
        </extensions>
      </trkpt>
      <trkpt lat="43.85570551268756389617919921875" lon="87.510890923440456390380859375">
        <ele>781.4000244140625</ele>
        <time>2026-07-24T14:08:29.000Z</time>
        <extensions>
          <ns3:TrackPointExtension>
            <ns3:hr>154</ns3:hr>
            <ns3:cad>83</ns3:cad>
          </ns3:TrackPointExtension>
        </extensions>
      </trkpt>
      <trkpt lat="43.85569159872829914093017578125" lon="87.5107066892087459564208984375">
        <ele>781.4000244140625</ele>
        <time>2026-07-24T14:08:35.000Z</time>
        <extensions>
          <ns3:TrackPointExtension>
            <ns3:hr>150</ns3:hr>
            <ns3:cad>81</ns3:cad>
          </ns3:TrackPointExtension>
        </extensions>
      </trkpt>
      <trkpt lat="43.85567952878773212432861328125" lon="87.510578446090221405029296875">
        <ele>781.4000244140625</ele>
        <time>2026-07-24T14:08:42.000Z</time>
        <extensions>
          <ns3:TrackPointExtension>
            <ns3:hr>150</ns3:hr>
            <ns3:cad>81</ns3:cad>
          </ns3:TrackPointExtension>
        </extensions>
      </trkpt>
      <trkpt lat="43.8556802831590175628662109375" lon="87.51055003143846988677978515625">
        <ele>781.5999755859375</ele>
        <time>2026-07-24T14:08:43.000Z</time>
        <extensions>
          <ns3:TrackPointExtension>
            <ns3:hr>154</ns3:hr>
            <ns3:cad>0</ns3:cad>
          </ns3:TrackPointExtension>
        </extensions>
      </trkpt>
      <trkpt lat="43.85567232035100460052490234375" lon="87.51039781607687473297119140625">
        <ele>782</ele>
        <time>2026-07-24T14:08:48.000Z</time>
        <extensions>
          <ns3:TrackPointExtension>
            <ns3:hr>151</ns3:hr>
            <ns3:cad>79</ns3:cad>
          </ns3:TrackPointExtension>
        </extensions>
      </trkpt>
      <trkpt lat="43.85566762648522853851318359375" lon="87.51033495180308818817138671875">
        <ele>782</ele>
        <time>2026-07-24T14:08:50.000Z</time>
        <extensions>
          <ns3:TrackPointExtension>
            <ns3:hr>152</ns3:hr>
            <ns3:cad>79</ns3:cad>
          </ns3:TrackPointExtension>
        </extensions>
      </trkpt>
      <trkpt lat="43.8556638546288013458251953125" lon="87.51006488688290119171142578125">
        <ele>782.20001220703125</ele>
        <time>2026-07-24T14:08:58.000Z</time>
        <extensions>
          <ns3:TrackPointExtension>
            <ns3:hr>154</ns3:hr>
            <ns3:cad>80</ns3:cad>
          </ns3:TrackPointExtension>
        </extensions>
      </trkpt>
      <trkpt lat="43.8556641899049282073974609375" lon="87.510027922689914703369140625">
        <ele>782.4000244140625</ele>
        <time>2026-07-24T14:08:59.000Z</time>
        <extensions>
          <ns3:TrackPointExtension>
            <ns3:hr>154</ns3:hr>
            <ns3:cad>81</ns3:cad>
          </ns3:TrackPointExtension>
        </extensions>
      </trkpt>
      <trkpt lat="43.85566947050392627716064453125" lon="87.509885765612125396728515625">
        <ele>783</ele>
        <time>2026-07-24T14:09:03.000Z</time>
        <extensions>
          <ns3:TrackPointExtension>
            <ns3:hr>157</ns3:hr>
            <ns3:cad>81</ns3:cad>
          </ns3:TrackPointExtension>
        </extensions>
      </trkpt>
      <trkpt lat="43.8556776009500026702880859375" lon="87.5098250806331634521484375">
        <ele>783</ele>
        <time>2026-07-24T14:09:06.000Z</time>
        <extensions>
          <ns3:TrackPointExtension>
            <ns3:hr>156</ns3:hr>
            <ns3:cad>81</ns3:cad>
          </ns3:TrackPointExtension>
        </extensions>
      </trkpt>
      <trkpt lat="43.85568137280642986297607421875" lon="87.50971443951129913330078125">
        <ele>783.5999755859375</ele>
        <time>2026-07-24T14:09:14.000Z</time>
        <extensions>
          <ns3:TrackPointExtension>
            <ns3:hr>154</ns3:hr>
            <ns3:cad>56</ns3:cad>
          </ns3:TrackPointExtension>
        </extensions>
      </trkpt>
      <trkpt lat="43.85569629259407520294189453125" lon="87.50955887138843536376953125">
        <ele>785.20001220703125</ele>
        <time>2026-07-24T14:09:21.000Z</time>
        <extensions>
          <ns3:TrackPointExtension>
            <ns3:hr>151</ns3:hr>
            <ns3:cad>55</ns3:cad>
          </ns3:TrackPointExtension>
        </extensions>
      </trkpt>
      <trkpt lat="43.855679444968700408935546875" lon="87.509297691285610198974609375">
        <ele>789.20001220703125</ele>
        <time>2026-07-24T14:09:29.000Z</time>
        <extensions>
          <ns3:TrackPointExtension>
            <ns3:hr>150</ns3:hr>
            <ns3:cad>79</ns3:cad>
          </ns3:TrackPointExtension>
        </extensions>
      </trkpt>
      <trkpt lat="43.8556685484945774078369140625" lon="87.50908185727894306182861328125">
        <ele>793</ele>
        <time>2026-07-24T14:09:35.000Z</time>
        <extensions>
          <ns3:TrackPointExtension>
            <ns3:hr>153</ns3:hr>
            <ns3:cad>81</ns3:cad>
          </ns3:TrackPointExtension>
        </extensions>
      </trkpt>
      <trkpt lat="43.85566980578005313873291015625" lon="87.5090487487614154815673828125">
        <ele>793.4000244140625</ele>
        <time>2026-07-24T14:09:36.000Z</time>
        <extensions>
          <ns3:TrackPointExtension>
            <ns3:hr>151</ns3:hr>
            <ns3:cad>81</ns3:cad>
          </ns3:TrackPointExtension>
        </extensions>
      </trkpt>
      <trkpt lat="43.855684809386730194091796875" lon="87.50881682150065898895263671875">
        <ele>796.4000244140625</ele>
        <time>2026-07-24T14:09:44.000Z</time>
        <extensions>
          <ns3:TrackPointExtension>
            <ns3:hr>149</ns3:hr>
            <ns3:cad>81</ns3:cad>
          </ns3:TrackPointExtension>
        </extensions>
      </trkpt>
      <trkpt lat="43.85569361038506031036376953125" lon="87.50859000720083713531494140625">
        <ele>798.4000244140625</ele>
        <time>2026-07-24T14:09:53.000Z</time>
        <extensions>
          <ns3:TrackPointExtension>
            <ns3:hr>148</ns3:hr>
            <ns3:cad>82</ns3:cad>
          </ns3:TrackPointExtension>
        </extensions>
      </trkpt>
      <trkpt lat="43.85571037419140338897705078125" lon="87.5084625184535980224609375">
        <ele>798.4000244140625</ele>
        <time>2026-07-24T14:10:00.000Z</time>
        <extensions>
          <ns3:TrackPointExtension>
            <ns3:hr>147</ns3:hr>
            <ns3:cad>56</ns3:cad>
          </ns3:TrackPointExtension>
        </extensions>
      </trkpt>
      <trkpt lat="43.85571992956101894378662109375" lon="87.508395127952098846435546875">
        <ele>798</ele>
        <time>2026-07-24T14:10:04.000Z</time>
        <extensions>
          <ns3:TrackPointExtension>
            <ns3:hr>143</ns3:hr>
            <ns3:cad>56</ns3:cad>
          </ns3:TrackPointExtension>
        </extensions>
      </trkpt>
      <trkpt lat="43.85570785962045192718505859375" lon="87.5083230435848236083984375">
        <ele>797.79998779296875</ele>
        <time>2026-07-24T14:10:08.000Z</time>
        <extensions>
          <ns3:TrackPointExtension>
            <ns3:hr>141</ns3:hr>
            <ns3:cad>56</ns3:cad>
          </ns3:TrackPointExtension>
        </extensions>
      </trkpt>
      <trkpt lat="43.85570459067821502685546875" lon="87.508150041103363037109375">
        <ele>797.4000244140625</ele>
        <time>2026-07-24T14:10:14.000Z</time>
        <extensions>
          <ns3:TrackPointExtension>
            <ns3:hr>138</ns3:hr>
            <ns3:cad>79</ns3:cad>
          </ns3:TrackPointExtension>
        </extensions>
      </trkpt>
      <trkpt lat="43.85570651851594448089599609375" lon="87.5081163458526134490966796875">
        <ele>797.20001220703125</ele>
        <time>2026-07-24T14:10:15.000Z</time>
        <extensions>
          <ns3:TrackPointExtension>
            <ns3:hr>138</ns3:hr>
            <ns3:cad>79</ns3:cad>
          </ns3:TrackPointExtension>
        </extensions>
      </trkpt>
      <trkpt lat="43.855701573193073272705078125" lon="87.5078779645264148712158203125">
        <ele>795.5999755859375</ele>
        <time>2026-07-24T14:10:22.000Z</time>
        <extensions>
          <ns3:TrackPointExtension>
            <ns3:hr>137</ns3:hr>
            <ns3:cad>80</ns3:cad>
          </ns3:TrackPointExtension>
        </extensions>
      </trkpt>
      <trkpt lat="43.8557077758014202117919921875" lon="87.50777746550738811492919921875">
        <ele>794.4000244140625</ele>
        <time>2026-07-24T14:10:25.000Z</time>
        <extensions>
          <ns3:TrackPointExtension>
            <ns3:hr>141</ns3:hr>
            <ns3:cad>81</ns3:cad>
          </ns3:TrackPointExtension>
        </extensions>
      </trkpt>
      <trkpt lat="43.85572462342679500579833984375" lon="87.50765073113143444061279296875">
        <ele>792.79998779296875</ele>
        <time>2026-07-24T14:10:29.000Z</time>
        <extensions>
          <ns3:TrackPointExtension>
            <ns3:hr>141</ns3:hr>
            <ns3:cad>81</ns3:cad>
          </ns3:TrackPointExtension>
        </extensions>
      </trkpt>
      <trkpt lat="43.85574222542345523834228515625" lon="87.507378570735454559326171875">
        <ele>791.20001220703125</ele>
        <time>2026-07-24T14:10:38.000Z</time>
        <extensions>
          <ns3:TrackPointExtension>
            <ns3:hr>143</ns3:hr>
            <ns3:cad>79</ns3:cad>
          </ns3:TrackPointExtension>
        </extensions>
      </trkpt>
      <trkpt lat="43.855740465223789215087890625" lon="87.507273294031620025634765625">
        <ele>790.4000244140625</ele>
        <time>2026-07-24T14:10:41.000Z</time>
        <extensions>
          <ns3:TrackPointExtension>
            <ns3:hr>142</ns3:hr>
            <ns3:cad>81</ns3:cad>
          </ns3:TrackPointExtension>
        </extensions>
      </trkpt>
      <trkpt lat="43.85574457235634326934814453125" lon="87.50700867734849452972412109375">
        <ele>788.5999755859375</ele>
        <time>2026-07-24T14:10:49.000Z</time>
        <extensions>
          <ns3:TrackPointExtension>
            <ns3:hr>142</ns3:hr>
            <ns3:cad>81</ns3:cad>
          </ns3:TrackPointExtension>
        </extensions>
      </trkpt>
      <trkpt lat="43.85574406944215297698974609375" lon="87.50694346614181995391845703125">
        <ele>788.20001220703125</ele>
        <time>2026-07-24T14:10:52.000Z</time>
        <extensions>
          <ns3:TrackPointExtension>
            <ns3:hr>143</ns3:hr>
            <ns3:cad>82</ns3:cad>
          </ns3:TrackPointExtension>
        </extensions>
      </trkpt>
      <trkpt lat="43.8557436503469944000244140625" lon="87.50684103928506374359130859375">
        <ele>787.79998779296875</ele>
        <time>2026-07-24T14:10:59.000Z</time>
        <extensions>
          <ns3:TrackPointExtension>
            <ns3:hr>143</ns3:hr>
            <ns3:cad>56</ns3:cad>
          </ns3:TrackPointExtension>
        </extensions>
      </trkpt>
      <trkpt lat="43.855729401111602783203125" lon="87.506767027080059051513671875">
        <ele>787.5999755859375</ele>
        <time>2026-07-24T14:11:04.000Z</time>
        <extensions>
          <ns3:TrackPointExtension>
            <ns3:hr>142</ns3:hr>
            <ns3:cad>56</ns3:cad>
          </ns3:TrackPointExtension>
        </extensions>
      </trkpt>
      <trkpt lat="43.8557288981974124908447265625" lon="87.50673458911478519439697265625">
        <ele>787.5999755859375</ele>
        <time>2026-07-24T14:11:06.000Z</time>
        <extensions>
          <ns3:TrackPointExtension>
            <ns3:hr>142</ns3:hr>
            <ns3:cad>55</ns3:cad>
          </ns3:TrackPointExtension>
        </extensions>
      </trkpt>
      <trkpt lat="43.8557131402194499969482421875" lon="87.50665445812046527862548828125">
        <ele>787.20001220703125</ele>
        <time>2026-07-24T14:11:11.000Z</time>
        <extensions>
          <ns3:TrackPointExtension>
            <ns3:hr>142</ns3:hr>
            <ns3:cad>56</ns3:cad>
          </ns3:TrackPointExtension>
        </extensions>
      </trkpt>
      <trkpt lat="43.85569562204182147979736328125" lon="87.50661036930978298187255859375">
        <ele>786.79998779296875</ele>
        <time>2026-07-24T14:11:14.000Z</time>
        <extensions>
          <ns3:TrackPointExtension>
            <ns3:hr>142</ns3:hr>
            <ns3:cad>55</ns3:cad>
          </ns3:TrackPointExtension>
        </extensions>
      </trkpt>
      <trkpt lat="43.85570853017270565032958984375" lon="87.5065742433071136474609375">
        <ele>786.5999755859375</ele>
        <time>2026-07-24T14:11:16.000Z</time>
        <extensions>
          <ns3:TrackPointExtension>
            <ns3:hr>141</ns3:hr>
            <ns3:cad>56</ns3:cad>
          </ns3:TrackPointExtension>
        </extensions>
      </trkpt>
      <trkpt lat="43.8557231985032558441162109375" lon="87.50637953169643878936767578125">
        <ele>785</ele>
        <time>2026-07-24T14:11:23.000Z</time>
        <extensions>
          <ns3:TrackPointExtension>
            <ns3:hr>138</ns3:hr>
            <ns3:cad>78</ns3:cad>
          </ns3:TrackPointExtension>
        </extensions>
      </trkpt>
      <trkpt lat="43.8557252101600170135498046875" lon="87.50630124472081661224365234375">
        <ele>784</ele>
        <time>2026-07-24T14:11:25.000Z</time>
        <extensions>
          <ns3:TrackPointExtension>
            <ns3:hr>139</ns3:hr>
            <ns3:cad>80</ns3:cad>
          </ns3:TrackPointExtension>
        </extensions>
      </trkpt>
      <trkpt lat="43.85575287044048309326171875" lon="87.50603402964770793914794921875">
        <ele>781.5999755859375</ele>
        <time>2026-07-24T14:11:33.000Z</time>
        <extensions>
          <ns3:TrackPointExtension>
            <ns3:hr>141</ns3:hr>
            <ns3:cad>82</ns3:cad>
          </ns3:TrackPointExtension>
        </extensions>
      </trkpt>
      <trkpt lat="43.8557634316384792327880859375" lon="87.505891621112823486328125">
        <ele>780.4000244140625</ele>
        <time>2026-07-24T14:11:37.000Z</time>
        <extensions>
          <ns3:TrackPointExtension>
            <ns3:hr>144</ns3:hr>
            <ns3:cad>82</ns3:cad>
          </ns3:TrackPointExtension>
        </extensions>
      </trkpt>
      <trkpt lat="43.85576351545751094818115234375" lon="87.50578709878027439117431640625">
        <ele>780.20001220703125</ele>
        <time>2026-07-24T14:11:40.000Z</time>
        <extensions>
          <ns3:TrackPointExtension>
            <ns3:hr>146</ns3:hr>
            <ns3:cad>82</ns3:cad>
          </ns3:TrackPointExtension>
        </extensions>
      </trkpt>
      <trkpt lat="43.855773992836475372314453125" lon="87.5056658126413822174072265625">
        <ele>780.79998779296875</ele>
        <time>2026-07-24T14:11:43.000Z</time>
        <extensions>
          <ns3:TrackPointExtension>
            <ns3:hr>149</ns3:hr>
            <ns3:cad>82</ns3:cad>
          </ns3:TrackPointExtension>
        </extensions>
      </trkpt>
      <trkpt lat="43.85575949214398860931396484375" lon="87.50560102052986621856689453125">
        <ele>781</ele>
        <time>2026-07-24T14:11:47.000Z</time>
        <extensions>
          <ns3:TrackPointExtension>
            <ns3:hr>152</ns3:hr>
            <ns3:cad>82</ns3:cad>
          </ns3:TrackPointExtension>
        </extensions>
      </trkpt>
      <trkpt lat="43.85576033033430576324462890625" lon="87.50558425672352313995361328125">
        <ele>781</ele>
        <time>2026-07-24T14:11:48.000Z</time>
        <extensions>
          <ns3:TrackPointExtension>
            <ns3:hr>153</ns3:hr>
            <ns3:cad>82</ns3:cad>
          </ns3:TrackPointExtension>
        </extensions>
      </trkpt>
      <trkpt lat="43.8557684607803821563720703125" lon="87.5054423511028289794921875">
        <ele>782.4000244140625</ele>
        <time>2026-07-24T14:11:55.000Z</time>
        <extensions>
          <ns3:TrackPointExtension>
            <ns3:hr>153</ns3:hr>
            <ns3:cad>55</ns3:cad>
          </ns3:TrackPointExtension>
        </extensions>
      </trkpt>
      <trkpt lat="43.85576418600976467132568359375" lon="87.50540555454790592193603515625">
        <ele>782.5999755859375</ele>
        <time>2026-07-24T14:11:57.000Z</time>
        <extensions>
          <ns3:TrackPointExtension>
            <ns3:hr>154</ns3:hr>
            <ns3:cad>55</ns3:cad>
          </ns3:TrackPointExtension>
        </extensions>
      </trkpt>
      <trkpt lat="43.855775333940982818603515625" lon="87.50536330975592136383056640625">
        <ele>783.20001220703125</ele>
        <time>2026-07-24T14:12:01.000Z</time>
        <extensions>
          <ns3:TrackPointExtension>
            <ns3:hr>154</ns3:hr>
            <ns3:cad>55</ns3:cad>
          </ns3:TrackPointExtension>
        </extensions>
      </trkpt>
      <trkpt lat="43.85572998784482479095458984375" lon="87.50523221679031848907470703125">
        <ele>785</ele>
        <time>2026-07-24T14:12:08.000Z</time>
        <extensions>
          <ns3:TrackPointExtension>
            <ns3:hr>151</ns3:hr>
            <ns3:cad>56</ns3:cad>
          </ns3:TrackPointExtension>
        </extensions>
      </trkpt>
      <trkpt lat="43.85570433922111988067626953125" lon="87.5052078254520893096923828125">
        <ele>785.4000244140625</ele>
        <time>2026-07-24T14:12:10.000Z</time>
        <extensions>
          <ns3:TrackPointExtension>
            <ns3:hr>150</ns3:hr>
            <ns3:cad>55</ns3:cad>
          </ns3:TrackPointExtension>
        </extensions>
      </trkpt>
      <trkpt lat="43.85562504641711711883544921875" lon="87.50522081740200519561767578125">
        <ele>784.79998779296875</ele>
        <time>2026-07-24T14:12:13.000Z</time>
        <extensions>
          <ns3:TrackPointExtension>
            <ns3:hr>148</ns3:hr>
            <ns3:cad>78</ns3:cad>
          </ns3:TrackPointExtension>
        </extensions>
      </trkpt>
      <trkpt lat="43.85557240806519985198974609375" lon="87.5052654929459095001220703125">
        <ele>783.79998779296875</ele>
        <time>2026-07-24T14:12:15.000Z</time>
        <extensions>
          <ns3:TrackPointExtension>
            <ns3:hr>147</ns3:hr>
            <ns3:cad>79</ns3:cad>
          </ns3:TrackPointExtension>
        </extensions>
      </trkpt>
      <trkpt lat="43.8555609248578548431396484375" lon="87.50534637831151485443115234375">
        <ele>782.79998779296875</ele>
        <time>2026-07-24T14:12:17.000Z</time>
        <extensions>
          <ns3:TrackPointExtension>
            <ns3:hr>146</ns3:hr>
            <ns3:cad>80</ns3:cad>
          </ns3:TrackPointExtension>
        </extensions>
      </trkpt>
      <trkpt lat="43.855559416115283966064453125" lon="87.5056292675435543060302734375">
        <ele>781</ele>
        <time>2026-07-24T14:12:24.000Z</time>
        <extensions>
          <ns3:TrackPointExtension>
            <ns3:hr>147</ns3:hr>
            <ns3:cad>82</ns3:cad>
          </ns3:TrackPointExtension>
        </extensions>
      </trkpt>
      <trkpt lat="43.8555612601339817047119140625" lon="87.50567176379263401031494140625">
        <ele>781</ele>
        <time>2026-07-24T14:12:25.000Z</time>
        <extensions>
          <ns3:TrackPointExtension>
            <ns3:hr>147</ns3:hr>
            <ns3:cad>82</ns3:cad>
          </ns3:TrackPointExtension>
        </extensions>
      </trkpt>
      <trkpt lat="43.85555648244917392730712890625" lon="87.5057684071362018585205078125">
        <ele>781</ele>
        <time>2026-07-24T14:12:28.000Z</time>
        <extensions>
          <ns3:TrackPointExtension>
            <ns3:hr>150</ns3:hr>
            <ns3:cad>82</ns3:cad>
          </ns3:TrackPointExtension>
        </extensions>
      </trkpt>
      <trkpt lat="43.85553133673965930938720703125" lon="87.50580956228077411651611328125">
        <ele>781.20001220703125</ele>
        <time>2026-07-24T14:12:31.000Z</time>
        <extensions>
          <ns3:TrackPointExtension>
            <ns3:hr>152</ns3:hr>
            <ns3:cad>0</ns3:cad>
          </ns3:TrackPointExtension>
        </extensions>
      </trkpt>
      <trkpt lat="43.85553024709224700927734375" lon="87.5059546530246734619140625">
        <ele>781.79998779296875</ele>
        <time>2026-07-24T14:12:37.000Z</time>
        <extensions>
          <ns3:TrackPointExtension>
            <ns3:hr>152</ns3:hr>
            <ns3:cad>54</ns3:cad>
          </ns3:TrackPointExtension>
        </extensions>
      </trkpt>
      <trkpt lat="43.8555287383496761322021484375" lon="87.506099827587604522705078125">
        <ele>782.79998779296875</ele>
        <time>2026-07-24T14:12:41.000Z</time>
        <extensions>
          <ns3:TrackPointExtension>
            <ns3:hr>149</ns3:hr>
            <ns3:cad>81</ns3:cad>
          </ns3:TrackPointExtension>
        </extensions>
      </trkpt>
      <trkpt lat="43.85553586296737194061279296875" lon="87.50621155835688114166259765625">
        <ele>783.79998779296875</ele>
        <time>2026-07-24T14:12:44.000Z</time>
        <extensions>
          <ns3:TrackPointExtension>
            <ns3:hr>148</ns3:hr>
            <ns3:cad>82</ns3:cad>
          </ns3:TrackPointExtension>
        </extensions>
      </trkpt>
      <trkpt lat="43.855525553226470947265625" lon="87.50647441484034061431884765625">
        <ele>786.4000244140625</ele>
        <time>2026-07-24T14:12:52.000Z</time>
        <extensions>
          <ns3:TrackPointExtension>
            <ns3:hr>150</ns3:hr>
            <ns3:cad>82</ns3:cad>
          </ns3:TrackPointExtension>
        </extensions>
      </trkpt>
      <trkpt lat="43.8555096276104450225830078125" lon="87.5066243670880794525146484375">
        <ele>787.4000244140625</ele>
        <time>2026-07-24T14:12:56.000Z</time>
        <extensions>
          <ns3:TrackPointExtension>
            <ns3:hr>151</ns3:hr>
            <ns3:cad>82</ns3:cad>
          </ns3:TrackPointExtension>
        </extensions>
      </trkpt>
      <trkpt lat="43.8555049337446689605712890625" lon="87.50679242424666881561279296875">
        <ele>788.4000244140625</ele>
        <time>2026-07-24T14:13:01.000Z</time>
        <extensions>
          <ns3:TrackPointExtension>
            <ns3:hr>154</ns3:hr>
            <ns3:cad>81</ns3:cad>
          </ns3:TrackPointExtension>
        </extensions>
      </trkpt>
      <trkpt lat="43.85550686158239841461181640625" lon="87.50690390355885028839111328125">
        <ele>788.79998779296875</ele>
        <time>2026-07-24T14:13:06.000Z</time>
        <extensions>
          <ns3:TrackPointExtension>
            <ns3:hr>153</ns3:hr>
            <ns3:cad>82</ns3:cad>
          </ns3:TrackPointExtension>
        </extensions>
      </trkpt>
      <trkpt lat="43.85549730621278285980224609375" lon="87.50700951553881168365478515625">
        <ele>789.20001220703125</ele>
        <time>2026-07-24T14:13:14.000Z</time>
        <extensions>
          <ns3:TrackPointExtension>
            <ns3:hr>155</ns3:hr>
            <ns3:cad>55</ns3:cad>
          </ns3:TrackPointExtension>
        </extensions>
      </trkpt>
      <trkpt lat="43.85550719685852527618408203125" lon="87.5071262754499912261962890625">
        <ele>790</ele>
        <time>2026-07-24T14:13:21.000Z</time>
        <extensions>
          <ns3:TrackPointExtension>
            <ns3:hr>158</ns3:hr>
            <ns3:cad>54</ns3:cad>
          </ns3:TrackPointExtension>
        </extensions>
      </trkpt>
      <trkpt lat="43.855505101382732391357421875" lon="87.50729751773178577423095703125">
        <ele>791.20001220703125</ele>
        <time>2026-07-24T14:13:27.000Z</time>
        <extensions>
          <ns3:TrackPointExtension>
            <ns3:hr>157</ns3:hr>
            <ns3:cad>78</ns3:cad>
          </ns3:TrackPointExtension>
        </extensions>
      </trkpt>
      <trkpt lat="43.85550971142947673797607421875" lon="87.5074592046439647674560546875">
        <ele>792.4000244140625</ele>
        <time>2026-07-24T14:13:32.000Z</time>
        <extensions>
          <ns3:TrackPointExtension>
            <ns3:hr>154</ns3:hr>
            <ns3:cad>80</ns3:cad>
          </ns3:TrackPointExtension>
        </extensions>
      </trkpt>
      <trkpt lat="43.8555139862000942230224609375" lon="87.5075671635568141937255859375">
        <ele>794.20001220703125</ele>
        <time>2026-07-24T14:13:35.000Z</time>
        <extensions>
          <ns3:TrackPointExtension>
            <ns3:hr>153</ns3:hr>
            <ns3:cad>81</ns3:cad>
          </ns3:TrackPointExtension>
        </extensions>
      </trkpt>
      <trkpt lat="43.8555163331329822540283203125" lon="87.50782884657382965087890625">
        <ele>797.79998779296875</ele>
        <time>2026-07-24T14:13:43.000Z</time>
        <extensions>
          <ns3:TrackPointExtension>
            <ns3:hr>153</ns3:hr>
            <ns3:cad>82</ns3:cad>
          </ns3:TrackPointExtension>
        </extensions>
      </trkpt>
      <trkpt lat="43.855530582368373870849609375" lon="87.50786648131906986236572265625">
        <ele>798</ele>
        <time>2026-07-24T14:13:45.000Z</time>
        <extensions>
          <ns3:TrackPointExtension>
            <ns3:hr>153</ns3:hr>
            <ns3:cad>80</ns3:cad>
          </ns3:TrackPointExtension>
        </extensions>
      </trkpt>
      <trkpt lat="43.8555216975510120391845703125" lon="87.5079694949090480804443359375">
        <ele>798.79998779296875</ele>
        <time>2026-07-24T14:13:51.000Z</time>
        <extensions>
          <ns3:TrackPointExtension>
            <ns3:hr>153</ns3:hr>
            <ns3:cad>56</ns3:cad>
          </ns3:TrackPointExtension>
        </extensions>
      </trkpt>
      <trkpt lat="43.85551289655268192291259765625" lon="87.50812246464192867279052734375">
        <ele>799.79998779296875</ele>
        <time>2026-07-24T14:13:59.000Z</time>
        <extensions>
          <ns3:TrackPointExtension>
            <ns3:hr>151</ns3:hr>
            <ns3:cad>55</ns3:cad>
          </ns3:TrackPointExtension>
        </extensions>
      </trkpt>
      <trkpt lat="43.855483643710613250732421875" lon="87.5083148293197154998779296875">
        <ele>800.5999755859375</ele>
        <time>2026-07-24T14:14:06.000Z</time>
        <extensions>
          <ns3:TrackPointExtension>
            <ns3:hr>148</ns3:hr>
            <ns3:cad>55</ns3:cad>
          </ns3:TrackPointExtension>
        </extensions>
      </trkpt>
      <trkpt lat="43.85548490099608898162841796875" lon="87.50834458507597446441650390625">
        <ele>800.4000244140625</ele>
        <time>2026-07-24T14:14:07.000Z</time>
        <extensions>
          <ns3:TrackPointExtension>
            <ns3:hr>148</ns3:hr>
            <ns3:cad>78</ns3:cad>
          </ns3:TrackPointExtension>
        </extensions>
      </trkpt>
      <trkpt lat="43.8554848171770572662353515625" lon="87.50854189507663249969482421875">
        <ele>799.79998779296875</ele>
        <time>2026-07-24T14:14:13.000Z</time>
        <extensions>
          <ns3:TrackPointExtension>
            <ns3:hr>145</ns3:hr>
            <ns3:cad>79</ns3:cad>
          </ns3:TrackPointExtension>
        </extensions>
      </trkpt>
      <trkpt lat="43.8554895110428333282470703125" lon="87.508606351912021636962890625">
        <ele>799.4000244140625</ele>
        <time>2026-07-24T14:14:15.000Z</time>
        <extensions>
          <ns3:TrackPointExtension>
            <ns3:hr>146</ns3:hr>
            <ns3:cad>79</ns3:cad>
          </ns3:TrackPointExtension>
        </extensions>
      </trkpt>
      <trkpt lat="43.85548406280577182769775390625" lon="87.50888974405825138092041015625">
        <ele>795.79998779296875</ele>
        <time>2026-07-24T14:14:23.000Z</time>
        <extensions>
          <ns3:TrackPointExtension>
            <ns3:hr>148</ns3:hr>
            <ns3:cad>81</ns3:cad>
          </ns3:TrackPointExtension>
        </extensions>
      </trkpt>
      <trkpt lat="43.855478949844837188720703125" lon="87.50896048732101917266845703125">
        <ele>795</ele>
        <time>2026-07-24T14:14:25.000Z</time>
        <extensions>
          <ns3:TrackPointExtension>
            <ns3:hr>149</ns3:hr>
            <ns3:cad>82</ns3:cad>
          </ns3:TrackPointExtension>
        </extensions>
      </trkpt>
      <trkpt lat="43.85547417216002941131591796875" lon="87.5092405267059803009033203125">
        <ele>791</ele>
        <time>2026-07-24T14:14:33.000Z</time>
        <extensions>
          <ns3:TrackPointExtension>
            <ns3:hr>151</ns3:hr>
            <ns3:cad>82</ns3:cad>
          </ns3:TrackPointExtension>
        </extensions>
      </trkpt>
      <trkpt lat="43.85546897538006305694580078125" lon="87.50934571959078311920166015625">
        <ele>789</ele>
        <time>2026-07-24T14:14:36.000Z</time>
        <extensions>
          <ns3:TrackPointExtension>
            <ns3:hr>151</ns3:hr>
            <ns3:cad>82</ns3:cad>
          </ns3:TrackPointExtension>
        </extensions>
      </trkpt>
      <trkpt lat="43.85544433258473873138427734375" lon="87.509659118950366973876953125">
        <ele>785.5999755859375</ele>
        <time>2026-07-24T14:14:45.000Z</time>
        <extensions>
          <ns3:TrackPointExtension>
            <ns3:hr>153</ns3:hr>
            <ns3:cad>81</ns3:cad>
          </ns3:TrackPointExtension>
        </extensions>
      </trkpt>
      <trkpt lat="43.8554452545940876007080078125" lon="87.509763725101947784423828125">
        <ele>784.5999755859375</ele>
        <time>2026-07-24T14:14:48.000Z</time>
        <extensions>
          <ns3:TrackPointExtension>
            <ns3:hr>157</ns3:hr>
            <ns3:cad>82</ns3:cad>
          </ns3:TrackPointExtension>
        </extensions>
      </trkpt>
      <trkpt lat="43.85543930344283580780029296875" lon="87.5099094025790691375732421875">
        <ele>784</ele>
        <time>2026-07-24T14:14:52.000Z</time>
        <extensions>
          <ns3:TrackPointExtension>
            <ns3:hr>160</ns3:hr>
            <ns3:cad>82</ns3:cad>
          </ns3:TrackPointExtension>
        </extensions>
      </trkpt>
      <trkpt lat="43.85543494485318660736083984375" lon="87.5100347958505153656005859375">
        <ele>783.20001220703125</ele>
        <time>2026-07-24T14:14:56.000Z</time>
        <extensions>
          <ns3:TrackPointExtension>
            <ns3:hr>161</ns3:hr>
            <ns3:cad>82</ns3:cad>
          </ns3:TrackPointExtension>
        </extensions>
      </trkpt>
      <trkpt lat="43.85544567368924617767333984375" lon="87.5101018510758876800537109375">
        <ele>783</ele>
        <time>2026-07-24T14:15:01.000Z</time>
        <extensions>
          <ns3:TrackPointExtension>
            <ns3:hr>161</ns3:hr>
            <ns3:cad>0</ns3:cad>
          </ns3:TrackPointExtension>
        </extensions>
      </trkpt>
      <trkpt lat="43.8554476015269756317138671875" lon="87.510118782520294189453125">
        <ele>783</ele>
        <time>2026-07-24T14:15:02.000Z</time>
        <extensions>
          <ns3:TrackPointExtension>
            <ns3:hr>161</ns3:hr>
            <ns3:cad>0</ns3:cad>
          </ns3:TrackPointExtension>
        </extensions>
      </trkpt>
      <trkpt lat="43.85544282384216785430908203125" lon="87.51028164289891719818115234375">
        <ele>782.5999755859375</ele>
        <time>2026-07-24T14:15:10.000Z</time>
        <extensions>
          <ns3:TrackPointExtension>
            <ns3:hr>161</ns3:hr>
            <ns3:cad>0</ns3:cad>
          </ns3:TrackPointExtension>
        </extensions>
      </trkpt>
      <trkpt lat="43.855434358119964599609375" lon="87.51050309278070926666259765625">
        <ele>782</ele>
        <time>2026-07-24T14:15:16.000Z</time>
        <extensions>
          <ns3:TrackPointExtension>
            <ns3:hr>158</ns3:hr>
            <ns3:cad>82</ns3:cad>
          </ns3:TrackPointExtension>
        </extensions>
      </trkpt>
      <trkpt lat="43.85543678887188434600830078125" lon="87.510762177407741546630859375">
        <ele>781.5999755859375</ele>
        <time>2026-07-24T14:15:22.000Z</time>
        <extensions>
          <ns3:TrackPointExtension>
            <ns3:hr>156</ns3:hr>
            <ns3:cad>82</ns3:cad>
          </ns3:TrackPointExtension>
        </extensions>
      </trkpt>
      <trkpt lat="43.85542857460677623748779296875" lon="87.51084038056433200836181640625">
        <ele>782</ele>
        <time>2026-07-24T14:15:24.000Z</time>
        <extensions>
          <ns3:TrackPointExtension>
            <ns3:hr>156</ns3:hr>
            <ns3:cad>82</ns3:cad>
          </ns3:TrackPointExtension>
        </extensions>
      </trkpt>
      <trkpt lat="43.85535364039242267608642578125" lon="87.5109571404755115509033203125">
        <ele>783</ele>
        <time>2026-07-24T14:15:29.000Z</time>
        <extensions>
          <ns3:TrackPointExtension>
            <ns3:hr>157</ns3:hr>
            <ns3:cad>82</ns3:cad>
          </ns3:TrackPointExtension>
        </extensions>
      </trkpt>
      <trkpt lat="43.8552132435142993927001953125" lon="87.51098806969821453094482421875">
        <ele>785.5999755859375</ele>
        <time>2026-07-24T14:15:35.000Z</time>
        <extensions>
          <ns3:TrackPointExtension>
            <ns3:hr>156</ns3:hr>
            <ns3:cad>80</ns3:cad>
          </ns3:TrackPointExtension>
        </extensions>
      </trkpt>
      <trkpt lat="43.85500989854335784912109375" lon="87.5109943561255931854248046875">
        <ele>789.5999755859375</ele>
        <time>2026-07-24T14:15:43.000Z</time>
        <extensions>
          <ns3:TrackPointExtension>
            <ns3:hr>159</ns3:hr>
            <ns3:cad>81</ns3:cad>
          </ns3:TrackPointExtension>
        </extensions>
      </trkpt>
      <trkpt lat="43.8549627922475337982177734375" lon="87.51098723150789737701416015625">
        <ele>790.20001220703125</ele>
        <time>2026-07-24T14:15:45.000Z</time>
        <extensions>
          <ns3:TrackPointExtension>
            <ns3:hr>162</ns3:hr>
            <ns3:cad>81</ns3:cad>
          </ns3:TrackPointExtension>
        </extensions>
      </trkpt>
      <trkpt lat="43.85493747889995574951171875" lon="87.5109851360321044921875">
        <ele>790.5999755859375</ele>
        <time>2026-07-24T14:15:46.000Z</time>
        <extensions>
          <ns3:TrackPointExtension>
            <ns3:hr>164</ns3:hr>
            <ns3:cad>81</ns3:cad>
          </ns3:TrackPointExtension>
        </extensions>
      </trkpt>
      <trkpt lat="43.85476724244654178619384765625" lon="87.51098823733627796173095703125">
        <ele>793</ele>
        <time>2026-07-24T14:15:53.000Z</time>
        <extensions>
          <ns3:TrackPointExtension>
            <ns3:hr>168</ns3:hr>
            <ns3:cad>82</ns3:cad>
          </ns3:TrackPointExtension>
        </extensions>
      </trkpt>
      <trkpt lat="43.854688704013824462890625" lon="87.510974742472171783447265625">
        <ele>793.5999755859375</ele>
        <time>2026-07-24T14:15:56.000Z</time>
        <extensions>
          <ns3:TrackPointExtension>
            <ns3:hr>168</ns3:hr>
            <ns3:cad>82</ns3:cad>
          </ns3:TrackPointExtension>
        </extensions>
      </trkpt>
      <trkpt lat="43.85461519472301006317138671875" lon="87.5109745748341083526611328125">
        <ele>793.79998779296875</ele>
        <time>2026-07-24T14:15:59.000Z</time>
        <extensions>
          <ns3:TrackPointExtension>
            <ns3:hr>171</ns3:hr>
            <ns3:cad>80</ns3:cad>
          </ns3:TrackPointExtension>
        </extensions>
      </trkpt>
      <trkpt lat="43.8544531725347042083740234375" lon="87.5109650194644927978515625">
        <ele>794</ele>
        <time>2026-07-24T14:16:05.000Z</time>
        <extensions>
          <ns3:TrackPointExtension>
            <ns3:hr>171</ns3:hr>
            <ns3:cad>82</ns3:cad>
          </ns3:TrackPointExtension>
        </extensions>
      </trkpt>
      <trkpt lat="43.8542573712766170501708984375" lon="87.51097465865314006805419921875">
        <ele>793.4000244140625</ele>
        <time>2026-07-24T14:16:12.000Z</time>
        <extensions>
          <ns3:TrackPointExtension>
            <ns3:hr>172</ns3:hr>
            <ns3:cad>82</ns3:cad>
          </ns3:TrackPointExtension>
        </extensions>
      </trkpt>
      <trkpt lat="43.85416273958981037139892578125" lon="87.51096962951123714447021484375">
        <ele>793.20001220703125</ele>
        <time>2026-07-24T14:16:16.000Z</time>
        <extensions>
          <ns3:TrackPointExtension>
            <ns3:hr>173</ns3:hr>
            <ns3:cad>82</ns3:cad>
          </ns3:TrackPointExtension>
        </extensions>
      </trkpt>
      <trkpt lat="43.8540488295257091522216796875" lon="87.51093559898436069488525390625">
        <ele>793.20001220703125</ele>
        <time>2026-07-24T14:16:21.000Z</time>
        <extensions>
          <ns3:TrackPointExtension>
            <ns3:hr>176</ns3:hr>
            <ns3:cad>82</ns3:cad>
          </ns3:TrackPointExtension>
        </extensions>
      </trkpt>
      <trkpt lat="43.8539807684719562530517578125" lon="87.5109148956835269927978515625">
        <ele>793</ele>
        <time>2026-07-24T14:16:25.000Z</time>
        <extensions>
          <ns3:TrackPointExtension>
            <ns3:hr>176</ns3:hr>
            <ns3:cad>82</ns3:cad>
          </ns3:TrackPointExtension>
        </extensions>
      </trkpt>
      <trkpt lat="43.85386484675109386444091796875" lon="87.51089335419237613677978515625">
        <ele>793</ele>
        <time>2026-07-24T14:16:32.000Z</time>
        <extensions>
          <ns3:TrackPointExtension>
            <ns3:hr>178</ns3:hr>
            <ns3:cad>0</ns3:cad>
          </ns3:TrackPointExtension>
        </extensions>
      </trkpt>
      <trkpt lat="43.8536760024726390838623046875" lon="87.510864436626434326171875">
        <ele>793</ele>
        <time>2026-07-24T14:16:40.000Z</time>
        <extensions>
          <ns3:TrackPointExtension>
            <ns3:hr>177</ns3:hr>
            <ns3:cad>82</ns3:cad>
          </ns3:TrackPointExtension>
        </extensions>
      </trkpt>
      <trkpt lat="43.85347743518650531768798828125" lon="87.51087474636733531951904296875">
        <ele>794</ele>
        <time>2026-07-24T14:16:47.000Z</time>
        <extensions>
          <ns3:TrackPointExtension>
            <ns3:hr>177</ns3:hr>
            <ns3:cad>82</ns3:cad>
          </ns3:TrackPointExtension>
        </extensions>
      </trkpt>
      <trkpt lat="43.8534262217581272125244140625" lon="87.510876171290874481201171875">
        <ele>794.4000244140625</ele>
        <time>2026-07-24T14:16:49.000Z</time>
        <extensions>
          <ns3:TrackPointExtension>
            <ns3:hr>178</ns3:hr>
            <ns3:cad>82</ns3:cad>
          </ns3:TrackPointExtension>
        </extensions>
      </trkpt>
      <trkpt lat="43.85335958562791347503662109375" lon="87.51087374053895473480224609375">
        <ele>795</ele>
        <time>2026-07-24T14:16:52.000Z</time>
        <extensions>
          <ns3:TrackPointExtension>
            <ns3:hr>179</ns3:hr>
            <ns3:cad>82</ns3:cad>
          </ns3:TrackPointExtension>
        </extensions>
      </trkpt>
      <trkpt lat="43.8533232919871807098388671875" lon="87.51087944023311138153076171875">
        <ele>795.20001220703125</ele>
        <time>2026-07-24T14:16:55.000Z</time>
        <extensions>
          <ns3:TrackPointExtension>
            <ns3:hr>179</ns3:hr>
            <ns3:cad>82</ns3:cad>
          </ns3:TrackPointExtension>
        </extensions>
      </trkpt>
      <trkpt lat="43.85320435278117656707763671875" lon="87.51089033670723438262939453125">
        <ele>796.20001220703125</ele>
        <time>2026-07-24T14:17:04.000Z</time>
        <extensions>
          <ns3:TrackPointExtension>
            <ns3:hr>177</ns3:hr>
            <ns3:cad>56</ns3:cad>
          </ns3:TrackPointExtension>
        </extensions>
      </trkpt>
      <trkpt lat="43.8530111499130725860595703125" lon="87.5109065137803554534912109375">
        <ele>797.4000244140625</ele>
        <time>2026-07-24T14:17:12.000Z</time>
        <extensions>
          <ns3:TrackPointExtension>
            <ns3:hr>178</ns3:hr>
            <ns3:cad>82</ns3:cad>
          </ns3:TrackPointExtension>
        </extensions>
      </trkpt>
      <trkpt lat="43.85298877023160457611083984375" lon="87.5108951143920421600341796875">
        <ele>797.5999755859375</ele>
        <time>2026-07-24T14:17:13.000Z</time>
        <extensions>
          <ns3:TrackPointExtension>
            <ns3:hr>178</ns3:hr>
            <ns3:cad>82</ns3:cad>
          </ns3:TrackPointExtension>
        </extensions>
      </trkpt>
      <trkpt lat="43.85278542526066303253173828125" lon="87.5108565576374530792236328125">
        <ele>799.20001220703125</ele>
        <time>2026-07-24T14:17:21.000Z</time>
        <extensions>
          <ns3:TrackPointExtension>
            <ns3:hr>177</ns3:hr>
            <ns3:cad>82</ns3:cad>
          </ns3:TrackPointExtension>
        </extensions>
      </trkpt>
      <trkpt lat="43.85265097953379154205322265625" lon="87.51083233393728733062744140625">
        <ele>800.20001220703125</ele>
        <time>2026-07-24T14:17:26.000Z</time>
        <extensions>
          <ns3:TrackPointExtension>
            <ns3:hr>178</ns3:hr>
            <ns3:cad>82</ns3:cad>
          </ns3:TrackPointExtension>
        </extensions>
      </trkpt>
      <trkpt lat="43.85245668701827526092529296875" lon="87.51079268753528594970703125">
        <ele>801.79998779296875</ele>
        <time>2026-07-24T14:17:33.000Z</time>
        <extensions>
          <ns3:TrackPointExtension>
            <ns3:hr>179</ns3:hr>
            <ns3:cad>82</ns3:cad>
          </ns3:TrackPointExtension>
        </extensions>
      </trkpt>
      <trkpt lat="43.8524354808032512664794921875" lon="87.51079059205949306488037109375">
        <ele>802</ele>
        <time>2026-07-24T14:17:34.000Z</time>
        <extensions>
          <ns3:TrackPointExtension>
            <ns3:hr>179</ns3:hr>
            <ns3:cad>82</ns3:cad>
          </ns3:TrackPointExtension>
        </extensions>
      </trkpt>
      <trkpt lat="43.85236314497888088226318359375" lon="87.5107905082404613494873046875">
        <ele>802.5999755859375</ele>
        <time>2026-07-24T14:17:39.000Z</time>
        <extensions>
          <ns3:TrackPointExtension>
            <ns3:hr>180</ns3:hr>
            <ns3:cad>82</ns3:cad>
          </ns3:TrackPointExtension>
        </extensions>
      </trkpt>
      <trkpt lat="43.852225430309772491455078125" lon="87.5108014047145843505859375">
        <ele>803.4000244140625</ele>
        <time>2026-07-24T14:17:47.000Z</time>
        <extensions>
          <ns3:TrackPointExtension>
            <ns3:hr>179</ns3:hr>
            <ns3:cad>57</ns3:cad>
          </ns3:TrackPointExtension>
        </extensions>
      </trkpt>
      <trkpt lat="43.85209442116320133209228515625" lon="87.51079008914530277252197265625">
        <ele>803.5999755859375</ele>
        <time>2026-07-24T14:17:56.000Z</time>
        <extensions>
          <ns3:TrackPointExtension>
            <ns3:hr>177</ns3:hr>
            <ns3:cad>56</ns3:cad>
          </ns3:TrackPointExtension>
        </extensions>
      </trkpt>
      <trkpt lat="43.85195226408541202545166015625" lon="87.51079042442142963409423828125">
        <ele>804</ele>
        <time>2026-07-24T14:18:02.000Z</time>
        <extensions>
          <ns3:TrackPointExtension>
            <ns3:hr>176</ns3:hr>
            <ns3:cad>80</ns3:cad>
          </ns3:TrackPointExtension>
        </extensions>
      </trkpt>
      <trkpt lat="43.85190297849476337432861328125" lon="87.51079662702977657318115234375">
        <ele>804</ele>
        <time>2026-07-24T14:18:04.000Z</time>
        <extensions>
          <ns3:TrackPointExtension>
            <ns3:hr>176</ns3:hr>
            <ns3:cad>80</ns3:cad>
          </ns3:TrackPointExtension>
        </extensions>
      </trkpt>
      <trkpt lat="43.851717822253704071044921875" lon="87.5107918493449687957763671875">
        <ele>804.5999755859375</ele>
        <time>2026-07-24T14:18:11.000Z</time>
        <extensions>
          <ns3:TrackPointExtension>
            <ns3:hr>176</ns3:hr>
            <ns3:cad>81</ns3:cad>
          </ns3:TrackPointExtension>
        </extensions>
      </trkpt>
      <trkpt lat="43.851670213043689727783203125" lon="87.51078053377568721771240234375">
        <ele>804.5999755859375</ele>
        <time>2026-07-24T14:18:13.000Z</time>
        <extensions>
          <ns3:TrackPointExtension>
            <ns3:hr>176</ns3:hr>
            <ns3:cad>81</ns3:cad>
          </ns3:TrackPointExtension>
        </extensions>
      </trkpt>
      <trkpt lat="43.85150701738893985748291015625" lon="87.51076050102710723876953125">
        <ele>805.4000244140625</ele>
        <time>2026-07-24T14:18:20.000Z</time>
        <extensions>
          <ns3:TrackPointExtension>
            <ns3:hr>175</ns3:hr>
            <ns3:cad>82</ns3:cad>
          </ns3:TrackPointExtension>
        </extensions>
      </trkpt>
      <trkpt lat="43.851316161453723907470703125" lon="87.51072688959538936614990234375">
        <ele>806.5999755859375</ele>
        <time>2026-07-24T14:18:28.000Z</time>
        <extensions>
          <ns3:TrackPointExtension>
            <ns3:hr>177</ns3:hr>
            <ns3:cad>82</ns3:cad>
          </ns3:TrackPointExtension>
        </extensions>
      </trkpt>
      <trkpt lat="43.85113201104104518890380859375" lon="87.51070191152393817901611328125">
        <ele>807.5999755859375</ele>
        <time>2026-07-24T14:18:35.000Z</time>
        <extensions>
          <ns3:TrackPointExtension>
            <ns3:hr>177</ns3:hr>
            <ns3:cad>82</ns3:cad>
          </ns3:TrackPointExtension>
        </extensions>
      </trkpt>
      <trkpt lat="43.851020447909832000732421875" lon="87.51069881021976470947265625">
        <ele>808.4000244140625</ele>
        <time>2026-07-24T14:18:41.000Z</time>
        <extensions>
          <ns3:TrackPointExtension>
            <ns3:hr>178</ns3:hr>
            <ns3:cad>79</ns3:cad>
          </ns3:TrackPointExtension>
        </extensions>
      </trkpt>
      <trkpt lat="43.85089966468513011932373046875" lon="87.5107050128281116485595703125">
        <ele>809.4000244140625</ele>
        <time>2026-07-24T14:18:49.000Z</time>
        <extensions>
          <ns3:TrackPointExtension>
            <ns3:hr>177</ns3:hr>
            <ns3:cad>58</ns3:cad>
          </ns3:TrackPointExtension>
        </extensions>
      </trkpt>
      <trkpt lat="43.85076823644340038299560546875" lon="87.51071398146450519561767578125">
        <ele>810</ele>
        <time>2026-07-24T14:18:54.000Z</time>
        <extensions>
          <ns3:TrackPointExtension>
            <ns3:hr>180</ns3:hr>
            <ns3:cad>82</ns3:cad>
          </ns3:TrackPointExtension>
        </extensions>
      </trkpt>
      <trkpt lat="43.85073772631585597991943359375" lon="87.5107117183506488800048828125">
        <ele>810.20001220703125</ele>
        <time>2026-07-24T14:18:55.000Z</time>
        <extensions>
          <ns3:TrackPointExtension>
            <ns3:hr>181</ns3:hr>
            <ns3:cad>82</ns3:cad>
          </ns3:TrackPointExtension>
        </extensions>
      </trkpt>
      <trkpt lat="43.850557096302509307861328125" lon="87.51071096397936344146728515625">
        <ele>811</ele>
        <time>2026-07-24T14:19:01.000Z</time>
        <extensions>
          <ns3:TrackPointExtension>
            <ns3:hr>183</ns3:hr>
            <ns3:cad>83</ns3:cad>
          </ns3:TrackPointExtension>
        </extensions>
      </trkpt>
      <trkpt lat="43.85052658617496490478515625" lon="87.5107187591493129730224609375">
        <ele>811</ele>
        <time>2026-07-24T14:19:02.000Z</time>
        <extensions>
          <ns3:TrackPointExtension>
            <ns3:hr>183</ns3:hr>
            <ns3:cad>83</ns3:cad>
          </ns3:TrackPointExtension>
        </extensions>
      </trkpt>
      <trkpt lat="43.850359283387660980224609375" lon="87.5106892548501491546630859375">
        <ele>810</ele>
        <time>2026-07-24T14:19:08.000Z</time>
        <extensions>
          <ns3:TrackPointExtension>
            <ns3:hr>183</ns3:hr>
            <ns3:cad>83</ns3:cad>
          </ns3:TrackPointExtension>
        </extensions>
      </trkpt>
      <trkpt lat="43.85027688927948474884033203125" lon="87.5106677971780300140380859375">
        <ele>809.79998779296875</ele>
        <time>2026-07-24T14:19:11.000Z</time>
        <extensions>
          <ns3:TrackPointExtension>
            <ns3:hr>180</ns3:hr>
            <ns3:cad>82</ns3:cad>
          </ns3:TrackPointExtension>
        </extensions>
      </trkpt>
      <trkpt lat="43.85021151043474674224853515625" lon="87.5106694735586643218994140625">
        <ele>810.20001220703125</ele>
        <time>2026-07-24T14:19:15.000Z</time>
        <extensions>
          <ns3:TrackPointExtension>
            <ns3:hr>179</ns3:hr>
            <ns3:cad>82</ns3:cad>
          </ns3:TrackPointExtension>
        </extensions>
      </trkpt>
      <trkpt lat="43.8501633144915103912353515625" lon="87.51065949909389019012451171875">
        <ele>810.4000244140625</ele>
        <time>2026-07-24T14:19:19.000Z</time>
        <extensions>
          <ns3:TrackPointExtension>
            <ns3:hr>176</ns3:hr>
            <ns3:cad>82</ns3:cad>
          </ns3:TrackPointExtension>
        </extensions>
      </trkpt>
      <trkpt lat="43.850127272307872772216796875" lon="87.5106671266257762908935546875">
        <ele>810.79998779296875</ele>
        <time>2026-07-24T14:19:22.000Z</time>
        <extensions>
          <ns3:TrackPointExtension>
            <ns3:hr>175</ns3:hr>
            <ns3:cad>82</ns3:cad>
          </ns3:TrackPointExtension>
        </extensions>
      </trkpt>
      <trkpt lat="43.8499829359352588653564453125" lon="87.5106590799987316131591796875">
        <ele>811.79998779296875</ele>
        <time>2026-07-24T14:19:32.000Z</time>
        <extensions>
          <ns3:TrackPointExtension>
            <ns3:hr>174</ns3:hr>
            <ns3:cad>58</ns3:cad>
          </ns3:TrackPointExtension>
        </extensions>
      </trkpt>
      <trkpt lat="43.84988713078200817108154296875" lon="87.5106610916554927825927734375">
        <ele>812.4000244140625</ele>
        <time>2026-07-24T14:19:38.000Z</time>
        <extensions>
          <ns3:TrackPointExtension>
            <ns3:hr>171</ns3:hr>
            <ns3:cad>0</ns3:cad>
          </ns3:TrackPointExtension>
        </extensions>
      </trkpt>
      <trkpt lat="43.84981756098568439483642578125" lon="87.51064977608621120452880859375">
        <ele>812.79998779296875</ele>
        <time>2026-07-24T14:19:41.000Z</time>
        <extensions>
          <ns3:TrackPointExtension>
            <ns3:hr>168</ns3:hr>
            <ns3:cad>82</ns3:cad>
          </ns3:TrackPointExtension>
        </extensions>
      </trkpt>
      <trkpt lat="43.84969166480004787445068359375" lon="87.51063217408955097198486328125">
        <ele>813.20001220703125</ele>
        <time>2026-07-24T14:19:46.000Z</time>
        <extensions>
          <ns3:TrackPointExtension>
            <ns3:hr>166</ns3:hr>
            <ns3:cad>83</ns3:cad>
          </ns3:TrackPointExtension>
        </extensions>
      </trkpt>
      <trkpt lat="43.8495038263499736785888671875" lon="87.5106148235499858856201171875">
        <ele>813</ele>
        <time>2026-07-24T14:19:53.000Z</time>
        <extensions>
          <ns3:TrackPointExtension>
            <ns3:hr>167</ns3:hr>
            <ns3:cad>83</ns3:cad>
          </ns3:TrackPointExtension>
        </extensions>
      </trkpt>
      <trkpt lat="43.84940768592059612274169921875" lon="87.51059076748788356781005859375">
        <ele>813</ele>
        <time>2026-07-24T14:19:57.000Z</time>
        <extensions>
          <ns3:TrackPointExtension>
            <ns3:hr>168</ns3:hr>
            <ns3:cad>83</ns3:cad>
          </ns3:TrackPointExtension>
        </extensions>
      </trkpt>
      <trkpt lat="43.8492278940975666046142578125" lon="87.510595880448818206787109375">
        <ele>813</ele>
        <time>2026-07-24T14:20:03.000Z</time>
        <extensions>
          <ns3:TrackPointExtension>
            <ns3:hr>169</ns3:hr>
            <ns3:cad>83</ns3:cad>
          </ns3:TrackPointExtension>
        </extensions>
      </trkpt>
      <trkpt lat="43.8490317575633525848388671875" lon="87.5105481036007404327392578125">
        <ele>813.79998779296875</ele>
        <time>2026-07-24T14:20:10.000Z</time>
        <extensions>
          <ns3:TrackPointExtension>
            <ns3:hr>170</ns3:hr>
            <ns3:cad>83</ns3:cad>
          </ns3:TrackPointExtension>
        </extensions>
      </trkpt>
      <trkpt lat="43.8489499501883983612060546875" lon="87.5105481036007404327392578125">
        <ele>814.4000244140625</ele>
        <time>2026-07-24T14:20:13.000Z</time>
        <extensions>
          <ns3:TrackPointExtension>
            <ns3:hr>173</ns3:hr>
            <ns3:cad>84</ns3:cad>
          </ns3:TrackPointExtension>
        </extensions>
      </trkpt>
      <trkpt lat="43.84880335070192813873291015625" lon="87.51055422239005565643310546875">
        <ele>814.79998779296875</ele>
        <time>2026-07-24T14:20:18.000Z</time>
        <extensions>
          <ns3:TrackPointExtension>
            <ns3:hr>171</ns3:hr>
            <ns3:cad>83</ns3:cad>
          </ns3:TrackPointExtension>
        </extensions>
      </trkpt>
      <trkpt lat="43.84876362048089504241943359375" lon="87.51055036671459674835205078125">
        <ele>814.79998779296875</ele>
        <time>2026-07-24T14:20:20.000Z</time>
        <extensions>
          <ns3:TrackPointExtension>
            <ns3:hr>174</ns3:hr>
            <ns3:cad>82</ns3:cad>
          </ns3:TrackPointExtension>
        </extensions>
      </trkpt>
      <trkpt lat="43.84871341288089752197265625" lon="87.510546259582042694091796875">
        <ele>815</ele>
        <time>2026-07-24T14:20:23.000Z</time>
        <extensions>
          <ns3:TrackPointExtension>
            <ns3:hr>176</ns3:hr>
            <ns3:cad>81</ns3:cad>
          </ns3:TrackPointExtension>
        </extensions>
      </trkpt>
      <trkpt lat="43.84865113534033298492431640625" lon="87.510545253753662109375">
        <ele>815.20001220703125</ele>
        <time>2026-07-24T14:20:28.000Z</time>
        <extensions>
          <ns3:TrackPointExtension>
            <ns3:hr>178</ns3:hr>
            <ns3:cad>54</ns3:cad>
          </ns3:TrackPointExtension>
        </extensions>
      </trkpt>
      <trkpt lat="43.8484963215887546539306640625" lon="87.51038708724081516265869140625">
        <ele>813.5999755859375</ele>
        <time>2026-07-24T14:22:18.000Z</time>
        <extensions>
          <ns3:TrackPointExtension>
            <ns3:hr>127</ns3:hr>
            <ns3:cad>0</ns3:cad>
          </ns3:TrackPointExtension>
        </extensions>
      </trkpt>
      <trkpt lat="43.84849607013165950775146484375" lon="87.5103871710598468780517578125">
        <ele>813.5999755859375</ele>
        <time>2026-07-24T14:22:19.000Z</time>
        <extensions>
          <ns3:TrackPointExtension>
            <ns3:hr>127</ns3:hr>
            <ns3:cad>0</ns3:cad>
          </ns3:TrackPointExtension>
        </extensions>
      </trkpt>
      <trkpt lat="43.84843572042882442474365234375" lon="87.51038323156535625457763671875">
        <ele>813.5999755859375</ele>
        <time>2026-07-24T14:22:23.000Z</time>
        <extensions>
          <ns3:TrackPointExtension>
            <ns3:hr>126</ns3:hr>
            <ns3:cad>0</ns3:cad>
          </ns3:TrackPointExtension>
        </extensions>
      </trkpt>
      <trkpt lat="43.8482616282999515533447265625" lon="87.51034819521009922027587890625">
        <ele>813.79998779296875</ele>
        <time>2026-07-24T14:22:28.000Z</time>
        <extensions>
          <ns3:TrackPointExtension>
            <ns3:hr>129</ns3:hr>
            <ns3:cad>82</ns3:cad>
          </ns3:TrackPointExtension>
        </extensions>
      </trkpt>
      <trkpt lat="43.84822214953601360321044921875" lon="87.51033863984048366546630859375">
        <ele>814</ele>
        <time>2026-07-24T14:22:29.000Z</time>
        <extensions>
          <ns3:TrackPointExtension>
            <ns3:hr>129</ns3:hr>
            <ns3:cad>83</ns3:cad>
          </ns3:TrackPointExtension>
        </extensions>
      </trkpt>
      <trkpt lat="43.84818694554269313812255859375" lon="87.51032807864248752593994140625">
        <ele>814.20001220703125</ele>
        <time>2026-07-24T14:22:30.000Z</time>
        <extensions>
          <ns3:TrackPointExtension>
            <ns3:hr>132</ns3:hr>
            <ns3:cad>83</ns3:cad>
          </ns3:TrackPointExtension>
        </extensions>
      </trkpt>
      <trkpt lat="43.848154842853546142578125" lon="87.51031969673931598663330078125">
        <ele>814.4000244140625</ele>
        <time>2026-07-24T14:22:31.000Z</time>
        <extensions>
          <ns3:TrackPointExtension>
            <ns3:hr>135</ns3:hr>
            <ns3:cad>83</ns3:cad>
          </ns3:TrackPointExtension>
        </extensions>
      </trkpt>
      <trkpt lat="43.84808803908526897430419921875" lon="87.51030595041811466217041015625">
        <ele>815</ele>
        <time>2026-07-24T14:22:33.000Z</time>
        <extensions>
          <ns3:TrackPointExtension>
            <ns3:hr>138</ns3:hr>
            <ns3:cad>83</ns3:cad>
          </ns3:TrackPointExtension>
        </extensions>
      </trkpt>
      <trkpt lat="43.8480259291827678680419921875" lon="87.51029287464916706085205078125">
        <ele>815.20001220703125</ele>
        <time>2026-07-24T14:22:35.000Z</time>
        <extensions>
          <ns3:TrackPointExtension>
            <ns3:hr>141</ns3:hr>
            <ns3:cad>83</ns3:cad>
          </ns3:TrackPointExtension>
        </extensions>
      </trkpt>
      <trkpt lat="43.84796717204153537750244140625" lon="87.51029991544783115386962890625">
        <ele>815.20001220703125</ele>
        <time>2026-07-24T14:22:37.000Z</time>
        <extensions>
          <ns3:TrackPointExtension>
            <ns3:hr>144</ns3:hr>
            <ns3:cad>83</ns3:cad>
          </ns3:TrackPointExtension>
        </extensions>
      </trkpt>
      <trkpt lat="43.84793959558010101318359375" lon="87.5103107281029224395751953125">
        <ele>815</ele>
        <time>2026-07-24T14:22:38.000Z</time>
        <extensions>
          <ns3:TrackPointExtension>
            <ns3:hr>145</ns3:hr>
            <ns3:cad>83</ns3:cad>
          </ns3:TrackPointExtension>
        </extensions>
      </trkpt>
      <trkpt lat="43.847860805690288543701171875" lon="87.51034677028656005859375">
        <ele>815</ele>
        <time>2026-07-24T14:22:41.000Z</time>
        <extensions>
          <ns3:TrackPointExtension>
            <ns3:hr>148</ns3:hr>
            <ns3:cad>83</ns3:cad>
          </ns3:TrackPointExtension>
        </extensions>
      </trkpt>
      <trkpt lat="43.8477550260722637176513671875" lon="87.51034316606819629669189453125">
        <ele>815.5999755859375</ele>
        <time>2026-07-24T14:22:45.000Z</time>
        <extensions>
          <ns3:TrackPointExtension>
            <ns3:hr>150</ns3:hr>
            <ns3:cad>83</ns3:cad>
          </ns3:TrackPointExtension>
        </extensions>
      </trkpt>
      <trkpt lat="43.847572803497314453125" lon="87.51030192710459232330322265625">
        <ele>817.4000244140625</ele>
        <time>2026-07-24T14:22:52.000Z</time>
        <extensions>
          <ns3:TrackPointExtension>
            <ns3:hr>152</ns3:hr>
            <ns3:cad>85</ns3:cad>
          </ns3:TrackPointExtension>
        </extensions>
      </trkpt>
      <trkpt lat="43.84754606522619724273681640625" lon="87.51029974780976772308349609375">
        <ele>817.5999755859375</ele>
        <time>2026-07-24T14:22:53.000Z</time>
        <extensions>
          <ns3:TrackPointExtension>
            <ns3:hr>152</ns3:hr>
            <ns3:cad>85</ns3:cad>
          </ns3:TrackPointExtension>
        </extensions>
      </trkpt>
      <trkpt lat="43.84743290953338146209716796875" lon="87.510257251560688018798828125">
        <ele>818.5999755859375</ele>
        <time>2026-07-24T14:22:58.000Z</time>
        <extensions>
          <ns3:TrackPointExtension>
            <ns3:hr>155</ns3:hr>
            <ns3:cad>84</ns3:cad>
          </ns3:TrackPointExtension>
        </extensions>
      </trkpt>
      <trkpt lat="43.84736183099448680877685546875" lon="87.51023252494633197784423828125">
        <ele>819.4000244140625</ele>
        <time>2026-07-24T14:23:01.000Z</time>
        <extensions>
          <ns3:TrackPointExtension>
            <ns3:hr>156</ns3:hr>
            <ns3:cad>84</ns3:cad>
          </ns3:TrackPointExtension>
        </extensions>
      </trkpt>
      <trkpt lat="43.847276754677295684814453125" lon="87.510215006768703460693359375">
        <ele>820.20001220703125</ele>
        <time>2026-07-24T14:23:06.000Z</time>
        <extensions>
          <ns3:TrackPointExtension>
            <ns3:hr>159</ns3:hr>
            <ns3:cad>84</ns3:cad>
          </ns3:TrackPointExtension>
        </extensions>
      </trkpt>
      <trkpt lat="43.84727214463055133819580078125" lon="87.51020922325551509857177734375">
        <ele>820.20001220703125</ele>
        <time>2026-07-24T14:23:07.000Z</time>
        <extensions>
          <ns3:TrackPointExtension>
            <ns3:hr>160</ns3:hr>
            <ns3:cad>84</ns3:cad>
          </ns3:TrackPointExtension>
        </extensions>
      </trkpt>
      <trkpt lat="43.84724515490233898162841796875" lon="87.5102113187313079833984375">
        <ele>820.5999755859375</ele>
        <time>2026-07-24T14:23:10.000Z</time>
        <extensions>
          <ns3:TrackPointExtension>
            <ns3:hr>163</ns3:hr>
            <ns3:cad>55</ns3:cad>
          </ns3:TrackPointExtension>
        </extensions>
      </trkpt>
      <trkpt lat="43.84722436778247356414794921875" lon="87.51020335592329502105712890625">
        <ele>820.5999755859375</ele>
        <time>2026-07-24T14:23:11.000Z</time>
        <extensions>
          <ns3:TrackPointExtension>
            <ns3:hr>164</ns3:hr>
            <ns3:cad>55</ns3:cad>
          </ns3:TrackPointExtension>
        </extensions>
      </trkpt>
      <trkpt lat="43.8472001440823078155517578125" lon="87.51019530929625034332275390625">
        <ele>820.79998779296875</ele>
        <time>2026-07-24T14:23:12.000Z</time>
        <extensions>
          <ns3:TrackPointExtension>
            <ns3:hr>165</ns3:hr>
            <ns3:cad>55</ns3:cad>
          </ns3:TrackPointExtension>
        </extensions>
      </trkpt>
      <trkpt lat="43.84711020626127719879150390625" lon="87.5101890228688716888427734375">
        <ele>821.4000244140625</ele>
        <time>2026-07-24T14:23:17.000Z</time>
        <extensions>
          <ns3:TrackPointExtension>
            <ns3:hr>169</ns3:hr>
            <ns3:cad>57</ns3:cad>
          </ns3:TrackPointExtension>
        </extensions>
      </trkpt>
      <trkpt lat="43.8470760919153690338134765625" lon="87.51019933260977268218994140625">
        <ele>821.5999755859375</ele>
        <time>2026-07-24T14:23:19.000Z</time>
        <extensions>
          <ns3:TrackPointExtension>
            <ns3:hr>169</ns3:hr>
            <ns3:cad>57</ns3:cad>
          </ns3:TrackPointExtension>
        </extensions>
      </trkpt>
      <trkpt lat="43.84704968892037868499755859375" lon="87.51019162125885486602783203125">
        <ele>821.5999755859375</ele>
        <time>2026-07-24T14:23:20.000Z</time>
        <extensions>
          <ns3:TrackPointExtension>
            <ns3:hr>169</ns3:hr>
            <ns3:cad>57</ns3:cad>
          </ns3:TrackPointExtension>
        </extensions>
      </trkpt>
      <trkpt lat="43.84689529426395893096923828125" lon="87.51017955131828784942626953125">
        <ele>822.79998779296875</ele>
        <time>2026-07-24T14:23:26.000Z</time>
        <extensions>
          <ns3:TrackPointExtension>
            <ns3:hr>167</ns3:hr>
            <ns3:cad>82</ns3:cad>
          </ns3:TrackPointExtension>
        </extensions>
      </trkpt>
      <trkpt lat="43.84687517769634723663330078125" lon="87.51018357463181018829345703125">
        <ele>823</ele>
        <time>2026-07-24T14:23:27.000Z</time>
        <extensions>
          <ns3:TrackPointExtension>
            <ns3:hr>166</ns3:hr>
            <ns3:cad>82</ns3:cad>
          </ns3:TrackPointExtension>
        </extensions>
      </trkpt>
      <trkpt lat="43.84681113995611667633056640625" lon="87.510190866887569427490234375">
        <ele>823.5999755859375</ele>
        <time>2026-07-24T14:23:32.000Z</time>
        <extensions>
          <ns3:TrackPointExtension>
            <ns3:hr>166</ns3:hr>
            <ns3:cad>82</ns3:cad>
          </ns3:TrackPointExtension>
        </extensions>
      </trkpt>
      <trkpt lat="43.84667434729635715484619140625" lon="87.5101588480174541473388671875">
        <ele>825</ele>
        <time>2026-07-24T14:23:38.000Z</time>
        <extensions>
          <ns3:TrackPointExtension>
            <ns3:hr>165</ns3:hr>
            <ns3:cad>0</ns3:cad>
          </ns3:TrackPointExtension>
        </extensions>
      </trkpt>
      <trkpt lat="43.84653772227466106414794921875" lon="87.5101863406598567962646484375">
        <ele>824.4000244140625</ele>
        <time>2026-07-24T14:23:43.000Z</time>
        <extensions>
          <ns3:TrackPointExtension>
            <ns3:hr>165</ns3:hr>
            <ns3:cad>82</ns3:cad>
          </ns3:TrackPointExtension>
        </extensions>
      </trkpt>
      <trkpt lat="43.84638684801757335662841796875" lon="87.51018776558339595794677734375">
        <ele>824.79998779296875</ele>
        <time>2026-07-24T14:23:49.000Z</time>
        <extensions>
          <ns3:TrackPointExtension>
            <ns3:hr>167</ns3:hr>
            <ns3:cad>82</ns3:cad>
          </ns3:TrackPointExtension>
        </extensions>
      </trkpt>
      <trkpt lat="43.84629732929170131683349609375" lon="87.5101697444915771484375">
        <ele>824.4000244140625</ele>
        <time>2026-07-24T14:23:52.000Z</time>
        <extensions>
          <ns3:TrackPointExtension>
            <ns3:hr>170</ns3:hr>
            <ns3:cad>82</ns3:cad>
          </ns3:TrackPointExtension>
        </extensions>
      </trkpt>
      <trkpt lat="43.84615232236683368682861328125" lon="87.51014627516269683837890625">
        <ele>823.20001220703125</ele>
        <time>2026-07-24T14:23:58.000Z</time>
        <extensions>
          <ns3:TrackPointExtension>
            <ns3:hr>171</ns3:hr>
            <ns3:cad>82</ns3:cad>
          </ns3:TrackPointExtension>
        </extensions>
      </trkpt>
      <trkpt lat="43.846082501113414764404296875" lon="87.5101367197930812835693359375">
        <ele>823.20001220703125</ele>
        <time>2026-07-24T14:24:01.000Z</time>
        <extensions>
          <ns3:TrackPointExtension>
            <ns3:hr>174</ns3:hr>
            <ns3:cad>82</ns3:cad>
          </ns3:TrackPointExtension>
        </extensions>
      </trkpt>
      <trkpt lat="43.8459904678165912628173828125" lon="87.51012121327221393585205078125">
        <ele>823.4000244140625</ele>
        <time>2026-07-24T14:24:06.000Z</time>
        <extensions>
          <ns3:TrackPointExtension>
            <ns3:hr>176</ns3:hr>
            <ns3:cad>82</ns3:cad>
          </ns3:TrackPointExtension>
        </extensions>
      </trkpt>
      <trkpt lat="43.84589483030140399932861328125" lon="87.51010679639875888824462890625">
        <ele>823.79998779296875</ele>
        <time>2026-07-24T14:24:13.000Z</time>
        <extensions>
          <ns3:TrackPointExtension>
            <ns3:hr>177</ns3:hr>
            <ns3:cad>58</ns3:cad>
          </ns3:TrackPointExtension>
        </extensions>
      </trkpt>
      <trkpt lat="43.84585493244230747222900390625" lon="87.51009975560009479522705078125">
        <ele>824</ele>
        <time>2026-07-24T14:24:16.000Z</time>
        <extensions>
          <ns3:TrackPointExtension>
            <ns3:hr>174</ns3:hr>
            <ns3:cad>58</ns3:cad>
          </ns3:TrackPointExtension>
        </extensions>
      </trkpt>
      <trkpt lat="43.8457779027521610260009765625" lon="87.5101095624268054962158203125">
        <ele>824.5999755859375</ele>
        <time>2026-07-24T14:24:21.000Z</time>
        <extensions>
          <ns3:TrackPointExtension>
            <ns3:hr>172</ns3:hr>
            <ns3:cad>58</ns3:cad>
          </ns3:TrackPointExtension>
        </extensions>
      </trkpt>
      <trkpt lat="43.845676481723785400390625" lon="87.5101052038371562957763671875">
        <ele>825.20001220703125</ele>
        <time>2026-07-24T14:24:29.000Z</time>
        <extensions>
          <ns3:TrackPointExtension>
            <ns3:hr>172</ns3:hr>
            <ns3:cad>56</ns3:cad>
          </ns3:TrackPointExtension>
        </extensions>
      </trkpt>
      <trkpt lat="43.84555536322295665740966796875" lon="87.51005642116069793701171875">
        <ele>826.20001220703125</ele>
        <time>2026-07-24T14:24:37.000Z</time>
        <extensions>
          <ns3:TrackPointExtension>
            <ns3:hr>171</ns3:hr>
            <ns3:cad>0</ns3:cad>
          </ns3:TrackPointExtension>
        </extensions>
      </trkpt>
      <trkpt lat="43.8454590551555156707763671875" lon="87.51003840006887912750244140625">
        <ele>826.79998779296875</ele>
        <time>2026-07-24T14:24:41.000Z</time>
        <extensions>
          <ns3:TrackPointExtension>
            <ns3:hr>168</ns3:hr>
            <ns3:cad>83</ns3:cad>
          </ns3:TrackPointExtension>
        </extensions>
      </trkpt>
      <trkpt lat="43.84541018866002559661865234375" lon="87.5100264139473438262939453125">
        <ele>827</ele>
        <time>2026-07-24T14:24:43.000Z</time>
        <extensions>
          <ns3:TrackPointExtension>
            <ns3:hr>167</ns3:hr>
            <ns3:cad>83</ns3:cad>
          </ns3:TrackPointExtension>
        </extensions>
      </trkpt>
      <trkpt lat="43.8452749885618686676025390625" lon="87.51001342199742794036865234375">
        <ele>828</ele>
        <time>2026-07-24T14:24:48.000Z</time>
        <extensions>
          <ns3:TrackPointExtension>
            <ns3:hr>164</ns3:hr>
            <ns3:cad>82</ns3:cad>
          </ns3:TrackPointExtension>
        </extensions>
      </trkpt>
      <trkpt lat="43.84514464996755123138427734375" lon="87.5099886953830718994140625">
        <ele>828</ele>
        <time>2026-07-24T14:24:53.000Z</time>
        <extensions>
          <ns3:TrackPointExtension>
            <ns3:hr>163</ns3:hr>
            <ns3:cad>82</ns3:cad>
          </ns3:TrackPointExtension>
        </extensions>
      </trkpt>
      <trkpt lat="43.8450262136757373809814453125" lon="87.509960867464542388916015625">
        <ele>828</ele>
        <time>2026-07-24T14:24:58.000Z</time>
        <extensions>
          <ns3:TrackPointExtension>
            <ns3:hr>164</ns3:hr>
            <ns3:cad>83</ns3:cad>
          </ns3:TrackPointExtension>
        </extensions>
      </trkpt>
      <trkpt lat="43.84499779902398586273193359375" lon="87.5099511444568634033203125">
        <ele>828</ele>
        <time>2026-07-24T14:25:00.000Z</time>
        <extensions>
          <ns3:TrackPointExtension>
            <ns3:hr>165</ns3:hr>
            <ns3:cad>84</ns3:cad>
          </ns3:TrackPointExtension>
        </extensions>
      </trkpt>
      <trkpt lat="43.84495354257524013519287109375" lon="87.5099553354084491729736328125">
        <ele>828.20001220703125</ele>
        <time>2026-07-24T14:25:04.000Z</time>
        <extensions>
          <ns3:TrackPointExtension>
            <ns3:hr>166</ns3:hr>
            <ns3:cad>84</ns3:cad>
          </ns3:TrackPointExtension>
        </extensions>
      </trkpt>
      <trkpt lat="43.84484675712883472442626953125" lon="87.50995072536170482635498046875">
        <ele>828.5999755859375</ele>
        <time>2026-07-24T14:25:12.000Z</time>
        <extensions>
          <ns3:TrackPointExtension>
            <ns3:hr>168</ns3:hr>
            <ns3:cad>56</ns3:cad>
          </ns3:TrackPointExtension>
        </extensions>
      </trkpt>
      <trkpt lat="43.84472228586673736572265625" lon="87.50991434790194034576416015625">
        <ele>829</ele>
        <time>2026-07-24T14:25:20.000Z</time>
        <extensions>
          <ns3:TrackPointExtension>
            <ns3:hr>168</ns3:hr>
            <ns3:cad>57</ns3:cad>
          </ns3:TrackPointExtension>
        </extensions>
      </trkpt>
      <trkpt lat="43.8445990718901157379150390625" lon="87.5099167786538600921630859375">
        <ele>829.4000244140625</ele>
        <time>2026-07-24T14:25:27.000Z</time>
        <extensions>
          <ns3:TrackPointExtension>
            <ns3:hr>171</ns3:hr>
            <ns3:cad>58</ns3:cad>
          </ns3:TrackPointExtension>
        </extensions>
      </trkpt>
      <trkpt lat="43.8445794582366943359375" lon="87.5099122524261474609375">
        <ele>829.5999755859375</ele>
        <time>2026-07-24T14:25:28.000Z</time>
        <extensions>
          <ns3:TrackPointExtension>
            <ns3:hr>171</ns3:hr>
            <ns3:cad>58</ns3:cad>
          </ns3:TrackPointExtension>
        </extensions>
      </trkpt>
      <trkpt lat="43.844381980597972869873046875" lon="87.50988819636404514312744140625">
        <ele>829.4000244140625</ele>
        <time>2026-07-24T14:25:34.000Z</time>
        <extensions>
          <ns3:TrackPointExtension>
            <ns3:hr>170</ns3:hr>
            <ns3:cad>82</ns3:cad>
          </ns3:TrackPointExtension>
        </extensions>
      </trkpt>
      <trkpt lat="43.84435624815523624420166015625" lon="87.50988836400210857391357421875">
        <ele>829.20001220703125</ele>
        <time>2026-07-24T14:25:35.000Z</time>
        <extensions>
          <ns3:TrackPointExtension>
            <ns3:hr>171</ns3:hr>
            <ns3:cad>82</ns3:cad>
          </ns3:TrackPointExtension>
        </extensions>
      </trkpt>
      <trkpt lat="43.84429405443370342254638671875" lon="87.5098497234284877777099609375">
        <ele>829.20001220703125</ele>
        <time>2026-07-24T14:25:42.000Z</time>
        <extensions>
          <ns3:TrackPointExtension>
            <ns3:hr>173</ns3:hr>
            <ns3:cad>58</ns3:cad>
          </ns3:TrackPointExtension>
        </extensions>
      </trkpt>
      <trkpt lat="43.8442118279635906219482421875" lon="87.509875036776065826416015625">
        <ele>829.20001220703125</ele>
        <time>2026-07-24T14:25:49.000Z</time>
        <extensions>
          <ns3:TrackPointExtension>
            <ns3:hr>170</ns3:hr>
            <ns3:cad>57</ns3:cad>
          </ns3:TrackPointExtension>
        </extensions>
      </trkpt>
      <trkpt lat="43.844207637012004852294921875" lon="87.50987495295703411102294921875">
        <ele>829.20001220703125</ele>
        <time>2026-07-24T14:25:50.000Z</time>
        <extensions>
          <ns3:TrackPointExtension>
            <ns3:hr>170</ns3:hr>
            <ns3:cad>56</ns3:cad>
          </ns3:TrackPointExtension>
        </extensions>
      </trkpt>
      <trkpt lat="43.84419145993888378143310546875" lon="87.509878389537334442138671875">
        <ele>829.4000244140625</ele>
        <time>2026-07-24T14:25:58.000Z</time>
        <extensions>
          <ns3:TrackPointExtension>
            <ns3:hr>165</ns3:hr>
            <ns3:cad>0</ns3:cad>
          </ns3:TrackPointExtension>
        </extensions>
      </trkpt>
      <trkpt lat="43.84413094259798526763916015625" lon="87.50987562350928783416748046875">
        <ele>829.5999755859375</ele>
        <time>2026-07-24T14:26:01.000Z</time>
        <extensions>
          <ns3:TrackPointExtension>
            <ns3:hr>164</ns3:hr>
            <ns3:cad>0</ns3:cad>
          </ns3:TrackPointExtension>
        </extensions>
      </trkpt>
      <trkpt lat="43.84398945607244968414306640625" lon="87.5098192133009433746337890625">
        <ele>829.79998779296875</ele>
        <time>2026-07-24T14:26:06.000Z</time>
        <extensions>
          <ns3:TrackPointExtension>
            <ns3:hr>166</ns3:hr>
            <ns3:cad>82</ns3:cad>
          </ns3:TrackPointExtension>
        </extensions>
      </trkpt>
      <trkpt lat="43.84382852353155612945556640625" lon="87.509787864983081817626953125">
        <ele>830.4000244140625</ele>
        <time>2026-07-24T14:26:12.000Z</time>
        <extensions>
          <ns3:TrackPointExtension>
            <ns3:hr>167</ns3:hr>
            <ns3:cad>82</ns3:cad>
          </ns3:TrackPointExtension>
        </extensions>
      </trkpt>
      <trkpt lat="43.84370162151753902435302734375" lon="87.5097608752548694610595703125">
        <ele>830.79998779296875</ele>
        <time>2026-07-24T14:26:17.000Z</time>
        <extensions>
          <ns3:TrackPointExtension>
            <ns3:hr>169</ns3:hr>
            <ns3:cad>83</ns3:cad>
          </ns3:TrackPointExtension>
        </extensions>
      </trkpt>
      <trkpt lat="43.84349919855594635009765625" lon="87.5097092427313327789306640625">
        <ele>832</ele>
        <time>2026-07-24T14:26:24.000Z</time>
        <extensions>
          <ns3:TrackPointExtension>
            <ns3:hr>171</ns3:hr>
            <ns3:cad>82</ns3:cad>
          </ns3:TrackPointExtension>
        </extensions>
      </trkpt>
      <trkpt lat="43.84346676059067249298095703125" lon="87.50970027409493923187255859375">
        <ele>832.20001220703125</ele>
        <time>2026-07-24T14:26:25.000Z</time>
        <extensions>
          <ns3:TrackPointExtension>
            <ns3:hr>171</ns3:hr>
            <ns3:cad>82</ns3:cad>
          </ns3:TrackPointExtension>
        </extensions>
      </trkpt>
      <trkpt lat="43.8432821072638034820556640625" lon="87.509656436741352081298828125">
        <ele>833.5999755859375</ele>
        <time>2026-07-24T14:26:33.000Z</time>
        <extensions>
          <ns3:TrackPointExtension>
            <ns3:hr>172</ns3:hr>
            <ns3:cad>82</ns3:cad>
          </ns3:TrackPointExtension>
        </extensions>
      </trkpt>
      <trkpt lat="43.8432043232023715972900390625" lon="87.50964797101914882659912109375">
        <ele>834.5999755859375</ele>
        <time>2026-07-24T14:26:40.000Z</time>
        <extensions>
          <ns3:TrackPointExtension>
            <ns3:hr>173</ns3:hr>
            <ns3:cad>57</ns3:cad>
          </ns3:TrackPointExtension>
        </extensions>
      </trkpt>
      <trkpt lat="43.84319283999502658843994140625" lon="87.509649060666561126708984375">
        <ele>834.5999755859375</ele>
        <time>2026-07-24T14:26:41.000Z</time>
        <extensions>
          <ns3:TrackPointExtension>
            <ns3:hr>173</ns3:hr>
            <ns3:cad>57</ns3:cad>
          </ns3:TrackPointExtension>
        </extensions>
      </trkpt>
      <trkpt lat="43.843146152794361114501953125" lon="87.50965769402682781219482421875">
        <ele>835.20001220703125</ele>
        <time>2026-07-24T14:26:44.000Z</time>
        <extensions>
          <ns3:TrackPointExtension>
            <ns3:hr>173</ns3:hr>
            <ns3:cad>0</ns3:cad>
          </ns3:TrackPointExtension>
        </extensions>
      </trkpt>
      <trkpt lat="43.8431141339242458343505859375" lon="87.50965652056038379669189453125">
        <ele>835.5999755859375</ele>
        <time>2026-07-24T14:26:46.000Z</time>
        <extensions>
          <ns3:TrackPointExtension>
            <ns3:hr>173</ns3:hr>
            <ns3:cad>0</ns3:cad>
          </ns3:TrackPointExtension>
        </extensions>
      </trkpt>
      <trkpt lat="43.84298731572926044464111328125" lon="87.509608827531337738037109375">
        <ele>836</ele>
        <time>2026-07-24T14:26:54.000Z</time>
        <extensions>
          <ns3:TrackPointExtension>
            <ns3:hr>174</ns3:hr>
            <ns3:cad>56</ns3:cad>
          </ns3:TrackPointExtension>
        </extensions>
      </trkpt>
      <trkpt lat="43.84286175481975078582763671875" lon="87.50958778895437717437744140625">
        <ele>836</ele>
        <time>2026-07-24T14:27:03.000Z</time>
        <extensions>
          <ns3:TrackPointExtension>
            <ns3:hr>174</ns3:hr>
            <ns3:cad>57</ns3:cad>
          </ns3:TrackPointExtension>
        </extensions>
      </trkpt>
      <trkpt lat="43.8427275605499744415283203125" lon="87.50956649892032146453857421875">
        <ele>836</ele>
        <time>2026-07-24T14:27:09.000Z</time>
        <extensions>
          <ns3:TrackPointExtension>
            <ns3:hr>171</ns3:hr>
            <ns3:cad>81</ns3:cad>
          </ns3:TrackPointExtension>
        </extensions>
      </trkpt>
      <trkpt lat="43.8427040912210941314697265625" lon="87.509552501142024993896484375">
        <ele>835.79998779296875</ele>
        <time>2026-07-24T14:27:10.000Z</time>
        <extensions>
          <ns3:TrackPointExtension>
            <ns3:hr>172</ns3:hr>
            <ns3:cad>82</ns3:cad>
          </ns3:TrackPointExtension>
        </extensions>
      </trkpt>
      <trkpt lat="43.84251340292394161224365234375" lon="87.509499527513980865478515625">
        <ele>835</ele>
        <time>2026-07-24T14:27:18.000Z</time>
        <extensions>
          <ns3:TrackPointExtension>
            <ns3:hr>172</ns3:hr>
            <ns3:cad>82</ns3:cad>
          </ns3:TrackPointExtension>
        </extensions>
      </trkpt>
      <trkpt lat="43.8423842377960681915283203125" lon="87.50950899906456470489501953125">
        <ele>835.5999755859375</ele>
        <time>2026-07-24T14:27:24.000Z</time>
        <extensions>
          <ns3:TrackPointExtension>
            <ns3:hr>175</ns3:hr>
            <ns3:cad>83</ns3:cad>
          </ns3:TrackPointExtension>
        </extensions>
      </trkpt>
      <trkpt lat="43.84225524030625820159912109375" lon="87.50952660106122493743896484375">
        <ele>836.20001220703125</ele>
        <time>2026-07-24T14:27:32.000Z</time>
        <extensions>
          <ns3:TrackPointExtension>
            <ns3:hr>174</ns3:hr>
            <ns3:cad>57</ns3:cad>
          </ns3:TrackPointExtension>
        </extensions>
      </trkpt>
      <trkpt lat="43.84210051037371158599853515625" lon="87.509525679051876068115234375">
        <ele>837.20001220703125</ele>
        <time>2026-07-24T14:27:37.000Z</time>
        <extensions>
          <ns3:TrackPointExtension>
            <ns3:hr>173</ns3:hr>
            <ns3:cad>83</ns3:cad>
          </ns3:TrackPointExtension>
        </extensions>
      </trkpt>
      <trkpt lat="43.84201300330460071563720703125" lon="87.509511597454547882080078125">
        <ele>837.79998779296875</ele>
        <time>2026-07-24T14:27:40.000Z</time>
        <extensions>
          <ns3:TrackPointExtension>
            <ns3:hr>176</ns3:hr>
            <ns3:cad>82</ns3:cad>
          </ns3:TrackPointExtension>
        </extensions>
      </trkpt>
      <trkpt lat="43.84194527752697467803955078125" lon="87.50952224247157573699951171875">
        <ele>838.4000244140625</ele>
        <time>2026-07-24T14:27:42.000Z</time>
        <extensions>
          <ns3:TrackPointExtension>
            <ns3:hr>176</ns3:hr>
            <ns3:cad>83</ns3:cad>
          </ns3:TrackPointExtension>
        </extensions>
      </trkpt>
      <trkpt lat="43.84175165556371212005615234375" lon="87.509525008499622344970703125">
        <ele>840.5999755859375</ele>
        <time>2026-07-24T14:27:48.000Z</time>
        <extensions>
          <ns3:TrackPointExtension>
            <ns3:hr>176</ns3:hr>
            <ns3:cad>82</ns3:cad>
          </ns3:TrackPointExtension>
        </extensions>
      </trkpt>
      <trkpt lat="43.841719888150691986083984375" lon="87.50952123664319515228271484375">
        <ele>841</ele>
        <time>2026-07-24T14:27:49.000Z</time>
        <extensions>
          <ns3:TrackPointExtension>
            <ns3:hr>177</ns3:hr>
            <ns3:cad>83</ns3:cad>
          </ns3:TrackPointExtension>
        </extensions>
      </trkpt>
      <trkpt lat="43.84156943298876285552978515625" lon="87.50943976454436779022216796875">
        <ele>842</ele>
        <time>2026-07-24T14:27:54.000Z</time>
        <extensions>
          <ns3:TrackPointExtension>
            <ns3:hr>177</ns3:hr>
            <ns3:cad>82</ns3:cad>
          </ns3:TrackPointExtension>
        </extensions>
      </trkpt>
      <trkpt lat="43.84145267307758331298828125" lon="87.50939793884754180908203125">
        <ele>843</ele>
        <time>2026-07-24T14:27:58.000Z</time>
        <extensions>
          <ns3:TrackPointExtension>
            <ns3:hr>180</ns3:hr>
            <ns3:cad>81</ns3:cad>
          </ns3:TrackPointExtension>
        </extensions>
      </trkpt>
      <trkpt lat="43.8413660041987895965576171875" lon="87.5093840248882770538330078125">
        <ele>843.79998779296875</ele>
        <time>2026-07-24T14:28:02.000Z</time>
        <extensions>
          <ns3:TrackPointExtension>
            <ns3:hr>182</ns3:hr>
            <ns3:cad>82</ns3:cad>
          </ns3:TrackPointExtension>
        </extensions>
      </trkpt>
      <trkpt lat="43.84129668585956096649169921875" lon="87.50939483754336833953857421875">
        <ele>844.4000244140625</ele>
        <time>2026-07-24T14:28:08.000Z</time>
        <extensions>
          <ns3:TrackPointExtension>
            <ns3:hr>181</ns3:hr>
            <ns3:cad>54</ns3:cad>
          </ns3:TrackPointExtension>
        </extensions>
      </trkpt>
      <trkpt lat="43.84117783047258853912353515625" lon="87.50940020196139812469482421875">
        <ele>845.20001220703125</ele>
        <time>2026-07-24T14:28:16.000Z</time>
        <extensions>
          <ns3:TrackPointExtension>
            <ns3:hr>181</ns3:hr>
            <ns3:cad>54</ns3:cad>
          </ns3:TrackPointExtension>
        </extensions>
      </trkpt>
      <trkpt lat="43.8410937599837779998779296875" lon="87.50939751975238323211669921875">
        <ele>846</ele>
        <time>2026-07-24T14:28:23.000Z</time>
        <extensions>
          <ns3:TrackPointExtension>
            <ns3:hr>180</ns3:hr>
            <ns3:cad>0</ns3:cad>
          </ns3:TrackPointExtension>
        </extensions>
      </trkpt>
      <trkpt lat="43.8410644233226776123046875" lon="87.5093924067914485931396484375">
        <ele>846.20001220703125</ele>
        <time>2026-07-24T14:28:25.000Z</time>
        <extensions>
          <ns3:TrackPointExtension>
            <ns3:hr>179</ns3:hr>
            <ns3:cad>0</ns3:cad>
          </ns3:TrackPointExtension>
        </extensions>
      </trkpt>
      <trkpt lat="43.84098404087126255035400390625" lon="87.50939081422984600067138671875">
        <ele>846.79998779296875</ele>
        <time>2026-07-24T14:28:29.000Z</time>
        <extensions>
          <ns3:TrackPointExtension>
            <ns3:hr>178</ns3:hr>
            <ns3:cad>81</ns3:cad>
          </ns3:TrackPointExtension>
        </extensions>
      </trkpt>
      <trkpt lat="43.84091028012335300445556640625" lon="87.50935141928493976593017578125">
        <ele>847.20001220703125</ele>
        <time>2026-07-24T14:28:35.000Z</time>
        <extensions>
          <ns3:TrackPointExtension>
            <ns3:hr>177</ns3:hr>
            <ns3:cad>82</ns3:cad>
          </ns3:TrackPointExtension>
        </extensions>
      </trkpt>
      <trkpt lat="43.840862251818180084228515625" lon="87.50933985225856304168701171875">
        <ele>847.4000244140625</ele>
        <time>2026-07-24T14:28:39.000Z</time>
        <extensions>
          <ns3:TrackPointExtension>
            <ns3:hr>174</ns3:hr>
            <ns3:cad>55</ns3:cad>
          </ns3:TrackPointExtension>
        </extensions>
      </trkpt>
      <trkpt lat="43.84083853103220462799072265625" lon="87.50934035517275333404541015625">
        <ele>847.5999755859375</ele>
        <time>2026-07-24T14:28:41.000Z</time>
        <extensions>
          <ns3:TrackPointExtension>
            <ns3:hr>173</ns3:hr>
            <ns3:cad>55</ns3:cad>
          </ns3:TrackPointExtension>
        </extensions>
      </trkpt>
      <trkpt lat="43.8407484255731105804443359375" lon="87.50931554473936557769775390625">
        <ele>847.5999755859375</ele>
        <time>2026-07-24T14:28:49.000Z</time>
        <extensions>
          <ns3:TrackPointExtension>
            <ns3:hr>174</ns3:hr>
            <ns3:cad>56</ns3:cad>
          </ns3:TrackPointExtension>
        </extensions>
      </trkpt>
      <trkpt lat="43.8406186737120151519775390625" lon="87.50927455723285675048828125">
        <ele>847.79998779296875</ele>
        <time>2026-07-24T14:28:57.000Z</time>
        <extensions>
          <ns3:TrackPointExtension>
            <ns3:hr>172</ns3:hr>
            <ns3:cad>56</ns3:cad>
          </ns3:TrackPointExtension>
        </extensions>
      </trkpt>
      <trkpt lat="43.84043754078447818756103515625" lon="87.50925033353269100189208984375">
        <ele>848.4000244140625</ele>
        <time>2026-07-24T14:29:05.000Z</time>
        <extensions>
          <ns3:TrackPointExtension>
            <ns3:hr>173</ns3:hr>
            <ns3:cad>82</ns3:cad>
          </ns3:TrackPointExtension>
        </extensions>
      </trkpt>
      <trkpt lat="43.84038674645125865936279296875" lon="87.50924781896173954010009765625">
        <ele>848.5999755859375</ele>
        <time>2026-07-24T14:29:07.000Z</time>
        <extensions>
          <ns3:TrackPointExtension>
            <ns3:hr>176</ns3:hr>
            <ns3:cad>82</ns3:cad>
          </ns3:TrackPointExtension>
        </extensions>
      </trkpt>
      <trkpt lat="43.840205110609531402587890625" lon="87.50923926942050457000732421875">
        <ele>850.20001220703125</ele>
        <time>2026-07-24T14:29:14.000Z</time>
        <extensions>
          <ns3:TrackPointExtension>
            <ns3:hr>177</ns3:hr>
            <ns3:cad>82</ns3:cad>
          </ns3:TrackPointExtension>
        </extensions>
      </trkpt>
      <trkpt lat="43.84012841619551181793212890625" lon="87.5092173926532268524169921875">
        <ele>850.79998779296875</ele>
        <time>2026-07-24T14:29:19.000Z</time>
        <extensions>
          <ns3:TrackPointExtension>
            <ns3:hr>177</ns3:hr>
            <ns3:cad>0</ns3:cad>
          </ns3:TrackPointExtension>
        </extensions>
      </trkpt>
      <trkpt lat="43.8400768674910068511962890625" lon="87.5092054903507232666015625">
        <ele>851.20001220703125</ele>
        <time>2026-07-24T14:29:23.000Z</time>
        <extensions>
          <ns3:TrackPointExtension>
            <ns3:hr>172</ns3:hr>
            <ns3:cad>0</ns3:cad>
          </ns3:TrackPointExtension>
        </extensions>
      </trkpt>
      <trkpt lat="43.84005297906696796417236328125" lon="87.50920825637876987457275390625">
        <ele>851.4000244140625</ele>
        <time>2026-07-24T14:29:26.000Z</time>
        <extensions>
          <ns3:TrackPointExtension>
            <ns3:hr>170</ns3:hr>
            <ns3:cad>0</ns3:cad>
          </ns3:TrackPointExtension>
        </extensions>
      </trkpt>
      <trkpt lat="43.83994451723992824554443359375" lon="87.50919953919947147369384765625">
        <ele>852.4000244140625</ele>
        <time>2026-07-24T14:29:35.000Z</time>
        <extensions>
          <ns3:TrackPointExtension>
            <ns3:hr>171</ns3:hr>
            <ns3:cad>58</ns3:cad>
          </ns3:TrackPointExtension>
        </extensions>
      </trkpt>
      <trkpt lat="43.83981510065495967864990234375" lon="87.509173639118671417236328125">
        <ele>853.20001220703125</ele>
        <time>2026-07-24T14:29:45.000Z</time>
        <extensions>
          <ns3:TrackPointExtension>
            <ns3:hr>168</ns3:hr>
            <ns3:cad>55</ns3:cad>
          </ns3:TrackPointExtension>
        </extensions>
      </trkpt>
      <trkpt lat="43.83970596827566623687744140625" lon="87.50916148535907268524169921875">
        <ele>853.79998779296875</ele>
        <time>2026-07-24T14:29:54.000Z</time>
        <extensions>
          <ns3:TrackPointExtension>
            <ns3:hr>165</ns3:hr>
            <ns3:cad>56</ns3:cad>
          </ns3:TrackPointExtension>
        </extensions>
      </trkpt>
      <trkpt lat="43.83962768130004405975341796875" lon="87.50912711955606937408447265625">
        <ele>853.5999755859375</ele>
        <time>2026-07-24T14:30:00.000Z</time>
        <extensions>
          <ns3:TrackPointExtension>
            <ns3:hr>162</ns3:hr>
            <ns3:cad>0</ns3:cad>
          </ns3:TrackPointExtension>
        </extensions>
      </trkpt>
      <trkpt lat="43.8395890407264232635498046875" lon="87.5091318972408771514892578125">
        <ele>853.5999755859375</ele>
        <time>2026-07-24T14:30:03.000Z</time>
        <extensions>
          <ns3:TrackPointExtension>
            <ns3:hr>160</ns3:hr>
            <ns3:cad>0</ns3:cad>
          </ns3:TrackPointExtension>
        </extensions>
      </trkpt>
      <trkpt lat="43.8394787348806858062744140625" lon="87.5091023929417133331298828125">
        <ele>853.5999755859375</ele>
        <time>2026-07-24T14:30:10.000Z</time>
        <extensions>
          <ns3:TrackPointExtension>
            <ns3:hr>158</ns3:hr>
            <ns3:cad>54</ns3:cad>
          </ns3:TrackPointExtension>
        </extensions>
      </trkpt>
      <trkpt lat="43.83935040794312953948974609375" lon="87.50910314731299877166748046875">
        <ele>854.4000244140625</ele>
        <time>2026-07-24T14:30:19.000Z</time>
        <extensions>
          <ns3:TrackPointExtension>
            <ns3:hr>156</ns3:hr>
            <ns3:cad>56</ns3:cad>
          </ns3:TrackPointExtension>
        </extensions>
      </trkpt>
      <trkpt lat="43.83928284980356693267822265625" lon="87.50908546149730682373046875">
        <ele>854.79998779296875</ele>
        <time>2026-07-24T14:30:24.000Z</time>
        <extensions>
          <ns3:TrackPointExtension>
            <ns3:hr>153</ns3:hr>
            <ns3:cad>56</ns3:cad>
          </ns3:TrackPointExtension>
        </extensions>
      </trkpt>
      <trkpt lat="43.839272372424602508544921875" lon="87.50907833687961101531982421875">
        <ele>854.79998779296875</ele>
        <time>2026-07-24T14:30:25.000Z</time>
        <extensions>
          <ns3:TrackPointExtension>
            <ns3:hr>153</ns3:hr>
            <ns3:cad>56</ns3:cad>
          </ns3:TrackPointExtension>
        </extensions>
      </trkpt>
      <trkpt lat="43.8391880504786968231201171875" lon="87.5090767443180084228515625">
        <ele>855.4000244140625</ele>
        <time>2026-07-24T14:30:28.000Z</time>
        <extensions>
          <ns3:TrackPointExtension>
            <ns3:hr>150</ns3:hr>
            <ns3:cad>82</ns3:cad>
          </ns3:TrackPointExtension>
        </extensions>
      </trkpt>
      <trkpt lat="43.8391642458736896514892578125" lon="87.50907766632735729217529296875">
        <ele>855.5999755859375</ele>
        <time>2026-07-24T14:30:29.000Z</time>
        <extensions>
          <ns3:TrackPointExtension>
            <ns3:hr>150</ns3:hr>
            <ns3:cad>82</ns3:cad>
          </ns3:TrackPointExtension>
        </extensions>
      </trkpt>
      <trkpt lat="43.83908822201192378997802734375" lon="87.5090916641056537628173828125">
        <ele>855.79998779296875</ele>
        <time>2026-07-24T14:30:35.000Z</time>
        <extensions>
          <ns3:TrackPointExtension>
            <ns3:hr>152</ns3:hr>
            <ns3:cad>82</ns3:cad>
          </ns3:TrackPointExtension>
        </extensions>
      </trkpt>
      <trkpt lat="43.839024938642978668212890625" lon="87.50907850451767444610595703125">
        <ele>856</ele>
        <time>2026-07-24T14:30:41.000Z</time>
        <extensions>
          <ns3:TrackPointExtension>
            <ns3:hr>154</ns3:hr>
            <ns3:cad>53</ns3:cad>
          </ns3:TrackPointExtension>
        </extensions>
      </trkpt>
      <trkpt lat="43.83886124007403850555419921875" lon="87.50912368297576904296875">
        <ele>856.20001220703125</ele>
        <time>2026-07-24T14:31:37.000Z</time>
        <extensions>
          <ns3:TrackPointExtension>
            <ns3:hr>138</ns3:hr>
            <ns3:cad>0</ns3:cad>
          </ns3:TrackPointExtension>
        </extensions>
      </trkpt>
      <trkpt lat="43.8388624973595142364501953125" lon="87.509130053222179412841796875">
        <ele>856.20001220703125</ele>
        <time>2026-07-24T14:31:38.000Z</time>
        <extensions>
          <ns3:TrackPointExtension>
            <ns3:hr>137</ns3:hr>
            <ns3:cad>0</ns3:cad>
          </ns3:TrackPointExtension>
        </extensions>
      </trkpt>
      <trkpt lat="43.83889225311577320098876953125" lon="87.50936265103518962860107421875">
        <ele>857.5999755859375</ele>
        <time>2026-07-24T14:31:44.000Z</time>
        <extensions>
          <ns3:TrackPointExtension>
            <ns3:hr>138</ns3:hr>
            <ns3:cad>81</ns3:cad>
          </ns3:TrackPointExtension>
        </extensions>
      </trkpt>
      <trkpt lat="43.83892075158655643463134765625" lon="87.50955350697040557861328125">
        <ele>859.5999755859375</ele>
        <time>2026-07-24T14:31:49.000Z</time>
        <extensions>
          <ns3:TrackPointExtension>
            <ns3:hr>141</ns3:hr>
            <ns3:cad>83</ns3:cad>
          </ns3:TrackPointExtension>
        </extensions>
      </trkpt>
      <trkpt lat="43.83893902413547039031982421875" lon="87.50957990996539592742919921875">
        <ele>859.79998779296875</ele>
        <time>2026-07-24T14:31:50.000Z</time>
        <extensions>
          <ns3:TrackPointExtension>
            <ns3:hr>143</ns3:hr>
            <ns3:cad>83</ns3:cad>
          </ns3:TrackPointExtension>
        </extensions>
      </trkpt>
      <trkpt lat="43.8389845378696918487548828125" lon="87.50962098129093647003173828125">
        <ele>859.79998779296875</ele>
        <time>2026-07-24T14:31:52.000Z</time>
        <extensions>
          <ns3:TrackPointExtension>
            <ns3:hr>146</ns3:hr>
            <ns3:cad>83</ns3:cad>
          </ns3:TrackPointExtension>
        </extensions>
      </trkpt>
      <trkpt lat="43.83903809823095798492431640625" lon="87.509642355144023895263671875">
        <ele>859.5999755859375</ele>
        <time>2026-07-24T14:31:54.000Z</time>
        <extensions>
          <ns3:TrackPointExtension>
            <ns3:hr>150</ns3:hr>
            <ns3:cad>79</ns3:cad>
          </ns3:TrackPointExtension>
        </extensions>
      </trkpt>
      <trkpt lat="43.83906408213078975677490234375" lon="87.5096509046852588653564453125">
        <ele>859.4000244140625</ele>
        <time>2026-07-24T14:31:55.000Z</time>
        <extensions>
          <ns3:TrackPointExtension>
            <ns3:hr>152</ns3:hr>
            <ns3:cad>78</ns3:cad>
          </ns3:TrackPointExtension>
        </extensions>
      </trkpt>
      <trkpt lat="43.839132227003574371337890625" lon="87.50966791994869709014892578125">
        <ele>859.20001220703125</ele>
        <time>2026-07-24T14:31:57.000Z</time>
        <extensions>
          <ns3:TrackPointExtension>
            <ns3:hr>155</ns3:hr>
            <ns3:cad>79</ns3:cad>
          </ns3:TrackPointExtension>
        </extensions>
      </trkpt>
      <trkpt lat="43.83921705186367034912109375" lon="87.50968719832599163055419921875">
        <ele>858.5999755859375</ele>
        <time>2026-07-24T14:32:00.000Z</time>
        <extensions>
          <ns3:TrackPointExtension>
            <ns3:hr>159</ns3:hr>
            <ns3:cad>82</ns3:cad>
          </ns3:TrackPointExtension>
        </extensions>
      </trkpt>
      <trkpt lat="43.8393295370042324066162109375" lon="87.50969960354268550872802734375">
        <ele>857.5999755859375</ele>
        <time>2026-07-24T14:32:04.000Z</time>
        <extensions>
          <ns3:TrackPointExtension>
            <ns3:hr>158</ns3:hr>
            <ns3:cad>82</ns3:cad>
          </ns3:TrackPointExtension>
        </extensions>
      </trkpt>
      <trkpt lat="43.8394690118730068206787109375" lon="87.5097526609897613525390625">
        <ele>856.79998779296875</ele>
        <time>2026-07-24T14:32:11.000Z</time>
        <extensions>
          <ns3:TrackPointExtension>
            <ns3:hr>161</ns3:hr>
            <ns3:cad>83</ns3:cad>
          </ns3:TrackPointExtension>
        </extensions>
      </trkpt>
      <trkpt lat="43.83956397883594036102294921875" lon="87.50976112671196460723876953125">
        <ele>856.5999755859375</ele>
        <time>2026-07-24T14:32:18.000Z</time>
        <extensions>
          <ns3:TrackPointExtension>
            <ns3:hr>161</ns3:hr>
            <ns3:cad>54</ns3:cad>
          </ns3:TrackPointExtension>
        </extensions>
      </trkpt>
      <trkpt lat="43.8396131806075572967529296875" lon="87.5097595341503620147705078125">
        <ele>856.4000244140625</ele>
        <time>2026-07-24T14:32:22.000Z</time>
        <extensions>
          <ns3:TrackPointExtension>
            <ns3:hr>160</ns3:hr>
            <ns3:cad>111</ns3:cad>
          </ns3:TrackPointExtension>
        </extensions>
      </trkpt>
      <trkpt lat="43.83967864327132701873779296875" lon="87.509777136147022247314453125">
        <ele>856.20001220703125</ele>
        <time>2026-07-24T14:32:26.000Z</time>
        <extensions>
          <ns3:TrackPointExtension>
            <ns3:hr>158</ns3:hr>
            <ns3:cad>0</ns3:cad>
          </ns3:TrackPointExtension>
        </extensions>
      </trkpt>
      <trkpt lat="43.83977897465229034423828125" lon="87.50977923162281513214111328125">
        <ele>856</ele>
        <time>2026-07-24T14:32:35.000Z</time>
        <extensions>
          <ns3:TrackPointExtension>
            <ns3:hr>156</ns3:hr>
            <ns3:cad>55</ns3:cad>
          </ns3:TrackPointExtension>
        </extensions>
      </trkpt>
      <trkpt lat="43.83991467766463756561279296875" lon="87.50977906398475170135498046875">
        <ele>856</ele>
        <time>2026-07-24T14:32:45.000Z</time>
        <extensions>
          <ns3:TrackPointExtension>
            <ns3:hr>153</ns3:hr>
            <ns3:cad>56</ns3:cad>
          </ns3:TrackPointExtension>
        </extensions>
      </trkpt>
      <trkpt lat="43.8399660587310791015625" lon="87.50978861935436725616455078125">
        <ele>856</ele>
        <time>2026-07-24T14:32:48.000Z</time>
        <extensions>
          <ns3:TrackPointExtension>
            <ns3:hr>150</ns3:hr>
            <ns3:cad>55</ns3:cad>
          </ns3:TrackPointExtension>
        </extensions>
      </trkpt>
      <trkpt lat="43.83999765850603580474853515625" lon="87.50978744588792324066162109375">
        <ele>856</ele>
        <time>2026-07-24T14:32:50.000Z</time>
        <extensions>
          <ns3:TrackPointExtension>
            <ns3:hr>147</ns3:hr>
            <ns3:cad>55</ns3:cad>
          </ns3:TrackPointExtension>
        </extensions>
      </trkpt>
      <trkpt lat="43.84003504179418087005615234375" lon="87.509791888296604156494140625">
        <ele>856</ele>
        <time>2026-07-24T14:32:52.000Z</time>
        <extensions>
          <ns3:TrackPointExtension>
            <ns3:hr>144</ns3:hr>
            <ns3:cad>55</ns3:cad>
          </ns3:TrackPointExtension>
        </extensions>
      </trkpt>
      <trkpt lat="43.84007074870169162750244140625" lon="87.50980085693299770355224609375">
        <ele>855.79998779296875</ele>
        <time>2026-07-24T14:32:54.000Z</time>
        <extensions>
          <ns3:TrackPointExtension>
            <ns3:hr>140</ns3:hr>
            <ns3:cad>0</ns3:cad>
          </ns3:TrackPointExtension>
        </extensions>
      </trkpt>
      <trkpt lat="43.840219862759113311767578125" lon="87.50983505509793758392333984375">
        <ele>855</ele>
        <time>2026-07-24T14:33:00.000Z</time>
        <extensions>
          <ns3:TrackPointExtension>
            <ns3:hr>139</ns3:hr>
            <ns3:cad>82</ns3:cad>
          </ns3:TrackPointExtension>
        </extensions>
      </trkpt>
      <trkpt lat="43.84039965458214282989501953125" lon="87.509874366223812103271484375">
        <ele>852.79998779296875</ele>
        <time>2026-07-24T14:33:06.000Z</time>
        <extensions>
          <ns3:TrackPointExtension>
            <ns3:hr>141</ns3:hr>
            <ns3:cad>82</ns3:cad>
          </ns3:TrackPointExtension>
        </extensions>
      </trkpt>
      <trkpt lat="43.840457238256931304931640625" lon="87.50988006591796875">
        <ele>852</ele>
        <time>2026-07-24T14:33:08.000Z</time>
        <extensions>
          <ns3:TrackPointExtension>
            <ns3:hr>142</ns3:hr>
            <ns3:cad>82</ns3:cad>
          </ns3:TrackPointExtension>
        </extensions>
      </trkpt>
      <trkpt lat="43.8405603356659412384033203125" lon="87.50989817082881927490234375">
        <ele>850.5999755859375</ele>
        <time>2026-07-24T14:33:12.000Z</time>
        <extensions>
          <ns3:TrackPointExtension>
            <ns3:hr>145</ns3:hr>
            <ns3:cad>83</ns3:cad>
          </ns3:TrackPointExtension>
        </extensions>
      </trkpt>
      <trkpt lat="43.840653710067272186279296875" lon="87.50990261323750019073486328125">
        <ele>849.79998779296875</ele>
        <time>2026-07-24T14:33:15.000Z</time>
        <extensions>
          <ns3:TrackPointExtension>
            <ns3:hr>149</ns3:hr>
            <ns3:cad>83</ns3:cad>
          </ns3:TrackPointExtension>
        </extensions>
      </trkpt>
      <trkpt lat="43.84076057933270931243896484375" lon="87.509914934635162353515625">
        <ele>849.20001220703125</ele>
        <time>2026-07-24T14:33:20.000Z</time>
        <extensions>
          <ns3:TrackPointExtension>
            <ns3:hr>152</ns3:hr>
            <ns3:cad>83</ns3:cad>
          </ns3:TrackPointExtension>
        </extensions>
      </trkpt>
      <trkpt lat="43.84076393209397792816162109375" lon="87.50992256216704845428466796875">
        <ele>849.20001220703125</ele>
        <time>2026-07-24T14:33:21.000Z</time>
        <extensions>
          <ns3:TrackPointExtension>
            <ns3:hr>153</ns3:hr>
            <ns3:cad>82</ns3:cad>
          </ns3:TrackPointExtension>
        </extensions>
      </trkpt>
      <trkpt lat="43.84079754352569580078125" lon="87.50992842949926853179931640625">
        <ele>848.79998779296875</ele>
        <time>2026-07-24T14:33:24.000Z</time>
        <extensions>
          <ns3:TrackPointExtension>
            <ns3:hr>154</ns3:hr>
            <ns3:cad>59</ns3:cad>
          </ns3:TrackPointExtension>
        </extensions>
      </trkpt>
      <trkpt lat="43.840865604579448699951171875" lon="87.509935386478900909423828125">
        <ele>848.4000244140625</ele>
        <time>2026-07-24T14:33:29.000Z</time>
        <extensions>
          <ns3:TrackPointExtension>
            <ns3:hr>151</ns3:hr>
            <ns3:cad>59</ns3:cad>
          </ns3:TrackPointExtension>
        </extensions>
      </trkpt>
      <trkpt lat="43.840950429439544677734375" lon="87.50995240174233913421630859375">
        <ele>848.20001220703125</ele>
        <time>2026-07-24T14:33:37.000Z</time>
        <extensions>
          <ns3:TrackPointExtension>
            <ns3:hr>152</ns3:hr>
            <ns3:cad>56</ns3:cad>
          </ns3:TrackPointExtension>
        </extensions>
      </trkpt>
      <trkpt lat="43.8410431332886219024658203125" lon="87.5099731050431728363037109375">
        <ele>848</ele>
        <time>2026-07-24T14:33:44.000Z</time>
        <extensions>
          <ns3:TrackPointExtension>
            <ns3:hr>150</ns3:hr>
            <ns3:cad>56</ns3:cad>
          </ns3:TrackPointExtension>
        </extensions>
      </trkpt>
      <trkpt lat="43.84114212356507778167724609375" lon="87.509989030659198760986328125">
        <ele>847.79998779296875</ele>
        <time>2026-07-24T14:33:49.000Z</time>
        <extensions>
          <ns3:TrackPointExtension>
            <ns3:hr>147</ns3:hr>
            <ns3:cad>56</ns3:cad>
          </ns3:TrackPointExtension>
        </extensions>
      </trkpt>
      <trkpt lat="43.8412097655236721038818359375" lon="87.5099726021289825439453125">
        <ele>848</ele>
        <time>2026-07-24T14:33:52.000Z</time>
        <extensions>
          <ns3:TrackPointExtension>
            <ns3:hr>146</ns3:hr>
            <ns3:cad>80</ns3:cad>
          </ns3:TrackPointExtension>
        </extensions>
      </trkpt>
      <trkpt lat="43.841279335319995880126953125" lon="87.50998190604150295257568359375">
        <ele>848.4000244140625</ele>
        <time>2026-07-24T14:33:55.000Z</time>
        <extensions>
          <ns3:TrackPointExtension>
            <ns3:hr>143</ns3:hr>
            <ns3:cad>82</ns3:cad>
          </ns3:TrackPointExtension>
        </extensions>
      </trkpt>
      <trkpt lat="43.84129635058343410491943359375" lon="87.50998475588858127593994140625">
        <ele>848.4000244140625</ele>
        <time>2026-07-24T14:33:56.000Z</time>
        <extensions>
          <ns3:TrackPointExtension>
            <ns3:hr>142</ns3:hr>
            <ns3:cad>82</ns3:cad>
          </ns3:TrackPointExtension>
        </extensions>
      </trkpt>
      <trkpt lat="43.84130925871431827545166015625" lon="87.5099860131740570068359375">
        <ele>848.4000244140625</ele>
        <time>2026-07-24T14:33:57.000Z</time>
        <extensions>
          <ns3:TrackPointExtension>
            <ns3:hr>142</ns3:hr>
            <ns3:cad>82</ns3:cad>
          </ns3:TrackPointExtension>
        </extensions>
      </trkpt>
      <trkpt lat="43.84139777161180973052978515625" lon="87.5099959038197994232177734375">
        <ele>848.5999755859375</ele>
        <time>2026-07-24T14:34:05.000Z</time>
        <extensions>
          <ns3:TrackPointExtension>
            <ns3:hr>143</ns3:hr>
            <ns3:cad>0</ns3:cad>
          </ns3:TrackPointExtension>
        </extensions>
      </trkpt>
      <trkpt lat="43.8414970971643924713134765625" lon="87.50998760573565959930419921875">
        <ele>848.20001220703125</ele>
        <time>2026-07-24T14:34:12.000Z</time>
        <extensions>
          <ns3:TrackPointExtension>
            <ns3:hr>142</ns3:hr>
            <ns3:cad>55</ns3:cad>
          </ns3:TrackPointExtension>
        </extensions>
      </trkpt>
      <trkpt lat="43.84151997976005077362060546875" lon="87.50999012030661106109619140625">
        <ele>848.20001220703125</ele>
        <time>2026-07-24T14:34:14.000Z</time>
        <extensions>
          <ns3:TrackPointExtension>
            <ns3:hr>143</ns3:hr>
            <ns3:cad>54</ns3:cad>
          </ns3:TrackPointExtension>
        </extensions>
      </trkpt>
      <trkpt lat="43.84159214794635772705078125" lon="87.5100066326558589935302734375">
        <ele>848</ele>
        <time>2026-07-24T14:34:19.000Z</time>
        <extensions>
          <ns3:TrackPointExtension>
            <ns3:hr>141</ns3:hr>
            <ns3:cad>54</ns3:cad>
          </ns3:TrackPointExtension>
        </extensions>
      </trkpt>
      <trkpt lat="43.8416576944291591644287109375" lon="87.5099972449243068695068359375">
        <ele>847.4000244140625</ele>
        <time>2026-07-24T14:34:24.000Z</time>
        <extensions>
          <ns3:TrackPointExtension>
            <ns3:hr>138</ns3:hr>
            <ns3:cad>54</ns3:cad>
          </ns3:TrackPointExtension>
        </extensions>
      </trkpt>
      <trkpt lat="43.8416985981166362762451171875" lon="87.5099898688495159149169921875">
        <ele>847</ele>
        <time>2026-07-24T14:34:28.000Z</time>
        <extensions>
          <ns3:TrackPointExtension>
            <ns3:hr>136</ns3:hr>
            <ns3:cad>55</ns3:cad>
          </ns3:TrackPointExtension>
        </extensions>
      </trkpt>
      <trkpt lat="43.84172583930194377899169921875" lon="87.5100109912455081939697265625">
        <ele>847.20001220703125</ele>
        <time>2026-07-24T14:34:33.000Z</time>
        <extensions>
          <ns3:TrackPointExtension>
            <ns3:hr>133</ns3:hr>
            <ns3:cad>0</ns3:cad>
          </ns3:TrackPointExtension>
        </extensions>
      </trkpt>
      <trkpt lat="43.84172885678708553314208984375" lon="87.51000755466520786285400390625">
        <ele>847.20001220703125</ele>
        <time>2026-07-24T14:34:35.000Z</time>
        <extensions>
          <ns3:TrackPointExtension>
            <ns3:hr>131</ns3:hr>
            <ns3:cad>0</ns3:cad>
          </ns3:TrackPointExtension>
        </extensions>
      </trkpt>
      <trkpt lat="43.84172935970127582550048828125" lon="87.51000537537038326263427734375">
        <ele>847.20001220703125</ele>
        <time>2026-07-24T14:34:39.000Z</time>
        <extensions>
          <ns3:TrackPointExtension>
            <ns3:hr>127</ns3:hr>
            <ns3:cad>0</ns3:cad>
          </ns3:TrackPointExtension>
        </extensions>
      </trkpt>
      <trkpt lat="43.84174503386020660400390625" lon="87.5100036151707172393798828125">
        <ele>847</ele>
        <time>2026-07-24T14:34:42.000Z</time>
        <extensions>
          <ns3:TrackPointExtension>
            <ns3:hr>126</ns3:hr>
            <ns3:cad>0</ns3:cad>
          </ns3:TrackPointExtension>
        </extensions>
      </trkpt>
      <trkpt lat="43.8418598659336566925048828125" lon="87.51001350581645965576171875">
        <ele>846.79998779296875</ele>
        <time>2026-07-24T14:34:51.000Z</time>
        <extensions>
          <ns3:TrackPointExtension>
            <ns3:hr>127</ns3:hr>
            <ns3:cad>54</ns3:cad>
          </ns3:TrackPointExtension>
        </extensions>
      </trkpt>
      <trkpt lat="43.841947205364704132080078125" lon="87.510091960430145263671875">
        <ele>847.4000244140625</ele>
        <time>2026-07-24T14:35:00.000Z</time>
        <extensions>
          <ns3:TrackPointExtension>
            <ns3:hr>126</ns3:hr>
            <ns3:cad>56</ns3:cad>
          </ns3:TrackPointExtension>
        </extensions>
      </trkpt>
      <trkpt lat="43.84196489118039608001708984375" lon="87.51011718995869159698486328125">
        <ele>847.5999755859375</ele>
        <time>2026-07-24T14:35:03.000Z</time>
        <extensions>
          <ns3:TrackPointExtension>
            <ns3:hr>124</ns3:hr>
            <ns3:cad>58</ns3:cad>
          </ns3:TrackPointExtension>
        </extensions>
      </trkpt>
      <trkpt lat="43.841992802917957305908203125" lon="87.5101286731660366058349609375">
        <ele>847.5999755859375</ele>
        <time>2026-07-24T14:35:06.000Z</time>
        <extensions>
          <ns3:TrackPointExtension>
            <ns3:hr>123</ns3:hr>
            <ns3:cad>58</ns3:cad>
          </ns3:TrackPointExtension>
        </extensions>
      </trkpt>
      <trkpt lat="43.842087686061859130859375" lon="87.5101316906511783599853515625">
        <ele>846.79998779296875</ele>
        <time>2026-07-24T14:35:14.000Z</time>
        <extensions>
          <ns3:TrackPointExtension>
            <ns3:hr>123</ns3:hr>
            <ns3:cad>55</ns3:cad>
          </ns3:TrackPointExtension>
        </extensions>
      </trkpt>
      <trkpt lat="43.84220159612596035003662109375" lon="87.51011702232062816619873046875">
        <ele>846</ele>
        <time>2026-07-24T14:35:24.000Z</time>
        <extensions>
          <ns3:TrackPointExtension>
            <ns3:hr>126</ns3:hr>
            <ns3:cad>54</ns3:cad>
          </ns3:TrackPointExtension>
        </extensions>
      </trkpt>
      <trkpt lat="43.8422725908458232879638671875" lon="87.5100998394191265106201171875">
        <ele>844.79998779296875</ele>
        <time>2026-07-24T14:35:32.000Z</time>
        <extensions>
          <ns3:TrackPointExtension>
            <ns3:hr>127</ns3:hr>
            <ns3:cad>54</ns3:cad>
          </ns3:TrackPointExtension>
        </extensions>
      </trkpt>
      <trkpt lat="43.8423158414661884307861328125" lon="87.5101015157997608184814453125">
        <ele>844.20001220703125</ele>
        <time>2026-07-24T14:35:37.000Z</time>
        <extensions>
          <ns3:TrackPointExtension>
            <ns3:hr>127</ns3:hr>
            <ns3:cad>56</ns3:cad>
          </ns3:TrackPointExtension>
        </extensions>
      </trkpt>
      <trkpt lat="43.84233403019607067108154296875" lon="87.51011182554066181182861328125">
        <ele>844</ele>
        <time>2026-07-24T14:35:39.000Z</time>
        <extensions>
          <ns3:TrackPointExtension>
            <ns3:hr>127</ns3:hr>
            <ns3:cad>56</ns3:cad>
          </ns3:TrackPointExtension>
        </extensions>
      </trkpt>
      <trkpt lat="43.84245707653462886810302734375" lon="87.5101866759359836578369140625">
        <ele>842.79998779296875</ele>
        <time>2026-07-24T14:35:49.000Z</time>
        <extensions>
          <ns3:TrackPointExtension>
            <ns3:hr>126</ns3:hr>
            <ns3:cad>56</ns3:cad>
          </ns3:TrackPointExtension>
        </extensions>
      </trkpt>
      <trkpt lat="43.84251440875232219696044921875" lon="87.51021559350192546844482421875">
        <ele>842.20001220703125</ele>
        <time>2026-07-24T14:35:53.000Z</time>
        <extensions>
          <ns3:TrackPointExtension>
            <ns3:hr>126</ns3:hr>
            <ns3:cad>55</ns3:cad>
          </ns3:TrackPointExtension>
        </extensions>
      </trkpt>
      <trkpt lat="43.84253896772861480712890625" lon="87.51025230623781681060791015625">
        <ele>842.20001220703125</ele>
        <time>2026-07-24T14:35:56.000Z</time>
        <extensions>
          <ns3:TrackPointExtension>
            <ns3:hr>127</ns3:hr>
            <ns3:cad>55</ns3:cad>
          </ns3:TrackPointExtension>
        </extensions>
      </trkpt>
      <trkpt lat="43.842656649649143218994140625" lon="87.51025448553264141082763671875">
        <ele>840.79998779296875</ele>
        <time>2026-07-24T14:36:06.000Z</time>
        <extensions>
          <ns3:TrackPointExtension>
            <ns3:hr>127</ns3:hr>
            <ns3:cad>55</ns3:cad>
          </ns3:TrackPointExtension>
        </extensions>
      </trkpt>
      <trkpt lat="43.842771984636783599853515625" lon="87.510297484695911407470703125">
        <ele>840</ele>
        <time>2026-07-24T14:36:14.000Z</time>
        <extensions>
          <ns3:TrackPointExtension>
            <ns3:hr>125</ns3:hr>
            <ns3:cad>56</ns3:cad>
          </ns3:TrackPointExtension>
        </extensions>
      </trkpt>
      <trkpt lat="43.84286410175263881683349609375" lon="87.510307542979717254638671875">
        <ele>839.5999755859375</ele>
        <time>2026-07-24T14:36:22.000Z</time>
        <extensions>
          <ns3:TrackPointExtension>
            <ns3:hr>124</ns3:hr>
            <ns3:cad>55</ns3:cad>
          </ns3:TrackPointExtension>
        </extensions>
      </trkpt>
      <trkpt lat="43.84298731572926044464111328125" lon="87.51029790379106998443603515625">
        <ele>839.20001220703125</ele>
        <time>2026-07-24T14:36:32.000Z</time>
        <extensions>
          <ns3:TrackPointExtension>
            <ns3:hr>125</ns3:hr>
            <ns3:cad>55</ns3:cad>
          </ns3:TrackPointExtension>
        </extensions>
      </trkpt>
      <trkpt lat="43.84306677617132663726806640625" lon="87.51028751023113727569580078125">
        <ele>838.5999755859375</ele>
        <time>2026-07-24T14:36:39.000Z</time>
        <extensions>
          <ns3:TrackPointExtension>
            <ns3:hr>125</ns3:hr>
            <ns3:cad>56</ns3:cad>
          </ns3:TrackPointExtension>
        </extensions>
      </trkpt>
      <trkpt lat="43.8431600667536258697509765625" lon="87.5102798826992511749267578125">
        <ele>838</ele>
        <time>2026-07-24T14:36:47.000Z</time>
        <extensions>
          <ns3:TrackPointExtension>
            <ns3:hr>125</ns3:hr>
            <ns3:cad>56</ns3:cad>
          </ns3:TrackPointExtension>
        </extensions>
      </trkpt>
      <trkpt lat="43.84327347390353679656982421875" lon="87.51027242280542850494384765625">
        <ele>837.20001220703125</ele>
        <time>2026-07-24T14:36:56.000Z</time>
        <extensions>
          <ns3:TrackPointExtension>
            <ns3:hr>126</ns3:hr>
            <ns3:cad>56</ns3:cad>
          </ns3:TrackPointExtension>
        </extensions>
      </trkpt>
      <trkpt lat="43.84337288327515125274658203125" lon="87.51027368009090423583984375">
        <ele>836.5999755859375</ele>
        <time>2026-07-24T14:37:02.000Z</time>
        <extensions>
          <ns3:TrackPointExtension>
            <ns3:hr>123</ns3:hr>
            <ns3:cad>56</ns3:cad>
          </ns3:TrackPointExtension>
        </extensions>
      </trkpt>
      <trkpt lat="43.84342736564576625823974609375" lon="87.51025624573230743408203125">
        <ele>836.79998779296875</ele>
        <time>2026-07-24T14:37:06.000Z</time>
        <extensions>
          <ns3:TrackPointExtension>
            <ns3:hr>123</ns3:hr>
            <ns3:cad>55</ns3:cad>
          </ns3:TrackPointExtension>
        </extensions>
      </trkpt>
      <trkpt lat="43.8434430398046970367431640625" lon="87.51026806421577930450439453125">
        <ele>836.79998779296875</ele>
        <time>2026-07-24T14:37:07.000Z</time>
        <extensions>
          <ns3:TrackPointExtension>
            <ns3:hr>123</ns3:hr>
            <ns3:cad>56</ns3:cad>
          </ns3:TrackPointExtension>
        </extensions>
      </trkpt>
      <trkpt lat="43.84354873560369014739990234375" lon="87.51026353798806667327880859375">
        <ele>837.20001220703125</ele>
        <time>2026-07-24T14:37:15.000Z</time>
        <extensions>
          <ns3:TrackPointExtension>
            <ns3:hr>121</ns3:hr>
            <ns3:cad>56</ns3:cad>
          </ns3:TrackPointExtension>
        </extensions>
      </trkpt>
      <trkpt lat="43.8436663337051868438720703125" lon="87.5103395618498325347900390625">
        <ele>838</ele>
        <time>2026-07-24T14:37:22.000Z</time>
        <extensions>
          <ns3:TrackPointExtension>
            <ns3:hr>122</ns3:hr>
            <ns3:cad>56</ns3:cad>
          </ns3:TrackPointExtension>
        </extensions>
      </trkpt>
      <trkpt lat="43.8437196426093578338623046875" lon="87.51033537089824676513671875">
        <ele>838</ele>
        <time>2026-07-24T14:37:26.000Z</time>
        <extensions>
          <ns3:TrackPointExtension>
            <ns3:hr>125</ns3:hr>
            <ns3:cad>56</ns3:cad>
          </ns3:TrackPointExtension>
        </extensions>
      </trkpt>
      <trkpt lat="43.84376884438097476959228515625" lon="87.51033226959407329559326171875">
        <ele>838</ele>
        <time>2026-07-24T14:37:31.000Z</time>
        <extensions>
          <ns3:TrackPointExtension>
            <ns3:hr>126</ns3:hr>
            <ns3:cad>56</ns3:cad>
          </ns3:TrackPointExtension>
        </extensions>
      </trkpt>
      <trkpt lat="43.8438463769853115081787109375" lon="87.51033729873597621917724609375">
        <ele>838</ele>
        <time>2026-07-24T14:37:37.000Z</time>
        <extensions>
          <ns3:TrackPointExtension>
            <ns3:hr>126</ns3:hr>
            <ns3:cad>56</ns3:cad>
          </ns3:TrackPointExtension>
        </extensions>
      </trkpt>
      <trkpt lat="43.84392860345542430877685546875" lon="87.51032355241477489471435546875">
        <ele>837.4000244140625</ele>
        <time>2026-07-24T14:37:43.000Z</time>
        <extensions>
          <ns3:TrackPointExtension>
            <ns3:hr>125</ns3:hr>
            <ns3:cad>55</ns3:cad>
          </ns3:TrackPointExtension>
        </extensions>
      </trkpt>
      <trkpt lat="43.84400974027812480926513671875" lon="87.51029572449624538421630859375">
        <ele>835</ele>
        <time>2026-07-24T14:37:49.000Z</time>
        <extensions>
          <ns3:TrackPointExtension>
            <ns3:hr>125</ns3:hr>
            <ns3:cad>55</ns3:cad>
          </ns3:TrackPointExtension>
        </extensions>
      </trkpt>
      <trkpt lat="43.8440430164337158203125" lon="87.5102676451206207275390625">
        <ele>833.79998779296875</ele>
        <time>2026-07-24T14:37:55.000Z</time>
        <extensions>
          <ns3:TrackPointExtension>
            <ns3:hr>125</ns3:hr>
            <ns3:cad>0</ns3:cad>
          </ns3:TrackPointExtension>
        </extensions>
      </trkpt>
      <trkpt lat="43.8440441899001598358154296875" lon="87.51026622019708156585693359375">
        <ele>833.79998779296875</ele>
        <time>2026-07-24T14:38:02.000Z</time>
        <extensions>
          <ns3:TrackPointExtension>
            <ns3:hr>125</ns3:hr>
            <ns3:cad>0</ns3:cad>
          </ns3:TrackPointExtension>
        </extensions>
      </trkpt>
      <trkpt lat="43.84403890930116176605224609375" lon="87.51026588492095470428466796875">
        <ele>833.79998779296875</ele>
        <time>2026-07-24T14:38:11.000Z</time>
        <extensions>
          <ns3:TrackPointExtension>
            <ns3:hr>128</ns3:hr>
            <ns3:cad>0</ns3:cad>
          </ns3:TrackPointExtension>
        </extensions>
      </trkpt>
      <trkpt lat="43.84403890930116176605224609375" lon="87.51026588492095470428466796875">
        <ele>833.79998779296875</ele>
        <time>2026-07-24T14:38:13.000Z</time>
        <extensions>
          <ns3:TrackPointExtension>
            <ns3:hr>128</ns3:hr>
            <ns3:cad>0</ns3:cad>
          </ns3:TrackPointExtension>
        </extensions>
      </trkpt>
      <trkpt lat="43.84403890930116176605224609375" lon="87.51026588492095470428466796875">
        <ele>833.79998779296875</ele>
        <time>2026-07-24T14:38:17.000Z</time>
        <extensions>
          <ns3:TrackPointExtension>
            <ns3:hr>131</ns3:hr>
            <ns3:cad>0</ns3:cad>
          </ns3:TrackPointExtension>
        </extensions>
      </trkpt>
      <trkpt lat="43.84405978024005889892578125" lon="87.510298825800418853759765625">
        <ele>834</ele>
        <time>2026-07-24T14:38:42.000Z</time>
        <extensions>
          <ns3:TrackPointExtension>
            <ns3:hr>128</ns3:hr>
            <ns3:cad>0</ns3:cad>
          </ns3:TrackPointExtension>
        </extensions>
      </trkpt>
      <trkpt lat="43.84405978024005889892578125" lon="87.51029924489557743072509765625">
        <ele>834</ele>
        <time>2026-07-24T14:38:46.000Z</time>
        <extensions>
          <ns3:TrackPointExtension>
            <ns3:hr>125</ns3:hr>
            <ns3:cad>0</ns3:cad>
          </ns3:TrackPointExtension>
        </extensions>
      </trkpt>
      <trkpt lat="43.84412457235157489776611328125" lon="87.51030494458973407745361328125">
        <ele>832.79998779296875</ele>
        <time>2026-07-24T14:38:52.000Z</time>
        <extensions>
          <ns3:TrackPointExtension>
            <ns3:hr>123</ns3:hr>
            <ns3:cad>77</ns3:cad>
          </ns3:TrackPointExtension>
        </extensions>
      </trkpt>
      <trkpt lat="43.84416279383003711700439453125" lon="87.5103174336254596710205078125">
        <ele>832.20001220703125</ele>
        <time>2026-07-24T14:38:54.000Z</time>
        <extensions>
          <ns3:TrackPointExtension>
            <ns3:hr>126</ns3:hr>
            <ns3:cad>77</ns3:cad>
          </ns3:TrackPointExtension>
        </extensions>
      </trkpt>
      <trkpt lat="43.84418140165507793426513671875" lon="87.51033310778439044952392578125">
        <ele>832</ele>
        <time>2026-07-24T14:38:56.000Z</time>
        <extensions>
          <ns3:TrackPointExtension>
            <ns3:hr>127</ns3:hr>
            <ns3:cad>77</ns3:cad>
          </ns3:TrackPointExtension>
        </extensions>
      </trkpt>
      <trkpt lat="43.84419548325240612030029296875" lon="87.51034366898238658905029296875">
        <ele>832</ele>
        <time>2026-07-24T14:38:58.000Z</time>
        <extensions>
          <ns3:TrackPointExtension>
            <ns3:hr>128</ns3:hr>
            <ns3:cad>63</ns3:cad>
          </ns3:TrackPointExtension>
        </extensions>
      </trkpt>
      <trkpt lat="43.8442493788897991180419921875" lon="87.51038943417370319366455078125">
        <ele>832</ele>
        <time>2026-07-24T14:39:03.000Z</time>
        <extensions>
          <ns3:TrackPointExtension>
            <ns3:hr>127</ns3:hr>
            <ns3:cad>0</ns3:cad>
          </ns3:TrackPointExtension>
        </extensions>
      </trkpt>
      <trkpt lat="43.84430344216525554656982421875" lon="87.51040183939039707183837890625">
        <ele>831.79998779296875</ele>
        <time>2026-07-24T14:39:05.000Z</time>
        <extensions>
          <ns3:TrackPointExtension>
            <ns3:hr>130</ns3:hr>
            <ns3:cad>81</ns3:cad>
          </ns3:TrackPointExtension>
        </extensions>
      </trkpt>
      <trkpt lat="43.84437602944672107696533203125" lon="87.5104178488254547119140625">
        <ele>831.5999755859375</ele>
        <time>2026-07-24T14:39:08.000Z</time>
        <extensions>
          <ns3:TrackPointExtension>
            <ns3:hr>135</ns3:hr>
            <ns3:cad>82</ns3:cad>
          </ns3:TrackPointExtension>
        </extensions>
      </trkpt>
      <trkpt lat="43.84440419264137744903564453125" lon="87.5104233808815479278564453125">
        <ele>831.5999755859375</ele>
        <time>2026-07-24T14:39:09.000Z</time>
        <extensions>
          <ns3:TrackPointExtension>
            <ns3:hr>137</ns3:hr>
            <ns3:cad>82</ns3:cad>
          </ns3:TrackPointExtension>
        </extensions>
      </trkpt>
      <trkpt lat="43.8444471918046474456787109375" lon="87.51043519936501979827880859375">
        <ele>831.4000244140625</ele>
        <time>2026-07-24T14:39:11.000Z</time>
        <extensions>
          <ns3:TrackPointExtension>
            <ns3:hr>141</ns3:hr>
            <ns3:cad>84</ns3:cad>
          </ns3:TrackPointExtension>
        </extensions>
      </trkpt>
      <trkpt lat="43.84448566474020481109619140625" lon="87.51044827513396739959716796875">
        <ele>831.20001220703125</ele>
        <time>2026-07-24T14:39:13.000Z</time>
        <extensions>
          <ns3:TrackPointExtension>
            <ns3:hr>138</ns3:hr>
            <ns3:cad>84</ns3:cad>
          </ns3:TrackPointExtension>
        </extensions>
      </trkpt>
      <trkpt lat="43.84452380239963531494140625" lon="87.51046487130224704742431640625">
        <ele>831</ele>
        <time>2026-07-24T14:39:15.000Z</time>
        <extensions>
          <ns3:TrackPointExtension>
            <ns3:hr>141</ns3:hr>
            <ns3:cad>84</ns3:cad>
          </ns3:TrackPointExtension>
        </extensions>
      </trkpt>
      <trkpt lat="43.84453117847442626953125" lon="87.51046671532094478607177734375">
        <ele>831</ele>
        <time>2026-07-24T14:39:16.000Z</time>
        <extensions>
          <ns3:TrackPointExtension>
            <ns3:hr>145</ns3:hr>
            <ns3:cad>84</ns3:cad>
          </ns3:TrackPointExtension>
        </extensions>
      </trkpt>
      <trkpt lat="43.84454048238694667816162109375" lon="87.510469816625118255615234375">
        <ele>831</ele>
        <time>2026-07-24T14:39:17.000Z</time>
        <extensions>
          <ns3:TrackPointExtension>
            <ns3:hr>145</ns3:hr>
            <ns3:cad>84</ns3:cad>
          </ns3:TrackPointExtension>
        </extensions>
      </trkpt>
      <trkpt lat="43.84462933056056499481201171875" lon="87.510497309267520904541015625">
        <ele>830.4000244140625</ele>
        <time>2026-07-24T14:39:23.000Z</time>
        <extensions>
          <ns3:TrackPointExtension>
            <ns3:hr>145</ns3:hr>
            <ns3:cad>84</ns3:cad>
          </ns3:TrackPointExtension>
        </extensions>
      </trkpt>
      <trkpt lat="43.8446560688316822052001953125" lon="87.51050678081810474395751953125">
        <ele>830.20001220703125</ele>
        <time>2026-07-24T14:39:25.000Z</time>
        <extensions>
          <ns3:TrackPointExtension>
            <ns3:hr>143</ns3:hr>
            <ns3:cad>55</ns3:cad>
          </ns3:TrackPointExtension>
        </extensions>
      </trkpt>
      <trkpt lat="43.84479512460529804229736328125" lon="87.51052086241543292999267578125">
        <ele>829.4000244140625</ele>
        <time>2026-07-24T14:39:30.000Z</time>
        <extensions>
          <ns3:TrackPointExtension>
            <ns3:hr>142</ns3:hr>
            <ns3:cad>82</ns3:cad>
          </ns3:TrackPointExtension>
        </extensions>
      </trkpt>
      <trkpt lat="43.8449802808463573455810546875" lon="87.5105246342718601226806640625">
        <ele>828.5999755859375</ele>
        <time>2026-07-24T14:39:37.000Z</time>
        <extensions>
          <ns3:TrackPointExtension>
            <ns3:hr>143</ns3:hr>
            <ns3:cad>83</ns3:cad>
          </ns3:TrackPointExtension>
        </extensions>
      </trkpt>
      <trkpt lat="43.84519175626337528228759765625" lon="87.5105762667953968048095703125">
        <ele>830.5999755859375</ele>
        <time>2026-07-24T14:39:45.000Z</time>
        <extensions>
          <ns3:TrackPointExtension>
            <ns3:hr>146</ns3:hr>
            <ns3:cad>83</ns3:cad>
          </ns3:TrackPointExtension>
        </extensions>
      </trkpt>
      <trkpt lat="43.84534615091979503631591796875" lon="87.5105957128107547760009765625">
        <ele>831.4000244140625</ele>
        <time>2026-07-24T14:39:51.000Z</time>
        <extensions>
          <ns3:TrackPointExtension>
            <ns3:hr>149</ns3:hr>
            <ns3:cad>83</ns3:cad>
          </ns3:TrackPointExtension>
        </extensions>
      </trkpt>
      <trkpt lat="43.84539552032947540283203125" lon="87.51061390154063701629638671875">
        <ele>831.20001220703125</ele>
        <time>2026-07-24T14:39:53.000Z</time>
        <extensions>
          <ns3:TrackPointExtension>
            <ns3:hr>149</ns3:hr>
            <ns3:cad>83</ns3:cad>
          </ns3:TrackPointExtension>
        </extensions>
      </trkpt>
      <trkpt lat="43.84558193385601043701171875" lon="87.510652206838130950927734375">
        <ele>830.4000244140625</ele>
        <time>2026-07-24T14:40:01.000Z</time>
        <extensions>
          <ns3:TrackPointExtension>
            <ns3:hr>151</ns3:hr>
            <ns3:cad>83</ns3:cad>
          </ns3:TrackPointExtension>
        </extensions>
      </trkpt>
      <trkpt lat="43.84563247673213481903076171875" lon="87.5106570683419704437255859375">
        <ele>829.5999755859375</ele>
        <time>2026-07-24T14:40:03.000Z</time>
        <extensions>
          <ns3:TrackPointExtension>
            <ns3:hr>151</ns3:hr>
            <ns3:cad>83</ns3:cad>
          </ns3:TrackPointExtension>
        </extensions>
      </trkpt>
      <trkpt lat="43.8457380048930644989013671875" lon="87.51066436059772968292236328125">
        <ele>828.20001220703125</ele>
        <time>2026-07-24T14:40:11.000Z</time>
        <extensions>
          <ns3:TrackPointExtension>
            <ns3:hr>153</ns3:hr>
            <ns3:cad>57</ns3:cad>
          </ns3:TrackPointExtension>
        </extensions>
      </trkpt>
      <trkpt lat="43.8457507453858852386474609375" lon="87.5106677971780300140380859375">
        <ele>828</ele>
        <time>2026-07-24T14:40:13.000Z</time>
        <extensions>
          <ns3:TrackPointExtension>
            <ns3:hr>151</ns3:hr>
            <ns3:cad>56</ns3:cad>
          </ns3:TrackPointExtension>
        </extensions>
      </trkpt>
      <trkpt lat="43.84580916725099086761474609375" lon="87.510688416659832000732421875">
        <ele>827.4000244140625</ele>
        <time>2026-07-24T14:40:18.000Z</time>
        <extensions>
          <ns3:TrackPointExtension>
            <ns3:hr>150</ns3:hr>
            <ns3:cad>56</ns3:cad>
          </ns3:TrackPointExtension>
        </extensions>
      </trkpt>
      <trkpt lat="43.845868594944477081298828125" lon="87.510683052241802215576171875">
        <ele>826.79998779296875</ele>
        <time>2026-07-24T14:40:21.000Z</time>
        <extensions>
          <ns3:TrackPointExtension>
            <ns3:hr>151</ns3:hr>
            <ns3:cad>57</ns3:cad>
          </ns3:TrackPointExtension>
        </extensions>
      </trkpt>
      <trkpt lat="43.84592031128704547882080078125" lon="87.51068967394530773162841796875">
        <ele>826.79998779296875</ele>
        <time>2026-07-24T14:40:24.000Z</time>
        <extensions>
          <ns3:TrackPointExtension>
            <ns3:hr>151</ns3:hr>
            <ns3:cad>57</ns3:cad>
          </ns3:TrackPointExtension>
        </extensions>
      </trkpt>
      <trkpt lat="43.8460172899067401885986328125" lon="87.51069118268787860870361328125">
        <ele>826.79998779296875</ele>
        <time>2026-07-24T14:40:29.000Z</time>
        <extensions>
          <ns3:TrackPointExtension>
            <ns3:hr>148</ns3:hr>
            <ns3:cad>78</ns3:cad>
          </ns3:TrackPointExtension>
        </extensions>
      </trkpt>
      <trkpt lat="43.84606213308870792388916015625" lon="87.51070107333362102508544921875">
        <ele>827</ele>
        <time>2026-07-24T14:40:31.000Z</time>
        <extensions>
          <ns3:TrackPointExtension>
            <ns3:hr>147</ns3:hr>
            <ns3:cad>79</ns3:cad>
          </ns3:TrackPointExtension>
        </extensions>
      </trkpt>
      <trkpt lat="43.8462087325751781463623046875" lon="87.51074801199138164520263671875">
        <ele>827.79998779296875</ele>
        <time>2026-07-24T14:40:38.000Z</time>
        <extensions>
          <ns3:TrackPointExtension>
            <ns3:hr>146</ns3:hr>
            <ns3:cad>82</ns3:cad>
          </ns3:TrackPointExtension>
        </extensions>
      </trkpt>
      <trkpt lat="43.84636807255446910858154296875" lon="87.5107576511800289154052734375">
        <ele>828.4000244140625</ele>
        <time>2026-07-24T14:40:43.000Z</time>
        <extensions>
          <ns3:TrackPointExtension>
            <ns3:hr>149</ns3:hr>
            <ns3:cad>82</ns3:cad>
          </ns3:TrackPointExtension>
        </extensions>
      </trkpt>
      <trkpt lat="43.846437223255634307861328125" lon="87.51076460815966129302978515625">
        <ele>828.4000244140625</ele>
        <time>2026-07-24T14:40:47.000Z</time>
        <extensions>
          <ns3:TrackPointExtension>
            <ns3:hr>151</ns3:hr>
            <ns3:cad>0</ns3:cad>
          </ns3:TrackPointExtension>
        </extensions>
      </trkpt>
      <trkpt lat="43.84655892848968505859375" lon="87.51080316491425037384033203125">
        <ele>828</ele>
        <time>2026-07-24T14:40:55.000Z</time>
        <extensions>
          <ns3:TrackPointExtension>
            <ns3:hr>149</ns3:hr>
            <ns3:cad>55</ns3:cad>
          </ns3:TrackPointExtension>
        </extensions>
      </trkpt>
      <trkpt lat="43.846564628183841705322265625" lon="87.5108072720468044281005859375">
        <ele>828</ele>
        <time>2026-07-24T14:40:56.000Z</time>
        <extensions>
          <ns3:TrackPointExtension>
            <ns3:hr>150</ns3:hr>
            <ns3:cad>55</ns3:cad>
          </ns3:TrackPointExtension>
        </extensions>
      </trkpt>
      <trkpt lat="43.846585415303707122802734375" lon="87.5108149833977222442626953125">
        <ele>828</ele>
        <time>2026-07-24T14:40:58.000Z</time>
        <extensions>
          <ns3:TrackPointExtension>
            <ns3:hr>150</ns3:hr>
            <ns3:cad>53</ns3:cad>
          </ns3:TrackPointExtension>
        </extensions>
      </trkpt>
      <trkpt lat="43.84663067758083343505859375" lon="87.510823197662830352783203125">
        <ele>827.79998779296875</ele>
        <time>2026-07-24T14:41:03.000Z</time>
        <extensions>
          <ns3:TrackPointExtension>
            <ns3:hr>148</ns3:hr>
            <ns3:cad>56</ns3:cad>
          </ns3:TrackPointExtension>
        </extensions>
      </trkpt>
      <trkpt lat="43.846747018396854400634765625" lon="87.5108545459806919097900390625">
        <ele>827.5999755859375</ele>
        <time>2026-07-24T14:41:12.000Z</time>
        <extensions>
          <ns3:TrackPointExtension>
            <ns3:hr>147</ns3:hr>
            <ns3:cad>56</ns3:cad>
          </ns3:TrackPointExtension>
        </extensions>
      </trkpt>
      <trkpt lat="43.8468125648796558380126953125" lon="87.51087055541574954986572265625">
        <ele>827.4000244140625</ele>
        <time>2026-07-24T14:41:17.000Z</time>
        <extensions>
          <ns3:TrackPointExtension>
            <ns3:hr>144</ns3:hr>
            <ns3:cad>57</ns3:cad>
          </ns3:TrackPointExtension>
        </extensions>
      </trkpt>
      <trkpt lat="43.8468836434185504913330078125" lon="87.51089000143110752105712890625">
        <ele>827.20001220703125</ele>
        <time>2026-07-24T14:41:21.000Z</time>
        <extensions>
          <ns3:TrackPointExtension>
            <ns3:hr>143</ns3:hr>
            <ns3:cad>81</ns3:cad>
          </ns3:TrackPointExtension>
        </extensions>
      </trkpt>
      <trkpt lat="43.846956230700016021728515625" lon="87.51092143356800079345703125">
        <ele>827.20001220703125</ele>
        <time>2026-07-24T14:41:26.000Z</time>
        <extensions>
          <ns3:TrackPointExtension>
            <ns3:hr>142</ns3:hr>
            <ns3:cad>82</ns3:cad>
          </ns3:TrackPointExtension>
        </extensions>
      </trkpt>
      <trkpt lat="43.84697844274342060089111328125" lon="87.510955967009067535400390625">
        <ele>827.20001220703125</ele>
        <time>2026-07-24T14:41:28.000Z</time>
        <extensions>
          <ns3:TrackPointExtension>
            <ns3:hr>141</ns3:hr>
            <ns3:cad>82</ns3:cad>
          </ns3:TrackPointExtension>
        </extensions>
      </trkpt>
      <trkpt lat="43.84708799421787261962890625" lon="87.5109650194644927978515625">
        <ele>826.20001220703125</ele>
        <time>2026-07-24T14:41:33.000Z</time>
        <extensions>
          <ns3:TrackPointExtension>
            <ns3:hr>141</ns3:hr>
            <ns3:cad>83</ns3:cad>
          </ns3:TrackPointExtension>
        </extensions>
      </trkpt>
      <trkpt lat="43.84720601141452789306640625" lon="87.510980777442455291748046875">
        <ele>825</ele>
        <time>2026-07-24T14:41:38.000Z</time>
        <extensions>
          <ns3:TrackPointExtension>
            <ns3:hr>144</ns3:hr>
            <ns3:cad>83</ns3:cad>
          </ns3:TrackPointExtension>
        </extensions>
      </trkpt>
      <trkpt lat="43.8472366891801357269287109375" lon="87.51098119653761386871337890625">
        <ele>824.79998779296875</ele>
        <time>2026-07-24T14:41:39.000Z</time>
        <extensions>
          <ns3:TrackPointExtension>
            <ns3:hr>145</ns3:hr>
            <ns3:cad>83</ns3:cad>
          </ns3:TrackPointExtension>
        </extensions>
      </trkpt>
      <trkpt lat="43.84742368943989276885986328125" lon="87.51098019070923328399658203125">
        <ele>823</ele>
        <time>2026-07-24T14:41:44.000Z</time>
        <extensions>
          <ns3:TrackPointExtension>
            <ns3:hr>147</ns3:hr>
            <ns3:cad>83</ns3:cad>
          </ns3:TrackPointExtension>
        </extensions>
      </trkpt>
      <trkpt lat="43.8474546186625957489013671875" lon="87.51098320819437503814697265625">
        <ele>822.79998779296875</ele>
        <time>2026-07-24T14:41:45.000Z</time>
        <extensions>
          <ns3:TrackPointExtension>
            <ns3:hr>147</ns3:hr>
            <ns3:cad>83</ns3:cad>
          </ns3:TrackPointExtension>
        </extensions>
      </trkpt>
      <trkpt lat="43.8476239331066608428955078125" lon="87.5110007263720035552978515625">
        <ele>822</ele>
        <time>2026-07-24T14:41:50.000Z</time>
        <extensions>
          <ns3:TrackPointExtension>
            <ns3:hr>150</ns3:hr>
            <ns3:cad>83</ns3:cad>
          </ns3:TrackPointExtension>
        </extensions>
      </trkpt>
      <trkpt lat="43.84778193198144435882568359375" lon="87.51102779991924762725830078125">
        <ele>821.20001220703125</ele>
        <time>2026-07-24T14:41:55.000Z</time>
        <extensions>
          <ns3:TrackPointExtension>
            <ns3:hr>152</ns3:hr>
            <ns3:cad>84</ns3:cad>
          </ns3:TrackPointExtension>
        </extensions>
      </trkpt>
      <trkpt lat="43.847865164279937744140625" lon="87.511071972548961639404296875">
        <ele>821.20001220703125</ele>
        <time>2026-07-24T14:42:00.000Z</time>
        <extensions>
          <ns3:TrackPointExtension>
            <ns3:hr>153</ns3:hr>
            <ns3:cad>82</ns3:cad>
          </ns3:TrackPointExtension>
        </extensions>
      </trkpt>
      <trkpt lat="43.8478891365230083465576171875" lon="87.5110942684113979339599609375">
        <ele>821.4000244140625</ele>
        <time>2026-07-24T14:42:02.000Z</time>
        <extensions>
          <ns3:TrackPointExtension>
            <ns3:hr>156</ns3:hr>
            <ns3:cad>56</ns3:cad>
          </ns3:TrackPointExtension>
        </extensions>
      </trkpt>
      <trkpt lat="43.84792023338377475738525390625" lon="87.51111187040805816650390625">
        <ele>821.5999755859375</ele>
        <time>2026-07-24T14:42:06.000Z</time>
        <extensions>
          <ns3:TrackPointExtension>
            <ns3:hr>156</ns3:hr>
            <ns3:cad>56</ns3:cad>
          </ns3:TrackPointExtension>
        </extensions>
      </trkpt>
      <trkpt lat="43.84794487617909908294677734375" lon="87.51111195422708988189697265625">
        <ele>821.5999755859375</ele>
        <time>2026-07-24T14:42:11.000Z</time>
        <extensions>
          <ns3:TrackPointExtension>
            <ns3:hr>155</ns3:hr>
            <ns3:cad>0</ns3:cad>
          </ns3:TrackPointExtension>
        </extensions>
      </trkpt>
      <trkpt lat="43.84804629720747470855712890625" lon="87.51113190315663814544677734375">
        <ele>821.5999755859375</ele>
        <time>2026-07-24T14:42:15.000Z</time>
        <extensions>
          <ns3:TrackPointExtension>
            <ns3:hr>152</ns3:hr>
            <ns3:cad>82</ns3:cad>
          </ns3:TrackPointExtension>
        </extensions>
      </trkpt>
      <trkpt lat="43.84807546623051166534423828125" lon="87.51113860867917537689208984375">
        <ele>821.5999755859375</ele>
        <time>2026-07-24T14:42:16.000Z</time>
        <extensions>
          <ns3:TrackPointExtension>
            <ns3:hr>152</ns3:hr>
            <ns3:cad>82</ns3:cad>
          </ns3:TrackPointExtension>
        </extensions>
      </trkpt>
      <trkpt lat="43.84820773266255855560302734375" lon="87.511154450476169586181640625">
        <ele>821.4000244140625</ele>
        <time>2026-07-24T14:42:20.000Z</time>
        <extensions>
          <ns3:TrackPointExtension>
            <ns3:hr>155</ns3:hr>
            <ns3:cad>84</ns3:cad>
          </ns3:TrackPointExtension>
        </extensions>
      </trkpt>
      <trkpt lat="43.84831108152866363525390625" lon="87.5111688673496246337890625">
        <ele>821.20001220703125</ele>
        <time>2026-07-24T14:42:23.000Z</time>
        <extensions>
          <ns3:TrackPointExtension>
            <ns3:hr>156</ns3:hr>
            <ns3:cad>86</ns3:cad>
          </ns3:TrackPointExtension>
        </extensions>
      </trkpt>
      <trkpt lat="43.84846371598541736602783203125" lon="87.51111497171223163604736328125">
        <ele>821</ele>
        <time>2026-07-24T14:42:28.000Z</time>
        <extensions>
          <ns3:TrackPointExtension>
            <ns3:hr>158</ns3:hr>
            <ns3:cad>84</ns3:cad>
          </ns3:TrackPointExtension>
        </extensions>
      </trkpt>
      <trkpt lat="43.84858734905719757080078125" lon="87.5110141374170780181884765625">
        <ele>820.4000244140625</ele>
        <time>2026-07-24T14:42:34.000Z</time>
        <extensions>
          <ns3:TrackPointExtension>
            <ns3:hr>161</ns3:hr>
            <ns3:cad>82</ns3:cad>
          </ns3:TrackPointExtension>
        </extensions>
      </trkpt>
      <trkpt lat="43.8487860001623630523681640625" lon="87.511026374995708465576171875">
        <ele>820</ele>
        <time>2026-07-24T14:42:41.000Z</time>
        <extensions>
          <ns3:TrackPointExtension>
            <ns3:hr>163</ns3:hr>
            <ns3:cad>82</ns3:cad>
          </ns3:TrackPointExtension>
        </extensions>
      </trkpt>
      <trkpt lat="43.84885079227387905120849609375" lon="87.51103274524211883544921875">
        <ele>819.79998779296875</ele>
        <time>2026-07-24T14:42:43.000Z</time>
        <extensions>
          <ns3:TrackPointExtension>
            <ns3:hr>165</ns3:hr>
            <ns3:cad>83</ns3:cad>
          </ns3:TrackPointExtension>
        </extensions>
      </trkpt>
      <trkpt lat="43.84898540563881397247314453125" lon="87.5110454857349395751953125">
        <ele>819.20001220703125</ele>
        <time>2026-07-24T14:42:49.000Z</time>
        <extensions>
          <ns3:TrackPointExtension>
            <ns3:hr>165</ns3:hr>
            <ns3:cad>83</ns3:cad>
          </ns3:TrackPointExtension>
        </extensions>
      </trkpt>
      <trkpt lat="43.84902748279273509979248046875" lon="87.5110443122684955596923828125">
        <ele>818.79998779296875</ele>
        <time>2026-07-24T14:42:54.000Z</time>
        <extensions>
          <ns3:TrackPointExtension>
            <ns3:hr>165</ns3:hr>
            <ns3:cad>56</ns3:cad>
          </ns3:TrackPointExtension>
        </extensions>
      </trkpt>
      <trkpt lat="43.8490944541990756988525390625" lon="87.511053197085857391357421875">
        <ele>818.4000244140625</ele>
        <time>2026-07-24T14:43:00.000Z</time>
        <extensions>
          <ns3:TrackPointExtension>
            <ns3:hr>166</ns3:hr>
            <ns3:cad>57</ns3:cad>
          </ns3:TrackPointExtension>
        </extensions>
      </trkpt>
      <trkpt lat="43.8491735793650150299072265625" lon="87.51106015406548976898193359375">
        <ele>817.5999755859375</ele>
        <time>2026-07-24T14:43:06.000Z</time>
        <extensions>
          <ns3:TrackPointExtension>
            <ns3:hr>162</ns3:hr>
            <ns3:cad>56</ns3:cad>
          </ns3:TrackPointExtension>
        </extensions>
      </trkpt>
      <trkpt lat="43.849250189960002899169921875" lon="87.51107373274862766265869140625">
        <ele>817.4000244140625</ele>
        <time>2026-07-24T14:43:12.000Z</time>
        <extensions>
          <ns3:TrackPointExtension>
            <ns3:hr>159</ns3:hr>
            <ns3:cad>56</ns3:cad>
          </ns3:TrackPointExtension>
        </extensions>
      </trkpt>
      <trkpt lat="43.84926267899572849273681640625" lon="87.51107591204345226287841796875">
        <ele>817.4000244140625</ele>
        <time>2026-07-24T14:43:13.000Z</time>
        <extensions>
          <ns3:TrackPointExtension>
            <ns3:hr>159</ns3:hr>
            <ns3:cad>56</ns3:cad>
          </ns3:TrackPointExtension>
        </extensions>
      </trkpt>
      <trkpt lat="43.84928329847753047943115234375" lon="87.51106652431190013885498046875">
        <ele>817.20001220703125</ele>
        <time>2026-07-24T14:43:16.000Z</time>
        <extensions>
          <ns3:TrackPointExtension>
            <ns3:hr>157</ns3:hr>
            <ns3:cad>58</ns3:cad>
          </ns3:TrackPointExtension>
        </extensions>
      </trkpt>
      <trkpt lat="43.84932763874530792236328125" lon="87.511057220399379730224609375">
        <ele>816.79998779296875</ele>
        <time>2026-07-24T14:43:19.000Z</time>
        <extensions>
          <ns3:TrackPointExtension>
            <ns3:hr>156</ns3:hr>
            <ns3:cad>58</ns3:cad>
          </ns3:TrackPointExtension>
        </extensions>
      </trkpt>
      <trkpt lat="43.8494773395359516143798828125" lon="87.51106384210288524627685546875">
        <ele>816.79998779296875</ele>
        <time>2026-07-24T14:43:25.000Z</time>
        <extensions>
          <ns3:TrackPointExtension>
            <ns3:hr>153</ns3:hr>
            <ns3:cad>0</ns3:cad>
          </ns3:TrackPointExtension>
        </extensions>
      </trkpt>
      <trkpt lat="43.84950893931090831756591796875" lon="87.51106350682675838470458984375">
        <ele>816.79998779296875</ele>
        <time>2026-07-24T14:43:26.000Z</time>
        <extensions>
          <ns3:TrackPointExtension>
            <ns3:hr>152</ns3:hr>
            <ns3:cad>0</ns3:cad>
          </ns3:TrackPointExtension>
        </extensions>
      </trkpt>
      <trkpt lat="43.8496121205389499664306640625" lon="87.5110637582838535308837890625">
        <ele>816.4000244140625</ele>
        <time>2026-07-24T14:43:30.000Z</time>
        <extensions>
          <ns3:TrackPointExtension>
            <ns3:hr>149</ns3:hr>
            <ns3:cad>82</ns3:cad>
          </ns3:TrackPointExtension>
        </extensions>
      </trkpt>
      <trkpt lat="43.84974698536098003387451171875" lon="87.511075995862483978271484375">
        <ele>816.4000244140625</ele>
        <time>2026-07-24T14:43:35.000Z</time>
        <extensions>
          <ns3:TrackPointExtension>
            <ns3:hr>146</ns3:hr>
            <ns3:cad>82</ns3:cad>
          </ns3:TrackPointExtension>
        </extensions>
      </trkpt>
      <trkpt lat="43.849943540990352630615234375" lon="87.51109854318201541900634765625">
        <ele>814.4000244140625</ele>
        <time>2026-07-24T14:43:43.000Z</time>
        <extensions>
          <ns3:TrackPointExtension>
            <ns3:hr>149</ns3:hr>
            <ns3:cad>83</ns3:cad>
          </ns3:TrackPointExtension>
        </extensions>
      </trkpt>
      <trkpt lat="43.8499708659946918487548828125" lon="87.511102817952632904052734375">
        <ele>814.20001220703125</ele>
        <time>2026-07-24T14:43:45.000Z</time>
        <extensions>
          <ns3:TrackPointExtension>
            <ns3:hr>150</ns3:hr>
            <ns3:cad>83</ns3:cad>
          </ns3:TrackPointExtension>
        </extensions>
      </trkpt>
      <trkpt lat="43.85003440082073211669921875" lon="87.5111073441803455352783203125">
        <ele>814</ele>
        <time>2026-07-24T14:43:51.000Z</time>
        <extensions>
          <ns3:TrackPointExtension>
            <ns3:hr>152</ns3:hr>
            <ns3:cad>57</ns3:cad>
          </ns3:TrackPointExtension>
        </extensions>
      </trkpt>
      <trkpt lat="43.85013557039201259613037109375" lon="87.511109523475170135498046875">
        <ele>814</ele>
        <time>2026-07-24T14:43:58.000Z</time>
        <extensions>
          <ns3:TrackPointExtension>
            <ns3:hr>152</ns3:hr>
            <ns3:cad>56</ns3:cad>
          </ns3:TrackPointExtension>
        </extensions>
      </trkpt>
      <trkpt lat="43.850309662520885467529296875" lon="87.51111589372158050537109375">
        <ele>813.5999755859375</ele>
        <time>2026-07-24T14:44:08.000Z</time>
        <extensions>
          <ns3:TrackPointExtension>
            <ns3:hr>153</ns3:hr>
            <ns3:cad>56</ns3:cad>
          </ns3:TrackPointExtension>
        </extensions>
      </trkpt>
      <trkpt lat="43.850506134331226348876953125" lon="87.51113123260438442230224609375">
        <ele>813</ele>
        <time>2026-07-24T14:44:17.000Z</time>
        <extensions>
          <ns3:TrackPointExtension>
            <ns3:hr>155</ns3:hr>
            <ns3:cad>82</ns3:cad>
          </ns3:TrackPointExtension>
        </extensions>
      </trkpt>
      <trkpt lat="43.85052817873656749725341796875" lon="87.51113106496632099151611328125">
        <ele>813</ele>
        <time>2026-07-24T14:44:18.000Z</time>
        <extensions>
          <ns3:TrackPointExtension>
            <ns3:hr>155</ns3:hr>
            <ns3:cad>82</ns3:cad>
          </ns3:TrackPointExtension>
        </extensions>
      </trkpt>
      <trkpt lat="43.850658349692821502685546875" lon="87.51114296726882457733154296875">
        <ele>812.4000244140625</ele>
        <time>2026-07-24T14:44:22.000Z</time>
        <extensions>
          <ns3:TrackPointExtension>
            <ns3:hr>151</ns3:hr>
            <ns3:cad>82</ns3:cad>
          </ns3:TrackPointExtension>
        </extensions>
      </trkpt>
      <trkpt lat="43.850775025784969329833984375" lon="87.51114665530622005462646484375">
        <ele>811.5999755859375</ele>
        <time>2026-07-24T14:44:28.000Z</time>
        <extensions>
          <ns3:TrackPointExtension>
            <ns3:hr>150</ns3:hr>
            <ns3:cad>82</ns3:cad>
          </ns3:TrackPointExtension>
        </extensions>
      </trkpt>
      <trkpt lat="43.85085071437060832977294921875" lon="87.5111422128975391387939453125">
        <ele>811</ele>
        <time>2026-07-24T14:44:34.000Z</time>
        <extensions>
          <ns3:TrackPointExtension>
            <ns3:hr>150</ns3:hr>
            <ns3:cad>0</ns3:cad>
          </ns3:TrackPointExtension>
        </extensions>
      </trkpt>
      <trkpt lat="43.8509371317923069000244140625" lon="87.511142380535602569580078125">
        <ele>810.4000244140625</ele>
        <time>2026-07-24T14:44:41.000Z</time>
        <extensions>
          <ns3:TrackPointExtension>
            <ns3:hr>149</ns3:hr>
            <ns3:cad>56</ns3:cad>
          </ns3:TrackPointExtension>
        </extensions>
      </trkpt>
      <trkpt lat="43.85105942375957965850830078125" lon="87.5111474096775054931640625">
        <ele>809.5999755859375</ele>
        <time>2026-07-24T14:44:51.000Z</time>
        <extensions>
          <ns3:TrackPointExtension>
            <ns3:hr>146</ns3:hr>
            <ns3:cad>55</ns3:cad>
          </ns3:TrackPointExtension>
        </extensions>
      </trkpt>
      <trkpt lat="43.85108574293553829193115234375" lon="87.51115704886615276336669921875">
        <ele>809.4000244140625</ele>
        <time>2026-07-24T14:44:53.000Z</time>
        <extensions>
          <ns3:TrackPointExtension>
            <ns3:hr>144</ns3:hr>
            <ns3:cad>56</ns3:cad>
          </ns3:TrackPointExtension>
        </extensions>
      </trkpt>
      <trkpt lat="43.851144500076770782470703125" lon="87.5111676938831806182861328125">
        <ele>809</ele>
        <time>2026-07-24T14:44:57.000Z</time>
        <extensions>
          <ns3:TrackPointExtension>
            <ns3:hr>141</ns3:hr>
            <ns3:cad>55</ns3:cad>
          </ns3:TrackPointExtension>
        </extensions>
      </trkpt>
      <trkpt lat="43.8511902652680873870849609375" lon="87.5111630000174045562744140625">
        <ele>808.79998779296875</ele>
        <time>2026-07-24T14:45:02.000Z</time>
        <extensions>
          <ns3:TrackPointExtension>
            <ns3:hr>139</ns3:hr>
            <ns3:cad>55</ns3:cad>
          </ns3:TrackPointExtension>
        </extensions>
      </trkpt>
      <trkpt lat="43.85121834464371204376220703125" lon="87.51116408966481685638427734375">
        <ele>808.79998779296875</ele>
        <time>2026-07-24T14:45:04.000Z</time>
        <extensions>
          <ns3:TrackPointExtension>
            <ns3:hr>138</ns3:hr>
            <ns3:cad>56</ns3:cad>
          </ns3:TrackPointExtension>
        </extensions>
      </trkpt>
      <trkpt lat="43.85135664604604244232177734375" lon="87.511164844036102294921875">
        <ele>808.20001220703125</ele>
        <time>2026-07-24T14:45:11.000Z</time>
        <extensions>
          <ns3:TrackPointExtension>
            <ns3:hr>135</ns3:hr>
            <ns3:cad>79</ns3:cad>
          </ns3:TrackPointExtension>
        </extensions>
      </trkpt>
      <trkpt lat="43.85151606984436511993408203125" lon="87.51118353568017482757568359375">
        <ele>807.4000244140625</ele>
        <time>2026-07-24T14:45:18.000Z</time>
        <extensions>
          <ns3:TrackPointExtension>
            <ns3:hr>134</ns3:hr>
            <ns3:cad>82</ns3:cad>
          </ns3:TrackPointExtension>
        </extensions>
      </trkpt>
      <trkpt lat="43.851555548608303070068359375" lon="87.51118822954595088958740234375">
        <ele>807</ele>
        <time>2026-07-24T14:45:21.000Z</time>
        <extensions>
          <ns3:TrackPointExtension>
            <ns3:hr>137</ns3:hr>
            <ns3:cad>82</ns3:cad>
          </ns3:TrackPointExtension>
        </extensions>
      </trkpt>
      <trkpt lat="43.85157776065170764923095703125" lon="87.51119342632591724395751953125">
        <ele>807</ele>
        <time>2026-07-24T14:45:23.000Z</time>
        <extensions>
          <ns3:TrackPointExtension>
            <ns3:hr>139</ns3:hr>
            <ns3:cad>62</ns3:cad>
          </ns3:TrackPointExtension>
        </extensions>
      </trkpt>
      <trkpt lat="43.8516777567565441131591796875" lon="87.511200718581676483154296875">
        <ele>806.20001220703125</ele>
        <time>2026-07-24T14:45:31.000Z</time>
        <extensions>
          <ns3:TrackPointExtension>
            <ns3:hr>142</ns3:hr>
            <ns3:cad>56</ns3:cad>
          </ns3:TrackPointExtension>
        </extensions>
      </trkpt>
      <trkpt lat="43.85170013643801212310791015625" lon="87.5111988745629787445068359375">
        <ele>806</ele>
        <time>2026-07-24T14:45:33.000Z</time>
        <extensions>
          <ns3:TrackPointExtension>
            <ns3:hr>141</ns3:hr>
            <ns3:cad>56</ns3:cad>
          </ns3:TrackPointExtension>
        </extensions>
      </trkpt>
      <trkpt lat="43.8517904095351696014404296875" lon="87.51121052540838718414306640625">
        <ele>805</ele>
        <time>2026-07-24T14:45:40.000Z</time>
        <extensions>
          <ns3:TrackPointExtension>
            <ns3:hr>139</ns3:hr>
            <ns3:cad>56</ns3:cad>
          </ns3:TrackPointExtension>
        </extensions>
      </trkpt>
      <trkpt lat="43.8518039882183074951171875" lon="87.51121203415095806121826171875">
        <ele>805</ele>
        <time>2026-07-24T14:45:41.000Z</time>
        <extensions>
          <ns3:TrackPointExtension>
            <ns3:hr>139</ns3:hr>
            <ns3:cad>56</ns3:cad>
          </ns3:TrackPointExtension>
        </extensions>
      </trkpt>
      <trkpt lat="43.85187439620494842529296875" lon="87.51121387816965579986572265625">
        <ele>804.20001220703125</ele>
        <time>2026-07-24T14:45:46.000Z</time>
        <extensions>
          <ns3:TrackPointExtension>
            <ns3:hr>137</ns3:hr>
            <ns3:cad>58</ns3:cad>
          </ns3:TrackPointExtension>
        </extensions>
      </trkpt>
      <trkpt lat="43.8520036451518535614013671875" lon="87.51121354289352893829345703125">
        <ele>803</ele>
        <time>2026-07-24T14:45:56.000Z</time>
        <extensions>
          <ns3:TrackPointExtension>
            <ns3:hr>135</ns3:hr>
            <ns3:cad>56</ns3:cad>
          </ns3:TrackPointExtension>
        </extensions>
      </trkpt>
      <trkpt lat="43.85212786495685577392578125" lon="87.51121723093092441558837890625">
        <ele>802.4000244140625</ele>
        <time>2026-07-24T14:46:02.000Z</time>
        <extensions>
          <ns3:TrackPointExtension>
            <ns3:hr>135</ns3:hr>
            <ns3:cad>81</ns3:cad>
          </ns3:TrackPointExtension>
        </extensions>
      </trkpt>
      <trkpt lat="43.8522733747959136962890625" lon="87.51123969443142414093017578125">
        <ele>802</ele>
        <time>2026-07-24T14:46:08.000Z</time>
        <extensions>
          <ns3:TrackPointExtension>
            <ns3:hr>138</ns3:hr>
            <ns3:cad>82</ns3:cad>
          </ns3:TrackPointExtension>
        </extensions>
      </trkpt>
      <trkpt lat="43.85232324711978435516357421875" lon="87.51124589703977108001708984375">
        <ele>802.20001220703125</ele>
        <time>2026-07-24T14:46:10.000Z</time>
        <extensions>
          <ns3:TrackPointExtension>
            <ns3:hr>138</ns3:hr>
            <ns3:cad>82</ns3:cad>
          </ns3:TrackPointExtension>
        </extensions>
      </trkpt>
      <trkpt lat="43.8524552620947360992431640625" lon="87.511263079941272735595703125">
        <ele>802</ele>
        <time>2026-07-24T14:46:17.000Z</time>
        <extensions>
          <ns3:TrackPointExtension>
            <ns3:hr>140</ns3:hr>
            <ns3:cad>80</ns3:cad>
          </ns3:TrackPointExtension>
        </extensions>
      </trkpt>
      <trkpt lat="43.852505050599575042724609375" lon="87.51126768998801708221435546875">
        <ele>801.79998779296875</ele>
        <time>2026-07-24T14:46:21.000Z</time>
        <extensions>
          <ns3:TrackPointExtension>
            <ns3:hr>143</ns3:hr>
            <ns3:cad>54</ns3:cad>
          </ns3:TrackPointExtension>
        </extensions>
      </trkpt>
      <trkpt lat="43.85258442722260951995849609375" lon="87.51127305440604686737060546875">
        <ele>801.4000244140625</ele>
        <time>2026-07-24T14:46:26.000Z</time>
        <extensions>
          <ns3:TrackPointExtension>
            <ns3:hr>143</ns3:hr>
            <ns3:cad>58</ns3:cad>
          </ns3:TrackPointExtension>
        </extensions>
      </trkpt>
      <trkpt lat="43.8526644743978977203369140625" lon="87.5112733058631420135498046875">
        <ele>800.79998779296875</ele>
        <time>2026-07-24T14:46:33.000Z</time>
        <extensions>
          <ns3:TrackPointExtension>
            <ns3:hr>143</ns3:hr>
            <ns3:cad>56</ns3:cad>
          </ns3:TrackPointExtension>
        </extensions>
      </trkpt>
      <trkpt lat="43.85275843553245067596435546875" lon="87.511271797120571136474609375">
        <ele>800.5999755859375</ele>
        <time>2026-07-24T14:46:39.000Z</time>
        <extensions>
          <ns3:TrackPointExtension>
            <ns3:hr>140</ns3:hr>
            <ns3:cad>56</ns3:cad>
          </ns3:TrackPointExtension>
        </extensions>
      </trkpt>
      <trkpt lat="43.852810151875019073486328125" lon="87.5112806819379329681396484375">
        <ele>800.4000244140625</ele>
        <time>2026-07-24T14:46:43.000Z</time>
        <extensions>
          <ns3:TrackPointExtension>
            <ns3:hr>139</ns3:hr>
            <ns3:cad>55</ns3:cad>
          </ns3:TrackPointExtension>
        </extensions>
      </trkpt>
      <trkpt lat="43.85291467420756816864013671875" lon="87.511283196508884429931640625">
        <ele>799.5999755859375</ele>
        <time>2026-07-24T14:46:51.000Z</time>
        <extensions>
          <ns3:TrackPointExtension>
            <ns3:hr>136</ns3:hr>
            <ns3:cad>57</ns3:cad>
          </ns3:TrackPointExtension>
        </extensions>
      </trkpt>
      <trkpt lat="43.85297703556716442108154296875" lon="87.51129182986915111541748046875">
        <ele>799</ele>
        <time>2026-07-24T14:46:56.000Z</time>
        <extensions>
          <ns3:TrackPointExtension>
            <ns3:hr>133</ns3:hr>
            <ns3:cad>57</ns3:cad>
          </ns3:TrackPointExtension>
        </extensions>
      </trkpt>
      <trkpt lat="43.85311902500689029693603515625" lon="87.51131060533225536346435546875">
        <ele>797.79998779296875</ele>
        <time>2026-07-24T14:47:03.000Z</time>
        <extensions>
          <ns3:TrackPointExtension>
            <ns3:hr>132</ns3:hr>
            <ns3:cad>79</ns3:cad>
          </ns3:TrackPointExtension>
        </extensions>
      </trkpt>
      <trkpt lat="43.8532954640686511993408203125" lon="87.51131446100771427154541015625">
        <ele>796.79998779296875</ele>
        <time>2026-07-24T14:47:10.000Z</time>
        <extensions>
          <ns3:TrackPointExtension>
            <ns3:hr>135</ns3:hr>
            <ns3:cad>81</ns3:cad>
          </ns3:TrackPointExtension>
        </extensions>
      </trkpt>
      <trkpt lat="43.8533239625394344329833984375" lon="87.51131965778768062591552734375">
        <ele>796.5999755859375</ele>
        <time>2026-07-24T14:47:11.000Z</time>
        <extensions>
          <ns3:TrackPointExtension>
            <ns3:hr>135</ns3:hr>
            <ns3:cad>82</ns3:cad>
          </ns3:TrackPointExtension>
        </extensions>
      </trkpt>
      <trkpt lat="43.8534141518175601959228515625" lon="87.5113296322524547576904296875">
        <ele>796.4000244140625</ele>
        <time>2026-07-24T14:47:16.000Z</time>
        <extensions>
          <ns3:TrackPointExtension>
            <ns3:hr>137</ns3:hr>
            <ns3:cad>82</ns3:cad>
          </ns3:TrackPointExtension>
        </extensions>
      </trkpt>
      <trkpt lat="43.8534374535083770751953125" lon="87.5113313086330890655517578125">
        <ele>796.4000244140625</ele>
        <time>2026-07-24T14:47:18.000Z</time>
        <extensions>
          <ns3:TrackPointExtension>
            <ns3:hr>138</ns3:hr>
            <ns3:cad>57</ns3:cad>
          </ns3:TrackPointExtension>
        </extensions>
      </trkpt>
      <trkpt lat="43.8534922711551189422607421875" lon="87.51133776269853115081787109375">
        <ele>796.20001220703125</ele>
        <time>2026-07-24T14:47:23.000Z</time>
        <extensions>
          <ns3:TrackPointExtension>
            <ns3:hr>141</ns3:hr>
            <ns3:cad>57</ns3:cad>
          </ns3:TrackPointExtension>
        </extensions>
      </trkpt>
      <trkpt lat="43.85354214347898960113525390625" lon="87.51134044490754604339599609375">
        <ele>796</ele>
        <time>2026-07-24T14:47:27.000Z</time>
        <extensions>
          <ns3:TrackPointExtension>
            <ns3:hr>140</ns3:hr>
            <ns3:cad>55</ns3:cad>
          </ns3:TrackPointExtension>
        </extensions>
      </trkpt>
      <trkpt lat="43.853585980832576751708984375" lon="87.51134480349719524383544921875">
        <ele>795.79998779296875</ele>
        <time>2026-07-24T14:47:32.000Z</time>
        <extensions>
          <ns3:TrackPointExtension>
            <ns3:hr>137</ns3:hr>
            <ns3:cad>54</ns3:cad>
          </ns3:TrackPointExtension>
        </extensions>
      </trkpt>
      <trkpt lat="43.85359729640185832977294921875" lon="87.51133851706981658935546875">
        <ele>795.79998779296875</ele>
        <time>2026-07-24T14:47:33.000Z</time>
        <extensions>
          <ns3:TrackPointExtension>
            <ns3:hr>136</ns3:hr>
            <ns3:cad>54</ns3:cad>
          </ns3:TrackPointExtension>
        </extensions>
      </trkpt>
      <trkpt lat="43.85361121036112308502197265625" lon="87.511334158480167388916015625">
        <ele>795.5999755859375</ele>
        <time>2026-07-24T14:47:34.000Z</time>
        <extensions>
          <ns3:TrackPointExtension>
            <ns3:hr>135</ns3:hr>
            <ns3:cad>54</ns3:cad>
          </ns3:TrackPointExtension>
        </extensions>
      </trkpt>
      <trkpt lat="43.8536703027784824371337890625" lon="87.51133323647081851959228515625">
        <ele>795.5999755859375</ele>
        <time>2026-07-24T14:47:38.000Z</time>
        <extensions>
          <ns3:TrackPointExtension>
            <ns3:hr>132</ns3:hr>
            <ns3:cad>54</ns3:cad>
          </ns3:TrackPointExtension>
        </extensions>
      </trkpt>
      <trkpt lat="43.85371916927397251129150390625" lon="87.51133725978434085845947265625">
        <ele>795.5999755859375</ele>
        <time>2026-07-24T14:47:43.000Z</time>
        <extensions>
          <ns3:TrackPointExtension>
            <ns3:hr>131</ns3:hr>
            <ns3:cad>54</ns3:cad>
          </ns3:TrackPointExtension>
        </extensions>
      </trkpt>
      <trkpt lat="43.85380751453340053558349609375" lon="87.51134790480136871337890625">
        <ele>795.5999755859375</ele>
        <time>2026-07-24T14:47:50.000Z</time>
        <extensions>
          <ns3:TrackPointExtension>
            <ns3:hr>128</ns3:hr>
            <ns3:cad>54</ns3:cad>
          </ns3:TrackPointExtension>
        </extensions>
      </trkpt>
      <trkpt lat="43.85385244153439998626708984375" lon="87.5113507546484470367431640625">
        <ele>795.5999755859375</ele>
        <time>2026-07-24T14:47:53.000Z</time>
        <extensions>
          <ns3:TrackPointExtension>
            <ns3:hr>127</ns3:hr>
            <ns3:cad>54</ns3:cad>
          </ns3:TrackPointExtension>
        </extensions>
      </trkpt>
      <trkpt lat="43.85399996303021907806396484375" lon="87.51135863363742828369140625">
        <ele>795</ele>
        <time>2026-07-24T14:47:59.000Z</time>
        <extensions>
          <ns3:TrackPointExtension>
            <ns3:hr>125</ns3:hr>
            <ns3:cad>80</ns3:cad>
          </ns3:TrackPointExtension>
        </extensions>
      </trkpt>
      <trkpt lat="43.85419341735541820526123046875" lon="87.51136626116931438446044921875">
        <ele>794.79998779296875</ele>
        <time>2026-07-24T14:48:07.000Z</time>
        <extensions>
          <ns3:TrackPointExtension>
            <ns3:hr>127</ns3:hr>
            <ns3:cad>82</ns3:cad>
          </ns3:TrackPointExtension>
        </extensions>
      </trkpt>
      <trkpt lat="43.8543961755931377410888671875" lon="87.51138679683208465576171875">
        <ele>794</ele>
        <time>2026-07-24T14:48:15.000Z</time>
        <extensions>
          <ns3:TrackPointExtension>
            <ns3:hr>129</ns3:hr>
            <ns3:cad>83</ns3:cad>
          </ns3:TrackPointExtension>
        </extensions>
      </trkpt>
      <trkpt lat="43.85442291386425495147705078125" lon="87.51139610074460506439208984375">
        <ele>794</ele>
        <time>2026-07-24T14:48:16.000Z</time>
        <extensions>
          <ns3:TrackPointExtension>
            <ns3:hr>129</ns3:hr>
            <ns3:cad>83</ns3:cad>
          </ns3:TrackPointExtension>
        </extensions>
      </trkpt>
      <trkpt lat="43.85451695881783962249755859375" lon="87.511405237019062042236328125">
        <ele>793.79998779296875</ele>
        <time>2026-07-24T14:48:21.000Z</time>
        <extensions>
          <ns3:TrackPointExtension>
            <ns3:hr>132</ns3:hr>
            <ns3:cad>83</ns3:cad>
          </ns3:TrackPointExtension>
        </extensions>
      </trkpt>
      <trkpt lat="43.85452886112034320831298828125" lon="87.511406578123569488525390625">
        <ele>793.79998779296875</ele>
        <time>2026-07-24T14:48:22.000Z</time>
        <extensions>
          <ns3:TrackPointExtension>
            <ns3:hr>133</ns3:hr>
            <ns3:cad>83</ns3:cad>
          </ns3:TrackPointExtension>
        </extensions>
      </trkpt>
      <trkpt lat="43.85456440038979053497314453125" lon="87.51141135580837726593017578125">
        <ele>793.5999755859375</ele>
        <time>2026-07-24T14:48:25.000Z</time>
        <extensions>
          <ns3:TrackPointExtension>
            <ns3:hr>136</ns3:hr>
            <ns3:cad>57</ns3:cad>
          </ns3:TrackPointExtension>
        </extensions>
      </trkpt>
      <trkpt lat="43.8545996882021427154541015625" lon="87.511423341929912567138671875">
        <ele>793.5999755859375</ele>
        <time>2026-07-24T14:48:29.000Z</time>
        <extensions>
          <ns3:TrackPointExtension>
            <ns3:hr>138</ns3:hr>
            <ns3:cad>0</ns3:cad>
          </ns3:TrackPointExtension>
        </extensions>
      </trkpt>
      <trkpt lat="43.85472717694938182830810546875" lon="87.51142744906246662139892578125">
        <ele>793</ele>
        <time>2026-07-24T14:48:38.000Z</time>
        <extensions>
          <ns3:TrackPointExtension>
            <ns3:hr>138</ns3:hr>
            <ns3:cad>56</ns3:cad>
          </ns3:TrackPointExtension>
        </extensions>
      </trkpt>
      <trkpt lat="43.8547981716692447662353515625" lon="87.511421330273151397705078125">
        <ele>792.5999755859375</ele>
        <time>2026-07-24T14:48:45.000Z</time>
        <extensions>
          <ns3:TrackPointExtension>
            <ns3:hr>137</ns3:hr>
            <ns3:cad>57</ns3:cad>
          </ns3:TrackPointExtension>
        </extensions>
      </trkpt>
      <trkpt lat="43.85494560934603214263916015625" lon="87.51142040826380252838134765625">
        <ele>791</ele>
        <time>2026-07-24T14:48:56.000Z</time>
        <extensions>
          <ns3:TrackPointExtension>
            <ns3:hr>135</ns3:hr>
            <ns3:cad>58</ns3:cad>
          </ns3:TrackPointExtension>
        </extensions>
      </trkpt>
      <trkpt lat="43.8551106490194797515869140625" lon="87.51143130473792552947998046875">
        <ele>789.20001220703125</ele>
        <time>2026-07-24T14:49:04.000Z</time>
        <extensions>
          <ns3:TrackPointExtension>
            <ns3:hr>135</ns3:hr>
            <ns3:cad>81</ns3:cad>
          </ns3:TrackPointExtension>
        </extensions>
      </trkpt>
      <trkpt lat="43.85519321076571941375732421875" lon="87.51144438050687313079833984375">
        <ele>788.20001220703125</ele>
        <time>2026-07-24T14:49:07.000Z</time>
        <extensions>
          <ns3:TrackPointExtension>
            <ns3:hr>139</ns3:hr>
            <ns3:cad>82</ns3:cad>
          </ns3:TrackPointExtension>
        </extensions>
      </trkpt>
      <trkpt lat="43.85528893209993839263916015625" lon="87.5114684365689754486083984375">
        <ele>787.4000244140625</ele>
        <time>2026-07-24T14:49:11.000Z</time>
        <extensions>
          <ns3:TrackPointExtension>
            <ns3:hr>141</ns3:hr>
            <ns3:cad>82</ns3:cad>
          </ns3:TrackPointExtension>
        </extensions>
      </trkpt>
      <trkpt lat="43.85533511638641357421875" lon="87.5115264393389225006103515625">
        <ele>787.4000244140625</ele>
        <time>2026-07-24T14:49:15.000Z</time>
        <extensions>
          <ns3:TrackPointExtension>
            <ns3:hr>141</ns3:hr>
            <ns3:cad>82</ns3:cad>
          </ns3:TrackPointExtension>
        </extensions>
      </trkpt>
      <trkpt lat="43.85534207336604595184326171875" lon="87.51153741963207721710205078125">
        <ele>787.5999755859375</ele>
        <time>2026-07-24T14:49:16.000Z</time>
        <extensions>
          <ns3:TrackPointExtension>
            <ns3:hr>141</ns3:hr>
            <ns3:cad>82</ns3:cad>
          </ns3:TrackPointExtension>
        </extensions>
      </trkpt>
      <trkpt lat="43.8553557358682155609130859375" lon="87.511596344411373138427734375">
        <ele>787.79998779296875</ele>
        <time>2026-07-24T14:49:20.000Z</time>
        <extensions>
          <ns3:TrackPointExtension>
            <ns3:hr>138</ns3:hr>
            <ns3:cad>56</ns3:cad>
          </ns3:TrackPointExtension>
        </extensions>
      </trkpt>
      <trkpt lat="43.85535766370594501495361328125" lon="87.51164856366813182830810546875">
        <ele>788.20001220703125</ele>
        <time>2026-07-24T14:49:23.000Z</time>
        <extensions>
          <ns3:TrackPointExtension>
            <ns3:hr>137</ns3:hr>
            <ns3:cad>54</ns3:cad>
          </ns3:TrackPointExtension>
        </extensions>
      </trkpt>
      <trkpt lat="43.8553607650101184844970703125" lon="87.5116659142076969146728515625">
        <ele>788.4000244140625</ele>
        <time>2026-07-24T14:49:24.000Z</time>
        <extensions>
          <ns3:TrackPointExtension>
            <ns3:hr>137</ns3:hr>
            <ns3:cad>54</ns3:cad>
          </ns3:TrackPointExtension>
        </extensions>
      </trkpt>
    </trkseg>
  </trk>
</gpx>
