<gpx xmlns:ns3="http://www.garmin.com/xmlschemas/TrackPointExtension/v1" xmlns="http://www.topografix.com/GPX/1/1" xmlns:xsi="http://www.w3.org/2001/XMLSchema-instance" xmlns:ns2="http://www.garmin.com/xmlschemas/GpxExtensions/v3" creator="Garmin Connect" version="1.1" xsi:schemaLocation="http://www.topografix.com/GPX/1/1 http://www.topografix.com/GPX/11.xsd">
  <extensions>
<distance>7194.14</distance>
<average_hr>153.0</average_hr>
<average_speed>2.2079999446868896</average_speed>
<start_time>2026-07-27T13:27:05+00:00</start_time>
<end_time>2026-07-27T14:21:23.576000+00:00</end_time>
<moving_time>3174.629</moving_time>
<elapsed_time>3548.259</elapsed_time>
</extensions>
<metadata>
    <link href="connect.garmin.com">
      <text>Garmin Connect</text>
    </link>
    <time>2026-07-27T13:27:05.000Z</time>
  </metadata>
  <trk>
    <name>乌鲁木齐市 - 基础训练</name>
    <type>running</type>
    <trkseg>
      <trkpt lat="43.85511492379009723663330078125" lon="87.51696579158306121826171875">
        <ele>788.20001220703125</ele>
        <time>2026-07-27T13:27:55.000Z</time>
        <extensions>
          <ns3:TrackPointExtension>
            <ns3:hr>140</ns3:hr>
            <ns3:cad>55</ns3:cad>
          </ns3:TrackPointExtension>
        </extensions>
      </trkpt>
      <trkpt lat="43.85508759878575801849365234375" lon="87.51696755178272724151611328125">
        <ele>788.20001220703125</ele>
        <time>2026-07-27T13:27:56.000Z</time>
        <extensions>
          <ns3:TrackPointExtension>
            <ns3:hr>140</ns3:hr>
            <ns3:cad>55</ns3:cad>
          </ns3:TrackPointExtension>
        </extensions>
      </trkpt>
      <trkpt lat="43.85504334233701229095458984375" lon="87.516877949237823486328125">
        <ele>789</ele>
        <time>2026-07-27T13:27:58.000Z</time>
        <extensions>
          <ns3:TrackPointExtension>
            <ns3:hr>139</ns3:hr>
            <ns3:cad>56</ns3:cad>
          </ns3:TrackPointExtension>
        </extensions>
      </trkpt>
      <trkpt lat="43.85500210337340831756591796875" lon="87.51678231172263622283935546875">
        <ele>789.79998779296875</ele>
        <time>2026-07-27T13:28:03.000Z</time>
        <extensions>
          <ns3:TrackPointExtension>
            <ns3:hr>136</ns3:hr>
            <ns3:cad>67</ns3:cad>
          </ns3:TrackPointExtension>
        </extensions>
      </trkpt>
      <trkpt lat="43.8549862615764141082763671875" lon="87.5167195312678813934326171875">
        <ele>789.79998779296875</ele>
        <time>2026-07-27T13:28:05.000Z</time>
        <extensions>
          <ns3:TrackPointExtension>
            <ns3:hr>135</ns3:hr>
            <ns3:cad>78</ns3:cad>
          </ns3:TrackPointExtension>
        </extensions>
      </trkpt>
      <trkpt lat="43.85500210337340831756591796875" lon="87.516504116356372833251953125">
        <ele>789.79998779296875</ele>
        <time>2026-07-27T13:28:10.000Z</time>
        <extensions>
          <ns3:TrackPointExtension>
            <ns3:hr>137</ns3:hr>
            <ns3:cad>79</ns3:cad>
          </ns3:TrackPointExtension>
        </extensions>
      </trkpt>
      <trkpt lat="43.85500981472432613372802734375" lon="87.51640948466956615447998046875">
        <ele>789.79998779296875</ele>
        <time>2026-07-27T13:28:12.000Z</time>
        <extensions>
          <ns3:TrackPointExtension>
            <ns3:hr>140</ns3:hr>
            <ns3:cad>79</ns3:cad>
          </ns3:TrackPointExtension>
        </extensions>
      </trkpt>
      <trkpt lat="43.85504568926990032196044921875" lon="87.51622776500880718231201171875">
        <ele>790</ele>
        <time>2026-07-27T13:28:16.000Z</time>
        <extensions>
          <ns3:TrackPointExtension>
            <ns3:hr>143</ns3:hr>
            <ns3:cad>80</ns3:cad>
          </ns3:TrackPointExtension>
        </extensions>
      </trkpt>
      <trkpt lat="43.8550539873540401458740234375" lon="87.51618887297809123992919921875">
        <ele>790</ele>
        <time>2026-07-27T13:28:17.000Z</time>
        <extensions>
          <ns3:TrackPointExtension>
            <ns3:hr>143</ns3:hr>
            <ns3:cad>80</ns3:cad>
          </ns3:TrackPointExtension>
        </extensions>
      </trkpt>
      <trkpt lat="43.85505876503884792327880859375" lon="87.5160533376038074493408203125">
        <ele>789.4000244140625</ele>
        <time>2026-07-27T13:28:20.000Z</time>
        <extensions>
          <ns3:TrackPointExtension>
            <ns3:hr>146</ns3:hr>
            <ns3:cad>80</ns3:cad>
          </ns3:TrackPointExtension>
        </extensions>
      </trkpt>
      <trkpt lat="43.85504988022148609161376953125" lon="87.515930123627185821533203125">
        <ele>789</ele>
        <time>2026-07-27T13:28:23.000Z</time>
        <extensions>
          <ns3:TrackPointExtension>
            <ns3:hr>148</ns3:hr>
            <ns3:cad>80</ns3:cad>
          </ns3:TrackPointExtension>
        </extensions>
      </trkpt>
      <trkpt lat="43.85506647638976573944091796875" lon="87.51567187719047069549560546875">
        <ele>792.5999755859375</ele>
        <time>2026-07-27T13:28:29.000Z</time>
        <extensions>
          <ns3:TrackPointExtension>
            <ns3:hr>152</ns3:hr>
            <ns3:cad>79</ns3:cad>
          </ns3:TrackPointExtension>
        </extensions>
      </trkpt>
      <trkpt lat="43.8550722599029541015625" lon="87.5156161375343799591064453125">
        <ele>793.20001220703125</ele>
        <time>2026-07-27T13:28:31.000Z</time>
        <extensions>
          <ns3:TrackPointExtension>
            <ns3:hr>151</ns3:hr>
            <ns3:cad>79</ns3:cad>
          </ns3:TrackPointExtension>
        </extensions>
      </trkpt>
      <trkpt lat="43.85511961765587329864501953125" lon="87.5153961963951587677001953125">
        <ele>796.4000244140625</ele>
        <time>2026-07-27T13:28:38.000Z</time>
        <extensions>
          <ns3:TrackPointExtension>
            <ns3:hr>151</ns3:hr>
            <ns3:cad>79</ns3:cad>
          </ns3:TrackPointExtension>
        </extensions>
      </trkpt>
      <trkpt lat="43.85512934066355228424072265625" lon="87.5153056718409061431884765625">
        <ele>797.5999755859375</ele>
        <time>2026-07-27T13:28:43.000Z</time>
        <extensions>
          <ns3:TrackPointExtension>
            <ns3:hr>150</ns3:hr>
            <ns3:cad>57</ns3:cad>
          </ns3:TrackPointExtension>
        </extensions>
      </trkpt>
      <trkpt lat="43.85514660738408565521240234375" lon="87.51512370072305202484130859375">
        <ele>799</ele>
        <time>2026-07-27T13:28:51.000Z</time>
        <extensions>
          <ns3:TrackPointExtension>
            <ns3:hr>149</ns3:hr>
            <ns3:cad>57</ns3:cad>
          </ns3:TrackPointExtension>
        </extensions>
      </trkpt>
      <trkpt lat="43.8551693223416805267333984375" lon="87.51503049395978450775146484375">
        <ele>799</ele>
        <time>2026-07-27T13:28:54.000Z</time>
        <extensions>
          <ns3:TrackPointExtension>
            <ns3:hr>152</ns3:hr>
            <ns3:cad>76</ns3:cad>
          </ns3:TrackPointExtension>
        </extensions>
      </trkpt>
      <trkpt lat="43.85521911084651947021484375" lon="87.5148272328078746795654296875">
        <ele>798.20001220703125</ele>
        <time>2026-07-27T13:29:01.000Z</time>
        <extensions>
          <ns3:TrackPointExtension>
            <ns3:hr>153</ns3:hr>
            <ns3:cad>78</ns3:cad>
          </ns3:TrackPointExtension>
        </extensions>
      </trkpt>
      <trkpt lat="43.8552675582468509674072265625" lon="87.51457937993109226226806640625">
        <ele>797.4000244140625</ele>
        <time>2026-07-27T13:29:09.000Z</time>
        <extensions>
          <ns3:TrackPointExtension>
            <ns3:hr>154</ns3:hr>
            <ns3:cad>79</ns3:cad>
          </ns3:TrackPointExtension>
        </extensions>
      </trkpt>
      <trkpt lat="43.85527099482715129852294921875" lon="87.51454317010939121246337890625">
        <ele>797.4000244140625</ele>
        <time>2026-07-27T13:29:10.000Z</time>
        <extensions>
          <ns3:TrackPointExtension>
            <ns3:hr>154</ns3:hr>
            <ns3:cad>79</ns3:cad>
          </ns3:TrackPointExtension>
        </extensions>
      </trkpt>
      <trkpt lat="43.85530167259275913238525390625" lon="87.51429774798452854156494140625">
        <ele>796.4000244140625</ele>
        <time>2026-07-27T13:29:18.000Z</time>
        <extensions>
          <ns3:TrackPointExtension>
            <ns3:hr>155</ns3:hr>
            <ns3:cad>79</ns3:cad>
          </ns3:TrackPointExtension>
        </extensions>
      </trkpt>
      <trkpt lat="43.85530469007790088653564453125" lon="87.51422868110239505767822265625">
        <ele>796.20001220703125</ele>
        <time>2026-07-27T13:29:20.000Z</time>
        <extensions>
          <ns3:TrackPointExtension>
            <ns3:hr>155</ns3:hr>
            <ns3:cad>79</ns3:cad>
          </ns3:TrackPointExtension>
        </extensions>
      </trkpt>
      <trkpt lat="43.85534249246120452880859375" lon="87.5139843486249446868896484375">
        <ele>798.5999755859375</ele>
        <time>2026-07-27T13:29:27.000Z</time>
        <extensions>
          <ns3:TrackPointExtension>
            <ns3:hr>154</ns3:hr>
            <ns3:cad>79</ns3:cad>
          </ns3:TrackPointExtension>
        </extensions>
      </trkpt>
      <trkpt lat="43.855341486632823944091796875" lon="87.51393531449139118194580078125">
        <ele>799</ele>
        <time>2026-07-27T13:29:29.000Z</time>
        <extensions>
          <ns3:TrackPointExtension>
            <ns3:hr>154</ns3:hr>
            <ns3:cad>77</ns3:cad>
          </ns3:TrackPointExtension>
        </extensions>
      </trkpt>
      <trkpt lat="43.855344839394092559814453125" lon="87.513835318386554718017578125">
        <ele>800.20001220703125</ele>
        <time>2026-07-27T13:29:34.000Z</time>
        <extensions>
          <ns3:TrackPointExtension>
            <ns3:hr>154</ns3:hr>
            <ns3:cad>77</ns3:cad>
          </ns3:TrackPointExtension>
        </extensions>
      </trkpt>
      <trkpt lat="43.8553681410849094390869140625" lon="87.51375141553580760955810546875">
        <ele>800.79998779296875</ele>
        <time>2026-07-27T13:29:40.000Z</time>
        <extensions>
          <ns3:TrackPointExtension>
            <ns3:hr>154</ns3:hr>
            <ns3:cad>54</ns3:cad>
          </ns3:TrackPointExtension>
        </extensions>
      </trkpt>
      <trkpt lat="43.85541717521846294403076171875" lon="87.51351605169475078582763671875">
        <ele>801.4000244140625</ele>
        <time>2026-07-27T13:29:52.000Z</time>
        <extensions>
          <ns3:TrackPointExtension>
            <ns3:hr>152</ns3:hr>
            <ns3:cad>76</ns3:cad>
          </ns3:TrackPointExtension>
        </extensions>
      </trkpt>
      <trkpt lat="43.85544307529926300048828125" lon="87.51330298371613025665283203125">
        <ele>802</ele>
        <time>2026-07-27T13:30:00.000Z</time>
        <extensions>
          <ns3:TrackPointExtension>
            <ns3:hr>149</ns3:hr>
            <ns3:cad>77</ns3:cad>
          </ns3:TrackPointExtension>
        </extensions>
      </trkpt>
      <trkpt lat="43.85544969700276851654052734375" lon="87.51327574253082275390625">
        <ele>802</ele>
        <time>2026-07-27T13:30:01.000Z</time>
        <extensions>
          <ns3:TrackPointExtension>
            <ns3:hr>148</ns3:hr>
            <ns3:cad>78</ns3:cad>
          </ns3:TrackPointExtension>
        </extensions>
      </trkpt>
      <trkpt lat="43.855497054755687713623046875" lon="87.51303778029978275299072265625">
        <ele>800.4000244140625</ele>
        <time>2026-07-27T13:30:10.000Z</time>
        <extensions>
          <ns3:TrackPointExtension>
            <ns3:hr>146</ns3:hr>
            <ns3:cad>78</ns3:cad>
          </ns3:TrackPointExtension>
        </extensions>
      </trkpt>
      <trkpt lat="43.85552580468356609344482421875" lon="87.51278548501431941986083984375">
        <ele>797.79998779296875</ele>
        <time>2026-07-27T13:30:19.000Z</time>
        <extensions>
          <ns3:TrackPointExtension>
            <ns3:hr>147</ns3:hr>
            <ns3:cad>79</ns3:cad>
          </ns3:TrackPointExtension>
        </extensions>
      </trkpt>
      <trkpt lat="43.8555582426488399505615234375" lon="87.5125222094357013702392578125">
        <ele>794.5999755859375</ele>
        <time>2026-07-27T13:30:28.000Z</time>
        <extensions>
          <ns3:TrackPointExtension>
            <ns3:hr>145</ns3:hr>
            <ns3:cad>78</ns3:cad>
          </ns3:TrackPointExtension>
        </extensions>
      </trkpt>
      <trkpt lat="43.8556038402020931243896484375" lon="87.51226387917995452880859375">
        <ele>792</ele>
        <time>2026-07-27T13:30:38.000Z</time>
        <extensions>
          <ns3:TrackPointExtension>
            <ns3:hr>146</ns3:hr>
            <ns3:cad>79</ns3:cad>
          </ns3:TrackPointExtension>
        </extensions>
      </trkpt>
      <trkpt lat="43.855608366429805755615234375" lon="87.51223127357661724090576171875">
        <ele>791.79998779296875</ele>
        <time>2026-07-27T13:30:39.000Z</time>
        <extensions>
          <ns3:TrackPointExtension>
            <ns3:hr>146</ns3:hr>
            <ns3:cad>79</ns3:cad>
          </ns3:TrackPointExtension>
        </extensions>
      </trkpt>
      <trkpt lat="43.855647929012775421142578125" lon="87.5119837559759616851806640625">
        <ele>790.5999755859375</ele>
        <time>2026-07-27T13:30:47.000Z</time>
        <extensions>
          <ns3:TrackPointExtension>
            <ns3:hr>148</ns3:hr>
            <ns3:cad>79</ns3:cad>
          </ns3:TrackPointExtension>
        </extensions>
      </trkpt>
      <trkpt lat="43.8556635193526744842529296875" lon="87.5118928961455821990966796875">
        <ele>789.5999755859375</ele>
        <time>2026-07-27T13:30:50.000Z</time>
        <extensions>
          <ns3:TrackPointExtension>
            <ns3:hr>149</ns3:hr>
            <ns3:cad>79</ns3:cad>
          </ns3:TrackPointExtension>
        </extensions>
      </trkpt>
      <trkpt lat="43.8556980527937412261962890625" lon="87.51162576489150524139404296875">
        <ele>785.79998779296875</ele>
        <time>2026-07-27T13:30:58.000Z</time>
        <extensions>
          <ns3:TrackPointExtension>
            <ns3:hr>149</ns3:hr>
            <ns3:cad>80</ns3:cad>
          </ns3:TrackPointExtension>
        </extensions>
      </trkpt>
      <trkpt lat="43.8557198457419872283935546875" lon="87.51135083846747875213623046875">
        <ele>783.4000244140625</ele>
        <time>2026-07-27T13:31:05.000Z</time>
        <extensions>
          <ns3:TrackPointExtension>
            <ns3:hr>149</ns3:hr>
            <ns3:cad>79</ns3:cad>
          </ns3:TrackPointExtension>
        </extensions>
      </trkpt>
      <trkpt lat="43.8557268865406513214111328125" lon="87.51120717264711856842041015625">
        <ele>782.20001220703125</ele>
        <time>2026-07-27T13:31:08.000Z</time>
        <extensions>
          <ns3:TrackPointExtension>
            <ns3:hr>150</ns3:hr>
            <ns3:cad>80</ns3:cad>
          </ns3:TrackPointExtension>
        </extensions>
      </trkpt>
      <trkpt lat="43.85573132894933223724365234375" lon="87.51093844883143901824951171875">
        <ele>781.5999755859375</ele>
        <time>2026-07-27T13:31:14.000Z</time>
        <extensions>
          <ns3:TrackPointExtension>
            <ns3:hr>151</ns3:hr>
            <ns3:cad>81</ns3:cad>
          </ns3:TrackPointExtension>
        </extensions>
      </trkpt>
      <trkpt lat="43.85570727288722991943359375" lon="87.51078438945114612579345703125">
        <ele>781.4000244140625</ele>
        <time>2026-07-27T13:31:18.000Z</time>
        <extensions>
          <ns3:TrackPointExtension>
            <ns3:hr>154</ns3:hr>
            <ns3:cad>79</ns3:cad>
          </ns3:TrackPointExtension>
        </extensions>
      </trkpt>
      <trkpt lat="43.8556983880698680877685546875" lon="87.5107244588434696197509765625">
        <ele>781.4000244140625</ele>
        <time>2026-07-27T13:31:20.000Z</time>
        <extensions>
          <ns3:TrackPointExtension>
            <ns3:hr>154</ns3:hr>
            <ns3:cad>78</ns3:cad>
          </ns3:TrackPointExtension>
        </extensions>
      </trkpt>
      <trkpt lat="43.8556933589279651641845703125" lon="87.51048750244081020355224609375">
        <ele>781.79998779296875</ele>
        <time>2026-07-27T13:31:27.000Z</time>
        <extensions>
          <ns3:TrackPointExtension>
            <ns3:hr>155</ns3:hr>
            <ns3:cad>79</ns3:cad>
          </ns3:TrackPointExtension>
        </extensions>
      </trkpt>
      <trkpt lat="43.85570081882178783416748046875" lon="87.51034668646752834320068359375">
        <ele>782</ele>
        <time>2026-07-27T13:31:31.000Z</time>
        <extensions>
          <ns3:TrackPointExtension>
            <ns3:hr>158</ns3:hr>
            <ns3:cad>79</ns3:cad>
          </ns3:TrackPointExtension>
        </extensions>
      </trkpt>
      <trkpt lat="43.85569629259407520294189453125" lon="87.5103006698191165924072265625">
        <ele>782</ele>
        <time>2026-07-27T13:31:33.000Z</time>
        <extensions>
          <ns3:TrackPointExtension>
            <ns3:hr>159</ns3:hr>
            <ns3:cad>79</ns3:cad>
          </ns3:TrackPointExtension>
        </extensions>
      </trkpt>
      <trkpt lat="43.85569025762379169464111328125" lon="87.51027191989123821258544921875">
        <ele>782</ele>
        <time>2026-07-27T13:31:35.000Z</time>
        <extensions>
          <ns3:TrackPointExtension>
            <ns3:hr>159</ns3:hr>
            <ns3:cad>79</ns3:cad>
          </ns3:TrackPointExtension>
        </extensions>
      </trkpt>
      <trkpt lat="43.85569495148956775665283203125" lon="87.51013546250760555267333984375">
        <ele>782.20001220703125</ele>
        <time>2026-07-27T13:31:43.000Z</time>
        <extensions>
          <ns3:TrackPointExtension>
            <ns3:hr>160</ns3:hr>
            <ns3:cad>55</ns3:cad>
          </ns3:TrackPointExtension>
        </extensions>
      </trkpt>
      <trkpt lat="43.8557017408311367034912109375" lon="87.50986791215837001800537109375">
        <ele>783</ele>
        <time>2026-07-27T13:31:54.000Z</time>
        <extensions>
          <ns3:TrackPointExtension>
            <ns3:hr>159</ns3:hr>
            <ns3:cad>78</ns3:cad>
          </ns3:TrackPointExtension>
        </extensions>
      </trkpt>
      <trkpt lat="43.8556846417486667633056640625" lon="87.50960187055170536041259765625">
        <ele>784.79998779296875</ele>
        <time>2026-07-27T13:32:03.000Z</time>
        <extensions>
          <ns3:TrackPointExtension>
            <ns3:hr>158</ns3:hr>
            <ns3:cad>79</ns3:cad>
          </ns3:TrackPointExtension>
        </extensions>
      </trkpt>
      <trkpt lat="43.855673409998416900634765625" lon="87.5095429457724094390869140625">
        <ele>785.4000244140625</ele>
        <time>2026-07-27T13:32:05.000Z</time>
        <extensions>
          <ns3:TrackPointExtension>
            <ns3:hr>157</ns3:hr>
            <ns3:cad>78</ns3:cad>
          </ns3:TrackPointExtension>
        </extensions>
      </trkpt>
      <trkpt lat="43.85568958707153797149658203125" lon="87.509344629943370819091796875">
        <ele>788.4000244140625</ele>
        <time>2026-07-27T13:32:11.000Z</time>
        <extensions>
          <ns3:TrackPointExtension>
            <ns3:hr>155</ns3:hr>
            <ns3:cad>79</ns3:cad>
          </ns3:TrackPointExtension>
        </extensions>
      </trkpt>
      <trkpt lat="43.855682797729969024658203125" lon="87.50907615758478641510009765625">
        <ele>793</ele>
        <time>2026-07-27T13:32:19.000Z</time>
        <extensions>
          <ns3:TrackPointExtension>
            <ns3:hr>156</ns3:hr>
            <ns3:cad>79</ns3:cad>
          </ns3:TrackPointExtension>
        </extensions>
      </trkpt>
      <trkpt lat="43.85568338446319103240966796875" lon="87.50897591002285480499267578125">
        <ele>794.20001220703125</ele>
        <time>2026-07-27T13:32:22.000Z</time>
        <extensions>
          <ns3:TrackPointExtension>
            <ns3:hr>157</ns3:hr>
            <ns3:cad>79</ns3:cad>
          </ns3:TrackPointExtension>
        </extensions>
      </trkpt>
      <trkpt lat="43.855676762759685516357421875" lon="87.50870483927428722381591796875">
        <ele>797.79998779296875</ele>
        <time>2026-07-27T13:32:30.000Z</time>
        <extensions>
          <ns3:TrackPointExtension>
            <ns3:hr>157</ns3:hr>
            <ns3:cad>81</ns3:cad>
          </ns3:TrackPointExtension>
        </extensions>
      </trkpt>
      <trkpt lat="43.85568179190158843994140625" lon="87.50861247070133686065673828125">
        <ele>798.4000244140625</ele>
        <time>2026-07-27T13:32:33.000Z</time>
        <extensions>
          <ns3:TrackPointExtension>
            <ns3:hr>157</ns3:hr>
            <ns3:cad>79</ns3:cad>
          </ns3:TrackPointExtension>
        </extensions>
      </trkpt>
      <trkpt lat="43.85568673722445964813232421875" lon="87.5084911845624446868896484375">
        <ele>798.79998779296875</ele>
        <time>2026-07-27T13:32:37.000Z</time>
        <extensions>
          <ns3:TrackPointExtension>
            <ns3:hr>160</ns3:hr>
            <ns3:cad>79</ns3:cad>
          </ns3:TrackPointExtension>
        </extensions>
      </trkpt>
      <trkpt lat="43.8556799478828907012939453125" lon="87.508287839591503143310546875">
        <ele>798.20001220703125</ele>
        <time>2026-07-27T13:32:43.000Z</time>
        <extensions>
          <ns3:TrackPointExtension>
            <ns3:hr>162</ns3:hr>
            <ns3:cad>79</ns3:cad>
          </ns3:TrackPointExtension>
        </extensions>
      </trkpt>
      <trkpt lat="43.8556739129126071929931640625" lon="87.5080261565744876861572265625">
        <ele>797</ele>
        <time>2026-07-27T13:32:51.000Z</time>
        <extensions>
          <ns3:TrackPointExtension>
            <ns3:hr>161</ns3:hr>
            <ns3:cad>79</ns3:cad>
          </ns3:TrackPointExtension>
        </extensions>
      </trkpt>
      <trkpt lat="43.85567399673163890838623046875" lon="87.507923729717731475830078125">
        <ele>796.20001220703125</ele>
        <time>2026-07-27T13:32:54.000Z</time>
        <extensions>
          <ns3:TrackPointExtension>
            <ns3:hr>161</ns3:hr>
            <ns3:cad>79</ns3:cad>
          </ns3:TrackPointExtension>
        </extensions>
      </trkpt>
      <trkpt lat="43.855708278715610504150390625" lon="87.507656849920749664306640625">
        <ele>793</ele>
        <time>2026-07-27T13:33:02.000Z</time>
        <extensions>
          <ns3:TrackPointExtension>
            <ns3:hr>160</ns3:hr>
            <ns3:cad>79</ns3:cad>
          </ns3:TrackPointExtension>
        </extensions>
      </trkpt>
      <trkpt lat="43.85572495870292186737060546875" lon="87.5076141022145748138427734375">
        <ele>792.79998779296875</ele>
        <time>2026-07-27T13:33:05.000Z</time>
        <extensions>
          <ns3:TrackPointExtension>
            <ns3:hr>159</ns3:hr>
            <ns3:cad>80</ns3:cad>
          </ns3:TrackPointExtension>
        </extensions>
      </trkpt>
      <trkpt lat="43.85576133616268634796142578125" lon="87.50752600841224193572998046875">
        <ele>792.20001220703125</ele>
        <time>2026-07-27T13:33:12.000Z</time>
        <extensions>
          <ns3:TrackPointExtension>
            <ns3:hr>159</ns3:hr>
            <ns3:cad>53</ns3:cad>
          </ns3:TrackPointExtension>
        </extensions>
      </trkpt>
      <trkpt lat="43.85576401837170124053955078125" lon="87.50741402618587017059326171875">
        <ele>791.4000244140625</ele>
        <time>2026-07-27T13:33:19.000Z</time>
        <extensions>
          <ns3:TrackPointExtension>
            <ns3:hr>160</ns3:hr>
            <ns3:cad>54</ns3:cad>
          </ns3:TrackPointExtension>
        </extensions>
      </trkpt>
      <trkpt lat="43.85576494038105010986328125" lon="87.50723465345799922943115234375">
        <ele>790</ele>
        <time>2026-07-27T13:33:26.000Z</time>
        <extensions>
          <ns3:TrackPointExtension>
            <ns3:hr>158</ns3:hr>
            <ns3:cad>80</ns3:cad>
          </ns3:TrackPointExtension>
        </extensions>
      </trkpt>
      <trkpt lat="43.8557589054107666015625" lon="87.50714085996150970458984375">
        <ele>789.4000244140625</ele>
        <time>2026-07-27T13:33:29.000Z</time>
        <extensions>
          <ns3:TrackPointExtension>
            <ns3:hr>155</ns3:hr>
            <ns3:cad>79</ns3:cad>
          </ns3:TrackPointExtension>
        </extensions>
      </trkpt>
      <trkpt lat="43.8557414710521697998046875" lon="87.50696157105267047882080078125">
        <ele>788.4000244140625</ele>
        <time>2026-07-27T13:33:35.000Z</time>
        <extensions>
          <ns3:TrackPointExtension>
            <ns3:hr>154</ns3:hr>
            <ns3:cad>79</ns3:cad>
          </ns3:TrackPointExtension>
        </extensions>
      </trkpt>
      <trkpt lat="43.85574909858405590057373046875" lon="87.506706006824970245361328125">
        <ele>787.4000244140625</ele>
        <time>2026-07-27T13:33:43.000Z</time>
        <extensions>
          <ns3:TrackPointExtension>
            <ns3:hr>153</ns3:hr>
            <ns3:cad>80</ns3:cad>
          </ns3:TrackPointExtension>
        </extensions>
      </trkpt>
      <trkpt lat="43.85576150380074977874755859375" lon="87.506616823375225067138671875">
        <ele>786.5999755859375</ele>
        <time>2026-07-27T13:33:46.000Z</time>
        <extensions>
          <ns3:TrackPointExtension>
            <ns3:hr>154</ns3:hr>
            <ns3:cad>80</ns3:cad>
          </ns3:TrackPointExtension>
        </extensions>
      </trkpt>
      <trkpt lat="43.85575731284916400909423828125" lon="87.50634298659861087799072265625">
        <ele>784.4000244140625</ele>
        <time>2026-07-27T13:33:55.000Z</time>
        <extensions>
          <ns3:TrackPointExtension>
            <ns3:hr>157</ns3:hr>
            <ns3:cad>81</ns3:cad>
          </ns3:TrackPointExtension>
        </extensions>
      </trkpt>
      <trkpt lat="43.8557537086308002471923828125" lon="87.5063128955662250518798828125">
        <ele>784.20001220703125</ele>
        <time>2026-07-27T13:33:56.000Z</time>
        <extensions>
          <ns3:TrackPointExtension>
            <ns3:hr>154</ns3:hr>
            <ns3:cad>81</ns3:cad>
          </ns3:TrackPointExtension>
        </extensions>
      </trkpt>
      <trkpt lat="43.85574591346085071563720703125" lon="87.5062223710119724273681640625">
        <ele>783.20001220703125</ele>
        <time>2026-07-27T13:33:59.000Z</time>
        <extensions>
          <ns3:TrackPointExtension>
            <ns3:hr>157</ns3:hr>
            <ns3:cad>81</ns3:cad>
          </ns3:TrackPointExtension>
        </extensions>
      </trkpt>
      <trkpt lat="43.85574675165116786956787109375" lon="87.50602447427809238433837890625">
        <ele>781.4000244140625</ele>
        <time>2026-07-27T13:34:05.000Z</time>
        <extensions>
          <ns3:TrackPointExtension>
            <ns3:hr>160</ns3:hr>
            <ns3:cad>81</ns3:cad>
          </ns3:TrackPointExtension>
        </extensions>
      </trkpt>
      <trkpt lat="43.85574624873697757720947265625" lon="87.5059943832457065582275390625">
        <ele>781.20001220703125</ele>
        <time>2026-07-27T13:34:06.000Z</time>
        <extensions>
          <ns3:TrackPointExtension>
            <ns3:hr>160</ns3:hr>
            <ns3:cad>81</ns3:cad>
          </ns3:TrackPointExtension>
        </extensions>
      </trkpt>
      <trkpt lat="43.85574574582278728485107421875" lon="87.50596337020397186279296875">
        <ele>781</ele>
        <time>2026-07-27T13:34:07.000Z</time>
        <extensions>
          <ns3:TrackPointExtension>
            <ns3:hr>160</ns3:hr>
            <ns3:cad>81</ns3:cad>
          </ns3:TrackPointExtension>
        </extensions>
      </trkpt>
      <trkpt lat="43.8557386212050914764404296875" lon="87.5058280862867832183837890625">
        <ele>780.4000244140625</ele>
        <time>2026-07-27T13:34:12.000Z</time>
        <extensions>
          <ns3:TrackPointExtension>
            <ns3:hr>159</ns3:hr>
            <ns3:cad>81</ns3:cad>
          </ns3:TrackPointExtension>
        </extensions>
      </trkpt>
      <trkpt lat="43.85572982020676136016845703125" lon="87.50576882623136043548583984375">
        <ele>780.4000244140625</ele>
        <time>2026-07-27T13:34:15.000Z</time>
        <extensions>
          <ns3:TrackPointExtension>
            <ns3:hr>161</ns3:hr>
            <ns3:cad>81</ns3:cad>
          </ns3:TrackPointExtension>
        </extensions>
      </trkpt>
      <trkpt lat="43.85575245134532451629638671875" lon="87.5056450255215167999267578125">
        <ele>780.79998779296875</ele>
        <time>2026-07-27T13:34:21.000Z</time>
        <extensions>
          <ns3:TrackPointExtension>
            <ns3:hr>159</ns3:hr>
            <ns3:cad>56</ns3:cad>
          </ns3:TrackPointExtension>
        </extensions>
      </trkpt>
      <trkpt lat="43.85575613938271999359130859375" lon="87.50561627559363842010498046875">
        <ele>781</ele>
        <time>2026-07-27T13:34:23.000Z</time>
        <extensions>
          <ns3:TrackPointExtension>
            <ns3:hr>156</ns3:hr>
            <ns3:cad>56</ns3:cad>
          </ns3:TrackPointExtension>
        </extensions>
      </trkpt>
      <trkpt lat="43.85576904751360416412353515625" lon="87.50555240549147129058837890625">
        <ele>781.20001220703125</ele>
        <time>2026-07-27T13:34:28.000Z</time>
        <extensions>
          <ns3:TrackPointExtension>
            <ns3:hr>153</ns3:hr>
            <ns3:cad>56</ns3:cad>
          </ns3:TrackPointExtension>
        </extensions>
      </trkpt>
      <trkpt lat="43.855776004493236541748046875" lon="87.50551544129848480224609375">
        <ele>781.5999755859375</ele>
        <time>2026-07-27T13:34:30.000Z</time>
        <extensions>
          <ns3:TrackPointExtension>
            <ns3:hr>153</ns3:hr>
            <ns3:cad>0</ns3:cad>
          </ns3:TrackPointExtension>
        </extensions>
      </trkpt>
      <trkpt lat="43.85576871223747730255126953125" lon="87.50540421344339847564697265625">
        <ele>782.79998779296875</ele>
        <time>2026-07-27T13:34:34.000Z</time>
        <extensions>
          <ns3:TrackPointExtension>
            <ns3:hr>150</ns3:hr>
            <ns3:cad>78</ns3:cad>
          </ns3:TrackPointExtension>
        </extensions>
      </trkpt>
      <trkpt lat="43.85577374137938022613525390625" lon="87.50525367446243762969970703125">
        <ele>784.79998779296875</ele>
        <time>2026-07-27T13:34:40.000Z</time>
        <extensions>
          <ns3:TrackPointExtension>
            <ns3:hr>148</ns3:hr>
            <ns3:cad>79</ns3:cad>
          </ns3:TrackPointExtension>
        </extensions>
      </trkpt>
      <trkpt lat="43.85576359927654266357421875" lon="87.5052331387996673583984375">
        <ele>785.20001220703125</ele>
        <time>2026-07-27T13:34:42.000Z</time>
        <extensions>
          <ns3:TrackPointExtension>
            <ns3:hr>148</ns3:hr>
            <ns3:cad>78</ns3:cad>
          </ns3:TrackPointExtension>
        </extensions>
      </trkpt>
      <trkpt lat="43.85569461621344089508056640625" lon="87.50525434501469135284423828125">
        <ele>784.4000244140625</ele>
        <time>2026-07-27T13:34:45.000Z</time>
        <extensions>
          <ns3:TrackPointExtension>
            <ns3:hr>147</ns3:hr>
            <ns3:cad>78</ns3:cad>
          </ns3:TrackPointExtension>
        </extensions>
      </trkpt>
      <trkpt lat="43.855548016726970672607421875" lon="87.50536263920366764068603515625">
        <ele>782.5999755859375</ele>
        <time>2026-07-27T13:34:51.000Z</time>
        <extensions>
          <ns3:TrackPointExtension>
            <ns3:hr>145</ns3:hr>
            <ns3:cad>78</ns3:cad>
          </ns3:TrackPointExtension>
        </extensions>
      </trkpt>
      <trkpt lat="43.8555471785366535186767578125" lon="87.505521140992641448974609375">
        <ele>781.5999755859375</ele>
        <time>2026-07-27T13:34:56.000Z</time>
        <extensions>
          <ns3:TrackPointExtension>
            <ns3:hr>147</ns3:hr>
            <ns3:cad>78</ns3:cad>
          </ns3:TrackPointExtension>
        </extensions>
      </trkpt>
      <trkpt lat="43.85555245913565158843994140625" lon="87.50570042990148067474365234375">
        <ele>781</ele>
        <time>2026-07-27T13:35:02.000Z</time>
        <extensions>
          <ns3:TrackPointExtension>
            <ns3:hr>150</ns3:hr>
            <ns3:cad>79</ns3:cad>
          </ns3:TrackPointExtension>
        </extensions>
      </trkpt>
      <trkpt lat="43.85556201450526714324951171875" lon="87.5057804770767688751220703125">
        <ele>781</ele>
        <time>2026-07-27T13:35:07.000Z</time>
        <extensions>
          <ns3:TrackPointExtension>
            <ns3:hr>153</ns3:hr>
            <ns3:cad>78</ns3:cad>
          </ns3:TrackPointExtension>
        </extensions>
      </trkpt>
      <trkpt lat="43.855563439428806304931640625" lon="87.50578693114221096038818359375">
        <ele>781</ele>
        <time>2026-07-27T13:35:08.000Z</time>
        <extensions>
          <ns3:TrackPointExtension>
            <ns3:hr>152</ns3:hr>
            <ns3:cad>78</ns3:cad>
          </ns3:TrackPointExtension>
        </extensions>
      </trkpt>
      <trkpt lat="43.85553368367254734039306640625" lon="87.5058250688016414642333984375">
        <ele>781.20001220703125</ele>
        <time>2026-07-27T13:35:12.000Z</time>
        <extensions>
          <ns3:TrackPointExtension>
            <ns3:hr>151</ns3:hr>
            <ns3:cad>0</ns3:cad>
          </ns3:TrackPointExtension>
        </extensions>
      </trkpt>
      <trkpt lat="43.85551725514233112335205078125" lon="87.5058602727949619293212890625">
        <ele>781.20001220703125</ele>
        <time>2026-07-27T13:35:14.000Z</time>
        <extensions>
          <ns3:TrackPointExtension>
            <ns3:hr>150</ns3:hr>
            <ns3:cad>0</ns3:cad>
          </ns3:TrackPointExtension>
        </extensions>
      </trkpt>
      <trkpt lat="43.85549546219408512115478515625" lon="87.50598608516156673431396484375">
        <ele>782.20001220703125</ele>
        <time>2026-07-27T13:35:21.000Z</time>
        <extensions>
          <ns3:TrackPointExtension>
            <ns3:hr>150</ns3:hr>
            <ns3:cad>0</ns3:cad>
          </ns3:TrackPointExtension>
        </extensions>
      </trkpt>
      <trkpt lat="43.85548599064350128173828125" lon="87.5062206946313381195068359375">
        <ele>784</ele>
        <time>2026-07-27T13:35:30.000Z</time>
        <extensions>
          <ns3:TrackPointExtension>
            <ns3:hr>149</ns3:hr>
            <ns3:cad>79</ns3:cad>
          </ns3:TrackPointExtension>
        </extensions>
      </trkpt>
      <trkpt lat="43.8554828055202960968017578125" lon="87.50636209733784198760986328125">
        <ele>785.5999755859375</ele>
        <time>2026-07-27T13:35:35.000Z</time>
        <extensions>
          <ns3:TrackPointExtension>
            <ns3:hr>146</ns3:hr>
            <ns3:cad>79</ns3:cad>
          </ns3:TrackPointExtension>
        </extensions>
      </trkpt>
      <trkpt lat="43.8554774411022663116455078125" lon="87.50643812119960784912109375">
        <ele>786</ele>
        <time>2026-07-27T13:35:38.000Z</time>
        <extensions>
          <ns3:TrackPointExtension>
            <ns3:hr>145</ns3:hr>
            <ns3:cad>79</ns3:cad>
          </ns3:TrackPointExtension>
        </extensions>
      </trkpt>
      <trkpt lat="43.85547794401645660400390625" lon="87.5066873989999294281005859375">
        <ele>787.79998779296875</ele>
        <time>2026-07-27T13:35:47.000Z</time>
        <extensions>
          <ns3:TrackPointExtension>
            <ns3:hr>146</ns3:hr>
            <ns3:cad>79</ns3:cad>
          </ns3:TrackPointExtension>
        </extensions>
      </trkpt>
      <trkpt lat="43.8554794527590274810791015625" lon="87.50671447254717350006103515625">
        <ele>788</ele>
        <time>2026-07-27T13:35:48.000Z</time>
        <extensions>
          <ns3:TrackPointExtension>
            <ns3:hr>147</ns3:hr>
            <ns3:cad>79</ns3:cad>
          </ns3:TrackPointExtension>
        </extensions>
      </trkpt>
      <trkpt lat="43.855473585426807403564453125" lon="87.5069673545658588409423828125">
        <ele>789</ele>
        <time>2026-07-27T13:35:57.000Z</time>
        <extensions>
          <ns3:TrackPointExtension>
            <ns3:hr>149</ns3:hr>
            <ns3:cad>79</ns3:cad>
          </ns3:TrackPointExtension>
        </extensions>
      </trkpt>
      <trkpt lat="43.855477608740329742431640625" lon="87.50709232874214649200439453125">
        <ele>789.79998779296875</ele>
        <time>2026-07-27T13:36:01.000Z</time>
        <extensions>
          <ns3:TrackPointExtension>
            <ns3:hr>150</ns3:hr>
            <ns3:cad>79</ns3:cad>
          </ns3:TrackPointExtension>
        </extensions>
      </trkpt>
      <trkpt lat="43.855476938188076019287109375" lon="87.50735837034881114959716796875">
        <ele>791.5999755859375</ele>
        <time>2026-07-27T13:36:10.000Z</time>
        <extensions>
          <ns3:TrackPointExtension>
            <ns3:hr>151</ns3:hr>
            <ns3:cad>80</ns3:cad>
          </ns3:TrackPointExtension>
        </extensions>
      </trkpt>
      <trkpt lat="43.85544852353632450103759765625" lon="87.50747169367969036102294921875">
        <ele>793.20001220703125</ele>
        <time>2026-07-27T13:36:15.000Z</time>
        <extensions>
          <ns3:TrackPointExtension>
            <ns3:hr>151</ns3:hr>
            <ns3:cad>80</ns3:cad>
          </ns3:TrackPointExtension>
        </extensions>
      </trkpt>
      <trkpt lat="43.85545204393565654754638671875" lon="87.50759012997150421142578125">
        <ele>795.4000244140625</ele>
        <time>2026-07-27T13:36:22.000Z</time>
        <extensions>
          <ns3:TrackPointExtension>
            <ns3:hr>152</ns3:hr>
            <ns3:cad>56</ns3:cad>
          </ns3:TrackPointExtension>
        </extensions>
      </trkpt>
      <trkpt lat="43.85547584854066371917724609375" lon="87.507709823548793792724609375">
        <ele>796.79998779296875</ele>
        <time>2026-07-27T13:36:29.000Z</time>
        <extensions>
          <ns3:TrackPointExtension>
            <ns3:hr>153</ns3:hr>
            <ns3:cad>56</ns3:cad>
          </ns3:TrackPointExtension>
        </extensions>
      </trkpt>
      <trkpt lat="43.85549495927989482879638671875" lon="87.50778316520154476165771484375">
        <ele>797.5999755859375</ele>
        <time>2026-07-27T13:36:33.000Z</time>
        <extensions>
          <ns3:TrackPointExtension>
            <ns3:hr>150</ns3:hr>
            <ns3:cad>58</ns3:cad>
          </ns3:TrackPointExtension>
        </extensions>
      </trkpt>
      <trkpt lat="43.8554988987743854522705078125" lon="87.50786866061389446258544921875">
        <ele>798.4000244140625</ele>
        <time>2026-07-27T13:36:36.000Z</time>
        <extensions>
          <ns3:TrackPointExtension>
            <ns3:hr>148</ns3:hr>
            <ns3:cad>78</ns3:cad>
          </ns3:TrackPointExtension>
        </extensions>
      </trkpt>
      <trkpt lat="43.85550552047789096832275390625" lon="87.50796337611973285675048828125">
        <ele>799</ele>
        <time>2026-07-27T13:36:39.000Z</time>
        <extensions>
          <ns3:TrackPointExtension>
            <ns3:hr>145</ns3:hr>
            <ns3:cad>79</ns3:cad>
          </ns3:TrackPointExtension>
        </extensions>
      </trkpt>
      <trkpt lat="43.8555025868117809295654296875" lon="87.50815364532172679901123046875">
        <ele>800</ele>
        <time>2026-07-27T13:36:45.000Z</time>
        <extensions>
          <ns3:TrackPointExtension>
            <ns3:hr>145</ns3:hr>
            <ns3:cad>80</ns3:cad>
          </ns3:TrackPointExtension>
        </extensions>
      </trkpt>
      <trkpt lat="43.85549697093665599822998046875" lon="87.5083887577056884765625">
        <ele>800.20001220703125</ele>
        <time>2026-07-27T13:36:52.000Z</time>
        <extensions>
          <ns3:TrackPointExtension>
            <ns3:hr>145</ns3:hr>
            <ns3:cad>79</ns3:cad>
          </ns3:TrackPointExtension>
        </extensions>
      </trkpt>
      <trkpt lat="43.85549177415668964385986328125" lon="87.50855446793138980865478515625">
        <ele>799.5999755859375</ele>
        <time>2026-07-27T13:36:57.000Z</time>
        <extensions>
          <ns3:TrackPointExtension>
            <ns3:hr>148</ns3:hr>
            <ns3:cad>79</ns3:cad>
          </ns3:TrackPointExtension>
        </extensions>
      </trkpt>
      <trkpt lat="43.8554888404905796051025390625" lon="87.5087320804595947265625">
        <ele>798</ele>
        <time>2026-07-27T13:37:02.000Z</time>
        <extensions>
          <ns3:TrackPointExtension>
            <ns3:hr>149</ns3:hr>
            <ns3:cad>81</ns3:cad>
          </ns3:TrackPointExtension>
        </extensions>
      </trkpt>
      <trkpt lat="43.85549060069024562835693359375" lon="87.50901035964488983154296875">
        <ele>794.20001220703125</ele>
        <time>2026-07-27T13:37:10.000Z</time>
        <extensions>
          <ns3:TrackPointExtension>
            <ns3:hr>151</ns3:hr>
            <ns3:cad>81</ns3:cad>
          </ns3:TrackPointExtension>
        </extensions>
      </trkpt>
      <trkpt lat="43.8554901815950870513916015625" lon="87.50908219255506992340087890625">
        <ele>793.20001220703125</ele>
        <time>2026-07-27T13:37:12.000Z</time>
        <extensions>
          <ns3:TrackPointExtension>
            <ns3:hr>152</ns3:hr>
            <ns3:cad>81</ns3:cad>
          </ns3:TrackPointExtension>
        </extensions>
      </trkpt>
      <trkpt lat="43.85547014884650707244873046875" lon="87.50933222472667694091796875">
        <ele>789.4000244140625</ele>
        <time>2026-07-27T13:37:19.000Z</time>
        <extensions>
          <ns3:TrackPointExtension>
            <ns3:hr>153</ns3:hr>
            <ns3:cad>81</ns3:cad>
          </ns3:TrackPointExtension>
        </extensions>
      </trkpt>
      <trkpt lat="43.8554707355797290802001953125" lon="87.50956968404352664947509765625">
        <ele>786.4000244140625</ele>
        <time>2026-07-27T13:37:26.000Z</time>
        <extensions>
          <ns3:TrackPointExtension>
            <ns3:hr>155</ns3:hr>
            <ns3:cad>81</ns3:cad>
          </ns3:TrackPointExtension>
        </extensions>
      </trkpt>
      <trkpt lat="43.85547048412263393402099609375" lon="87.50966171734035015106201171875">
        <ele>785.4000244140625</ele>
        <time>2026-07-27T13:37:29.000Z</time>
        <extensions>
          <ns3:TrackPointExtension>
            <ns3:hr>158</ns3:hr>
            <ns3:cad>81</ns3:cad>
          </ns3:TrackPointExtension>
        </extensions>
      </trkpt>
      <trkpt lat="43.855468891561031341552734375" lon="87.5099254958331584930419921875">
        <ele>783.5999755859375</ele>
        <time>2026-07-27T13:37:37.000Z</time>
        <extensions>
          <ns3:TrackPointExtension>
            <ns3:hr>158</ns3:hr>
            <ns3:cad>81</ns3:cad>
          </ns3:TrackPointExtension>
        </extensions>
      </trkpt>
      <trkpt lat="43.85546461679041385650634765625" lon="87.51020167954266071319580078125">
        <ele>782.79998779296875</ele>
        <time>2026-07-27T13:37:46.000Z</time>
        <extensions>
          <ns3:TrackPointExtension>
            <ns3:hr>160</ns3:hr>
            <ns3:cad>80</ns3:cad>
          </ns3:TrackPointExtension>
        </extensions>
      </trkpt>
      <trkpt lat="43.85546662844717502593994140625" lon="87.5102279148995876312255859375">
        <ele>782.79998779296875</ele>
        <time>2026-07-27T13:37:47.000Z</time>
        <extensions>
          <ns3:TrackPointExtension>
            <ns3:hr>160</ns3:hr>
            <ns3:cad>80</ns3:cad>
          </ns3:TrackPointExtension>
        </extensions>
      </trkpt>
      <trkpt lat="43.85545112192630767822265625" lon="87.51038189046084880828857421875">
        <ele>782.20001220703125</ele>
        <time>2026-07-27T13:37:54.000Z</time>
        <extensions>
          <ns3:TrackPointExtension>
            <ns3:hr>161</ns3:hr>
            <ns3:cad>57</ns3:cad>
          </ns3:TrackPointExtension>
        </extensions>
      </trkpt>
      <trkpt lat="43.85545589961111545562744140625" lon="87.51053980551660060882568359375">
        <ele>781.79998779296875</ele>
        <time>2026-07-27T13:38:03.000Z</time>
        <extensions>
          <ns3:TrackPointExtension>
            <ns3:hr>162</ns3:hr>
            <ns3:cad>55</ns3:cad>
          </ns3:TrackPointExtension>
        </extensions>
      </trkpt>
      <trkpt lat="43.8554355315864086151123046875" lon="87.51067022792994976043701171875">
        <ele>781.5999755859375</ele>
        <time>2026-07-27T13:38:10.000Z</time>
        <extensions>
          <ns3:TrackPointExtension>
            <ns3:hr>159</ns3:hr>
            <ns3:cad>0</ns3:cad>
          </ns3:TrackPointExtension>
        </extensions>
      </trkpt>
      <trkpt lat="43.85543192736804485321044921875" lon="87.51078329980373382568359375">
        <ele>781.5999755859375</ele>
        <time>2026-07-27T13:38:14.000Z</time>
        <extensions>
          <ns3:TrackPointExtension>
            <ns3:hr>156</ns3:hr>
            <ns3:cad>0</ns3:cad>
          </ns3:TrackPointExtension>
        </extensions>
      </trkpt>
      <trkpt lat="43.8554077036678791046142578125" lon="87.5109058432281017303466796875">
        <ele>782.4000244140625</ele>
        <time>2026-07-27T13:38:18.000Z</time>
        <extensions>
          <ns3:TrackPointExtension>
            <ns3:hr>152</ns3:hr>
            <ns3:cad>79</ns3:cad>
          </ns3:TrackPointExtension>
        </extensions>
      </trkpt>
      <trkpt lat="43.85536554269492626190185546875" lon="87.51097449101507663726806640625">
        <ele>783</ele>
        <time>2026-07-27T13:38:21.000Z</time>
        <extensions>
          <ns3:TrackPointExtension>
            <ns3:hr>151</ns3:hr>
            <ns3:cad>79</ns3:cad>
          </ns3:TrackPointExtension>
        </extensions>
      </trkpt>
      <trkpt lat="43.85523478500545024871826171875" lon="87.51101120375096797943115234375">
        <ele>785.4000244140625</ele>
        <time>2026-07-27T13:38:28.000Z</time>
        <extensions>
          <ns3:TrackPointExtension>
            <ns3:hr>149</ns3:hr>
            <ns3:cad>79</ns3:cad>
          </ns3:TrackPointExtension>
        </extensions>
      </trkpt>
      <trkpt lat="43.85503797791898250579833984375" lon="87.5109972059726715087890625">
        <ele>789.20001220703125</ele>
        <time>2026-07-27T13:38:37.000Z</time>
        <extensions>
          <ns3:TrackPointExtension>
            <ns3:hr>150</ns3:hr>
            <ns3:cad>79</ns3:cad>
          </ns3:TrackPointExtension>
        </extensions>
      </trkpt>
      <trkpt lat="43.8549426756799221038818359375" lon="87.511004917323589324951171875">
        <ele>790.5999755859375</ele>
        <time>2026-07-27T13:38:41.000Z</time>
        <extensions>
          <ns3:TrackPointExtension>
            <ns3:hr>153</ns3:hr>
            <ns3:cad>80</ns3:cad>
          </ns3:TrackPointExtension>
        </extensions>
      </trkpt>
      <trkpt lat="43.854803033173084259033203125" lon="87.51098471693694591522216796875">
        <ele>792.5999755859375</ele>
        <time>2026-07-27T13:38:47.000Z</time>
        <extensions>
          <ns3:TrackPointExtension>
            <ns3:hr>155</ns3:hr>
            <ns3:cad>81</ns3:cad>
          </ns3:TrackPointExtension>
        </extensions>
      </trkpt>
      <trkpt lat="43.85460949502885341644287109375" lon="87.51095772720873355865478515625">
        <ele>793.79998779296875</ele>
        <time>2026-07-27T13:38:55.000Z</time>
        <extensions>
          <ns3:TrackPointExtension>
            <ns3:hr>155</ns3:hr>
            <ns3:cad>81</ns3:cad>
          </ns3:TrackPointExtension>
        </extensions>
      </trkpt>
      <trkpt lat="43.85456775315105915069580078125" lon="87.5109537877142429351806640625">
        <ele>793.79998779296875</ele>
        <time>2026-07-27T13:38:57.000Z</time>
        <extensions>
          <ns3:TrackPointExtension>
            <ns3:hr>156</ns3:hr>
            <ns3:cad>81</ns3:cad>
          </ns3:TrackPointExtension>
        </extensions>
      </trkpt>
      <trkpt lat="43.85445090942084789276123046875" lon="87.51094129867851734161376953125">
        <ele>794</ele>
        <time>2026-07-27T13:39:02.000Z</time>
        <extensions>
          <ns3:TrackPointExtension>
            <ns3:hr>159</ns3:hr>
            <ns3:cad>81</ns3:cad>
          </ns3:TrackPointExtension>
        </extensions>
      </trkpt>
      <trkpt lat="43.85440598241984844207763671875" lon="87.5109457410871982574462890625">
        <ele>793.79998779296875</ele>
        <time>2026-07-27T13:39:05.000Z</time>
        <extensions>
          <ns3:TrackPointExtension>
            <ns3:hr>160</ns3:hr>
            <ns3:cad>82</ns3:cad>
          </ns3:TrackPointExtension>
        </extensions>
      </trkpt>
      <trkpt lat="43.85432702489197254180908203125" lon="87.51093526370823383331298828125">
        <ele>793.4000244140625</ele>
        <time>2026-07-27T13:39:12.000Z</time>
        <extensions>
          <ns3:TrackPointExtension>
            <ns3:hr>163</ns3:hr>
            <ns3:cad>55</ns3:cad>
          </ns3:TrackPointExtension>
        </extensions>
      </trkpt>
      <trkpt lat="43.85424789972603321075439453125" lon="87.510931827127933502197265625">
        <ele>793.20001220703125</ele>
        <time>2026-07-27T13:39:17.000Z</time>
        <extensions>
          <ns3:TrackPointExtension>
            <ns3:hr>163</ns3:hr>
            <ns3:cad>56</ns3:cad>
          </ns3:TrackPointExtension>
        </extensions>
      </trkpt>
      <trkpt lat="43.8541007973253726959228515625" lon="87.5109323300421237945556640625">
        <ele>793.20001220703125</ele>
        <time>2026-07-27T13:39:26.000Z</time>
        <extensions>
          <ns3:TrackPointExtension>
            <ns3:hr>162</ns3:hr>
            <ns3:cad>81</ns3:cad>
          </ns3:TrackPointExtension>
        </extensions>
      </trkpt>
      <trkpt lat="43.85397615842521190643310546875" lon="87.51091866753995418548583984375">
        <ele>793.20001220703125</ele>
        <time>2026-07-27T13:39:32.000Z</time>
        <extensions>
          <ns3:TrackPointExtension>
            <ns3:hr>165</ns3:hr>
            <ns3:cad>81</ns3:cad>
          </ns3:TrackPointExtension>
        </extensions>
      </trkpt>
      <trkpt lat="43.85387524031102657318115234375" lon="87.51090508885681629180908203125">
        <ele>793</ele>
        <time>2026-07-27T13:39:37.000Z</time>
        <extensions>
          <ns3:TrackPointExtension>
            <ns3:hr>162</ns3:hr>
            <ns3:cad>81</ns3:cad>
          </ns3:TrackPointExtension>
        </extensions>
      </trkpt>
      <trkpt lat="43.853836096823215484619140625" lon="87.51090307720005512237548828125">
        <ele>793</ele>
        <time>2026-07-27T13:39:40.000Z</time>
        <extensions>
          <ns3:TrackPointExtension>
            <ns3:hr>160</ns3:hr>
            <ns3:cad>79</ns3:cad>
          </ns3:TrackPointExtension>
        </extensions>
      </trkpt>
      <trkpt lat="43.8537910021841526031494140625" lon="87.51091866753995418548583984375">
        <ele>793.20001220703125</ele>
        <time>2026-07-27T13:39:45.000Z</time>
        <extensions>
          <ns3:TrackPointExtension>
            <ns3:hr>159</ns3:hr>
            <ns3:cad>79</ns3:cad>
          </ns3:TrackPointExtension>
        </extensions>
      </trkpt>
      <trkpt lat="43.8537534512579441070556640625" lon="87.510900311172008514404296875">
        <ele>793</ele>
        <time>2026-07-27T13:39:49.000Z</time>
        <extensions>
          <ns3:TrackPointExtension>
            <ns3:hr>156</ns3:hr>
            <ns3:cad>54</ns3:cad>
          </ns3:TrackPointExtension>
        </extensions>
      </trkpt>
      <trkpt lat="43.8536895811557769775390625" lon="87.51091179437935352325439453125">
        <ele>793</ele>
        <time>2026-07-27T13:39:53.000Z</time>
        <extensions>
          <ns3:TrackPointExtension>
            <ns3:hr>157</ns3:hr>
            <ns3:cad>54</ns3:cad>
          </ns3:TrackPointExtension>
        </extensions>
      </trkpt>
      <trkpt lat="43.85357885621488094329833984375" lon="87.51089519821107387542724609375">
        <ele>793.4000244140625</ele>
        <time>2026-07-27T13:40:01.000Z</time>
        <extensions>
          <ns3:TrackPointExtension>
            <ns3:hr>158</ns3:hr>
            <ns3:cad>55</ns3:cad>
          </ns3:TrackPointExtension>
        </extensions>
      </trkpt>
      <trkpt lat="43.85350249707698822021484375" lon="87.5108994729816913604736328125">
        <ele>794</ele>
        <time>2026-07-27T13:40:08.000Z</time>
        <extensions>
          <ns3:TrackPointExtension>
            <ns3:hr>157</ns3:hr>
            <ns3:cad>54</ns3:cad>
          </ns3:TrackPointExtension>
        </extensions>
      </trkpt>
      <trkpt lat="43.85346536524593830108642578125" lon="87.510889582335948944091796875">
        <ele>794.20001220703125</ele>
        <time>2026-07-27T13:40:11.000Z</time>
        <extensions>
          <ns3:TrackPointExtension>
            <ns3:hr>154</ns3:hr>
            <ns3:cad>54</ns3:cad>
          </ns3:TrackPointExtension>
        </extensions>
      </trkpt>
      <trkpt lat="43.85337484069168567657470703125" lon="87.51089352183043956756591796875">
        <ele>795</ele>
        <time>2026-07-27T13:40:16.000Z</time>
        <extensions>
          <ns3:TrackPointExtension>
            <ns3:hr>151</ns3:hr>
            <ns3:cad>78</ns3:cad>
          </ns3:TrackPointExtension>
        </extensions>
      </trkpt>
      <trkpt lat="43.8533061929047107696533203125" lon="87.51088413409888744354248046875">
        <ele>795.4000244140625</ele>
        <time>2026-07-27T13:40:19.000Z</time>
        <extensions>
          <ns3:TrackPointExtension>
            <ns3:hr>148</ns3:hr>
            <ns3:cad>80</ns3:cad>
          </ns3:TrackPointExtension>
        </extensions>
      </trkpt>
      <trkpt lat="43.853164874017238616943359375" lon="87.51087843440473079681396484375">
        <ele>796.4000244140625</ele>
        <time>2026-07-27T13:40:25.000Z</time>
        <extensions>
          <ns3:TrackPointExtension>
            <ns3:hr>149</ns3:hr>
            <ns3:cad>80</ns3:cad>
          </ns3:TrackPointExtension>
        </extensions>
      </trkpt>
      <trkpt lat="43.85301073081791400909423828125" lon="87.5108803622424602508544921875">
        <ele>797.5999755859375</ele>
        <time>2026-07-27T13:40:32.000Z</time>
        <extensions>
          <ns3:TrackPointExtension>
            <ns3:hr>152</ns3:hr>
            <ns3:cad>81</ns3:cad>
          </ns3:TrackPointExtension>
        </extensions>
      </trkpt>
      <trkpt lat="43.85287326760590076446533203125" lon="87.51082219183444976806640625">
        <ele>798.4000244140625</ele>
        <time>2026-07-27T13:40:39.000Z</time>
        <extensions>
          <ns3:TrackPointExtension>
            <ns3:hr>155</ns3:hr>
            <ns3:cad>80</ns3:cad>
          </ns3:TrackPointExtension>
        </extensions>
      </trkpt>
      <trkpt lat="43.8528522290289402008056640625" lon="87.51081372611224651336669921875">
        <ele>798.5999755859375</ele>
        <time>2026-07-27T13:40:40.000Z</time>
        <extensions>
          <ns3:TrackPointExtension>
            <ns3:hr>156</ns3:hr>
            <ns3:cad>80</ns3:cad>
          </ns3:TrackPointExtension>
        </extensions>
      </trkpt>
      <trkpt lat="43.8527945615351200103759765625" lon="87.5108079425990581512451171875">
        <ele>799</ele>
        <time>2026-07-27T13:40:45.000Z</time>
        <extensions>
          <ns3:TrackPointExtension>
            <ns3:hr>157</ns3:hr>
            <ns3:cad>59</ns3:cad>
          </ns3:TrackPointExtension>
        </extensions>
      </trkpt>
      <trkpt lat="43.85265181772410869598388671875" lon="87.51081171445548534393310546875">
        <ele>800.4000244140625</ele>
        <time>2026-07-27T13:40:53.000Z</time>
        <extensions>
          <ns3:TrackPointExtension>
            <ns3:hr>159</ns3:hr>
            <ns3:cad>0</ns3:cad>
          </ns3:TrackPointExtension>
        </extensions>
      </trkpt>
      <trkpt lat="43.852467499673366546630859375" lon="87.510784305632114410400390625">
        <ele>801.79998779296875</ele>
        <time>2026-07-27T13:41:01.000Z</time>
        <extensions>
          <ns3:TrackPointExtension>
            <ns3:hr>160</ns3:hr>
            <ns3:cad>81</ns3:cad>
          </ns3:TrackPointExtension>
        </extensions>
      </trkpt>
      <trkpt lat="43.85227966122329235076904296875" lon="87.51078388653695583343505859375">
        <ele>803.20001220703125</ele>
        <time>2026-07-27T13:41:09.000Z</time>
        <extensions>
          <ns3:TrackPointExtension>
            <ns3:hr>160</ns3:hr>
            <ns3:cad>80</ns3:cad>
          </ns3:TrackPointExtension>
        </extensions>
      </trkpt>
      <trkpt lat="43.852241523563861846923828125" lon="87.5107799470424652099609375">
        <ele>803.4000244140625</ele>
        <time>2026-07-27T13:41:11.000Z</time>
        <extensions>
          <ns3:TrackPointExtension>
            <ns3:hr>161</ns3:hr>
            <ns3:cad>80</ns3:cad>
          </ns3:TrackPointExtension>
        </extensions>
      </trkpt>
      <trkpt lat="43.85204714722931385040283203125" lon="87.51074683852493762969970703125">
        <ele>803.79998779296875</ele>
        <time>2026-07-27T13:41:20.000Z</time>
        <extensions>
          <ns3:TrackPointExtension>
            <ns3:hr>162</ns3:hr>
            <ns3:cad>81</ns3:cad>
          </ns3:TrackPointExtension>
        </extensions>
      </trkpt>
      <trkpt lat="43.8520210795104503631591796875" lon="87.510748095810413360595703125">
        <ele>803.79998779296875</ele>
        <time>2026-07-27T13:41:21.000Z</time>
        <extensions>
          <ns3:TrackPointExtension>
            <ns3:hr>162</ns3:hr>
            <ns3:cad>81</ns3:cad>
          </ns3:TrackPointExtension>
        </extensions>
      </trkpt>
      <trkpt lat="43.85191270150244235992431640625" lon="87.510740719735622406005859375">
        <ele>804</ele>
        <time>2026-07-27T13:41:27.000Z</time>
        <extensions>
          <ns3:TrackPointExtension>
            <ns3:hr>164</ns3:hr>
            <ns3:cad>79</ns3:cad>
          </ns3:TrackPointExtension>
        </extensions>
      </trkpt>
      <trkpt lat="43.851817734539508819580078125" lon="87.5107432343065738677978515625">
        <ele>804</ele>
        <time>2026-07-27T13:41:36.000Z</time>
        <extensions>
          <ns3:TrackPointExtension>
            <ns3:hr>166</ns3:hr>
            <ns3:cad>56</ns3:cad>
          </ns3:TrackPointExtension>
        </extensions>
      </trkpt>
      <trkpt lat="43.851661495864391326904296875" lon="87.5107584893703460693359375">
        <ele>804.5999755859375</ele>
        <time>2026-07-27T13:41:46.000Z</time>
        <extensions>
          <ns3:TrackPointExtension>
            <ns3:hr>164</ns3:hr>
            <ns3:cad>55</ns3:cad>
          </ns3:TrackPointExtension>
        </extensions>
      </trkpt>
      <trkpt lat="43.851523697376251220703125" lon="87.51074817962944507598876953125">
        <ele>805.20001220703125</ele>
        <time>2026-07-27T13:41:53.000Z</time>
        <extensions>
          <ns3:TrackPointExtension>
            <ns3:hr>164</ns3:hr>
            <ns3:cad>79</ns3:cad>
          </ns3:TrackPointExtension>
        </extensions>
      </trkpt>
      <trkpt lat="43.85137374512851238250732421875" lon="87.5107425637543201446533203125">
        <ele>806.20001220703125</ele>
        <time>2026-07-27T13:42:00.000Z</time>
        <extensions>
          <ns3:TrackPointExtension>
            <ns3:hr>161</ns3:hr>
            <ns3:cad>81</ns3:cad>
          </ns3:TrackPointExtension>
        </extensions>
      </trkpt>
      <trkpt lat="43.85135044343769550323486328125" lon="87.5107402168214321136474609375">
        <ele>806.4000244140625</ele>
        <time>2026-07-27T13:42:01.000Z</time>
        <extensions>
          <ns3:TrackPointExtension>
            <ns3:hr>161</ns3:hr>
            <ns3:cad>81</ns3:cad>
          </ns3:TrackPointExtension>
        </extensions>
      </trkpt>
      <trkpt lat="43.85127835907042026519775390625" lon="87.5107397139072418212890625">
        <ele>806.79998779296875</ele>
        <time>2026-07-27T13:42:05.000Z</time>
        <extensions>
          <ns3:TrackPointExtension>
            <ns3:hr>158</ns3:hr>
            <ns3:cad>80</ns3:cad>
          </ns3:TrackPointExtension>
        </extensions>
      </trkpt>
      <trkpt lat="43.8511969707906246185302734375" lon="87.510751448571681976318359375">
        <ele>807.5999755859375</ele>
        <time>2026-07-27T13:42:08.000Z</time>
        <extensions>
          <ns3:TrackPointExtension>
            <ns3:hr>156</ns3:hr>
            <ns3:cad>81</ns3:cad>
          </ns3:TrackPointExtension>
        </extensions>
      </trkpt>
      <trkpt lat="43.851015754044055938720703125" lon="87.51076611690223217010498046875">
        <ele>809</ele>
        <time>2026-07-27T13:42:15.000Z</time>
        <extensions>
          <ns3:TrackPointExtension>
            <ns3:hr>154</ns3:hr>
            <ns3:cad>81</ns3:cad>
          </ns3:TrackPointExtension>
        </extensions>
      </trkpt>
      <trkpt lat="43.8508519716560840606689453125" lon="87.510751448571681976318359375">
        <ele>810</ele>
        <time>2026-07-27T13:42:23.000Z</time>
        <extensions>
          <ns3:TrackPointExtension>
            <ns3:hr>154</ns3:hr>
            <ns3:cad>81</ns3:cad>
          </ns3:TrackPointExtension>
        </extensions>
      </trkpt>
      <trkpt lat="43.85078785009682178497314453125" lon="87.510737366974353790283203125">
        <ele>810.20001220703125</ele>
        <time>2026-07-27T13:42:28.000Z</time>
        <extensions>
          <ns3:TrackPointExtension>
            <ns3:hr>157</ns3:hr>
            <ns3:cad>81</ns3:cad>
          </ns3:TrackPointExtension>
        </extensions>
      </trkpt>
      <trkpt lat="43.85076371021568775177001953125" lon="87.51072957180440425872802734375">
        <ele>810.20001220703125</ele>
        <time>2026-07-27T13:42:31.000Z</time>
        <extensions>
          <ns3:TrackPointExtension>
            <ns3:hr>158</ns3:hr>
            <ns3:cad>81</ns3:cad>
          </ns3:TrackPointExtension>
        </extensions>
      </trkpt>
      <trkpt lat="43.85065273381769657135009765625" lon="87.51069403253495693206787109375">
        <ele>810.4000244140625</ele>
        <time>2026-07-27T13:42:40.000Z</time>
        <extensions>
          <ns3:TrackPointExtension>
            <ns3:hr>156</ns3:hr>
            <ns3:cad>56</ns3:cad>
          </ns3:TrackPointExtension>
        </extensions>
      </trkpt>
      <trkpt lat="43.85054427199065685272216796875" lon="87.51068917103111743927001953125">
        <ele>810.79998779296875</ele>
        <time>2026-07-27T13:42:49.000Z</time>
        <extensions>
          <ns3:TrackPointExtension>
            <ns3:hr>153</ns3:hr>
            <ns3:cad>0</ns3:cad>
          </ns3:TrackPointExtension>
        </extensions>
      </trkpt>
      <trkpt lat="43.8505019433796405792236328125" lon="87.51068933866918087005615234375">
        <ele>810.5999755859375</ele>
        <time>2026-07-27T13:42:51.000Z</time>
        <extensions>
          <ns3:TrackPointExtension>
            <ns3:hr>151</ns3:hr>
            <ns3:cad>0</ns3:cad>
          </ns3:TrackPointExtension>
        </extensions>
      </trkpt>
      <trkpt lat="43.85039323009550571441650390625" lon="87.5107164122164249420166015625">
        <ele>810.4000244140625</ele>
        <time>2026-07-27T13:42:56.000Z</time>
        <extensions>
          <ns3:TrackPointExtension>
            <ns3:hr>148</ns3:hr>
            <ns3:cad>79</ns3:cad>
          </ns3:TrackPointExtension>
        </extensions>
      </trkpt>
      <trkpt lat="43.8502709381282329559326171875" lon="87.51071381382644176483154296875">
        <ele>810.4000244140625</ele>
        <time>2026-07-27T13:43:01.000Z</time>
        <extensions>
          <ns3:TrackPointExtension>
            <ns3:hr>148</ns3:hr>
            <ns3:cad>81</ns3:cad>
          </ns3:TrackPointExtension>
        </extensions>
      </trkpt>
      <trkpt lat="43.8501002825796604156494140625" lon="87.510692439973354339599609375">
        <ele>811.4000244140625</ele>
        <time>2026-07-27T13:43:09.000Z</time>
        <extensions>
          <ns3:TrackPointExtension>
            <ns3:hr>149</ns3:hr>
            <ns3:cad>80</ns3:cad>
          </ns3:TrackPointExtension>
        </extensions>
      </trkpt>
      <trkpt lat="43.849999867379665374755859375" lon="87.5106855668127536773681640625">
        <ele>812</ele>
        <time>2026-07-27T13:43:14.000Z</time>
        <extensions>
          <ns3:TrackPointExtension>
            <ns3:hr>152</ns3:hr>
            <ns3:cad>81</ns3:cad>
          </ns3:TrackPointExtension>
        </extensions>
      </trkpt>
      <trkpt lat="43.8498749770224094390869140625" lon="87.5106597505509853363037109375">
        <ele>812.5999755859375</ele>
        <time>2026-07-27T13:43:20.000Z</time>
        <extensions>
          <ns3:TrackPointExtension>
            <ns3:hr>154</ns3:hr>
            <ns3:cad>82</ns3:cad>
          </ns3:TrackPointExtension>
        </extensions>
      </trkpt>
      <trkpt lat="43.84969552047550678253173828125" lon="87.51068866811692714691162109375">
        <ele>813.5999755859375</ele>
        <time>2026-07-27T13:43:28.000Z</time>
        <extensions>
          <ns3:TrackPointExtension>
            <ns3:hr>157</ns3:hr>
            <ns3:cad>81</ns3:cad>
          </ns3:TrackPointExtension>
        </extensions>
      </trkpt>
      <trkpt lat="43.8496421277523040771484375" lon="87.51070895232260227203369140625">
        <ele>813.5999755859375</ele>
        <time>2026-07-27T13:43:30.000Z</time>
        <extensions>
          <ns3:TrackPointExtension>
            <ns3:hr>157</ns3:hr>
            <ns3:cad>81</ns3:cad>
          </ns3:TrackPointExtension>
        </extensions>
      </trkpt>
      <trkpt lat="43.8494677841663360595703125" lon="87.51062010414898395538330078125">
        <ele>813</ele>
        <time>2026-07-27T13:43:38.000Z</time>
        <extensions>
          <ns3:TrackPointExtension>
            <ns3:hr>158</ns3:hr>
            <ns3:cad>82</ns3:cad>
          </ns3:TrackPointExtension>
        </extensions>
      </trkpt>
      <trkpt lat="43.84945663623511791229248046875" lon="87.5106163322925567626953125">
        <ele>813</ele>
        <time>2026-07-27T13:43:39.000Z</time>
        <extensions>
          <ns3:TrackPointExtension>
            <ns3:hr>159</ns3:hr>
            <ns3:cad>82</ns3:cad>
          </ns3:TrackPointExtension>
        </extensions>
      </trkpt>
      <trkpt lat="43.84930961765348911285400390625" lon="87.510604597628116607666015625">
        <ele>813</ele>
        <time>2026-07-27T13:43:47.000Z</time>
        <extensions>
          <ns3:TrackPointExtension>
            <ns3:hr>160</ns3:hr>
            <ns3:cad>82</ns3:cad>
          </ns3:TrackPointExtension>
        </extensions>
      </trkpt>
      <trkpt lat="43.8491246290504932403564453125" lon="87.51058104448020458221435546875">
        <ele>813.4000244140625</ele>
        <time>2026-07-27T13:43:54.000Z</time>
        <extensions>
          <ns3:TrackPointExtension>
            <ns3:hr>160</ns3:hr>
            <ns3:cad>83</ns3:cad>
          </ns3:TrackPointExtension>
        </extensions>
      </trkpt>
      <trkpt lat="43.84910023771226406097412109375" lon="87.51058749854564666748046875">
        <ele>813.5999755859375</ele>
        <time>2026-07-27T13:43:55.000Z</time>
        <extensions>
          <ns3:TrackPointExtension>
            <ns3:hr>160</ns3:hr>
            <ns3:cad>83</ns3:cad>
          </ns3:TrackPointExtension>
        </extensions>
      </trkpt>
      <trkpt lat="43.84894232265651226043701171875" lon="87.510573081672191619873046875">
        <ele>814.5999755859375</ele>
        <time>2026-07-27T13:44:02.000Z</time>
        <extensions>
          <ns3:TrackPointExtension>
            <ns3:hr>162</ns3:hr>
            <ns3:cad>83</ns3:cad>
          </ns3:TrackPointExtension>
        </extensions>
      </trkpt>
      <trkpt lat="43.848756663501262664794921875" lon="87.51057316549122333526611328125">
        <ele>815.20001220703125</ele>
        <time>2026-07-27T13:44:10.000Z</time>
        <extensions>
          <ns3:TrackPointExtension>
            <ns3:hr>161</ns3:hr>
            <ns3:cad>81</ns3:cad>
          </ns3:TrackPointExtension>
        </extensions>
      </trkpt>
      <trkpt lat="43.84871182031929492950439453125" lon="87.5105739198625087738037109375">
        <ele>815.4000244140625</ele>
        <time>2026-07-27T13:44:12.000Z</time>
        <extensions>
          <ns3:TrackPointExtension>
            <ns3:hr>161</ns3:hr>
            <ns3:cad>82</ns3:cad>
          </ns3:TrackPointExtension>
        </extensions>
      </trkpt>
      <trkpt lat="43.84861006401479244232177734375" lon="87.51054164953529834747314453125">
        <ele>815.20001220703125</ele>
        <time>2026-07-27T13:44:18.000Z</time>
        <extensions>
          <ns3:TrackPointExtension>
            <ns3:hr>162</ns3:hr>
            <ns3:cad>82</ns3:cad>
          </ns3:TrackPointExtension>
        </extensions>
      </trkpt>
      <trkpt lat="43.84857536293566226959228515625" lon="87.5105226226150989532470703125">
        <ele>815</ele>
        <time>2026-07-27T13:44:21.000Z</time>
        <extensions>
          <ns3:TrackPointExtension>
            <ns3:hr>162</ns3:hr>
            <ns3:cad>56</ns3:cad>
          </ns3:TrackPointExtension>
        </extensions>
      </trkpt>
      <trkpt lat="43.84848131798207759857177734375" lon="87.51038901507854461669921875">
        <ele>813.5999755859375</ele>
        <time>2026-07-27T13:46:20.000Z</time>
        <extensions>
          <ns3:TrackPointExtension>
            <ns3:hr>112</ns3:hr>
            <ns3:cad>0</ns3:cad>
          </ns3:TrackPointExtension>
        </extensions>
      </trkpt>
      <trkpt lat="43.84848131798207759857177734375" lon="87.51039044000208377838134765625">
        <ele>813.5999755859375</ele>
        <time>2026-07-27T13:46:22.000Z</time>
        <extensions>
          <ns3:TrackPointExtension>
            <ns3:hr>109</ns3:hr>
            <ns3:cad>0</ns3:cad>
          </ns3:TrackPointExtension>
        </extensions>
      </trkpt>
      <trkpt lat="43.84840755723416805267333984375" lon="87.51039077527821063995361328125">
        <ele>813.5999755859375</ele>
        <time>2026-07-27T13:46:27.000Z</time>
        <extensions>
          <ns3:TrackPointExtension>
            <ns3:hr>106</ns3:hr>
            <ns3:cad>0</ns3:cad>
          </ns3:TrackPointExtension>
        </extensions>
      </trkpt>
      <trkpt lat="43.84823354892432689666748046875" lon="87.510364539921283721923828125">
        <ele>814</ele>
        <time>2026-07-27T13:46:32.000Z</time>
        <extensions>
          <ns3:TrackPointExtension>
            <ns3:hr>109</ns3:hr>
            <ns3:cad>83</ns3:cad>
          </ns3:TrackPointExtension>
        </extensions>
      </trkpt>
      <trkpt lat="43.84816112928092479705810546875" lon="87.5103533081710338592529296875">
        <ele>814.5999755859375</ele>
        <time>2026-07-27T13:46:34.000Z</time>
        <extensions>
          <ns3:TrackPointExtension>
            <ns3:hr>113</ns3:hr>
            <ns3:cad>84</ns3:cad>
          </ns3:TrackPointExtension>
        </extensions>
      </trkpt>
      <trkpt lat="43.8481322117149829864501953125" lon="87.51034819521009922027587890625">
        <ele>814.5999755859375</ele>
        <time>2026-07-27T13:46:35.000Z</time>
        <extensions>
          <ns3:TrackPointExtension>
            <ns3:hr>117</ns3:hr>
            <ns3:cad>84</ns3:cad>
          </ns3:TrackPointExtension>
        </extensions>
      </trkpt>
      <trkpt lat="43.848016373813152313232421875" lon="87.5103197805583477020263671875">
        <ele>815</ele>
        <time>2026-07-27T13:46:39.000Z</time>
        <extensions>
          <ns3:TrackPointExtension>
            <ns3:hr>121</ns3:hr>
            <ns3:cad>83</ns3:cad>
          </ns3:TrackPointExtension>
        </extensions>
      </trkpt>
      <trkpt lat="43.84793934412300586700439453125" lon="87.510322965681552886962890625">
        <ele>815</ele>
        <time>2026-07-27T13:46:42.000Z</time>
        <extensions>
          <ns3:TrackPointExtension>
            <ns3:hr>124</ns3:hr>
            <ns3:cad>83</ns3:cad>
          </ns3:TrackPointExtension>
        </extensions>
      </trkpt>
      <trkpt lat="43.847853429615497589111328125" lon="87.5103613547980785369873046875">
        <ele>815.20001220703125</ele>
        <time>2026-07-27T13:46:45.000Z</time>
        <extensions>
          <ns3:TrackPointExtension>
            <ns3:hr>126</ns3:hr>
            <ns3:cad>83</ns3:cad>
          </ns3:TrackPointExtension>
        </extensions>
      </trkpt>
      <trkpt lat="43.847800791263580322265625" lon="87.51037568785250186920166015625">
        <ele>815.4000244140625</ele>
        <time>2026-07-27T13:46:47.000Z</time>
        <extensions>
          <ns3:TrackPointExtension>
            <ns3:hr>129</ns3:hr>
            <ns3:cad>82</ns3:cad>
          </ns3:TrackPointExtension>
        </extensions>
      </trkpt>
      <trkpt lat="43.84772392921149730682373046875" lon="87.51037149690091609954833984375">
        <ele>816.20001220703125</ele>
        <time>2026-07-27T13:46:50.000Z</time>
        <extensions>
          <ns3:TrackPointExtension>
            <ns3:hr>132</ns3:hr>
            <ns3:cad>83</ns3:cad>
          </ns3:TrackPointExtension>
        </extensions>
      </trkpt>
      <trkpt lat="43.84768319316208362579345703125" lon="87.51035548746585845947265625">
        <ele>816.4000244140625</ele>
        <time>2026-07-27T13:46:52.000Z</time>
        <extensions>
          <ns3:TrackPointExtension>
            <ns3:hr>131</ns3:hr>
            <ns3:cad>83</ns3:cad>
          </ns3:TrackPointExtension>
        </extensions>
      </trkpt>
      <trkpt lat="43.84764254093170166015625" lon="87.51034266315400600433349609375">
        <ele>816.79998779296875</ele>
        <time>2026-07-27T13:46:54.000Z</time>
        <extensions>
          <ns3:TrackPointExtension>
            <ns3:hr>135</ns3:hr>
            <ns3:cad>83</ns3:cad>
          </ns3:TrackPointExtension>
        </extensions>
      </trkpt>
      <trkpt lat="43.84758286178112030029296875" lon="87.51033863984048366546630859375">
        <ele>817.4000244140625</ele>
        <time>2026-07-27T13:46:57.000Z</time>
        <extensions>
          <ns3:TrackPointExtension>
            <ns3:hr>139</ns3:hr>
            <ns3:cad>83</ns3:cad>
          </ns3:TrackPointExtension>
        </extensions>
      </trkpt>
      <trkpt lat="43.8475622422993183135986328125" lon="87.51033327542245388031005859375">
        <ele>817.5999755859375</ele>
        <time>2026-07-27T13:46:58.000Z</time>
        <extensions>
          <ns3:TrackPointExtension>
            <ns3:hr>138</ns3:hr>
            <ns3:cad>83</ns3:cad>
          </ns3:TrackPointExtension>
        </extensions>
      </trkpt>
      <trkpt lat="43.8474080152809619903564453125" lon="87.5102772004902362823486328125">
        <ele>819</ele>
        <time>2026-07-27T13:47:04.000Z</time>
        <extensions>
          <ns3:TrackPointExtension>
            <ns3:hr>141</ns3:hr>
            <ns3:cad>83</ns3:cad>
          </ns3:TrackPointExtension>
        </extensions>
      </trkpt>
      <trkpt lat="43.8473899103701114654541015625" lon="87.5102701596915721893310546875">
        <ele>819.20001220703125</ele>
        <time>2026-07-27T13:47:05.000Z</time>
        <extensions>
          <ns3:TrackPointExtension>
            <ns3:hr>141</ns3:hr>
            <ns3:cad>83</ns3:cad>
          </ns3:TrackPointExtension>
        </extensions>
      </trkpt>
      <trkpt lat="43.84736350737512111663818359375" lon="87.5102584250271320343017578125">
        <ele>819.4000244140625</ele>
        <time>2026-07-27T13:47:09.000Z</time>
        <extensions>
          <ns3:TrackPointExtension>
            <ns3:hr>144</ns3:hr>
            <ns3:cad>84</ns3:cad>
          </ns3:TrackPointExtension>
        </extensions>
      </trkpt>
      <trkpt lat="43.847347833216190338134765625" lon="87.51024040393531322479248046875">
        <ele>819.5999755859375</ele>
        <time>2026-07-27T13:47:11.000Z</time>
        <extensions>
          <ns3:TrackPointExtension>
            <ns3:hr>143</ns3:hr>
            <ns3:cad>84</ns3:cad>
          </ns3:TrackPointExtension>
        </extensions>
      </trkpt>
      <trkpt lat="43.84732210077345371246337890625" lon="87.5102487020194530487060546875">
        <ele>819.79998779296875</ele>
        <time>2026-07-27T13:47:13.000Z</time>
        <extensions>
          <ns3:TrackPointExtension>
            <ns3:hr>144</ns3:hr>
            <ns3:cad>84</ns3:cad>
          </ns3:TrackPointExtension>
        </extensions>
      </trkpt>
      <trkpt lat="43.84718312881886959075927734375" lon="87.51023923046886920928955078125">
        <ele>821</ele>
        <time>2026-07-27T13:47:18.000Z</time>
        <extensions>
          <ns3:TrackPointExtension>
            <ns3:hr>145</ns3:hr>
            <ns3:cad>84</ns3:cad>
          </ns3:TrackPointExtension>
        </extensions>
      </trkpt>
      <trkpt lat="43.847153373062610626220703125" lon="87.5102356262505054473876953125">
        <ele>821.20001220703125</ele>
        <time>2026-07-27T13:47:19.000Z</time>
        <extensions>
          <ns3:TrackPointExtension>
            <ns3:hr>148</ns3:hr>
            <ns3:cad>84</ns3:cad>
          </ns3:TrackPointExtension>
        </extensions>
      </trkpt>
      <trkpt lat="43.846995122730731964111328125" lon="87.510236799716949462890625">
        <ele>821.79998779296875</ele>
        <time>2026-07-27T13:47:25.000Z</time>
        <extensions>
          <ns3:TrackPointExtension>
            <ns3:hr>148</ns3:hr>
            <ns3:cad>83</ns3:cad>
          </ns3:TrackPointExtension>
        </extensions>
      </trkpt>
      <trkpt lat="43.84689831174910068511962890625" lon="87.5102205388247966766357421875">
        <ele>822.5999755859375</ele>
        <time>2026-07-27T13:47:30.000Z</time>
        <extensions>
          <ns3:TrackPointExtension>
            <ns3:hr>146</ns3:hr>
            <ns3:cad>78</ns3:cad>
          </ns3:TrackPointExtension>
        </extensions>
      </trkpt>
      <trkpt lat="43.8467190228402614593505859375" lon="87.51017452217638492584228515625">
        <ele>824.5999755859375</ele>
        <time>2026-07-27T13:47:36.000Z</time>
        <extensions>
          <ns3:TrackPointExtension>
            <ns3:hr>148</ns3:hr>
            <ns3:cad>82</ns3:cad>
          </ns3:TrackPointExtension>
        </extensions>
      </trkpt>
      <trkpt lat="43.8465775363147258758544921875" lon="87.510236799716949462890625">
        <ele>824.5999755859375</ele>
        <time>2026-07-27T13:47:41.000Z</time>
        <extensions>
          <ns3:TrackPointExtension>
            <ns3:hr>149</ns3:hr>
            <ns3:cad>81</ns3:cad>
          </ns3:TrackPointExtension>
        </extensions>
      </trkpt>
      <trkpt lat="43.84643160738050937652587890625" lon="87.51020922325551509857177734375">
        <ele>825</ele>
        <time>2026-07-27T13:47:47.000Z</time>
        <extensions>
          <ns3:TrackPointExtension>
            <ns3:hr>150</ns3:hr>
            <ns3:cad>81</ns3:cad>
          </ns3:TrackPointExtension>
        </extensions>
      </trkpt>
      <trkpt lat="43.8462491333484649658203125" lon="87.5101752765476703643798828125">
        <ele>824.4000244140625</ele>
        <time>2026-07-27T13:47:54.000Z</time>
        <extensions>
          <ns3:TrackPointExtension>
            <ns3:hr>151</ns3:hr>
            <ns3:cad>82</ns3:cad>
          </ns3:TrackPointExtension>
        </extensions>
      </trkpt>
      <trkpt lat="43.84622633457183837890625" lon="87.51017536036670207977294921875">
        <ele>824</ele>
        <time>2026-07-27T13:47:55.000Z</time>
        <extensions>
          <ns3:TrackPointExtension>
            <ns3:hr>151</ns3:hr>
            <ns3:cad>82</ns3:cad>
          </ns3:TrackPointExtension>
        </extensions>
      </trkpt>
      <trkpt lat="43.84612499736249446868896484375" lon="87.5101813115179538726806640625">
        <ele>823</ele>
        <time>2026-07-27T13:48:00.000Z</time>
        <extensions>
          <ns3:TrackPointExtension>
            <ns3:hr>150</ns3:hr>
            <ns3:cad>82</ns3:cad>
          </ns3:TrackPointExtension>
        </extensions>
      </trkpt>
      <trkpt lat="43.84597085416316986083984375" lon="87.51013261266052722930908203125">
        <ele>823.5999755859375</ele>
        <time>2026-07-27T13:48:07.000Z</time>
        <extensions>
          <ns3:TrackPointExtension>
            <ns3:hr>149</ns3:hr>
            <ns3:cad>82</ns3:cad>
          </ns3:TrackPointExtension>
        </extensions>
      </trkpt>
      <trkpt lat="43.84578988887369632720947265625" lon="87.510084919631481170654296875">
        <ele>824.4000244140625</ele>
        <time>2026-07-27T13:48:14.000Z</time>
        <extensions>
          <ns3:TrackPointExtension>
            <ns3:hr>151</ns3:hr>
            <ns3:cad>82</ns3:cad>
          </ns3:TrackPointExtension>
        </extensions>
      </trkpt>
      <trkpt lat="43.8457671739161014556884765625" lon="87.51008131541311740875244140625">
        <ele>824.5999755859375</ele>
        <time>2026-07-27T13:48:15.000Z</time>
        <extensions>
          <ns3:TrackPointExtension>
            <ns3:hr>150</ns3:hr>
            <ns3:cad>81</ns3:cad>
          </ns3:TrackPointExtension>
        </extensions>
      </trkpt>
      <trkpt lat="43.845586962997913360595703125" lon="87.51007913611829280853271484375">
        <ele>826</ele>
        <time>2026-07-27T13:48:23.000Z</time>
        <extensions>
          <ns3:TrackPointExtension>
            <ns3:hr>151</ns3:hr>
            <ns3:cad>82</ns3:cad>
          </ns3:TrackPointExtension>
        </extensions>
      </trkpt>
      <trkpt lat="43.84555905126035213470458984375" lon="87.510070502758026123046875">
        <ele>826.20001220703125</ele>
        <time>2026-07-27T13:48:25.000Z</time>
        <extensions>
          <ns3:TrackPointExtension>
            <ns3:hr>151</ns3:hr>
            <ns3:cad>82</ns3:cad>
          </ns3:TrackPointExtension>
        </extensions>
      </trkpt>
      <trkpt lat="43.8454439677298069000244140625" lon="87.5100746937096118927001953125">
        <ele>827</ele>
        <time>2026-07-27T13:48:31.000Z</time>
        <extensions>
          <ns3:TrackPointExtension>
            <ns3:hr>152</ns3:hr>
            <ns3:cad>81</ns3:cad>
          </ns3:TrackPointExtension>
        </extensions>
      </trkpt>
      <trkpt lat="43.8453339971601963043212890625" lon="87.510058768093585968017578125">
        <ele>827.79998779296875</ele>
        <time>2026-07-27T13:48:37.000Z</time>
        <extensions>
          <ns3:TrackPointExtension>
            <ns3:hr>152</ns3:hr>
            <ns3:cad>81</ns3:cad>
          </ns3:TrackPointExtension>
        </extensions>
      </trkpt>
      <trkpt lat="43.8451871462166309356689453125" lon="87.51003286801278591156005859375">
        <ele>828</ele>
        <time>2026-07-27T13:48:42.000Z</time>
        <extensions>
          <ns3:TrackPointExtension>
            <ns3:hr>155</ns3:hr>
            <ns3:cad>82</ns3:cad>
          </ns3:TrackPointExtension>
        </extensions>
      </trkpt>
      <trkpt lat="43.84515856392681598663330078125" lon="87.5100250728428363800048828125">
        <ele>828</ele>
        <time>2026-07-27T13:48:43.000Z</time>
        <extensions>
          <ns3:TrackPointExtension>
            <ns3:hr>153</ns3:hr>
            <ns3:cad>82</ns3:cad>
          </ns3:TrackPointExtension>
        </extensions>
      </trkpt>
      <trkpt lat="43.84497449733316898345947265625" lon="87.51002046279609203338623046875">
        <ele>828.20001220703125</ele>
        <time>2026-07-27T13:48:51.000Z</time>
        <extensions>
          <ns3:TrackPointExtension>
            <ns3:hr>153</ns3:hr>
            <ns3:cad>82</ns3:cad>
          </ns3:TrackPointExtension>
        </extensions>
      </trkpt>
      <trkpt lat="43.8448595814406871795654296875" lon="87.5099680759012699127197265625">
        <ele>828.5999755859375</ele>
        <time>2026-07-27T13:48:58.000Z</time>
        <extensions>
          <ns3:TrackPointExtension>
            <ns3:hr>151</ns3:hr>
            <ns3:cad>82</ns3:cad>
          </ns3:TrackPointExtension>
        </extensions>
      </trkpt>
      <trkpt lat="43.84475447237491607666015625" lon="87.50997922383248805999755859375">
        <ele>829</ele>
        <time>2026-07-27T13:49:04.000Z</time>
        <extensions>
          <ns3:TrackPointExtension>
            <ns3:hr>150</ns3:hr>
            <ns3:cad>83</ns3:cad>
          </ns3:TrackPointExtension>
        </extensions>
      </trkpt>
      <trkpt lat="43.844594545662403106689453125" lon="87.50997126102447509765625">
        <ele>829.20001220703125</ele>
        <time>2026-07-27T13:49:11.000Z</time>
        <extensions>
          <ns3:TrackPointExtension>
            <ns3:hr>149</ns3:hr>
            <ns3:cad>84</ns3:cad>
          </ns3:TrackPointExtension>
        </extensions>
      </trkpt>
      <trkpt lat="43.84441324509680271148681640625" lon="87.50994469039142131805419921875">
        <ele>829.20001220703125</ele>
        <time>2026-07-27T13:49:16.000Z</time>
        <extensions>
          <ns3:TrackPointExtension>
            <ns3:hr>149</ns3:hr>
            <ns3:cad>83</ns3:cad>
          </ns3:TrackPointExtension>
        </extensions>
      </trkpt>
      <trkpt lat="43.84437519125640392303466796875" lon="87.509949468076229095458984375">
        <ele>829</ele>
        <time>2026-07-27T13:49:18.000Z</time>
        <extensions>
          <ns3:TrackPointExtension>
            <ns3:hr>150</ns3:hr>
            <ns3:cad>83</ns3:cad>
          </ns3:TrackPointExtension>
        </extensions>
      </trkpt>
      <trkpt lat="43.8442188687622547149658203125" lon="87.5099737755954265594482421875">
        <ele>829.5999755859375</ele>
        <time>2026-07-27T13:49:24.000Z</time>
        <extensions>
          <ns3:TrackPointExtension>
            <ns3:hr>149</ns3:hr>
            <ns3:cad>82</ns3:cad>
          </ns3:TrackPointExtension>
        </extensions>
      </trkpt>
      <trkpt lat="43.8440926373004913330078125" lon="87.50994569621980190277099609375">
        <ele>830</ele>
        <time>2026-07-27T13:49:28.000Z</time>
        <extensions>
          <ns3:TrackPointExtension>
            <ns3:hr>152</ns3:hr>
            <ns3:cad>82</ns3:cad>
          </ns3:TrackPointExtension>
        </extensions>
      </trkpt>
      <trkpt lat="43.84406774304807186126708984375" lon="87.50992859713733196258544921875">
        <ele>830</ele>
        <time>2026-07-27T13:49:29.000Z</time>
        <extensions>
          <ns3:TrackPointExtension>
            <ns3:hr>152</ns3:hr>
            <ns3:cad>82</ns3:cad>
          </ns3:TrackPointExtension>
        </extensions>
      </trkpt>
      <trkpt lat="43.8439643941819667816162109375" lon="87.50984176062047481536865234375">
        <ele>830</ele>
        <time>2026-07-27T13:49:33.000Z</time>
        <extensions>
          <ns3:TrackPointExtension>
            <ns3:hr>155</ns3:hr>
            <ns3:cad>81</ns3:cad>
          </ns3:TrackPointExtension>
        </extensions>
      </trkpt>
      <trkpt lat="43.8438829220831394195556640625" lon="87.50981636345386505126953125">
        <ele>830.5999755859375</ele>
        <time>2026-07-27T13:49:36.000Z</time>
        <extensions>
          <ns3:TrackPointExtension>
            <ns3:hr>158</ns3:hr>
            <ns3:cad>81</ns3:cad>
          </ns3:TrackPointExtension>
        </extensions>
      </trkpt>
      <trkpt lat="43.84385819546878337860107421875" lon="87.50980622135102748870849609375">
        <ele>830.4000244140625</ele>
        <time>2026-07-27T13:49:37.000Z</time>
        <extensions>
          <ns3:TrackPointExtension>
            <ns3:hr>161</ns3:hr>
            <ns3:cad>81</ns3:cad>
          </ns3:TrackPointExtension>
        </extensions>
      </trkpt>
      <trkpt lat="43.84380606003105640411376953125" lon="87.5098031200468540191650390625">
        <ele>830.5999755859375</ele>
        <time>2026-07-27T13:49:40.000Z</time>
        <extensions>
          <ns3:TrackPointExtension>
            <ns3:hr>164</ns3:hr>
            <ns3:cad>82</ns3:cad>
          </ns3:TrackPointExtension>
        </extensions>
      </trkpt>
      <trkpt lat="43.84373950771987438201904296875" lon="87.50981141813099384307861328125">
        <ele>831</ele>
        <time>2026-07-27T13:49:43.000Z</time>
        <extensions>
          <ns3:TrackPointExtension>
            <ns3:hr>165</ns3:hr>
            <ns3:cad>81</ns3:cad>
          </ns3:TrackPointExtension>
        </extensions>
      </trkpt>
      <trkpt lat="43.84362995624542236328125" lon="87.509801946580410003662109375">
        <ele>831.20001220703125</ele>
        <time>2026-07-27T13:49:50.000Z</time>
        <extensions>
          <ns3:TrackPointExtension>
            <ns3:hr>166</ns3:hr>
            <ns3:cad>80</ns3:cad>
          </ns3:TrackPointExtension>
        </extensions>
      </trkpt>
      <trkpt lat="43.8436063192784786224365234375" lon="87.5098084844648838043212890625">
        <ele>831.4000244140625</ele>
        <time>2026-07-27T13:49:54.000Z</time>
        <extensions>
          <ns3:TrackPointExtension>
            <ns3:hr>163</ns3:hr>
            <ns3:cad>80</ns3:cad>
          </ns3:TrackPointExtension>
        </extensions>
      </trkpt>
      <trkpt lat="43.8436017930507659912109375" lon="87.5098104961216449737548828125">
        <ele>831.5999755859375</ele>
        <time>2026-07-27T13:49:55.000Z</time>
        <extensions>
          <ns3:TrackPointExtension>
            <ns3:hr>163</ns3:hr>
            <ns3:cad>80</ns3:cad>
          </ns3:TrackPointExtension>
        </extensions>
      </trkpt>
      <trkpt lat="43.84357723407447338104248046875" lon="87.5098148547112941741943359375">
        <ele>831.79998779296875</ele>
        <time>2026-07-27T13:49:58.000Z</time>
        <extensions>
          <ns3:TrackPointExtension>
            <ns3:hr>163</ns3:hr>
            <ns3:cad>56</ns3:cad>
          </ns3:TrackPointExtension>
        </extensions>
      </trkpt>
      <trkpt lat="43.84354387409985065460205078125" lon="87.50981996767222881317138671875">
        <ele>832</ele>
        <time>2026-07-27T13:50:01.000Z</time>
        <extensions>
          <ns3:TrackPointExtension>
            <ns3:hr>164</ns3:hr>
            <ns3:cad>54</ns3:cad>
          </ns3:TrackPointExtension>
        </extensions>
      </trkpt>
      <trkpt lat="43.8434386812150478363037109375" lon="87.50977688468992710113525390625">
        <ele>832.4000244140625</ele>
        <time>2026-07-27T13:50:11.000Z</time>
        <extensions>
          <ns3:TrackPointExtension>
            <ns3:hr>162</ns3:hr>
            <ns3:cad>54</ns3:cad>
          </ns3:TrackPointExtension>
        </extensions>
      </trkpt>
      <trkpt lat="43.8433655910193920135498046875" lon="87.50978811644017696380615234375">
        <ele>833</ele>
        <time>2026-07-27T13:50:14.000Z</time>
        <extensions>
          <ns3:TrackPointExtension>
            <ns3:hr>161</ns3:hr>
            <ns3:cad>56</ns3:cad>
          </ns3:TrackPointExtension>
        </extensions>
      </trkpt>
      <trkpt lat="43.8433206640183925628662109375" lon="87.50981007702648639678955078125">
        <ele>833.5999755859375</ele>
        <time>2026-07-27T13:50:18.000Z</time>
        <extensions>
          <ns3:TrackPointExtension>
            <ns3:hr>161</ns3:hr>
            <ns3:cad>54</ns3:cad>
          </ns3:TrackPointExtension>
        </extensions>
      </trkpt>
      <trkpt lat="43.843238689005374908447265625" lon="87.5098088197410106658935546875">
        <ele>834.4000244140625</ele>
        <time>2026-07-27T13:50:23.000Z</time>
        <extensions>
          <ns3:TrackPointExtension>
            <ns3:hr>161</ns3:hr>
            <ns3:cad>55</ns3:cad>
          </ns3:TrackPointExtension>
        </extensions>
      </trkpt>
      <trkpt lat="43.84318982250988483428955078125" lon="87.50979297794401645660400390625">
        <ele>834.79998779296875</ele>
        <time>2026-07-27T13:50:25.000Z</time>
        <extensions>
          <ns3:TrackPointExtension>
            <ns3:hr>165</ns3:hr>
            <ns3:cad>55</ns3:cad>
          </ns3:TrackPointExtension>
        </extensions>
      </trkpt>
      <trkpt lat="43.84309946559369564056396484375" lon="87.509782500565052032470703125">
        <ele>835.79998779296875</ele>
        <time>2026-07-27T13:50:29.000Z</time>
        <extensions>
          <ns3:TrackPointExtension>
            <ns3:hr>168</ns3:hr>
            <ns3:cad>56</ns3:cad>
          </ns3:TrackPointExtension>
        </extensions>
      </trkpt>
      <trkpt lat="43.84295043535530567169189453125" lon="87.50977990217506885528564453125">
        <ele>836.4000244140625</ele>
        <time>2026-07-27T13:50:36.000Z</time>
        <extensions>
          <ns3:TrackPointExtension>
            <ns3:hr>167</ns3:hr>
            <ns3:cad>80</ns3:cad>
          </ns3:TrackPointExtension>
        </extensions>
      </trkpt>
      <trkpt lat="43.84285924024879932403564453125" lon="87.50974394381046295166015625">
        <ele>836.5999755859375</ele>
        <time>2026-07-27T13:50:41.000Z</time>
        <extensions>
          <ns3:TrackPointExtension>
            <ns3:hr>164</ns3:hr>
            <ns3:cad>81</ns3:cad>
          </ns3:TrackPointExtension>
        </extensions>
      </trkpt>
      <trkpt lat="43.8427952863276004791259765625" lon="87.50972776673734188079833984375">
        <ele>836.79998779296875</ele>
        <time>2026-07-27T13:50:44.000Z</time>
        <extensions>
          <ns3:TrackPointExtension>
            <ns3:hr>163</ns3:hr>
            <ns3:cad>82</ns3:cad>
          </ns3:TrackPointExtension>
        </extensions>
      </trkpt>
      <trkpt lat="43.84265899658203125" lon="87.50970848836004734039306640625">
        <ele>836.79998779296875</ele>
        <time>2026-07-27T13:50:50.000Z</time>
        <extensions>
          <ns3:TrackPointExtension>
            <ns3:hr>166</ns3:hr>
            <ns3:cad>81</ns3:cad>
          </ns3:TrackPointExtension>
        </extensions>
      </trkpt>
      <trkpt lat="43.8426021672785282135009765625" lon="87.50970245338976383209228515625">
        <ele>836.79998779296875</ele>
        <time>2026-07-27T13:50:53.000Z</time>
        <extensions>
          <ns3:TrackPointExtension>
            <ns3:hr>166</ns3:hr>
            <ns3:cad>82</ns3:cad>
          </ns3:TrackPointExtension>
        </extensions>
      </trkpt>
      <trkpt lat="43.842558749020099639892578125" lon="87.5096519105136394500732421875">
        <ele>836.5999755859375</ele>
        <time>2026-07-27T13:50:58.000Z</time>
        <extensions>
          <ns3:TrackPointExtension>
            <ns3:hr>166</ns3:hr>
            <ns3:cad>82</ns3:cad>
          </ns3:TrackPointExtension>
        </extensions>
      </trkpt>
      <trkpt lat="43.84245850145816802978515625" lon="87.5096716918051242828369140625">
        <ele>837</ele>
        <time>2026-07-27T13:51:04.000Z</time>
        <extensions>
          <ns3:TrackPointExtension>
            <ns3:hr>163</ns3:hr>
            <ns3:cad>56</ns3:cad>
          </ns3:TrackPointExtension>
        </extensions>
      </trkpt>
      <trkpt lat="43.8424422405660152435302734375" lon="87.50967026688158512115478515625">
        <ele>837.20001220703125</ele>
        <time>2026-07-27T13:51:05.000Z</time>
        <extensions>
          <ns3:TrackPointExtension>
            <ns3:hr>162</ns3:hr>
            <ns3:cad>56</ns3:cad>
          </ns3:TrackPointExtension>
        </extensions>
      </trkpt>
      <trkpt lat="43.84238583035767078399658203125" lon="87.50968485139310359954833984375">
        <ele>837.4000244140625</ele>
        <time>2026-07-27T13:51:09.000Z</time>
        <extensions>
          <ns3:TrackPointExtension>
            <ns3:hr>159</ns3:hr>
            <ns3:cad>56</ns3:cad>
          </ns3:TrackPointExtension>
        </extensions>
      </trkpt>
      <trkpt lat="43.84233050979673862457275390625" lon="87.5096867792308330535888671875">
        <ele>837.79998779296875</ele>
        <time>2026-07-27T13:51:13.000Z</time>
        <extensions>
          <ns3:TrackPointExtension>
            <ns3:hr>158</ns3:hr>
            <ns3:cad>56</ns3:cad>
          </ns3:TrackPointExtension>
        </extensions>
      </trkpt>
      <trkpt lat="43.84231609292328357696533203125" lon="87.5096646510064601898193359375">
        <ele>837.5999755859375</ele>
        <time>2026-07-27T13:51:15.000Z</time>
        <extensions>
          <ns3:TrackPointExtension>
            <ns3:hr>159</ns3:hr>
            <ns3:cad>55</ns3:cad>
          </ns3:TrackPointExtension>
        </extensions>
      </trkpt>
      <trkpt lat="43.84223663248121738433837890625" lon="87.5096012838184833526611328125">
        <ele>837.20001220703125</ele>
        <time>2026-07-27T13:51:21.000Z</time>
        <extensions>
          <ns3:TrackPointExtension>
            <ns3:hr>160</ns3:hr>
            <ns3:cad>56</ns3:cad>
          </ns3:TrackPointExtension>
        </extensions>
      </trkpt>
      <trkpt lat="43.8421002589166164398193359375" lon="87.509576641023159027099609375">
        <ele>837.79998779296875</ele>
        <time>2026-07-27T13:51:29.000Z</time>
        <extensions>
          <ns3:TrackPointExtension>
            <ns3:hr>158</ns3:hr>
            <ns3:cad>0</ns3:cad>
          </ns3:TrackPointExtension>
        </extensions>
      </trkpt>
      <trkpt lat="43.8420586846768856048583984375" lon="87.50957219861447811126708984375">
        <ele>838</ele>
        <time>2026-07-27T13:51:32.000Z</time>
        <extensions>
          <ns3:TrackPointExtension>
            <ns3:hr>157</ns3:hr>
            <ns3:cad>56</ns3:cad>
          </ns3:TrackPointExtension>
        </extensions>
      </trkpt>
      <trkpt lat="43.84189196862280368804931640625" lon="87.50953783281147480010986328125">
        <ele>839.20001220703125</ele>
        <time>2026-07-27T13:52:28.000Z</time>
        <extensions>
          <ns3:TrackPointExtension>
            <ns3:hr>129</ns3:hr>
            <ns3:cad>0</ns3:cad>
          </ns3:TrackPointExtension>
        </extensions>
      </trkpt>
      <trkpt lat="43.84189196862280368804931640625" lon="87.50953716225922107696533203125">
        <ele>839.20001220703125</ele>
        <time>2026-07-27T13:52:29.000Z</time>
        <extensions>
          <ns3:TrackPointExtension>
            <ns3:hr>129</ns3:hr>
            <ns3:cad>0</ns3:cad>
          </ns3:TrackPointExtension>
        </extensions>
      </trkpt>
      <trkpt lat="43.841803371906280517578125" lon="87.5095291994512081146240234375">
        <ele>840.20001220703125</ele>
        <time>2026-07-27T13:52:35.000Z</time>
        <extensions>
          <ns3:TrackPointExtension>
            <ns3:hr>128</ns3:hr>
            <ns3:cad>82</ns3:cad>
          </ns3:TrackPointExtension>
        </extensions>
      </trkpt>
      <trkpt lat="43.84162366390228271484375" lon="87.5094416923820972442626953125">
        <ele>841.4000244140625</ele>
        <time>2026-07-27T13:52:42.000Z</time>
        <extensions>
          <ns3:TrackPointExtension>
            <ns3:hr>132</ns3:hr>
            <ns3:cad>83</ns3:cad>
          </ns3:TrackPointExtension>
        </extensions>
      </trkpt>
      <trkpt lat="43.84159508161246776580810546875" lon="87.5094406865537166595458984375">
        <ele>841.5999755859375</ele>
        <time>2026-07-27T13:52:43.000Z</time>
        <extensions>
          <ns3:TrackPointExtension>
            <ns3:hr>135</ns3:hr>
            <ns3:cad>82</ns3:cad>
          </ns3:TrackPointExtension>
        </extensions>
      </trkpt>
      <trkpt lat="43.8415336422622203826904296875" lon="87.50943054445087909698486328125">
        <ele>842.4000244140625</ele>
        <time>2026-07-27T13:52:45.000Z</time>
        <extensions>
          <ns3:TrackPointExtension>
            <ns3:hr>138</ns3:hr>
            <ns3:cad>82</ns3:cad>
          </ns3:TrackPointExtension>
        </extensions>
      </trkpt>
      <trkpt lat="43.84144068695604801177978515625" lon="87.509408332407474517822265625">
        <ele>843.20001220703125</ele>
        <time>2026-07-27T13:52:49.000Z</time>
        <extensions>
          <ns3:TrackPointExtension>
            <ns3:hr>142</ns3:hr>
            <ns3:cad>82</ns3:cad>
          </ns3:TrackPointExtension>
        </extensions>
      </trkpt>
      <trkpt lat="43.84138687513768672943115234375" lon="87.50940338708460330963134765625">
        <ele>843.79998779296875</ele>
        <time>2026-07-27T13:52:51.000Z</time>
        <extensions>
          <ns3:TrackPointExtension>
            <ns3:hr>145</ns3:hr>
            <ns3:cad>82</ns3:cad>
          </ns3:TrackPointExtension>
        </extensions>
      </trkpt>
      <trkpt lat="43.8413150422275066375732421875" lon="87.5093991123139858245849609375">
        <ele>844.20001220703125</ele>
        <time>2026-07-27T13:52:54.000Z</time>
        <extensions>
          <ns3:TrackPointExtension>
            <ns3:hr>148</ns3:hr>
            <ns3:cad>82</ns3:cad>
          </ns3:TrackPointExtension>
        </extensions>
      </trkpt>
      <trkpt lat="43.84124035947024822235107421875" lon="87.5094007886946201324462890625">
        <ele>844.79998779296875</ele>
        <time>2026-07-27T13:52:57.000Z</time>
        <extensions>
          <ns3:TrackPointExtension>
            <ns3:hr>151</ns3:hr>
            <ns3:cad>82</ns3:cad>
          </ns3:TrackPointExtension>
        </extensions>
      </trkpt>
      <trkpt lat="43.841166682541370391845703125" lon="87.5094039738178253173828125">
        <ele>845.4000244140625</ele>
        <time>2026-07-27T13:53:00.000Z</time>
        <extensions>
          <ns3:TrackPointExtension>
            <ns3:hr>154</ns3:hr>
            <ns3:cad>82</ns3:cad>
          </ns3:TrackPointExtension>
        </extensions>
      </trkpt>
      <trkpt lat="43.84115268476307392120361328125" lon="87.509396262466907501220703125">
        <ele>845.4000244140625</ele>
        <time>2026-07-27T13:53:01.000Z</time>
        <extensions>
          <ns3:TrackPointExtension>
            <ns3:hr>153</ns3:hr>
            <ns3:cad>82</ns3:cad>
          </ns3:TrackPointExtension>
        </extensions>
      </trkpt>
      <trkpt lat="43.84108009748160839080810546875" lon="87.50936307013034820556640625">
        <ele>846</ele>
        <time>2026-07-27T13:53:05.000Z</time>
        <extensions>
          <ns3:TrackPointExtension>
            <ns3:hr>156</ns3:hr>
            <ns3:cad>83</ns3:cad>
          </ns3:TrackPointExtension>
        </extensions>
      </trkpt>
      <trkpt lat="43.84090206585824489593505859375" lon="87.509319484233856201171875">
        <ele>847.4000244140625</ele>
        <time>2026-07-27T13:53:13.000Z</time>
        <extensions>
          <ns3:TrackPointExtension>
            <ns3:hr>158</ns3:hr>
            <ns3:cad>82</ns3:cad>
          </ns3:TrackPointExtension>
        </extensions>
      </trkpt>
      <trkpt lat="43.840764351189136505126953125" lon="87.5093069113790988922119140625">
        <ele>847.5999755859375</ele>
        <time>2026-07-27T13:53:19.000Z</time>
        <extensions>
          <ns3:TrackPointExtension>
            <ns3:hr>161</ns3:hr>
            <ns3:cad>83</ns3:cad>
          </ns3:TrackPointExtension>
        </extensions>
      </trkpt>
      <trkpt lat="43.84074280969798564910888671875" lon="87.50930950976908206939697265625">
        <ele>847.5999755859375</ele>
        <time>2026-07-27T13:53:20.000Z</time>
        <extensions>
          <ns3:TrackPointExtension>
            <ns3:hr>161</ns3:hr>
            <ns3:cad>83</ns3:cad>
          </ns3:TrackPointExtension>
        </extensions>
      </trkpt>
      <trkpt lat="43.84068128652870655059814453125" lon="87.509301714599132537841796875">
        <ele>847.5999755859375</ele>
        <time>2026-07-27T13:53:23.000Z</time>
        <extensions>
          <ns3:TrackPointExtension>
            <ns3:hr>164</ns3:hr>
            <ns3:cad>83</ns3:cad>
          </ns3:TrackPointExtension>
        </extensions>
      </trkpt>
      <trkpt lat="43.84059176780283451080322265625" lon="87.509291656315326690673828125">
        <ele>848</ele>
        <time>2026-07-27T13:53:27.000Z</time>
        <extensions>
          <ns3:TrackPointExtension>
            <ns3:hr>167</ns3:hr>
            <ns3:cad>82</ns3:cad>
          </ns3:TrackPointExtension>
        </extensions>
      </trkpt>
      <trkpt lat="43.84053829126060009002685546875" lon="87.50927849672734737396240234375">
        <ele>848</ele>
        <time>2026-07-27T13:53:29.000Z</time>
        <extensions>
          <ns3:TrackPointExtension>
            <ns3:hr>167</ns3:hr>
            <ns3:cad>82</ns3:cad>
          </ns3:TrackPointExtension>
        </extensions>
      </trkpt>
      <trkpt lat="43.840430416166782379150390625" lon="87.50930364243686199188232421875">
        <ele>848.4000244140625</ele>
        <time>2026-07-27T13:53:36.000Z</time>
        <extensions>
          <ns3:TrackPointExtension>
            <ns3:hr>166</ns3:hr>
            <ns3:cad>0</ns3:cad>
          </ns3:TrackPointExtension>
        </extensions>
      </trkpt>
      <trkpt lat="43.840367384254932403564453125" lon="87.50931168906390666961669921875">
        <ele>848.79998779296875</ele>
        <time>2026-07-27T13:53:42.000Z</time>
        <extensions>
          <ns3:TrackPointExtension>
            <ns3:hr>164</ns3:hr>
            <ns3:cad>55</ns3:cad>
          </ns3:TrackPointExtension>
        </extensions>
      </trkpt>
      <trkpt lat="43.84025984443724155426025390625" lon="87.50931755639612674713134765625">
        <ele>850.4000244140625</ele>
        <time>2026-07-27T13:53:51.000Z</time>
        <extensions>
          <ns3:TrackPointExtension>
            <ns3:hr>164</ns3:hr>
            <ns3:cad>55</ns3:cad>
          </ns3:TrackPointExtension>
        </extensions>
      </trkpt>
      <trkpt lat="43.840162195265293121337890625" lon="87.50928503461182117462158203125">
        <ele>851</ele>
        <time>2026-07-27T13:53:58.000Z</time>
        <extensions>
          <ns3:TrackPointExtension>
            <ns3:hr>164</ns3:hr>
            <ns3:cad>56</ns3:cad>
          </ns3:TrackPointExtension>
        </extensions>
      </trkpt>
      <trkpt lat="43.8399700820446014404296875" lon="87.509260475635528564453125">
        <ele>852.79998779296875</ele>
        <time>2026-07-27T13:54:07.000Z</time>
        <extensions>
          <ns3:TrackPointExtension>
            <ns3:hr>164</ns3:hr>
            <ns3:cad>81</ns3:cad>
          </ns3:TrackPointExtension>
        </extensions>
      </trkpt>
      <trkpt lat="43.8397942297160625457763671875" lon="87.5092484056949615478515625">
        <ele>853.79998779296875</ele>
        <time>2026-07-27T13:54:15.000Z</time>
        <extensions>
          <ns3:TrackPointExtension>
            <ns3:hr>164</ns3:hr>
            <ns3:cad>82</ns3:cad>
          </ns3:TrackPointExtension>
        </extensions>
      </trkpt>
      <trkpt lat="43.83960857056081295013427734375" lon="87.50922921113669872283935546875">
        <ele>854</ele>
        <time>2026-07-27T13:54:24.000Z</time>
        <extensions>
          <ns3:TrackPointExtension>
            <ns3:hr>163</ns3:hr>
            <ns3:cad>82</ns3:cad>
          </ns3:TrackPointExtension>
        </extensions>
      </trkpt>
      <trkpt lat="43.83959633298218250274658203125" lon="87.5092234276235103607177734375">
        <ele>854</ele>
        <time>2026-07-27T13:54:25.000Z</time>
        <extensions>
          <ns3:TrackPointExtension>
            <ns3:hr>163</ns3:hr>
            <ns3:cad>0</ns3:cad>
          </ns3:TrackPointExtension>
        </extensions>
      </trkpt>
      <trkpt lat="43.8395087420940399169921875" lon="87.5092162191867828369140625">
        <ele>854</ele>
        <time>2026-07-27T13:54:32.000Z</time>
        <extensions>
          <ns3:TrackPointExtension>
            <ns3:hr>166</ns3:hr>
            <ns3:cad>0</ns3:cad>
          </ns3:TrackPointExtension>
        </extensions>
      </trkpt>
      <trkpt lat="43.8395018689334392547607421875" lon="87.509216554462909698486328125">
        <ele>854</ele>
        <time>2026-07-27T13:54:33.000Z</time>
        <extensions>
          <ns3:TrackPointExtension>
            <ns3:hr>165</ns3:hr>
            <ns3:cad>0</ns3:cad>
          </ns3:TrackPointExtension>
        </extensions>
      </trkpt>
      <trkpt lat="43.8394255936145782470703125" lon="87.509201131761074066162109375">
        <ele>854.20001220703125</ele>
        <time>2026-07-27T13:54:39.000Z</time>
        <extensions>
          <ns3:TrackPointExtension>
            <ns3:hr>162</ns3:hr>
            <ns3:cad>53</ns3:cad>
          </ns3:TrackPointExtension>
        </extensions>
      </trkpt>
      <trkpt lat="43.83939885534346103668212890625" lon="87.50920138321816921234130859375">
        <ele>854.4000244140625</ele>
        <time>2026-07-27T13:54:41.000Z</time>
        <extensions>
          <ns3:TrackPointExtension>
            <ns3:hr>163</ns3:hr>
            <ns3:cad>53</ns3:cad>
          </ns3:TrackPointExtension>
        </extensions>
      </trkpt>
      <trkpt lat="43.83933146484196186065673828125" lon="87.50918126665055751800537109375">
        <ele>854.79998779296875</ele>
        <time>2026-07-27T13:54:47.000Z</time>
        <extensions>
          <ns3:TrackPointExtension>
            <ns3:hr>160</ns3:hr>
            <ns3:cad>56</ns3:cad>
          </ns3:TrackPointExtension>
        </extensions>
      </trkpt>
      <trkpt lat="43.83931201882660388946533203125" lon="87.50916860997676849365234375">
        <ele>854.79998779296875</ele>
        <time>2026-07-27T13:54:49.000Z</time>
        <extensions>
          <ns3:TrackPointExtension>
            <ns3:hr>158</ns3:hr>
            <ns3:cad>56</ns3:cad>
          </ns3:TrackPointExtension>
        </extensions>
      </trkpt>
      <trkpt lat="43.83919651620090007781982421875" lon="87.509153187274932861328125">
        <ele>855.5999755859375</ele>
        <time>2026-07-27T13:54:57.000Z</time>
        <extensions>
          <ns3:TrackPointExtension>
            <ns3:hr>158</ns3:hr>
            <ns3:cad>57</ns3:cad>
          </ns3:TrackPointExtension>
        </extensions>
      </trkpt>
      <trkpt lat="43.83909023366868495941162109375" lon="87.5091330707073211669921875">
        <ele>856</ele>
        <time>2026-07-27T13:55:04.000Z</time>
        <extensions>
          <ns3:TrackPointExtension>
            <ns3:hr>155</ns3:hr>
            <ns3:cad>56</ns3:cad>
          </ns3:TrackPointExtension>
        </extensions>
      </trkpt>
      <trkpt lat="43.8390482403337955474853515625" lon="87.50910549424588680267333984375">
        <ele>856</ele>
        <time>2026-07-27T13:55:07.000Z</time>
        <extensions>
          <ns3:TrackPointExtension>
            <ns3:hr>153</ns3:hr>
            <ns3:cad>56</ns3:cad>
          </ns3:TrackPointExtension>
        </extensions>
      </trkpt>
      <trkpt lat="43.83896282874047756195068359375" lon="87.5090846233069896697998046875">
        <ele>856</ele>
        <time>2026-07-27T13:55:13.000Z</time>
        <extensions>
          <ns3:TrackPointExtension>
            <ns3:hr>150</ns3:hr>
            <ns3:cad>55</ns3:cad>
          </ns3:TrackPointExtension>
        </extensions>
      </trkpt>
      <trkpt lat="43.83891739882528781890869140625" lon="87.50908940099179744720458984375">
        <ele>856</ele>
        <time>2026-07-27T13:55:16.000Z</time>
        <extensions>
          <ns3:TrackPointExtension>
            <ns3:hr>150</ns3:hr>
            <ns3:cad>56</ns3:cad>
          </ns3:TrackPointExtension>
        </extensions>
      </trkpt>
      <trkpt lat="43.838806338608264923095703125" lon="87.50908353365957736968994140625">
        <ele>856.5999755859375</ele>
        <time>2026-07-27T13:55:23.000Z</time>
        <extensions>
          <ns3:TrackPointExtension>
            <ns3:hr>149</ns3:hr>
            <ns3:cad>0</ns3:cad>
          </ns3:TrackPointExtension>
        </extensions>
      </trkpt>
      <trkpt lat="43.838634006679058074951171875" lon="87.5090467371046543121337890625">
        <ele>857.5999755859375</ele>
        <time>2026-07-27T13:55:29.000Z</time>
        <extensions>
          <ns3:TrackPointExtension>
            <ns3:hr>151</ns3:hr>
            <ns3:cad>82</ns3:cad>
          </ns3:TrackPointExtension>
        </extensions>
      </trkpt>
      <trkpt lat="43.83855722844600677490234375" lon="87.50899334438145160675048828125">
        <ele>858</ele>
        <time>2026-07-27T13:55:32.000Z</time>
        <extensions>
          <ns3:TrackPointExtension>
            <ns3:hr>154</ns3:hr>
            <ns3:cad>82</ns3:cad>
          </ns3:TrackPointExtension>
        </extensions>
      </trkpt>
      <trkpt lat="43.838475756347179412841796875" lon="87.50896585173904895782470703125">
        <ele>858.4000244140625</ele>
        <time>2026-07-27T13:55:35.000Z</time>
        <extensions>
          <ns3:TrackPointExtension>
            <ns3:hr>158</ns3:hr>
            <ns3:cad>82</ns3:cad>
          </ns3:TrackPointExtension>
        </extensions>
      </trkpt>
      <trkpt lat="43.83835128508508205413818359375" lon="87.50895294360816478729248046875">
        <ele>859</ele>
        <time>2026-07-27T13:55:40.000Z</time>
        <extensions>
          <ns3:TrackPointExtension>
            <ns3:hr>161</ns3:hr>
            <ns3:cad>82</ns3:cad>
          </ns3:TrackPointExtension>
        </extensions>
      </trkpt>
      <trkpt lat="43.83830334059894084930419921875" lon="87.50896166078746318817138671875">
        <ele>858.79998779296875</ele>
        <time>2026-07-27T13:55:42.000Z</time>
        <extensions>
          <ns3:TrackPointExtension>
            <ns3:hr>163</ns3:hr>
            <ns3:cad>82</ns3:cad>
          </ns3:TrackPointExtension>
        </extensions>
      </trkpt>
      <trkpt lat="43.83824282325804233551025390625" lon="87.508941628038883209228515625">
        <ele>858.5999755859375</ele>
        <time>2026-07-27T13:55:45.000Z</time>
        <extensions>
          <ns3:TrackPointExtension>
            <ns3:hr>166</ns3:hr>
            <ns3:cad>82</ns3:cad>
          </ns3:TrackPointExtension>
        </extensions>
      </trkpt>
      <trkpt lat="43.83819772861897945404052734375" lon="87.50891539268195629119873046875">
        <ele>858.5999755859375</ele>
        <time>2026-07-27T13:55:48.000Z</time>
        <extensions>
          <ns3:TrackPointExtension>
            <ns3:hr>166</ns3:hr>
            <ns3:cad>82</ns3:cad>
          </ns3:TrackPointExtension>
        </extensions>
      </trkpt>
      <trkpt lat="43.83812916465103626251220703125" lon="87.5089037418365478515625">
        <ele>858.4000244140625</ele>
        <time>2026-07-27T13:55:53.000Z</time>
        <extensions>
          <ns3:TrackPointExtension>
            <ns3:hr>166</ns3:hr>
            <ns3:cad>82</ns3:cad>
          </ns3:TrackPointExtension>
        </extensions>
      </trkpt>
      <trkpt lat="43.83807887323200702667236328125" lon="87.5089206732809543609619140625">
        <ele>858.20001220703125</ele>
        <time>2026-07-27T13:55:57.000Z</time>
        <extensions>
          <ns3:TrackPointExtension>
            <ns3:hr>167</ns3:hr>
            <ns3:cad>80</ns3:cad>
          </ns3:TrackPointExtension>
        </extensions>
      </trkpt>
      <trkpt lat="43.838036544620990753173828125" lon="87.50894221477210521697998046875">
        <ele>858</ele>
        <time>2026-07-27T13:56:00.000Z</time>
        <extensions>
          <ns3:TrackPointExtension>
            <ns3:hr>166</ns3:hr>
            <ns3:cad>0</ns3:cad>
          </ns3:TrackPointExtension>
        </extensions>
      </trkpt>
      <trkpt lat="43.83787066675722599029541015625" lon="87.5089243613183498382568359375">
        <ele>858.79998779296875</ele>
        <time>2026-07-27T13:56:08.000Z</time>
        <extensions>
          <ns3:TrackPointExtension>
            <ns3:hr>166</ns3:hr>
            <ns3:cad>81</ns3:cad>
          </ns3:TrackPointExtension>
        </extensions>
      </trkpt>
      <trkpt lat="43.8376900367438793182373046875" lon="87.50888773240149021148681640625">
        <ele>860</ele>
        <time>2026-07-27T13:56:16.000Z</time>
        <extensions>
          <ns3:TrackPointExtension>
            <ns3:hr>168</ns3:hr>
            <ns3:cad>82</ns3:cad>
          </ns3:TrackPointExtension>
        </extensions>
      </trkpt>
      <trkpt lat="43.837655000388622283935546875" lon="87.50887356698513031005859375">
        <ele>860.4000244140625</ele>
        <time>2026-07-27T13:56:18.000Z</time>
        <extensions>
          <ns3:TrackPointExtension>
            <ns3:hr>168</ns3:hr>
            <ns3:cad>82</ns3:cad>
          </ns3:TrackPointExtension>
        </extensions>
      </trkpt>
      <trkpt lat="43.83747587911784648895263671875" lon="87.508900053799152374267578125">
        <ele>863.20001220703125</ele>
        <time>2026-07-27T13:56:25.000Z</time>
        <extensions>
          <ns3:TrackPointExtension>
            <ns3:hr>166</ns3:hr>
            <ns3:cad>82</ns3:cad>
          </ns3:TrackPointExtension>
        </extensions>
      </trkpt>
      <trkpt lat="43.83735098876059055328369140625" lon="87.5088509358465671539306640625">
        <ele>864.20001220703125</ele>
        <time>2026-07-27T13:56:29.000Z</time>
        <extensions>
          <ns3:TrackPointExtension>
            <ns3:hr>169</ns3:hr>
            <ns3:cad>84</ns3:cad>
          </ns3:TrackPointExtension>
        </extensions>
      </trkpt>
      <trkpt lat="43.8373115099966526031494140625" lon="87.50881212763488292694091796875">
        <ele>864.4000244140625</ele>
        <time>2026-07-27T13:56:31.000Z</time>
        <extensions>
          <ns3:TrackPointExtension>
            <ns3:hr>170</ns3:hr>
            <ns3:cad>83</ns3:cad>
          </ns3:TrackPointExtension>
        </extensions>
      </trkpt>
      <trkpt lat="43.83727421052753925323486328125" lon="87.5087751634418964385986328125">
        <ele>864.5999755859375</ele>
        <time>2026-07-27T13:56:34.000Z</time>
        <extensions>
          <ns3:TrackPointExtension>
            <ns3:hr>170</ns3:hr>
            <ns3:cad>79</ns3:cad>
          </ns3:TrackPointExtension>
        </extensions>
      </trkpt>
      <trkpt lat="43.8372642360627651214599609375" lon="87.50877507962286472320556640625">
        <ele>864.79998779296875</ele>
        <time>2026-07-27T13:56:35.000Z</time>
        <extensions>
          <ns3:TrackPointExtension>
            <ns3:hr>169</ns3:hr>
            <ns3:cad>79</ns3:cad>
          </ns3:TrackPointExtension>
        </extensions>
      </trkpt>
      <trkpt lat="43.83719491772353649139404296875" lon="87.50877658836543560028076171875">
        <ele>865.4000244140625</ele>
        <time>2026-07-27T13:56:42.000Z</time>
        <extensions>
          <ns3:TrackPointExtension>
            <ns3:hr>167</ns3:hr>
            <ns3:cad>54</ns3:cad>
          </ns3:TrackPointExtension>
        </extensions>
      </trkpt>
      <trkpt lat="43.8371794112026691436767578125" lon="87.508790753781795501708984375">
        <ele>865.5999755859375</ele>
        <time>2026-07-27T13:56:44.000Z</time>
        <extensions>
          <ns3:TrackPointExtension>
            <ns3:hr>164</ns3:hr>
            <ns3:cad>54</ns3:cad>
          </ns3:TrackPointExtension>
        </extensions>
      </trkpt>
      <trkpt lat="43.8371551036834716796875" lon="87.5087925978004932403564453125">
        <ele>866</ele>
        <time>2026-07-27T13:56:46.000Z</time>
        <extensions>
          <ns3:TrackPointExtension>
            <ns3:hr>164</ns3:hr>
            <ns3:cad>55</ns3:cad>
          </ns3:TrackPointExtension>
        </extensions>
      </trkpt>
      <trkpt lat="43.83712266571819782257080078125" lon="87.50879578292369842529296875">
        <ele>866.5999755859375</ele>
        <time>2026-07-27T13:56:49.000Z</time>
        <extensions>
          <ns3:TrackPointExtension>
            <ns3:hr>164</ns3:hr>
            <ns3:cad>54</ns3:cad>
          </ns3:TrackPointExtension>
        </extensions>
      </trkpt>
      <trkpt lat="43.837002553045749664306640625" lon="87.5087701342999935150146484375">
        <ele>868.4000244140625</ele>
        <time>2026-07-27T13:56:59.000Z</time>
        <extensions>
          <ns3:TrackPointExtension>
            <ns3:hr>166</ns3:hr>
            <ns3:cad>54</ns3:cad>
          </ns3:TrackPointExtension>
        </extensions>
      </trkpt>
      <trkpt lat="43.83699081838130950927734375" lon="87.50877155922353267669677734375">
        <ele>868.5999755859375</ele>
        <time>2026-07-27T13:57:00.000Z</time>
        <extensions>
          <ns3:TrackPointExtension>
            <ns3:hr>166</ns3:hr>
            <ns3:cad>54</ns3:cad>
          </ns3:TrackPointExtension>
        </extensions>
      </trkpt>
      <trkpt lat="43.83691680617630481719970703125" lon="87.508799135684967041015625">
        <ele>869.5999755859375</ele>
        <time>2026-07-27T13:57:05.000Z</time>
        <extensions>
          <ns3:TrackPointExtension>
            <ns3:hr>163</ns3:hr>
            <ns3:cad>53</ns3:cad>
          </ns3:TrackPointExtension>
        </extensions>
      </trkpt>
      <trkpt lat="43.8368652574717998504638671875" lon="87.50875831581652164459228515625">
        <ele>869.5999755859375</ele>
        <time>2026-07-27T13:57:11.000Z</time>
        <extensions>
          <ns3:TrackPointExtension>
            <ns3:hr>160</ns3:hr>
            <ns3:cad>55</ns3:cad>
          </ns3:TrackPointExtension>
        </extensions>
      </trkpt>
      <trkpt lat="43.8368551991879940032958984375" lon="87.50875680707395076751708984375">
        <ele>869.5999755859375</ele>
        <time>2026-07-27T13:57:12.000Z</time>
        <extensions>
          <ns3:TrackPointExtension>
            <ns3:hr>160</ns3:hr>
            <ns3:cad>56</ns3:cad>
          </ns3:TrackPointExtension>
        </extensions>
      </trkpt>
      <trkpt lat="43.83683918975293636322021484375" lon="87.5087594054639339447021484375">
        <ele>869.79998779296875</ele>
        <time>2026-07-27T13:57:13.000Z</time>
        <extensions>
          <ns3:TrackPointExtension>
            <ns3:hr>159</ns3:hr>
            <ns3:cad>56</ns3:cad>
          </ns3:TrackPointExtension>
        </extensions>
      </trkpt>
      <trkpt lat="43.83676878176629543304443359375" lon="87.50876166857779026031494140625">
        <ele>870</ele>
        <time>2026-07-27T13:57:18.000Z</time>
        <extensions>
          <ns3:TrackPointExtension>
            <ns3:hr>156</ns3:hr>
            <ns3:cad>55</ns3:cad>
          </ns3:TrackPointExtension>
        </extensions>
      </trkpt>
      <trkpt lat="43.83673860691487789154052734375" lon="87.50874037854373455047607421875">
        <ele>870</ele>
        <time>2026-07-27T13:57:21.000Z</time>
        <extensions>
          <ns3:TrackPointExtension>
            <ns3:hr>154</ns3:hr>
            <ns3:cad>54</ns3:cad>
          </ns3:TrackPointExtension>
        </extensions>
      </trkpt>
      <trkpt lat="43.8366359286010265350341796875" lon="87.50870316289365291595458984375">
        <ele>869.79998779296875</ele>
        <time>2026-07-27T13:57:28.000Z</time>
        <extensions>
          <ns3:TrackPointExtension>
            <ns3:hr>151</ns3:hr>
            <ns3:cad>0</ns3:cad>
          </ns3:TrackPointExtension>
        </extensions>
      </trkpt>
      <trkpt lat="43.836622349917888641357421875" lon="87.50869930721819400787353515625">
        <ele>869.5999755859375</ele>
        <time>2026-07-27T13:57:29.000Z</time>
        <extensions>
          <ns3:TrackPointExtension>
            <ns3:hr>150</ns3:hr>
            <ns3:cad>0</ns3:cad>
          </ns3:TrackPointExtension>
        </extensions>
      </trkpt>
      <trkpt lat="43.83657348342239856719970703125" lon="87.508678101003170013427734375">
        <ele>869</ele>
        <time>2026-07-27T13:57:32.000Z</time>
        <extensions>
          <ns3:TrackPointExtension>
            <ns3:hr>147</ns3:hr>
            <ns3:cad>0</ns3:cad>
          </ns3:TrackPointExtension>
        </extensions>
      </trkpt>
      <trkpt lat="43.83646803908050060272216796875" lon="87.508661337196826934814453125">
        <ele>867.79998779296875</ele>
        <time>2026-07-27T13:57:37.000Z</time>
        <extensions>
          <ns3:TrackPointExtension>
            <ns3:hr>146</ns3:hr>
            <ns3:cad>82</ns3:cad>
          </ns3:TrackPointExtension>
        </extensions>
      </trkpt>
      <trkpt lat="43.8363264687359333038330078125" lon="87.5086309947073459625244140625">
        <ele>867</ele>
        <time>2026-07-27T13:57:43.000Z</time>
        <extensions>
          <ns3:TrackPointExtension>
            <ns3:hr>149</ns3:hr>
            <ns3:cad>82</ns3:cad>
          </ns3:TrackPointExtension>
        </extensions>
      </trkpt>
      <trkpt lat="43.8362594135105609893798828125" lon="87.508628480136394500732421875">
        <ele>867</ele>
        <time>2026-07-27T13:57:46.000Z</time>
        <extensions>
          <ns3:TrackPointExtension>
            <ns3:hr>151</ns3:hr>
            <ns3:cad>82</ns3:cad>
          </ns3:TrackPointExtension>
        </extensions>
      </trkpt>
      <trkpt lat="43.83614801801741123199462890625" lon="87.508604340255260467529296875">
        <ele>867</ele>
        <time>2026-07-27T13:57:51.000Z</time>
        <extensions>
          <ns3:TrackPointExtension>
            <ns3:hr>154</ns3:hr>
            <ns3:cad>82</ns3:cad>
          </ns3:TrackPointExtension>
        </extensions>
      </trkpt>
      <trkpt lat="43.8360750116407871246337890625" lon="87.50858749262988567352294921875">
        <ele>867.20001220703125</ele>
        <time>2026-07-27T13:57:55.000Z</time>
        <extensions>
          <ns3:TrackPointExtension>
            <ns3:hr>155</ns3:hr>
            <ns3:cad>82</ns3:cad>
          </ns3:TrackPointExtension>
        </extensions>
      </trkpt>
      <trkpt lat="43.83603318594396114349365234375" lon="87.50859587453305721282958984375">
        <ele>867.20001220703125</ele>
        <time>2026-07-27T13:57:58.000Z</time>
        <extensions>
          <ns3:TrackPointExtension>
            <ns3:hr>158</ns3:hr>
            <ns3:cad>82</ns3:cad>
          </ns3:TrackPointExtension>
        </extensions>
      </trkpt>
      <trkpt lat="43.836019523441791534423828125" lon="87.50859419815242290496826171875">
        <ele>867.4000244140625</ele>
        <time>2026-07-27T13:57:59.000Z</time>
        <extensions>
          <ns3:TrackPointExtension>
            <ns3:hr>158</ns3:hr>
            <ns3:cad>82</ns3:cad>
          </ns3:TrackPointExtension>
        </extensions>
      </trkpt>
      <trkpt lat="43.83598641492426395416259765625" lon="87.50858363695442676544189453125">
        <ele>867.4000244140625</ele>
        <time>2026-07-27T13:58:01.000Z</time>
        <extensions>
          <ns3:TrackPointExtension>
            <ns3:hr>161</ns3:hr>
            <ns3:cad>0</ns3:cad>
          </ns3:TrackPointExtension>
        </extensions>
      </trkpt>
      <trkpt lat="43.8358000852167606353759765625" lon="87.508553378283977508544921875">
        <ele>868.20001220703125</ele>
        <time>2026-07-27T13:58:09.000Z</time>
        <extensions>
          <ns3:TrackPointExtension>
            <ns3:hr>160</ns3:hr>
            <ns3:cad>82</ns3:cad>
          </ns3:TrackPointExtension>
        </extensions>
      </trkpt>
      <trkpt lat="43.83575021289288997650146484375" lon="87.5085590779781341552734375">
        <ele>868.4000244140625</ele>
        <time>2026-07-27T13:58:11.000Z</time>
        <extensions>
          <ns3:TrackPointExtension>
            <ns3:hr>163</ns3:hr>
            <ns3:cad>82</ns3:cad>
          </ns3:TrackPointExtension>
        </extensions>
      </trkpt>
      <trkpt lat="43.83560252375900745391845703125" lon="87.50854524783790111541748046875">
        <ele>868.79998779296875</ele>
        <time>2026-07-27T13:58:17.000Z</time>
        <extensions>
          <ns3:TrackPointExtension>
            <ns3:hr>164</ns3:hr>
            <ns3:cad>83</ns3:cad>
          </ns3:TrackPointExtension>
        </extensions>
      </trkpt>
      <trkpt lat="43.83542616851627826690673828125" lon="87.5085295736789703369140625">
        <ele>869.4000244140625</ele>
        <time>2026-07-27T13:58:26.000Z</time>
        <extensions>
          <ns3:TrackPointExtension>
            <ns3:hr>166</ns3:hr>
            <ns3:cad>82</ns3:cad>
          </ns3:TrackPointExtension>
        </extensions>
      </trkpt>
      <trkpt lat="43.835373781621456146240234375" lon="87.5084660388529300689697265625">
        <ele>869.5999755859375</ele>
        <time>2026-07-27T13:58:32.000Z</time>
        <extensions>
          <ns3:TrackPointExtension>
            <ns3:hr>164</ns3:hr>
            <ns3:cad>52</ns3:cad>
          </ns3:TrackPointExtension>
        </extensions>
      </trkpt>
      <trkpt lat="43.835326172411441802978515625" lon="87.5084771029651165008544921875">
        <ele>870</ele>
        <time>2026-07-27T13:58:36.000Z</time>
        <extensions>
          <ns3:TrackPointExtension>
            <ns3:hr>161</ns3:hr>
            <ns3:cad>54</ns3:cad>
          </ns3:TrackPointExtension>
        </extensions>
      </trkpt>
      <trkpt lat="43.8352492265403270721435546875" lon="87.50848875381052494049072265625">
        <ele>870.79998779296875</ele>
        <time>2026-07-27T13:58:42.000Z</time>
        <extensions>
          <ns3:TrackPointExtension>
            <ns3:hr>160</ns3:hr>
            <ns3:cad>52</ns3:cad>
          </ns3:TrackPointExtension>
        </extensions>
      </trkpt>
      <trkpt lat="43.83523539640009403228759765625" lon="87.508486993610858917236328125">
        <ele>870.79998779296875</ele>
        <time>2026-07-27T13:58:43.000Z</time>
        <extensions>
          <ns3:TrackPointExtension>
            <ns3:hr>160</ns3:hr>
            <ns3:cad>52</ns3:cad>
          </ns3:TrackPointExtension>
        </extensions>
      </trkpt>
      <trkpt lat="43.83516800589859485626220703125" lon="87.50847618095576763153076171875">
        <ele>871.5999755859375</ele>
        <time>2026-07-27T13:58:48.000Z</time>
        <extensions>
          <ns3:TrackPointExtension>
            <ns3:hr>161</ns3:hr>
            <ns3:cad>52</ns3:cad>
          </ns3:TrackPointExtension>
        </extensions>
      </trkpt>
      <trkpt lat="43.835088126361370086669921875" lon="87.5084616802632808685302734375">
        <ele>872.4000244140625</ele>
        <time>2026-07-27T13:58:53.000Z</time>
        <extensions>
          <ns3:TrackPointExtension>
            <ns3:hr>158</ns3:hr>
            <ns3:cad>55</ns3:cad>
          </ns3:TrackPointExtension>
        </extensions>
      </trkpt>
      <trkpt lat="43.8349806703627109527587890625" lon="87.5084660388529300689697265625">
        <ele>873.4000244140625</ele>
        <time>2026-07-27T13:58:58.000Z</time>
        <extensions>
          <ns3:TrackPointExtension>
            <ns3:hr>156</ns3:hr>
            <ns3:cad>80</ns3:cad>
          </ns3:TrackPointExtension>
        </extensions>
      </trkpt>
      <trkpt lat="43.83478662930428981781005859375" lon="87.5084646977484226226806640625">
        <ele>874.79998779296875</ele>
        <time>2026-07-27T13:59:07.000Z</time>
        <extensions>
          <ns3:TrackPointExtension>
            <ns3:hr>156</ns3:hr>
            <ns3:cad>82</ns3:cad>
          </ns3:TrackPointExtension>
        </extensions>
      </trkpt>
      <trkpt lat="43.834766931831836700439453125" lon="87.50846184790134429931640625">
        <ele>875</ele>
        <time>2026-07-27T13:59:08.000Z</time>
        <extensions>
          <ns3:TrackPointExtension>
            <ns3:hr>156</ns3:hr>
            <ns3:cad>82</ns3:cad>
          </ns3:TrackPointExtension>
        </extensions>
      </trkpt>
      <trkpt lat="43.8346239365637302398681640625" lon="87.50845036469399929046630859375">
        <ele>875.20001220703125</ele>
        <time>2026-07-27T13:59:16.000Z</time>
        <extensions>
          <ns3:TrackPointExtension>
            <ns3:hr>158</ns3:hr>
            <ns3:cad>82</ns3:cad>
          </ns3:TrackPointExtension>
        </extensions>
      </trkpt>
      <trkpt lat="43.83454606868326663970947265625" lon="87.5084499455988407135009765625">
        <ele>875.20001220703125</ele>
        <time>2026-07-27T13:59:23.000Z</time>
        <extensions>
          <ns3:TrackPointExtension>
            <ns3:hr>160</ns3:hr>
            <ns3:cad>56</ns3:cad>
          </ns3:TrackPointExtension>
        </extensions>
      </trkpt>
      <trkpt lat="43.83451622910797595977783203125" lon="87.50844441354274749755859375">
        <ele>875.20001220703125</ele>
        <time>2026-07-27T13:59:26.000Z</time>
        <extensions>
          <ns3:TrackPointExtension>
            <ns3:hr>162</ns3:hr>
            <ns3:cad>57</ns3:cad>
          </ns3:TrackPointExtension>
        </extensions>
      </trkpt>
      <trkpt lat="43.834452442824840545654296875" lon="87.50842806883156299591064453125">
        <ele>875.20001220703125</ele>
        <time>2026-07-27T13:59:30.000Z</time>
        <extensions>
          <ns3:TrackPointExtension>
            <ns3:hr>160</ns3:hr>
            <ns3:cad>57</ns3:cad>
          </ns3:TrackPointExtension>
        </extensions>
      </trkpt>
      <trkpt lat="43.8343523629009723663330078125" lon="87.5083973072469234466552734375">
        <ele>875</ele>
        <time>2026-07-27T13:59:37.000Z</time>
        <extensions>
          <ns3:TrackPointExtension>
            <ns3:hr>157</ns3:hr>
            <ns3:cad>58</ns3:cad>
          </ns3:TrackPointExtension>
        </extensions>
      </trkpt>
      <trkpt lat="43.83426141925156116485595703125" lon="87.5083954632282257080078125">
        <ele>875</ele>
        <time>2026-07-27T13:59:41.000Z</time>
        <extensions>
          <ns3:TrackPointExtension>
            <ns3:hr>154</ns3:hr>
            <ns3:cad>79</ns3:cad>
          </ns3:TrackPointExtension>
        </extensions>
      </trkpt>
      <trkpt lat="43.8341441564261913299560546875" lon="87.50840543769299983978271484375">
        <ele>875.4000244140625</ele>
        <time>2026-07-27T13:59:45.000Z</time>
        <extensions>
          <ns3:TrackPointExtension>
            <ns3:hr>154</ns3:hr>
            <ns3:cad>81</ns3:cad>
          </ns3:TrackPointExtension>
        </extensions>
      </trkpt>
      <trkpt lat="43.83402689360082149505615234375" lon="87.50838079489767551422119140625">
        <ele>876.5999755859375</ele>
        <time>2026-07-27T13:59:49.000Z</time>
        <extensions>
          <ns3:TrackPointExtension>
            <ns3:hr>157</ns3:hr>
            <ns3:cad>83</ns3:cad>
          </ns3:TrackPointExtension>
        </extensions>
      </trkpt>
      <trkpt lat="43.83391122333705425262451171875" lon="87.50834760256111621856689453125">
        <ele>877.5999755859375</ele>
        <time>2026-07-27T13:59:53.000Z</time>
        <extensions>
          <ns3:TrackPointExtension>
            <ns3:hr>160</ns3:hr>
            <ns3:cad>82</ns3:cad>
          </ns3:TrackPointExtension>
        </extensions>
      </trkpt>
      <trkpt lat="43.83388104848563671112060546875" lon="87.50834424979984760284423828125">
        <ele>878</ele>
        <time>2026-07-27T13:59:54.000Z</time>
        <extensions>
          <ns3:TrackPointExtension>
            <ns3:hr>161</ns3:hr>
            <ns3:cad>82</ns3:cad>
          </ns3:TrackPointExtension>
        </extensions>
      </trkpt>
      <trkpt lat="43.83369094692170619964599609375" lon="87.50828674994409084320068359375">
        <ele>880.20001220703125</ele>
        <time>2026-07-27T14:00:00.000Z</time>
        <extensions>
          <ns3:TrackPointExtension>
            <ns3:hr>162</ns3:hr>
            <ns3:cad>83</ns3:cad>
          </ns3:TrackPointExtension>
        </extensions>
      </trkpt>
      <trkpt lat="43.8336348719894886016845703125" lon="87.5082192756235599517822265625">
        <ele>880.5999755859375</ele>
        <time>2026-07-27T14:00:04.000Z</time>
        <extensions>
          <ns3:TrackPointExtension>
            <ns3:hr>163</ns3:hr>
            <ns3:cad>82</ns3:cad>
          </ns3:TrackPointExtension>
        </extensions>
      </trkpt>
      <trkpt lat="43.833567984402179718017578125" lon="87.50820192508399486541748046875">
        <ele>880.79998779296875</ele>
        <time>2026-07-27T14:00:11.000Z</time>
        <extensions>
          <ns3:TrackPointExtension>
            <ns3:hr>164</ns3:hr>
            <ns3:cad>80</ns3:cad>
          </ns3:TrackPointExtension>
        </extensions>
      </trkpt>
      <trkpt lat="43.8335396535694599151611328125" lon="87.50818817876279354095458984375">
        <ele>880.79998779296875</ele>
        <time>2026-07-27T14:00:14.000Z</time>
        <extensions>
          <ns3:TrackPointExtension>
            <ns3:hr>165</ns3:hr>
            <ns3:cad>57</ns3:cad>
          </ns3:TrackPointExtension>
        </extensions>
      </trkpt>
      <trkpt lat="43.8334925472736358642578125" lon="87.5081837363541126251220703125">
        <ele>881</ele>
        <time>2026-07-27T14:00:17.000Z</time>
        <extensions>
          <ns3:TrackPointExtension>
            <ns3:hr>166</ns3:hr>
            <ns3:cad>56</ns3:cad>
          </ns3:TrackPointExtension>
        </extensions>
      </trkpt>
      <trkpt lat="43.83338601328432559967041015625" lon="87.50817862339317798614501953125">
        <ele>881.4000244140625</ele>
        <time>2026-07-27T14:00:25.000Z</time>
        <extensions>
          <ns3:TrackPointExtension>
            <ns3:hr>168</ns3:hr>
            <ns3:cad>56</ns3:cad>
          </ns3:TrackPointExtension>
        </extensions>
      </trkpt>
      <trkpt lat="43.83328526280820369720458984375" lon="87.50816035084426403045654296875">
        <ele>881.5999755859375</ele>
        <time>2026-07-27T14:00:34.000Z</time>
        <extensions>
          <ns3:TrackPointExtension>
            <ns3:hr>166</ns3:hr>
            <ns3:cad>56</ns3:cad>
          </ns3:TrackPointExtension>
        </extensions>
      </trkpt>
      <trkpt lat="43.8331661559641361236572265625" lon="87.50814962200820446014404296875">
        <ele>881.5999755859375</ele>
        <time>2026-07-27T14:00:41.000Z</time>
        <extensions>
          <ns3:TrackPointExtension>
            <ns3:hr>165</ns3:hr>
            <ns3:cad>0</ns3:cad>
          </ns3:TrackPointExtension>
        </extensions>
      </trkpt>
      <trkpt lat="43.83300798945128917694091796875" lon="87.50814090482890605926513671875">
        <ele>881.79998779296875</ele>
        <time>2026-07-27T14:00:48.000Z</time>
        <extensions>
          <ns3:TrackPointExtension>
            <ns3:hr>163</ns3:hr>
            <ns3:cad>83</ns3:cad>
          </ns3:TrackPointExtension>
        </extensions>
      </trkpt>
      <trkpt lat="43.832914195954799652099609375" lon="87.5081173516809940338134765625">
        <ele>882.20001220703125</ele>
        <time>2026-07-27T14:00:52.000Z</time>
        <extensions>
          <ns3:TrackPointExtension>
            <ns3:hr>160</ns3:hr>
            <ns3:cad>83</ns3:cad>
          </ns3:TrackPointExtension>
        </extensions>
      </trkpt>
      <trkpt lat="43.8328952528536319732666015625" lon="87.5081046111881732940673828125">
        <ele>882.20001220703125</ele>
        <time>2026-07-27T14:00:53.000Z</time>
        <extensions>
          <ns3:TrackPointExtension>
            <ns3:hr>160</ns3:hr>
            <ns3:cad>83</ns3:cad>
          </ns3:TrackPointExtension>
        </extensions>
      </trkpt>
      <trkpt lat="43.83286801166832447052001953125" lon="87.508094049990177154541015625">
        <ele>882.4000244140625</ele>
        <time>2026-07-27T14:00:55.000Z</time>
        <extensions>
          <ns3:TrackPointExtension>
            <ns3:hr>160</ns3:hr>
            <ns3:cad>81</ns3:cad>
          </ns3:TrackPointExtension>
        </extensions>
      </trkpt>
      <trkpt lat="43.832845799624919891357421875" lon="87.5080754421651363372802734375">
        <ele>882.4000244140625</ele>
        <time>2026-07-27T14:00:57.000Z</time>
        <extensions>
          <ns3:TrackPointExtension>
            <ns3:hr>161</ns3:hr>
            <ns3:cad>53</ns3:cad>
          </ns3:TrackPointExtension>
        </extensions>
      </trkpt>
      <trkpt lat="43.83280414156615734100341796875" lon="87.50805473886430263519287109375">
        <ele>882.5999755859375</ele>
        <time>2026-07-27T14:01:01.000Z</time>
        <extensions>
          <ns3:TrackPointExtension>
            <ns3:hr>164</ns3:hr>
            <ns3:cad>53</ns3:cad>
          </ns3:TrackPointExtension>
        </extensions>
      </trkpt>
      <trkpt lat="43.832756616175174713134765625" lon="87.5080570019781589508056640625">
        <ele>883</ele>
        <time>2026-07-27T14:01:07.000Z</time>
        <extensions>
          <ns3:TrackPointExtension>
            <ns3:hr>167</ns3:hr>
            <ns3:cad>56</ns3:cad>
          </ns3:TrackPointExtension>
        </extensions>
      </trkpt>
      <trkpt lat="43.83260884322226047515869140625" lon="87.50804744660854339599609375">
        <ele>883.5999755859375</ele>
        <time>2026-07-27T14:01:15.000Z</time>
        <extensions>
          <ns3:TrackPointExtension>
            <ns3:hr>165</ns3:hr>
            <ns3:cad>57</ns3:cad>
          </ns3:TrackPointExtension>
        </extensions>
      </trkpt>
      <trkpt lat="43.83255938999354839324951171875" lon="87.5080435909330844879150390625">
        <ele>883.79998779296875</ele>
        <time>2026-07-27T14:01:18.000Z</time>
        <extensions>
          <ns3:TrackPointExtension>
            <ns3:hr>162</ns3:hr>
            <ns3:cad>0</ns3:cad>
          </ns3:TrackPointExtension>
        </extensions>
      </trkpt>
      <trkpt lat="43.83242980577051639556884765625" lon="87.508052475750446319580078125">
        <ele>884.20001220703125</ele>
        <time>2026-07-27T14:01:23.000Z</time>
        <extensions>
          <ns3:TrackPointExtension>
            <ns3:hr>162</ns3:hr>
            <ns3:cad>82</ns3:cad>
          </ns3:TrackPointExtension>
        </extensions>
      </trkpt>
      <trkpt lat="43.83231572806835174560546875" lon="87.50806446187198162078857421875">
        <ele>884.5999755859375</ele>
        <time>2026-07-27T14:01:28.000Z</time>
        <extensions>
          <ns3:TrackPointExtension>
            <ns3:hr>165</ns3:hr>
            <ns3:cad>82</ns3:cad>
          </ns3:TrackPointExtension>
        </extensions>
      </trkpt>
      <trkpt lat="43.83229787461459636688232421875" lon="87.50807167030870914459228515625">
        <ele>884.79998779296875</ele>
        <time>2026-07-27T14:01:29.000Z</time>
        <extensions>
          <ns3:TrackPointExtension>
            <ns3:hr>164</ns3:hr>
            <ns3:cad>82</ns3:cad>
          </ns3:TrackPointExtension>
        </extensions>
      </trkpt>
      <trkpt lat="43.83224842138588428497314453125" lon="87.50805415213108062744140625">
        <ele>885</ele>
        <time>2026-07-27T14:01:32.000Z</time>
        <extensions>
          <ns3:TrackPointExtension>
            <ns3:hr>160</ns3:hr>
            <ns3:cad>82</ns3:cad>
          </ns3:TrackPointExtension>
        </extensions>
      </trkpt>
      <trkpt lat="43.8322062604129314422607421875" lon="87.50805079936981201171875">
        <ele>885</ele>
        <time>2026-07-27T14:01:35.000Z</time>
        <extensions>
          <ns3:TrackPointExtension>
            <ns3:hr>159</ns3:hr>
            <ns3:cad>55</ns3:cad>
          </ns3:TrackPointExtension>
        </extensions>
      </trkpt>
      <trkpt lat="43.8321353495121002197265625" lon="87.50805188901722431182861328125">
        <ele>885</ele>
        <time>2026-07-27T14:01:41.000Z</time>
        <extensions>
          <ns3:TrackPointExtension>
            <ns3:hr>156</ns3:hr>
            <ns3:cad>54</ns3:cad>
          </ns3:TrackPointExtension>
        </extensions>
      </trkpt>
      <trkpt lat="43.832110203802585601806640625" lon="87.5080439262092113494873046875">
        <ele>885</ele>
        <time>2026-07-27T14:01:43.000Z</time>
        <extensions>
          <ns3:TrackPointExtension>
            <ns3:hr>155</ns3:hr>
            <ns3:cad>54</ns3:cad>
          </ns3:TrackPointExtension>
        </extensions>
      </trkpt>
      <trkpt lat="43.83202873170375823974609375" lon="87.5080258212983608245849609375">
        <ele>885</ele>
        <time>2026-07-27T14:01:48.000Z</time>
        <extensions>
          <ns3:TrackPointExtension>
            <ns3:hr>152</ns3:hr>
            <ns3:cad>0</ns3:cad>
          </ns3:TrackPointExtension>
        </extensions>
      </trkpt>
      <trkpt lat="43.831951282918453216552734375" lon="87.5080241449177265167236328125">
        <ele>885</ele>
        <time>2026-07-27T14:01:51.000Z</time>
        <extensions>
          <ns3:TrackPointExtension>
            <ns3:hr>151</ns3:hr>
            <ns3:cad>82</ns3:cad>
          </ns3:TrackPointExtension>
        </extensions>
      </trkpt>
      <trkpt lat="43.83185178972780704498291015625" lon="87.508015595376491546630859375">
        <ele>885.4000244140625</ele>
        <time>2026-07-27T14:01:56.000Z</time>
        <extensions>
          <ns3:TrackPointExtension>
            <ns3:hr>152</ns3:hr>
            <ns3:cad>82</ns3:cad>
          </ns3:TrackPointExtension>
        </extensions>
      </trkpt>
      <trkpt lat="43.8318428210914134979248046875" lon="87.5080172717571258544921875">
        <ele>885.4000244140625</ele>
        <time>2026-07-27T14:01:57.000Z</time>
        <extensions>
          <ns3:TrackPointExtension>
            <ns3:hr>152</ns3:hr>
            <ns3:cad>82</ns3:cad>
          </ns3:TrackPointExtension>
        </extensions>
      </trkpt>
      <trkpt lat="43.83181239478290081024169921875" lon="87.50804744660854339599609375">
        <ele>885.4000244140625</ele>
        <time>2026-07-27T14:02:04.000Z</time>
        <extensions>
          <ns3:TrackPointExtension>
            <ns3:hr>152</ns3:hr>
            <ns3:cad>0</ns3:cad>
          </ns3:TrackPointExtension>
        </extensions>
      </trkpt>
      <trkpt lat="43.83182488381862640380859375" lon="87.50805624760687351226806640625">
        <ele>885.4000244140625</ele>
        <time>2026-07-27T14:02:12.000Z</time>
        <extensions>
          <ns3:TrackPointExtension>
            <ns3:hr>152</ns3:hr>
            <ns3:cad>0</ns3:cad>
          </ns3:TrackPointExtension>
        </extensions>
      </trkpt>
      <trkpt lat="43.83182597346603870391845703125" lon="87.50806043855845928192138671875">
        <ele>885.4000244140625</ele>
        <time>2026-07-27T14:02:22.000Z</time>
        <extensions>
          <ns3:TrackPointExtension>
            <ns3:hr>149</ns3:hr>
            <ns3:cad>0</ns3:cad>
          </ns3:TrackPointExtension>
        </extensions>
      </trkpt>
      <trkpt lat="43.8318099640309810638427734375" lon="87.5083104707300662994384765625">
        <ele>885.4000244140625</ele>
        <time>2026-07-27T14:02:28.000Z</time>
        <extensions>
          <ns3:TrackPointExtension>
            <ns3:hr>147</ns3:hr>
            <ns3:cad>83</ns3:cad>
          </ns3:TrackPointExtension>
        </extensions>
      </trkpt>
      <trkpt lat="43.83179948665201663970947265625" lon="87.50841063447296619415283203125">
        <ele>885.5999755859375</ele>
        <time>2026-07-27T14:02:31.000Z</time>
        <extensions>
          <ns3:TrackPointExtension>
            <ns3:hr>150</ns3:hr>
            <ns3:cad>80</ns3:cad>
          </ns3:TrackPointExtension>
        </extensions>
      </trkpt>
      <trkpt lat="43.83181205950677394866943359375" lon="87.5084214471280574798583984375">
        <ele>885.4000244140625</ele>
        <time>2026-07-27T14:02:32.000Z</time>
        <extensions>
          <ns3:TrackPointExtension>
            <ns3:hr>150</ns3:hr>
            <ns3:cad>80</ns3:cad>
          </ns3:TrackPointExtension>
        </extensions>
      </trkpt>
      <trkpt lat="43.83182748220860958099365234375" lon="87.50842521898448467254638671875">
        <ele>885.4000244140625</ele>
        <time>2026-07-27T14:02:33.000Z</time>
        <extensions>
          <ns3:TrackPointExtension>
            <ns3:hr>149</ns3:hr>
            <ns3:cad>80</ns3:cad>
          </ns3:TrackPointExtension>
        </extensions>
      </trkpt>
      <trkpt lat="43.83188934065401554107666015625" lon="87.5084576569497585296630859375">
        <ele>885.20001220703125</ele>
        <time>2026-07-27T14:02:39.000Z</time>
        <extensions>
          <ns3:TrackPointExtension>
            <ns3:hr>146</ns3:hr>
            <ns3:cad>80</ns3:cad>
          </ns3:TrackPointExtension>
        </extensions>
      </trkpt>
      <trkpt lat="43.83195170201361179351806640625" lon="87.5084569863975048065185546875">
        <ele>885</ele>
        <time>2026-07-27T14:02:43.000Z</time>
        <extensions>
          <ns3:TrackPointExtension>
            <ns3:hr>145</ns3:hr>
            <ns3:cad>55</ns3:cad>
          </ns3:TrackPointExtension>
        </extensions>
      </trkpt>
      <trkpt lat="43.8320238701999187469482421875" lon="87.50844432972371578216552734375">
        <ele>885</ele>
        <time>2026-07-27T14:02:50.000Z</time>
        <extensions>
          <ns3:TrackPointExtension>
            <ns3:hr>144</ns3:hr>
            <ns3:cad>56</ns3:cad>
          </ns3:TrackPointExtension>
        </extensions>
      </trkpt>
      <trkpt lat="43.83218924514949321746826171875" lon="87.508462853729724884033203125">
        <ele>885</ele>
        <time>2026-07-27T14:02:59.000Z</time>
        <extensions>
          <ns3:TrackPointExtension>
            <ns3:hr>144</ns3:hr>
            <ns3:cad>81</ns3:cad>
          </ns3:TrackPointExtension>
        </extensions>
      </trkpt>
      <trkpt lat="43.8322937674820423126220703125" lon="87.50846721231937408447265625">
        <ele>885.20001220703125</ele>
        <time>2026-07-27T14:03:03.000Z</time>
        <extensions>
          <ns3:TrackPointExtension>
            <ns3:hr>141</ns3:hr>
            <ns3:cad>81</ns3:cad>
          </ns3:TrackPointExtension>
        </extensions>
      </trkpt>
      <trkpt lat="43.832381777465343475341796875" lon="87.5084982253611087799072265625">
        <ele>885.5999755859375</ele>
        <time>2026-07-27T14:03:06.000Z</time>
        <extensions>
          <ns3:TrackPointExtension>
            <ns3:hr>142</ns3:hr>
            <ns3:cad>81</ns3:cad>
          </ns3:TrackPointExtension>
        </extensions>
      </trkpt>
      <trkpt lat="43.83244841359555721282958984375" lon="87.508538626134395599365234375">
        <ele>885.79998779296875</ele>
        <time>2026-07-27T14:03:10.000Z</time>
        <extensions>
          <ns3:TrackPointExtension>
            <ns3:hr>145</ns3:hr>
            <ns3:cad>82</ns3:cad>
          </ns3:TrackPointExtension>
        </extensions>
      </trkpt>
      <trkpt lat="43.832478336989879608154296875" lon="87.50855446793138980865478515625">
        <ele>886</ele>
        <time>2026-07-27T14:03:12.000Z</time>
        <extensions>
          <ns3:TrackPointExtension>
            <ns3:hr>145</ns3:hr>
            <ns3:cad>81</ns3:cad>
          </ns3:TrackPointExtension>
        </extensions>
      </trkpt>
      <trkpt lat="43.83255855180323123931884765625" lon="87.5085951201617717742919921875">
        <ele>886.20001220703125</ele>
        <time>2026-07-27T14:03:20.000Z</time>
        <extensions>
          <ns3:TrackPointExtension>
            <ns3:hr>147</ns3:hr>
            <ns3:cad>55</ns3:cad>
          </ns3:TrackPointExtension>
        </extensions>
      </trkpt>
      <trkpt lat="43.83259811438620090484619140625" lon="87.50861146487295627593994140625">
        <ele>886.4000244140625</ele>
        <time>2026-07-27T14:03:26.000Z</time>
        <extensions>
          <ns3:TrackPointExtension>
            <ns3:hr>145</ns3:hr>
            <ns3:cad>54</ns3:cad>
          </ns3:TrackPointExtension>
        </extensions>
      </trkpt>
      <trkpt lat="43.83262610994279384613037109375" lon="87.5086159072816371917724609375">
        <ele>886.4000244140625</ele>
        <time>2026-07-27T14:03:28.000Z</time>
        <extensions>
          <ns3:TrackPointExtension>
            <ns3:hr>142</ns3:hr>
            <ns3:cad>55</ns3:cad>
          </ns3:TrackPointExtension>
        </extensions>
      </trkpt>
      <trkpt lat="43.83265242911875247955322265625" lon="87.50860760919749736785888671875">
        <ele>886.5999755859375</ele>
        <time>2026-07-27T14:03:30.000Z</time>
        <extensions>
          <ns3:TrackPointExtension>
            <ns3:hr>139</ns3:hr>
            <ns3:cad>55</ns3:cad>
          </ns3:TrackPointExtension>
        </extensions>
      </trkpt>
      <trkpt lat="43.83268981240689754486083984375" lon="87.50860677100718021392822265625">
        <ele>886.5999755859375</ele>
        <time>2026-07-27T14:03:32.000Z</time>
        <extensions>
          <ns3:TrackPointExtension>
            <ns3:hr>136</ns3:hr>
            <ns3:cad>0</ns3:cad>
          </ns3:TrackPointExtension>
        </extensions>
      </trkpt>
      <trkpt lat="43.832717053592205047607421875" lon="87.508606016635894775390625">
        <ele>886.79998779296875</ele>
        <time>2026-07-27T14:03:33.000Z</time>
        <extensions>
          <ns3:TrackPointExtension>
            <ns3:hr>136</ns3:hr>
            <ns3:cad>82</ns3:cad>
          </ns3:TrackPointExtension>
        </extensions>
      </trkpt>
      <trkpt lat="43.83290036581456661224365234375" lon="87.5086521171033382415771484375">
        <ele>886.5999755859375</ele>
        <time>2026-07-27T14:03:41.000Z</time>
        <extensions>
          <ns3:TrackPointExtension>
            <ns3:hr>139</ns3:hr>
            <ns3:cad>83</ns3:cad>
          </ns3:TrackPointExtension>
        </extensions>
      </trkpt>
      <trkpt lat="43.8330781459808349609375" lon="87.50872135162353515625">
        <ele>885.79998779296875</ele>
        <time>2026-07-27T14:03:48.000Z</time>
        <extensions>
          <ns3:TrackPointExtension>
            <ns3:hr>141</ns3:hr>
            <ns3:cad>83</ns3:cad>
          </ns3:TrackPointExtension>
        </extensions>
      </trkpt>
      <trkpt lat="43.83310773409903049468994140625" lon="87.50872847624123096466064453125">
        <ele>885.5999755859375</ele>
        <time>2026-07-27T14:03:49.000Z</time>
        <extensions>
          <ns3:TrackPointExtension>
            <ns3:hr>141</ns3:hr>
            <ns3:cad>83</ns3:cad>
          </ns3:TrackPointExtension>
        </extensions>
      </trkpt>
      <trkpt lat="43.8332006894052028656005859375" lon="87.50874021090567111968994140625">
        <ele>885.4000244140625</ele>
        <time>2026-07-27T14:03:52.000Z</time>
        <extensions>
          <ns3:TrackPointExtension>
            <ns3:hr>144</ns3:hr>
            <ns3:cad>83</ns3:cad>
          </ns3:TrackPointExtension>
        </extensions>
      </trkpt>
      <trkpt lat="43.83328266441822052001953125" lon="87.508739121258258819580078125">
        <ele>885.4000244140625</ele>
        <time>2026-07-27T14:03:54.000Z</time>
        <extensions>
          <ns3:TrackPointExtension>
            <ns3:hr>144</ns3:hr>
            <ns3:cad>83</ns3:cad>
          </ns3:TrackPointExtension>
        </extensions>
      </trkpt>
      <trkpt lat="43.833421804010868072509765625" lon="87.5087386183440685272216796875">
        <ele>884.79998779296875</ele>
        <time>2026-07-27T14:03:58.000Z</time>
        <extensions>
          <ns3:TrackPointExtension>
            <ns3:hr>147</ns3:hr>
            <ns3:cad>82</ns3:cad>
          </ns3:TrackPointExtension>
        </extensions>
      </trkpt>
      <trkpt lat="43.8334833271801471710205078125" lon="87.5087453238666057586669921875">
        <ele>884</ele>
        <time>2026-07-27T14:04:00.000Z</time>
        <extensions>
          <ns3:TrackPointExtension>
            <ns3:hr>149</ns3:hr>
            <ns3:cad>82</ns3:cad>
          </ns3:TrackPointExtension>
        </extensions>
      </trkpt>
      <trkpt lat="43.83350771851837635040283203125" lon="87.5087439827620983123779296875">
        <ele>883.79998779296875</ele>
        <time>2026-07-27T14:04:02.000Z</time>
        <extensions>
          <ns3:TrackPointExtension>
            <ns3:hr>152</ns3:hr>
            <ns3:cad>79</ns3:cad>
          </ns3:TrackPointExtension>
        </extensions>
      </trkpt>
      <trkpt lat="43.8335436768829822540283203125" lon="87.50874322839081287384033203125">
        <ele>883.4000244140625</ele>
        <time>2026-07-27T14:04:05.000Z</time>
        <extensions>
          <ns3:TrackPointExtension>
            <ns3:hr>155</ns3:hr>
            <ns3:cad>79</ns3:cad>
          </ns3:TrackPointExtension>
        </extensions>
      </trkpt>
      <trkpt lat="43.83362858556210994720458984375" lon="87.508746497333049774169921875">
        <ele>882.5999755859375</ele>
        <time>2026-07-27T14:04:10.000Z</time>
        <extensions>
          <ns3:TrackPointExtension>
            <ns3:hr>158</ns3:hr>
            <ns3:cad>54</ns3:cad>
          </ns3:TrackPointExtension>
        </extensions>
      </trkpt>
      <trkpt lat="43.83364920504391193389892578125" lon="87.508739121258258819580078125">
        <ele>882.4000244140625</ele>
        <time>2026-07-27T14:04:12.000Z</time>
        <extensions>
          <ns3:TrackPointExtension>
            <ns3:hr>157</ns3:hr>
            <ns3:cad>54</ns3:cad>
          </ns3:TrackPointExtension>
        </extensions>
      </trkpt>
      <trkpt lat="43.8336777873337268829345703125" lon="87.508718669414520263671875">
        <ele>882.20001220703125</ele>
        <time>2026-07-27T14:04:16.000Z</time>
        <extensions>
          <ns3:TrackPointExtension>
            <ns3:hr>155</ns3:hr>
            <ns3:cad>0</ns3:cad>
          </ns3:TrackPointExtension>
        </extensions>
      </trkpt>
      <trkpt lat="43.83368910290300846099853515625" lon="87.50872076489031314849853515625">
        <ele>882.20001220703125</ele>
        <time>2026-07-27T14:04:19.000Z</time>
        <extensions>
          <ns3:TrackPointExtension>
            <ns3:hr>153</ns3:hr>
            <ns3:cad>0</ns3:cad>
          </ns3:TrackPointExtension>
        </extensions>
      </trkpt>
      <trkpt lat="43.83374978788197040557861328125" lon="87.50872495584189891815185546875">
        <ele>881.20001220703125</ele>
        <time>2026-07-27T14:04:22.000Z</time>
        <extensions>
          <ns3:TrackPointExtension>
            <ns3:hr>150</ns3:hr>
            <ns3:cad>0</ns3:cad>
          </ns3:TrackPointExtension>
        </extensions>
      </trkpt>
      <trkpt lat="43.83378826081752777099609375" lon="87.50872738659381866455078125">
        <ele>880.79998779296875</ele>
        <time>2026-07-27T14:04:23.000Z</time>
        <extensions>
          <ns3:TrackPointExtension>
            <ns3:hr>149</ns3:hr>
            <ns3:cad>0</ns3:cad>
          </ns3:TrackPointExtension>
        </extensions>
      </trkpt>
      <trkpt lat="43.83390200324356555938720703125" lon="87.50875730998814105987548828125">
        <ele>879.4000244140625</ele>
        <time>2026-07-27T14:04:26.000Z</time>
        <extensions>
          <ns3:TrackPointExtension>
            <ns3:hr>146</ns3:hr>
            <ns3:cad>83</ns3:cad>
          </ns3:TrackPointExtension>
        </extensions>
      </trkpt>
      <trkpt lat="43.8339674659073352813720703125" lon="87.5087832100689411163330078125">
        <ele>879.20001220703125</ele>
        <time>2026-07-27T14:04:28.000Z</time>
        <extensions>
          <ns3:TrackPointExtension>
            <ns3:hr>147</ns3:hr>
            <ns3:cad>83</ns3:cad>
          </ns3:TrackPointExtension>
        </extensions>
      </trkpt>
      <trkpt lat="43.8341592438519001007080078125" lon="87.50883291475474834442138671875">
        <ele>878</ele>
        <time>2026-07-27T14:04:34.000Z</time>
        <extensions>
          <ns3:TrackPointExtension>
            <ns3:hr>149</ns3:hr>
            <ns3:cad>81</ns3:cad>
          </ns3:TrackPointExtension>
        </extensions>
      </trkpt>
      <trkpt lat="43.8341870717704296112060546875" lon="87.50884364359080791473388671875">
        <ele>877.79998779296875</ele>
        <time>2026-07-27T14:04:35.000Z</time>
        <extensions>
          <ns3:TrackPointExtension>
            <ns3:hr>148</ns3:hr>
            <ns3:cad>81</ns3:cad>
          </ns3:TrackPointExtension>
        </extensions>
      </trkpt>
      <trkpt lat="43.83436719886958599090576171875" lon="87.5088874809443950653076171875">
        <ele>877</ele>
        <time>2026-07-27T14:04:41.000Z</time>
        <extensions>
          <ns3:TrackPointExtension>
            <ns3:hr>149</ns3:hr>
            <ns3:cad>83</ns3:cad>
          </ns3:TrackPointExtension>
        </extensions>
      </trkpt>
      <trkpt lat="43.83443073369562625885009765625" lon="87.50888831913471221923828125">
        <ele>876.79998779296875</ele>
        <time>2026-07-27T14:04:43.000Z</time>
        <extensions>
          <ns3:TrackPointExtension>
            <ns3:hr>150</ns3:hr>
            <ns3:cad>83</ns3:cad>
          </ns3:TrackPointExtension>
        </extensions>
      </trkpt>
      <trkpt lat="43.834541626274585723876953125" lon="87.50889963470399379730224609375">
        <ele>876.79998779296875</ele>
        <time>2026-07-27T14:04:46.000Z</time>
        <extensions>
          <ns3:TrackPointExtension>
            <ns3:hr>153</ns3:hr>
            <ns3:cad>83</ns3:cad>
          </ns3:TrackPointExtension>
        </extensions>
      </trkpt>
      <trkpt lat="43.8347168080508708953857421875" lon="87.508932910859584808349609375">
        <ele>877</ele>
        <time>2026-07-27T14:04:51.000Z</time>
        <extensions>
          <ns3:TrackPointExtension>
            <ns3:hr>156</ns3:hr>
            <ns3:cad>84</ns3:cad>
          </ns3:TrackPointExtension>
        </extensions>
      </trkpt>
      <trkpt lat="43.8347727991640567779541015625" lon="87.50894690863788127899169921875">
        <ele>876.79998779296875</ele>
        <time>2026-07-27T14:04:53.000Z</time>
        <extensions>
          <ns3:TrackPointExtension>
            <ns3:hr>156</ns3:hr>
            <ns3:cad>83</ns3:cad>
          </ns3:TrackPointExtension>
        </extensions>
      </trkpt>
      <trkpt lat="43.83497958071529865264892578125" lon="87.5089853815734386444091796875">
        <ele>876.20001220703125</ele>
        <time>2026-07-27T14:04:59.000Z</time>
        <extensions>
          <ns3:TrackPointExtension>
            <ns3:hr>158</ns3:hr>
            <ns3:cad>84</ns3:cad>
          </ns3:TrackPointExtension>
        </extensions>
      </trkpt>
      <trkpt lat="43.8350889645516872406005859375" lon="87.5089930929243564605712890625">
        <ele>875.4000244140625</ele>
        <time>2026-07-27T14:05:02.000Z</time>
        <extensions>
          <ns3:TrackPointExtension>
            <ns3:hr>161</ns3:hr>
            <ns3:cad>84</ns3:cad>
          </ns3:TrackPointExtension>
        </extensions>
      </trkpt>
      <trkpt lat="43.835291974246501922607421875" lon="87.509008012712001800537109375">
        <ele>873.4000244140625</ele>
        <time>2026-07-27T14:05:07.000Z</time>
        <extensions>
          <ns3:TrackPointExtension>
            <ns3:hr>164</ns3:hr>
            <ns3:cad>86</ns3:cad>
          </ns3:TrackPointExtension>
        </extensions>
      </trkpt>
      <trkpt lat="43.835485763847827911376953125" lon="87.5090396963059902191162109375">
        <ele>871.5999755859375</ele>
        <time>2026-07-27T14:05:13.000Z</time>
        <extensions>
          <ns3:TrackPointExtension>
            <ns3:hr>165</ns3:hr>
            <ns3:cad>85</ns3:cad>
          </ns3:TrackPointExtension>
        </extensions>
      </trkpt>
      <trkpt lat="43.8355640508234500885009765625" lon="87.50904715619981288909912109375">
        <ele>870.79998779296875</ele>
        <time>2026-07-27T14:05:15.000Z</time>
        <extensions>
          <ns3:TrackPointExtension>
            <ns3:hr>166</ns3:hr>
            <ns3:cad>85</ns3:cad>
          </ns3:TrackPointExtension>
        </extensions>
      </trkpt>
      <trkpt lat="43.8357528112828731536865234375" lon="87.5090738944709300994873046875">
        <ele>869.5999755859375</ele>
        <time>2026-07-27T14:05:20.000Z</time>
        <extensions>
          <ns3:TrackPointExtension>
            <ns3:hr>168</ns3:hr>
            <ns3:cad>86</ns3:cad>
          </ns3:TrackPointExtension>
        </extensions>
      </trkpt>
      <trkpt lat="43.835794217884540557861328125" lon="87.5090785883367061614990234375">
        <ele>869.4000244140625</ele>
        <time>2026-07-27T14:05:21.000Z</time>
        <extensions>
          <ns3:TrackPointExtension>
            <ns3:hr>169</ns3:hr>
            <ns3:cad>86</ns3:cad>
          </ns3:TrackPointExtension>
        </extensions>
      </trkpt>
      <trkpt lat="43.8359915278851985931396484375" lon="87.509104572236537933349609375">
        <ele>869.20001220703125</ele>
        <time>2026-07-27T14:05:27.000Z</time>
        <extensions>
          <ns3:TrackPointExtension>
            <ns3:hr>171</ns3:hr>
            <ns3:cad>85</ns3:cad>
          </ns3:TrackPointExtension>
        </extensions>
      </trkpt>
      <trkpt lat="43.83605011738836765289306640625" lon="87.50910826027393341064453125">
        <ele>869</ele>
        <time>2026-07-27T14:05:31.000Z</time>
        <extensions>
          <ns3:TrackPointExtension>
            <ns3:hr>173</ns3:hr>
            <ns3:cad>85</ns3:cad>
          </ns3:TrackPointExtension>
        </extensions>
      </trkpt>
      <trkpt lat="43.8361437432467937469482421875" lon="87.509148828685283660888671875">
        <ele>869.20001220703125</ele>
        <time>2026-07-27T14:05:38.000Z</time>
        <extensions>
          <ns3:TrackPointExtension>
            <ns3:hr>173</ns3:hr>
            <ns3:cad>0</ns3:cad>
          </ns3:TrackPointExtension>
        </extensions>
      </trkpt>
      <trkpt lat="43.83617852814495563507080078125" lon="87.50914270989596843719482421875">
        <ele>869.20001220703125</ele>
        <time>2026-07-27T14:05:43.000Z</time>
        <extensions>
          <ns3:TrackPointExtension>
            <ns3:hr>171</ns3:hr>
            <ns3:cad>54</ns3:cad>
          </ns3:TrackPointExtension>
        </extensions>
      </trkpt>
      <trkpt lat="43.8362513668835163116455078125" lon="87.5091510079801082611083984375">
        <ele>869.20001220703125</ele>
        <time>2026-07-27T14:05:48.000Z</time>
        <extensions>
          <ns3:TrackPointExtension>
            <ns3:hr>168</ns3:hr>
            <ns3:cad>53</ns3:cad>
          </ns3:TrackPointExtension>
        </extensions>
      </trkpt>
      <trkpt lat="43.83628548122942447662353515625" lon="87.50915042124688625335693359375">
        <ele>869.20001220703125</ele>
        <time>2026-07-27T14:05:52.000Z</time>
        <extensions>
          <ns3:TrackPointExtension>
            <ns3:hr>165</ns3:hr>
            <ns3:cad>53</ns3:cad>
          </ns3:TrackPointExtension>
        </extensions>
      </trkpt>
      <trkpt lat="43.83631096221506595611572265625" lon="87.50914304517209529876708984375">
        <ele>869.20001220703125</ele>
        <time>2026-07-27T14:05:54.000Z</time>
        <extensions>
          <ns3:TrackPointExtension>
            <ns3:hr>163</ns3:hr>
            <ns3:cad>53</ns3:cad>
          </ns3:TrackPointExtension>
        </extensions>
      </trkpt>
      <trkpt lat="43.836412131786346435546875" lon="87.5091241858899593353271484375">
        <ele>869.79998779296875</ele>
        <time>2026-07-27T14:06:00.000Z</time>
        <extensions>
          <ns3:TrackPointExtension>
            <ns3:hr>160</ns3:hr>
            <ns3:cad>55</ns3:cad>
          </ns3:TrackPointExtension>
        </extensions>
      </trkpt>
      <trkpt lat="43.83643015287816524505615234375" lon="87.50911898910999298095703125">
        <ele>870</ele>
        <time>2026-07-27T14:06:02.000Z</time>
        <extensions>
          <ns3:TrackPointExtension>
            <ns3:hr>159</ns3:hr>
            <ns3:cad>55</ns3:cad>
          </ns3:TrackPointExtension>
        </extensions>
      </trkpt>
      <trkpt lat="43.83645211346447467803955078125" lon="87.50912125222384929656982421875">
        <ele>870.20001220703125</ele>
        <time>2026-07-27T14:06:05.000Z</time>
        <extensions>
          <ns3:TrackPointExtension>
            <ns3:hr>156</ns3:hr>
            <ns3:cad>56</ns3:cad>
          </ns3:TrackPointExtension>
        </extensions>
      </trkpt>
      <trkpt lat="43.83646870963275432586669921875" lon="87.50913667492568492889404296875">
        <ele>870.5999755859375</ele>
        <time>2026-07-27T14:06:08.000Z</time>
        <extensions>
          <ns3:TrackPointExtension>
            <ns3:hr>153</ns3:hr>
            <ns3:cad>56</ns3:cad>
          </ns3:TrackPointExtension>
        </extensions>
      </trkpt>
      <trkpt lat="43.8365122117102146148681640625" lon="87.5091510079801082611083984375">
        <ele>871</ele>
        <time>2026-07-27T14:06:11.000Z</time>
        <extensions>
          <ns3:TrackPointExtension>
            <ns3:hr>150</ns3:hr>
            <ns3:cad>56</ns3:cad>
          </ns3:TrackPointExtension>
        </extensions>
      </trkpt>
      <trkpt lat="43.8365591503679752349853515625" lon="87.5091382674872875213623046875">
        <ele>871.4000244140625</ele>
        <time>2026-07-27T14:06:14.000Z</time>
        <extensions>
          <ns3:TrackPointExtension>
            <ns3:hr>149</ns3:hr>
            <ns3:cad>56</ns3:cad>
          </ns3:TrackPointExtension>
        </extensions>
      </trkpt>
      <trkpt lat="43.83661120198667049407958984375" lon="87.5091449730098247528076171875">
        <ele>872</ele>
        <time>2026-07-27T14:06:18.000Z</time>
        <extensions>
          <ns3:TrackPointExtension>
            <ns3:hr>147</ns3:hr>
            <ns3:cad>56</ns3:cad>
          </ns3:TrackPointExtension>
        </extensions>
      </trkpt>
      <trkpt lat="43.83663366548717021942138671875" lon="87.50915762968361377716064453125">
        <ele>872.20001220703125</ele>
        <time>2026-07-27T14:06:20.000Z</time>
        <extensions>
          <ns3:TrackPointExtension>
            <ns3:hr>145</ns3:hr>
            <ns3:cad>56</ns3:cad>
          </ns3:TrackPointExtension>
        </extensions>
      </trkpt>
      <trkpt lat="43.83665126748383045196533203125" lon="87.50915913842618465423583984375">
        <ele>872.4000244140625</ele>
        <time>2026-07-27T14:06:21.000Z</time>
        <extensions>
          <ns3:TrackPointExtension>
            <ns3:hr>144</ns3:hr>
            <ns3:cad>56</ns3:cad>
          </ns3:TrackPointExtension>
        </extensions>
      </trkpt>
      <trkpt lat="43.836720921099185943603515625" lon="87.50920104794204235076904296875">
        <ele>872.79998779296875</ele>
        <time>2026-07-27T14:06:26.000Z</time>
        <extensions>
          <ns3:TrackPointExtension>
            <ns3:hr>142</ns3:hr>
            <ns3:cad>53</ns3:cad>
          </ns3:TrackPointExtension>
        </extensions>
      </trkpt>
      <trkpt lat="43.83676274679601192474365234375" lon="87.50923977233469486236572265625">
        <ele>872.79998779296875</ele>
        <time>2026-07-27T14:06:30.000Z</time>
        <extensions>
          <ns3:TrackPointExtension>
            <ns3:hr>141</ns3:hr>
            <ns3:cad>55</ns3:cad>
          </ns3:TrackPointExtension>
        </extensions>
      </trkpt>
      <trkpt lat="43.8368096016347408294677734375" lon="87.50926692970097064971923828125">
        <ele>872.5999755859375</ele>
        <time>2026-07-27T14:06:34.000Z</time>
        <extensions>
          <ns3:TrackPointExtension>
            <ns3:hr>142</ns3:hr>
            <ns3:cad>54</ns3:cad>
          </ns3:TrackPointExtension>
        </extensions>
      </trkpt>
      <trkpt lat="43.83681035600602626800537109375" lon="87.50927095301449298858642578125">
        <ele>872.5999755859375</ele>
        <time>2026-07-27T14:06:39.000Z</time>
        <extensions>
          <ns3:TrackPointExtension>
            <ns3:hr>141</ns3:hr>
            <ns3:cad>0</ns3:cad>
          </ns3:TrackPointExtension>
        </extensions>
      </trkpt>
      <trkpt lat="43.836806081235408782958984375" lon="87.509268857538700103759765625">
        <ele>872.79998779296875</ele>
        <time>2026-07-27T14:06:41.000Z</time>
        <extensions>
          <ns3:TrackPointExtension>
            <ns3:hr>138</ns3:hr>
            <ns3:cad>0</ns3:cad>
          </ns3:TrackPointExtension>
        </extensions>
      </trkpt>
      <trkpt lat="43.83679510094225406646728515625" lon="87.509268857538700103759765625">
        <ele>872.79998779296875</ele>
        <time>2026-07-27T14:06:44.000Z</time>
        <extensions>
          <ns3:TrackPointExtension>
            <ns3:hr>136</ns3:hr>
            <ns3:cad>0</ns3:cad>
          </ns3:TrackPointExtension>
        </extensions>
      </trkpt>
      <trkpt lat="43.83686953224241733551025390625" lon="87.50925569795072078704833984375">
        <ele>872.4000244140625</ele>
        <time>2026-07-27T14:06:49.000Z</time>
        <extensions>
          <ns3:TrackPointExtension>
            <ns3:hr>135</ns3:hr>
            <ns3:cad>82</ns3:cad>
          </ns3:TrackPointExtension>
        </extensions>
      </trkpt>
      <trkpt lat="43.83701906539499759674072265625" lon="87.50928017310798168182373046875">
        <ele>871.4000244140625</ele>
        <time>2026-07-27T14:06:55.000Z</time>
        <extensions>
          <ns3:TrackPointExtension>
            <ns3:hr>134</ns3:hr>
            <ns3:cad>84</ns3:cad>
          </ns3:TrackPointExtension>
        </extensions>
      </trkpt>
      <trkpt lat="43.83708260022103786468505859375" lon="87.5092918239533901214599609375">
        <ele>870.5999755859375</ele>
        <time>2026-07-27T14:06:58.000Z</time>
        <extensions>
          <ns3:TrackPointExtension>
            <ns3:hr>138</ns3:hr>
            <ns3:cad>84</ns3:cad>
          </ns3:TrackPointExtension>
        </extensions>
      </trkpt>
      <trkpt lat="43.8372229970991611480712890625" lon="87.50930028967559337615966796875">
        <ele>868.5999755859375</ele>
        <time>2026-07-27T14:07:02.000Z</time>
        <extensions>
          <ns3:TrackPointExtension>
            <ns3:hr>141</ns3:hr>
            <ns3:cad>87</ns3:cad>
          </ns3:TrackPointExtension>
        </extensions>
      </trkpt>
      <trkpt lat="43.8372561894357204437255859375" lon="87.50929894857108592987060546875">
        <ele>868.20001220703125</ele>
        <time>2026-07-27T14:07:03.000Z</time>
        <extensions>
          <ns3:TrackPointExtension>
            <ns3:hr>142</ns3:hr>
            <ns3:cad>88</ns3:cad>
          </ns3:TrackPointExtension>
        </extensions>
      </trkpt>
      <trkpt lat="43.83738040924072265625" lon="87.5092864595353603363037109375">
        <ele>866.4000244140625</ele>
        <time>2026-07-27T14:07:06.000Z</time>
        <extensions>
          <ns3:TrackPointExtension>
            <ns3:hr>145</ns3:hr>
            <ns3:cad>86</ns3:cad>
          </ns3:TrackPointExtension>
        </extensions>
      </trkpt>
      <trkpt lat="43.8374514877796173095703125" lon="87.5092911534011363983154296875">
        <ele>865.4000244140625</ele>
        <time>2026-07-27T14:07:08.000Z</time>
        <extensions>
          <ns3:TrackPointExtension>
            <ns3:hr>148</ns3:hr>
            <ns3:cad>86</ns3:cad>
          </ns3:TrackPointExtension>
        </extensions>
      </trkpt>
      <trkpt lat="43.837517201900482177734375" lon="87.5093119405210018157958984375">
        <ele>864.5999755859375</ele>
        <time>2026-07-27T14:07:10.000Z</time>
        <extensions>
          <ns3:TrackPointExtension>
            <ns3:hr>149</ns3:hr>
            <ns3:cad>84</ns3:cad>
          </ns3:TrackPointExtension>
        </extensions>
      </trkpt>
      <trkpt lat="43.83766673505306243896484375" lon="87.50936617143452167510986328125">
        <ele>862.79998779296875</ele>
        <time>2026-07-27T14:07:14.000Z</time>
        <extensions>
          <ns3:TrackPointExtension>
            <ns3:hr>152</ns3:hr>
            <ns3:cad>83</ns3:cad>
          </ns3:TrackPointExtension>
        </extensions>
      </trkpt>
      <trkpt lat="43.83771778084337711334228515625" lon="87.50939601100981235504150390625">
        <ele>862.20001220703125</ele>
        <time>2026-07-27T14:07:16.000Z</time>
        <extensions>
          <ns3:TrackPointExtension>
            <ns3:hr>154</ns3:hr>
            <ns3:cad>83</ns3:cad>
          </ns3:TrackPointExtension>
        </extensions>
      </trkpt>
      <trkpt lat="43.83786245249211788177490234375" lon="87.5094470568001270294189453125">
        <ele>860.79998779296875</ele>
        <time>2026-07-27T14:07:21.000Z</time>
        <extensions>
          <ns3:TrackPointExtension>
            <ns3:hr>158</ns3:hr>
            <ns3:cad>84</ns3:cad>
          </ns3:TrackPointExtension>
        </extensions>
      </trkpt>
      <trkpt lat="43.83792020380496978759765625" lon="87.5094869546592235565185546875">
        <ele>860.4000244140625</ele>
        <time>2026-07-27T14:07:24.000Z</time>
        <extensions>
          <ns3:TrackPointExtension>
            <ns3:hr>157</ns3:hr>
            <ns3:cad>84</ns3:cad>
          </ns3:TrackPointExtension>
        </extensions>
      </trkpt>
      <trkpt lat="43.837988935410976409912109375" lon="87.5094996951520442962646484375">
        <ele>859.79998779296875</ele>
        <time>2026-07-27T14:07:30.000Z</time>
        <extensions>
          <ns3:TrackPointExtension>
            <ns3:hr>157</ns3:hr>
            <ns3:cad>59</ns3:cad>
          </ns3:TrackPointExtension>
        </extensions>
      </trkpt>
      <trkpt lat="43.8380563259124755859375" lon="87.5094805844128131866455078125">
        <ele>859</ele>
        <time>2026-07-27T14:07:33.000Z</time>
        <extensions>
          <ns3:TrackPointExtension>
            <ns3:hr>157</ns3:hr>
            <ns3:cad>56</ns3:cad>
          </ns3:TrackPointExtension>
        </extensions>
      </trkpt>
      <trkpt lat="43.83811826817691326141357421875" lon="87.5094953365623950958251953125">
        <ele>858.79998779296875</ele>
        <time>2026-07-27T14:07:38.000Z</time>
        <extensions>
          <ns3:TrackPointExtension>
            <ns3:hr>158</ns3:hr>
            <ns3:cad>56</ns3:cad>
          </ns3:TrackPointExtension>
        </extensions>
      </trkpt>
      <trkpt lat="43.83823310025036334991455078125" lon="87.50950447283685207366943359375">
        <ele>858.4000244140625</ele>
        <time>2026-07-27T14:07:46.000Z</time>
        <extensions>
          <ns3:TrackPointExtension>
            <ns3:hr>156</ns3:hr>
            <ns3:cad>57</ns3:cad>
          </ns3:TrackPointExtension>
        </extensions>
      </trkpt>
      <trkpt lat="43.83836721070110797882080078125" lon="87.50951997935771942138671875">
        <ele>858.20001220703125</ele>
        <time>2026-07-27T14:07:54.000Z</time>
        <extensions>
          <ns3:TrackPointExtension>
            <ns3:hr>153</ns3:hr>
            <ns3:cad>82</ns3:cad>
          </ns3:TrackPointExtension>
        </extensions>
      </trkpt>
      <trkpt lat="43.83846201002597808837890625" lon="87.5095201469957828521728515625">
        <ele>858.20001220703125</ele>
        <time>2026-07-27T14:07:58.000Z</time>
        <extensions>
          <ns3:TrackPointExtension>
            <ns3:hr>150</ns3:hr>
            <ns3:cad>82</ns3:cad>
          </ns3:TrackPointExtension>
        </extensions>
      </trkpt>
      <trkpt lat="43.8385000638663768768310546875" lon="87.50953012146055698394775390625">
        <ele>858.20001220703125</ele>
        <time>2026-07-27T14:08:01.000Z</time>
        <extensions>
          <ns3:TrackPointExtension>
            <ns3:hr>149</ns3:hr>
            <ns3:cad>82</ns3:cad>
          </ns3:TrackPointExtension>
        </extensions>
      </trkpt>
      <trkpt lat="43.83867315016686916351318359375" lon="87.50949743203818798065185546875">
        <ele>858.20001220703125</ele>
        <time>2026-07-27T14:08:36.000Z</time>
        <extensions>
          <ns3:TrackPointExtension>
            <ns3:hr>141</ns3:hr>
            <ns3:cad>0</ns3:cad>
          </ns3:TrackPointExtension>
        </extensions>
      </trkpt>
      <trkpt lat="43.83868396282196044921875" lon="87.5094986893236637115478515625">
        <ele>858.20001220703125</ele>
        <time>2026-07-27T14:08:38.000Z</time>
        <extensions>
          <ns3:TrackPointExtension>
            <ns3:hr>137</ns3:hr>
            <ns3:cad>0</ns3:cad>
          </ns3:TrackPointExtension>
        </extensions>
      </trkpt>
      <trkpt lat="43.838723190128803253173828125" lon="87.50949441455304622650146484375">
        <ele>858.4000244140625</ele>
        <time>2026-07-27T14:08:40.000Z</time>
        <extensions>
          <ns3:TrackPointExtension>
            <ns3:hr>134</ns3:hr>
            <ns3:cad>0</ns3:cad>
          </ns3:TrackPointExtension>
        </extensions>
      </trkpt>
      <trkpt lat="43.838751353323459625244140625" lon="87.50949542038142681121826171875">
        <ele>858.4000244140625</ele>
        <time>2026-07-27T14:08:41.000Z</time>
        <extensions>
          <ns3:TrackPointExtension>
            <ns3:hr>131</ns3:hr>
            <ns3:cad>0</ns3:cad>
          </ns3:TrackPointExtension>
        </extensions>
      </trkpt>
      <trkpt lat="43.83878010325133800506591796875" lon="87.50949223525822162628173828125">
        <ele>858.5999755859375</ele>
        <time>2026-07-27T14:08:42.000Z</time>
        <extensions>
          <ns3:TrackPointExtension>
            <ns3:hr>129</ns3:hr>
            <ns3:cad>0</ns3:cad>
          </ns3:TrackPointExtension>
        </extensions>
      </trkpt>
      <trkpt lat="43.83886794559657573699951171875" lon="87.509512268006801605224609375">
        <ele>859.20001220703125</ele>
        <time>2026-07-27T14:08:45.000Z</time>
        <extensions>
          <ns3:TrackPointExtension>
            <ns3:hr>133</ns3:hr>
            <ns3:cad>82</ns3:cad>
          </ns3:TrackPointExtension>
        </extensions>
      </trkpt>
      <trkpt lat="43.83893902413547039031982421875" lon="87.50957228243350982666015625">
        <ele>859.5999755859375</ele>
        <time>2026-07-27T14:08:48.000Z</time>
        <extensions>
          <ns3:TrackPointExtension>
            <ns3:hr>132</ns3:hr>
            <ns3:cad>82</ns3:cad>
          </ns3:TrackPointExtension>
        </extensions>
      </trkpt>
      <trkpt lat="43.83896886371076107025146484375" lon="87.50959047116339206695556640625">
        <ele>859.5999755859375</ele>
        <time>2026-07-27T14:08:49.000Z</time>
        <extensions>
          <ns3:TrackPointExtension>
            <ns3:hr>135</ns3:hr>
            <ns3:cad>82</ns3:cad>
          </ns3:TrackPointExtension>
        </extensions>
      </trkpt>
      <trkpt lat="43.83904002606868743896484375" lon="87.50961595214903354644775390625">
        <ele>859.20001220703125</ele>
        <time>2026-07-27T14:08:51.000Z</time>
        <extensions>
          <ns3:TrackPointExtension>
            <ns3:hr>138</ns3:hr>
            <ns3:cad>82</ns3:cad>
          </ns3:TrackPointExtension>
        </extensions>
      </trkpt>
      <trkpt lat="43.839174807071685791015625" lon="87.509641349315643310546875">
        <ele>858.5999755859375</ele>
        <time>2026-07-27T14:08:55.000Z</time>
        <extensions>
          <ns3:TrackPointExtension>
            <ns3:hr>138</ns3:hr>
            <ns3:cad>83</ns3:cad>
          </ns3:TrackPointExtension>
        </extensions>
      </trkpt>
      <trkpt lat="43.83937840349972248077392578125" lon="87.50968099571764469146728515625">
        <ele>856.79998779296875</ele>
        <time>2026-07-27T14:09:02.000Z</time>
        <extensions>
          <ns3:TrackPointExtension>
            <ns3:hr>141</ns3:hr>
            <ns3:cad>84</ns3:cad>
          </ns3:TrackPointExtension>
        </extensions>
      </trkpt>
      <trkpt lat="43.83950765244662761688232421875" lon="87.509689964354038238525390625">
        <ele>856.20001220703125</ele>
        <time>2026-07-27T14:09:06.000Z</time>
        <extensions>
          <ns3:TrackPointExtension>
            <ns3:hr>145</ns3:hr>
            <ns3:cad>84</ns3:cad>
          </ns3:TrackPointExtension>
        </extensions>
      </trkpt>
      <trkpt lat="43.8395999372005462646484375" lon="87.5096976757049560546875">
        <ele>856</ele>
        <time>2026-07-27T14:09:09.000Z</time>
        <extensions>
          <ns3:TrackPointExtension>
            <ns3:hr>148</ns3:hr>
            <ns3:cad>84</ns3:cad>
          </ns3:TrackPointExtension>
        </extensions>
      </trkpt>
      <trkpt lat="43.8396658189594745635986328125" lon="87.50970865599811077117919921875">
        <ele>855.79998779296875</ele>
        <time>2026-07-27T14:09:11.000Z</time>
        <extensions>
          <ns3:TrackPointExtension>
            <ns3:hr>151</ns3:hr>
            <ns3:cad>84</ns3:cad>
          </ns3:TrackPointExtension>
        </extensions>
      </trkpt>
      <trkpt lat="43.8397957384586334228515625" lon="87.5097370706498622894287109375">
        <ele>855.79998779296875</ele>
        <time>2026-07-27T14:09:15.000Z</time>
        <extensions>
          <ns3:TrackPointExtension>
            <ns3:hr>154</ns3:hr>
            <ns3:cad>84</ns3:cad>
          </ns3:TrackPointExtension>
        </extensions>
      </trkpt>
      <trkpt lat="43.83994518779218196868896484375" lon="87.50975576229393482208251953125">
        <ele>856</ele>
        <time>2026-07-27T14:09:19.000Z</time>
        <extensions>
          <ns3:TrackPointExtension>
            <ns3:hr>157</ns3:hr>
            <ns3:cad>84</ns3:cad>
          </ns3:TrackPointExtension>
        </extensions>
      </trkpt>
      <trkpt lat="43.8400500454008579254150390625" lon="87.50977084971964359283447265625">
        <ele>855.5999755859375</ele>
        <time>2026-07-27T14:09:22.000Z</time>
        <extensions>
          <ns3:TrackPointExtension>
            <ns3:hr>159</ns3:hr>
            <ns3:cad>85</ns3:cad>
          </ns3:TrackPointExtension>
        </extensions>
      </trkpt>
      <trkpt lat="43.84025481529533863067626953125" lon="87.5097799859941005706787109375">
        <ele>854.20001220703125</ele>
        <time>2026-07-27T14:09:29.000Z</time>
        <extensions>
          <ns3:TrackPointExtension>
            <ns3:hr>159</ns3:hr>
            <ns3:cad>84</ns3:cad>
          </ns3:TrackPointExtension>
        </extensions>
      </trkpt>
      <trkpt lat="43.84028348140418529510498046875" lon="87.5097860209643840789794921875">
        <ele>854.20001220703125</ele>
        <time>2026-07-27T14:09:30.000Z</time>
        <extensions>
          <ns3:TrackPointExtension>
            <ns3:hr>159</ns3:hr>
            <ns3:cad>84</ns3:cad>
          </ns3:TrackPointExtension>
        </extensions>
      </trkpt>
      <trkpt lat="43.84046335704624652862548828125" lon="87.5098249129951000213623046875">
        <ele>851.5999755859375</ele>
        <time>2026-07-27T14:09:35.000Z</time>
        <extensions>
          <ns3:TrackPointExtension>
            <ns3:hr>163</ns3:hr>
            <ns3:cad>85</ns3:cad>
          </ns3:TrackPointExtension>
        </extensions>
      </trkpt>
      <trkpt lat="43.8405600003898143768310546875" lon="87.50985718332231044769287109375">
        <ele>850.4000244140625</ele>
        <time>2026-07-27T14:09:38.000Z</time>
        <extensions>
          <ns3:TrackPointExtension>
            <ns3:hr>162</ns3:hr>
            <ns3:cad>85</ns3:cad>
          </ns3:TrackPointExtension>
        </extensions>
      </trkpt>
      <trkpt lat="43.84073878638446331024169921875" lon="87.50985659658908843994140625">
        <ele>849</ele>
        <time>2026-07-27T14:09:45.000Z</time>
        <extensions>
          <ns3:TrackPointExtension>
            <ns3:hr>164</ns3:hr>
            <ns3:cad>85</ns3:cad>
          </ns3:TrackPointExtension>
        </extensions>
      </trkpt>
      <trkpt lat="43.84081858210265636444091796875" lon="87.50984678976237773895263671875">
        <ele>848.4000244140625</ele>
        <time>2026-07-27T14:09:50.000Z</time>
        <extensions>
          <ns3:TrackPointExtension>
            <ns3:hr>165</ns3:hr>
            <ns3:cad>59</ns3:cad>
          </ns3:TrackPointExtension>
        </extensions>
      </trkpt>
      <trkpt lat="43.84091799147427082061767578125" lon="87.5098782218992710113525390625">
        <ele>848.20001220703125</ele>
        <time>2026-07-27T14:10:00.000Z</time>
        <extensions>
          <ns3:TrackPointExtension>
            <ns3:hr>163</ns3:hr>
            <ns3:cad>58</ns3:cad>
          </ns3:TrackPointExtension>
        </extensions>
      </trkpt>
      <trkpt lat="43.8409745693206787109375" lon="87.50990353524684906005859375">
        <ele>848</ele>
        <time>2026-07-27T14:10:05.000Z</time>
        <extensions>
          <ns3:TrackPointExtension>
            <ns3:hr>160</ns3:hr>
            <ns3:cad>56</ns3:cad>
          </ns3:TrackPointExtension>
        </extensions>
      </trkpt>
      <trkpt lat="43.8410387746989727020263671875" lon="87.50992122106254100799560546875">
        <ele>847.79998779296875</ele>
        <time>2026-07-27T14:10:09.000Z</time>
        <extensions>
          <ns3:TrackPointExtension>
            <ns3:hr>157</ns3:hr>
            <ns3:cad>57</ns3:cad>
          </ns3:TrackPointExtension>
        </extensions>
      </trkpt>
      <trkpt lat="43.8410635851323604583740234375" lon="87.50992876477539539337158203125">
        <ele>847.79998779296875</ele>
        <time>2026-07-27T14:10:11.000Z</time>
        <extensions>
          <ns3:TrackPointExtension>
            <ns3:hr>156</ns3:hr>
            <ns3:cad>56</ns3:cad>
          </ns3:TrackPointExtension>
        </extensions>
      </trkpt>
      <trkpt lat="43.8410964421927928924560546875" lon="87.50994083471596240997314453125">
        <ele>847.5999755859375</ele>
        <time>2026-07-27T14:10:14.000Z</time>
        <extensions>
          <ns3:TrackPointExtension>
            <ns3:hr>153</ns3:hr>
            <ns3:cad>56</ns3:cad>
          </ns3:TrackPointExtension>
        </extensions>
      </trkpt>
      <trkpt lat="43.8411289639770984649658203125" lon="87.50995659269392490386962890625">
        <ele>847.5999755859375</ele>
        <time>2026-07-27T14:10:17.000Z</time>
        <extensions>
          <ns3:TrackPointExtension>
            <ns3:hr>150</ns3:hr>
            <ns3:cad>56</ns3:cad>
          </ns3:TrackPointExtension>
        </extensions>
      </trkpt>
      <trkpt lat="43.84113994427025318145751953125" lon="87.50996061600744724273681640625">
        <ele>847.79998779296875</ele>
        <time>2026-07-27T14:10:18.000Z</time>
        <extensions>
          <ns3:TrackPointExtension>
            <ns3:hr>149</ns3:hr>
            <ns3:cad>0</ns3:cad>
          </ns3:TrackPointExtension>
        </extensions>
      </trkpt>
      <trkpt lat="43.84125863201916217803955078125" lon="87.50997461378574371337890625">
        <ele>848.20001220703125</ele>
        <time>2026-07-27T14:10:23.000Z</time>
        <extensions>
          <ns3:TrackPointExtension>
            <ns3:hr>146</ns3:hr>
            <ns3:cad>81</ns3:cad>
          </ns3:TrackPointExtension>
        </extensions>
      </trkpt>
      <trkpt lat="43.84128235280513763427734375" lon="87.50996782444417476654052734375">
        <ele>848.20001220703125</ele>
        <time>2026-07-27T14:10:24.000Z</time>
        <extensions>
          <ns3:TrackPointExtension>
            <ns3:hr>146</ns3:hr>
            <ns3:cad>82</ns3:cad>
          </ns3:TrackPointExtension>
        </extensions>
      </trkpt>
      <trkpt lat="43.84146365337073802947998046875" lon="87.5099379010498523712158203125">
        <ele>848</ele>
        <time>2026-07-27T14:10:31.000Z</time>
        <extensions>
          <ns3:TrackPointExtension>
            <ns3:hr>146</ns3:hr>
            <ns3:cad>82</ns3:cad>
          </ns3:TrackPointExtension>
        </extensions>
      </trkpt>
      <trkpt lat="43.84152417071163654327392578125" lon="87.5099645555019378662109375">
        <ele>848</ele>
        <time>2026-07-27T14:10:39.000Z</time>
        <extensions>
          <ns3:TrackPointExtension>
            <ns3:hr>146</ns3:hr>
            <ns3:cad>55</ns3:cad>
          </ns3:TrackPointExtension>
        </extensions>
      </trkpt>
      <trkpt lat="43.8416223227977752685546875" lon="87.509980313479900360107421875">
        <ele>847.5999755859375</ele>
        <time>2026-07-27T14:10:48.000Z</time>
        <extensions>
          <ns3:TrackPointExtension>
            <ns3:hr>143</ns3:hr>
            <ns3:cad>54</ns3:cad>
          </ns3:TrackPointExtension>
        </extensions>
      </trkpt>
      <trkpt lat="43.84163506329059600830078125" lon="87.5099841691553592681884765625">
        <ele>847.4000244140625</ele>
        <time>2026-07-27T14:10:49.000Z</time>
        <extensions>
          <ns3:TrackPointExtension>
            <ns3:hr>142</ns3:hr>
            <ns3:cad>54</ns3:cad>
          </ns3:TrackPointExtension>
        </extensions>
      </trkpt>
      <trkpt lat="43.84168392978608608245849609375" lon="87.5099821574985980987548828125">
        <ele>847</ele>
        <time>2026-07-27T14:10:52.000Z</time>
        <extensions>
          <ns3:TrackPointExtension>
            <ns3:hr>139</ns3:hr>
            <ns3:cad>53</ns3:cad>
          </ns3:TrackPointExtension>
        </extensions>
      </trkpt>
      <trkpt lat="43.84174193255603313446044921875" lon="87.50996648333966732025146484375">
        <ele>846.5999755859375</ele>
        <time>2026-07-27T14:10:55.000Z</time>
        <extensions>
          <ns3:TrackPointExtension>
            <ns3:hr>138</ns3:hr>
            <ns3:cad>81</ns3:cad>
          </ns3:TrackPointExtension>
        </extensions>
      </trkpt>
      <trkpt lat="43.84190688841044902801513671875" lon="87.50998844392597675323486328125">
        <ele>846.20001220703125</ele>
        <time>2026-07-27T14:11:01.000Z</time>
        <extensions>
          <ns3:TrackPointExtension>
            <ns3:hr>139</ns3:hr>
            <ns3:cad>82</ns3:cad>
          </ns3:TrackPointExtension>
        </extensions>
      </trkpt>
      <trkpt lat="43.84209732525050640106201171875" lon="87.51009187661111354827880859375">
        <ele>846.4000244140625</ele>
        <time>2026-07-27T14:11:08.000Z</time>
        <extensions>
          <ns3:TrackPointExtension>
            <ns3:hr>142</ns3:hr>
            <ns3:cad>81</ns3:cad>
          </ns3:TrackPointExtension>
        </extensions>
      </trkpt>
      <trkpt lat="43.84224333800375461578369140625" lon="87.5101246498525142669677734375">
        <ele>845.5999755859375</ele>
        <time>2026-07-27T14:11:14.000Z</time>
        <extensions>
          <ns3:TrackPointExtension>
            <ns3:hr>145</ns3:hr>
            <ns3:cad>82</ns3:cad>
          </ns3:TrackPointExtension>
        </extensions>
      </trkpt>
      <trkpt lat="43.8422568328678607940673828125" lon="87.51012557186186313629150390625">
        <ele>845.4000244140625</ele>
        <time>2026-07-27T14:11:15.000Z</time>
        <extensions>
          <ns3:TrackPointExtension>
            <ns3:hr>146</ns3:hr>
            <ns3:cad>82</ns3:cad>
          </ns3:TrackPointExtension>
        </extensions>
      </trkpt>
      <trkpt lat="43.84226345457136631011962890625" lon="87.5101229734718799591064453125">
        <ele>845.20001220703125</ele>
        <time>2026-07-27T14:11:16.000Z</time>
        <extensions>
          <ns3:TrackPointExtension>
            <ns3:hr>147</ns3:hr>
            <ns3:cad>82</ns3:cad>
          </ns3:TrackPointExtension>
        </extensions>
      </trkpt>
      <trkpt lat="43.8422782905399799346923828125" lon="87.5101182796061038970947265625">
        <ele>845</ele>
        <time>2026-07-27T14:11:19.000Z</time>
        <extensions>
          <ns3:TrackPointExtension>
            <ns3:hr>150</ns3:hr>
            <ns3:cad>56</ns3:cad>
          </ns3:TrackPointExtension>
        </extensions>
      </trkpt>
      <trkpt lat="43.84228910319507122039794921875" lon="87.51011869870126247406005859375">
        <ele>844.79998779296875</ele>
        <time>2026-07-27T14:11:20.000Z</time>
        <extensions>
          <ns3:TrackPointExtension>
            <ns3:hr>150</ns3:hr>
            <ns3:cad>54</ns3:cad>
          </ns3:TrackPointExtension>
        </extensions>
      </trkpt>
      <trkpt lat="43.84232967160642147064208984375" lon="87.51012423075735569000244140625">
        <ele>844.20001220703125</ele>
        <time>2026-07-27T14:11:23.000Z</time>
        <extensions>
          <ns3:TrackPointExtension>
            <ns3:hr>150</ns3:hr>
            <ns3:cad>54</ns3:cad>
          </ns3:TrackPointExtension>
        </extensions>
      </trkpt>
      <trkpt lat="43.8423785381019115447998046875" lon="87.510130517184734344482421875">
        <ele>843.4000244140625</ele>
        <time>2026-07-27T14:11:26.000Z</time>
        <extensions>
          <ns3:TrackPointExtension>
            <ns3:hr>149</ns3:hr>
            <ns3:cad>54</ns3:cad>
          </ns3:TrackPointExtension>
        </extensions>
      </trkpt>
      <trkpt lat="43.84239639155566692352294921875" lon="87.5101290084421634674072265625">
        <ele>843.20001220703125</ele>
        <time>2026-07-27T14:11:27.000Z</time>
        <extensions>
          <ns3:TrackPointExtension>
            <ns3:hr>148</ns3:hr>
            <ns3:cad>54</ns3:cad>
          </ns3:TrackPointExtension>
        </extensions>
      </trkpt>
      <trkpt lat="43.8425035960972309112548828125" lon="87.51012691296637058258056640625">
        <ele>841.5999755859375</ele>
        <time>2026-07-27T14:11:32.000Z</time>
        <extensions>
          <ns3:TrackPointExtension>
            <ns3:hr>148</ns3:hr>
            <ns3:cad>82</ns3:cad>
          </ns3:TrackPointExtension>
        </extensions>
      </trkpt>
      <trkpt lat="43.84267718531191349029541015625" lon="87.5101491250097751617431640625">
        <ele>840.20001220703125</ele>
        <time>2026-07-27T14:11:40.000Z</time>
        <extensions>
          <ns3:TrackPointExtension>
            <ns3:hr>147</ns3:hr>
            <ns3:cad>82</ns3:cad>
          </ns3:TrackPointExtension>
        </extensions>
      </trkpt>
      <trkpt lat="43.842823617160320281982421875" lon="87.51015566289424896240234375">
        <ele>839.20001220703125</ele>
        <time>2026-07-27T14:11:45.000Z</time>
        <extensions>
          <ns3:TrackPointExtension>
            <ns3:hr>147</ns3:hr>
            <ns3:cad>83</ns3:cad>
          </ns3:TrackPointExtension>
        </extensions>
      </trkpt>
      <trkpt lat="43.84294859133660793304443359375" lon="87.510195560753345489501953125">
        <ele>838.79998779296875</ele>
        <time>2026-07-27T14:11:51.000Z</time>
        <extensions>
          <ns3:TrackPointExtension>
            <ns3:hr>148</ns3:hr>
            <ns3:cad>82</ns3:cad>
          </ns3:TrackPointExtension>
        </extensions>
      </trkpt>
      <trkpt lat="43.84314112365245819091796875" lon="87.5102245621383190155029296875">
        <ele>837.79998779296875</ele>
        <time>2026-07-27T14:11:59.000Z</time>
        <extensions>
          <ns3:TrackPointExtension>
            <ns3:hr>151</ns3:hr>
            <ns3:cad>80</ns3:cad>
          </ns3:TrackPointExtension>
        </extensions>
      </trkpt>
      <trkpt lat="43.84332627989351749420166015625" lon="87.51027946360409259796142578125">
        <ele>836.79998779296875</ele>
        <time>2026-07-27T14:12:07.000Z</time>
        <extensions>
          <ns3:TrackPointExtension>
            <ns3:hr>154</ns3:hr>
            <ns3:cad>82</ns3:cad>
          </ns3:TrackPointExtension>
        </extensions>
      </trkpt>
      <trkpt lat="43.84334899485111236572265625" lon="87.51028113998472690582275390625">
        <ele>836.5999755859375</ele>
        <time>2026-07-27T14:12:08.000Z</time>
        <extensions>
          <ns3:TrackPointExtension>
            <ns3:hr>154</ns3:hr>
            <ns3:cad>82</ns3:cad>
          </ns3:TrackPointExtension>
        </extensions>
      </trkpt>
      <trkpt lat="43.8435402698814868927001953125" lon="87.5103020109236240386962890625">
        <ele>837.4000244140625</ele>
        <time>2026-07-27T14:12:15.000Z</time>
        <extensions>
          <ns3:TrackPointExtension>
            <ns3:hr>155</ns3:hr>
            <ns3:cad>83</ns3:cad>
          </ns3:TrackPointExtension>
        </extensions>
      </trkpt>
      <trkpt lat="43.84357941336929798126220703125" lon="87.51030511222779750823974609375">
        <ele>837.5999755859375</ele>
        <time>2026-07-27T14:12:16.000Z</time>
        <extensions>
          <ns3:TrackPointExtension>
            <ns3:hr>155</ns3:hr>
            <ns3:cad>83</ns3:cad>
          </ns3:TrackPointExtension>
        </extensions>
      </trkpt>
      <trkpt lat="43.84376247413456439971923828125" lon="87.51033931039273738861083984375">
        <ele>838</ele>
        <time>2026-07-27T14:12:22.000Z</time>
        <extensions>
          <ns3:TrackPointExtension>
            <ns3:hr>155</ns3:hr>
            <ns3:cad>82</ns3:cad>
          </ns3:TrackPointExtension>
        </extensions>
      </trkpt>
      <trkpt lat="43.84378812275826930999755859375" lon="87.51036345027387142181396484375">
        <ele>838.4000244140625</ele>
        <time>2026-07-27T14:12:24.000Z</time>
        <extensions>
          <ns3:TrackPointExtension>
            <ns3:hr>158</ns3:hr>
            <ns3:cad>74</ns3:cad>
          </ns3:TrackPointExtension>
        </extensions>
      </trkpt>
      <trkpt lat="43.84384746663272380828857421875" lon="87.51036562956869602203369140625">
        <ele>838.4000244140625</ele>
        <time>2026-07-27T14:12:28.000Z</time>
        <extensions>
          <ns3:TrackPointExtension>
            <ns3:hr>157</ns3:hr>
            <ns3:cad>56</ns3:cad>
          </ns3:TrackPointExtension>
        </extensions>
      </trkpt>
      <trkpt lat="43.8439451158046722412109375" lon="87.510357834398746490478515625">
        <ele>837.4000244140625</ele>
        <time>2026-07-27T14:12:36.000Z</time>
        <extensions>
          <ns3:TrackPointExtension>
            <ns3:hr>158</ns3:hr>
            <ns3:cad>54</ns3:cad>
          </ns3:TrackPointExtension>
        </extensions>
      </trkpt>
      <trkpt lat="43.84397353045642375946044921875" lon="87.51035414636135101318359375">
        <ele>836.79998779296875</ele>
        <time>2026-07-27T14:12:41.000Z</time>
        <extensions>
          <ns3:TrackPointExtension>
            <ns3:hr>156</ns3:hr>
            <ns3:cad>0</ns3:cad>
          </ns3:TrackPointExtension>
        </extensions>
      </trkpt>
      <trkpt lat="43.84399314410984516143798828125" lon="87.5103278271853923797607421875">
        <ele>836</ele>
        <time>2026-07-27T14:12:43.000Z</time>
        <extensions>
          <ns3:TrackPointExtension>
            <ns3:hr>153</ns3:hr>
            <ns3:cad>0</ns3:cad>
          </ns3:TrackPointExtension>
        </extensions>
      </trkpt>
      <trkpt lat="43.8440207205712795257568359375" lon="87.510306872427463531494140625">
        <ele>835</ele>
        <time>2026-07-27T14:12:46.000Z</time>
        <extensions>
          <ns3:TrackPointExtension>
            <ns3:hr>149</ns3:hr>
            <ns3:cad>0</ns3:cad>
          </ns3:TrackPointExtension>
        </extensions>
      </trkpt>
      <trkpt lat="43.84404645301401615142822265625" lon="87.51028130762279033660888671875">
        <ele>834</ele>
        <time>2026-07-27T14:12:52.000Z</time>
        <extensions>
          <ns3:TrackPointExtension>
            <ns3:hr>147</ns3:hr>
            <ns3:cad>0</ns3:cad>
          </ns3:TrackPointExtension>
        </extensions>
      </trkpt>
      <trkpt lat="43.84404460899531841278076171875" lon="87.51027627848088741302490234375">
        <ele>834</ele>
        <time>2026-07-27T14:12:55.000Z</time>
        <extensions>
          <ns3:TrackPointExtension>
            <ns3:hr>144</ns3:hr>
            <ns3:cad>0</ns3:cad>
          </ns3:TrackPointExtension>
        </extensions>
      </trkpt>
      <trkpt lat="43.8440512306988239288330078125" lon="87.5102812238037586212158203125">
        <ele>833.79998779296875</ele>
        <time>2026-07-27T14:12:59.000Z</time>
        <extensions>
          <ns3:TrackPointExtension>
            <ns3:hr>142</ns3:hr>
            <ns3:cad>0</ns3:cad>
          </ns3:TrackPointExtension>
        </extensions>
      </trkpt>
      <trkpt lat="43.8440519012510776519775390625" lon="87.5102812238037586212158203125">
        <ele>833.79998779296875</ele>
        <time>2026-07-27T14:13:07.000Z</time>
        <extensions>
          <ns3:TrackPointExtension>
            <ns3:hr>139</ns3:hr>
            <ns3:cad>0</ns3:cad>
          </ns3:TrackPointExtension>
        </extensions>
      </trkpt>
      <trkpt lat="43.84411518462002277374267578125" lon="87.51029890961945056915283203125">
        <ele>832.79998779296875</ele>
        <time>2026-07-27T14:13:12.000Z</time>
        <extensions>
          <ns3:TrackPointExtension>
            <ns3:hr>136</ns3:hr>
            <ns3:cad>79</ns3:cad>
          </ns3:TrackPointExtension>
        </extensions>
      </trkpt>
      <trkpt lat="43.84417972527444362640380859375" lon="87.5103266537189483642578125">
        <ele>832</ele>
        <time>2026-07-27T14:13:16.000Z</time>
        <extensions>
          <ns3:TrackPointExtension>
            <ns3:hr>135</ns3:hr>
            <ns3:cad>74</ns3:cad>
          </ns3:TrackPointExtension>
        </extensions>
      </trkpt>
      <trkpt lat="43.84419933892786502838134765625" lon="87.51033327542245388031005859375">
        <ele>832</ele>
        <time>2026-07-27T14:13:20.000Z</time>
        <extensions>
          <ns3:TrackPointExtension>
            <ns3:hr>136</ns3:hr>
            <ns3:cad>0</ns3:cad>
          </ns3:TrackPointExtension>
        </extensions>
      </trkpt>
      <trkpt lat="43.84421543218195438385009765625" lon="87.51035925932228565216064453125">
        <ele>832</ele>
        <time>2026-07-27T14:13:25.000Z</time>
        <extensions>
          <ns3:TrackPointExtension>
            <ns3:hr>133</ns3:hr>
            <ns3:cad>0</ns3:cad>
          </ns3:TrackPointExtension>
        </extensions>
      </trkpt>
      <trkpt lat="43.844227083027362823486328125" lon="87.51038390211760997772216796875">
        <ele>832</ele>
        <time>2026-07-27T14:13:26.000Z</time>
        <extensions>
          <ns3:TrackPointExtension>
            <ns3:hr>133</ns3:hr>
            <ns3:cad>0</ns3:cad>
          </ns3:TrackPointExtension>
        </extensions>
      </trkpt>
      <trkpt lat="43.8443573378026485443115234375" lon="87.5104441680014133453369140625">
        <ele>831.79998779296875</ele>
        <time>2026-07-27T14:13:31.000Z</time>
        <extensions>
          <ns3:TrackPointExtension>
            <ns3:hr>133</ns3:hr>
            <ns3:cad>81</ns3:cad>
          </ns3:TrackPointExtension>
        </extensions>
      </trkpt>
      <trkpt lat="43.84442028589546680450439453125" lon="87.51047040335834026336669921875">
        <ele>831.5999755859375</ele>
        <time>2026-07-27T14:13:34.000Z</time>
        <extensions>
          <ns3:TrackPointExtension>
            <ns3:hr>136</ns3:hr>
            <ns3:cad>83</ns3:cad>
          </ns3:TrackPointExtension>
        </extensions>
      </trkpt>
      <trkpt lat="43.84451977908611297607421875" lon="87.51048984937369823455810546875">
        <ele>831.20001220703125</ele>
        <time>2026-07-27T14:13:38.000Z</time>
        <extensions>
          <ns3:TrackPointExtension>
            <ns3:hr>139</ns3:hr>
            <ns3:cad>84</ns3:cad>
          </ns3:TrackPointExtension>
        </extensions>
      </trkpt>
      <trkpt lat="43.84465598501265048980712890625" lon="87.5105078704655170440673828125">
        <ele>830.20001220703125</ele>
        <time>2026-07-27T14:13:42.000Z</time>
        <extensions>
          <ns3:TrackPointExtension>
            <ns3:hr>142</ns3:hr>
            <ns3:cad>84</ns3:cad>
          </ns3:TrackPointExtension>
        </extensions>
      </trkpt>
      <trkpt lat="43.84472304023802280426025390625" lon="87.5105165876448154449462890625">
        <ele>829.79998779296875</ele>
        <time>2026-07-27T14:13:44.000Z</time>
        <extensions>
          <ns3:TrackPointExtension>
            <ns3:hr>145</ns3:hr>
            <ns3:cad>85</ns3:cad>
          </ns3:TrackPointExtension>
        </extensions>
      </trkpt>
      <trkpt lat="43.84475522674620151519775390625" lon="87.51052052713930606842041015625">
        <ele>829.5999755859375</ele>
        <time>2026-07-27T14:13:45.000Z</time>
        <extensions>
          <ns3:TrackPointExtension>
            <ns3:hr>146</ns3:hr>
            <ns3:cad>85</ns3:cad>
          </ns3:TrackPointExtension>
        </extensions>
      </trkpt>
      <trkpt lat="43.84484608657658100128173828125" lon="87.5105320103466510772705078125">
        <ele>829.4000244140625</ele>
        <time>2026-07-27T14:13:48.000Z</time>
        <extensions>
          <ns3:TrackPointExtension>
            <ns3:hr>149</ns3:hr>
            <ns3:cad>85</ns3:cad>
          </ns3:TrackPointExtension>
        </extensions>
      </trkpt>
      <trkpt lat="43.84499629028141498565673828125" lon="87.51056327484548091888427734375">
        <ele>828.79998779296875</ele>
        <time>2026-07-27T14:13:52.000Z</time>
        <extensions>
          <ns3:TrackPointExtension>
            <ns3:hr>152</ns3:hr>
            <ns3:cad>83</ns3:cad>
          </ns3:TrackPointExtension>
        </extensions>
      </trkpt>
      <trkpt lat="43.84504540823400020599365234375" lon="87.51056469976902008056640625">
        <ele>829</ele>
        <time>2026-07-27T14:13:53.000Z</time>
        <extensions>
          <ns3:TrackPointExtension>
            <ns3:hr>153</ns3:hr>
            <ns3:cad>83</ns3:cad>
          </ns3:TrackPointExtension>
        </extensions>
      </trkpt>
      <trkpt lat="43.845250345766544342041015625" lon="87.5105988979339599609375">
        <ele>831.4000244140625</ele>
        <time>2026-07-27T14:13:58.000Z</time>
        <extensions>
          <ns3:TrackPointExtension>
            <ns3:hr>155</ns3:hr>
            <ns3:cad>83</ns3:cad>
          </ns3:TrackPointExtension>
        </extensions>
      </trkpt>
      <trkpt lat="43.8453628309071063995361328125" lon="87.51061373390257358551025390625">
        <ele>831.5999755859375</ele>
        <time>2026-07-27T14:14:01.000Z</time>
        <extensions>
          <ns3:TrackPointExtension>
            <ns3:hr>156</ns3:hr>
            <ns3:cad>84</ns3:cad>
          </ns3:TrackPointExtension>
        </extensions>
      </trkpt>
      <trkpt lat="43.84545628912746906280517578125" lon="87.5106416456401348114013671875">
        <ele>831.20001220703125</ele>
        <time>2026-07-27T14:14:04.000Z</time>
        <extensions>
          <ns3:TrackPointExtension>
            <ns3:hr>159</ns3:hr>
            <ns3:cad>85</ns3:cad>
          </ns3:TrackPointExtension>
        </extensions>
      </trkpt>
      <trkpt lat="43.84557933546602725982666015625" lon="87.510644495487213134765625">
        <ele>830.20001220703125</ele>
        <time>2026-07-27T14:14:08.000Z</time>
        <extensions>
          <ns3:TrackPointExtension>
            <ns3:hr>160</ns3:hr>
            <ns3:cad>85</ns3:cad>
          </ns3:TrackPointExtension>
        </extensions>
      </trkpt>
      <trkpt lat="43.8457608036696910858154296875" lon="87.51067106612026691436767578125">
        <ele>828</ele>
        <time>2026-07-27T14:14:14.000Z</time>
        <extensions>
          <ns3:TrackPointExtension>
            <ns3:hr>161</ns3:hr>
            <ns3:cad>84</ns3:cad>
          </ns3:TrackPointExtension>
        </extensions>
      </trkpt>
      <trkpt lat="43.8457919843494892120361328125" lon="87.5106768496334552764892578125">
        <ele>827.5999755859375</ele>
        <time>2026-07-27T14:14:15.000Z</time>
        <extensions>
          <ns3:TrackPointExtension>
            <ns3:hr>162</ns3:hr>
            <ns3:cad>84</ns3:cad>
          </ns3:TrackPointExtension>
        </extensions>
      </trkpt>
      <trkpt lat="43.84600278921425342559814453125" lon="87.51068330369889736175537109375">
        <ele>826.79998779296875</ele>
        <time>2026-07-27T14:14:21.000Z</time>
        <extensions>
          <ns3:TrackPointExtension>
            <ns3:hr>165</ns3:hr>
            <ns3:cad>85</ns3:cad>
          </ns3:TrackPointExtension>
        </extensions>
      </trkpt>
      <trkpt lat="43.84605358354747295379638671875" lon="87.51068464480340480804443359375">
        <ele>826.79998779296875</ele>
        <time>2026-07-27T14:14:22.000Z</time>
        <extensions>
          <ns3:TrackPointExtension>
            <ns3:hr>165</ns3:hr>
            <ns3:cad>84</ns3:cad>
          </ns3:TrackPointExtension>
        </extensions>
      </trkpt>
      <trkpt lat="43.84624368511140346527099609375" lon="87.51070593483746051788330078125">
        <ele>827.4000244140625</ele>
        <time>2026-07-27T14:14:27.000Z</time>
        <extensions>
          <ns3:TrackPointExtension>
            <ns3:hr>166</ns3:hr>
            <ns3:cad>84</ns3:cad>
          </ns3:TrackPointExtension>
        </extensions>
      </trkpt>
      <trkpt lat="43.8463458605110645294189453125" lon="87.51071180216968059539794921875">
        <ele>827.79998779296875</ele>
        <time>2026-07-27T14:14:33.000Z</time>
        <extensions>
          <ns3:TrackPointExtension>
            <ns3:hr>166</ns3:hr>
            <ns3:cad>62</ns3:cad>
          </ns3:TrackPointExtension>
        </extensions>
      </trkpt>
      <trkpt lat="43.8464725948870182037353515625" lon="87.5107150711119174957275390625">
        <ele>827.5999755859375</ele>
        <time>2026-07-27T14:14:42.000Z</time>
        <extensions>
          <ns3:TrackPointExtension>
            <ns3:hr>165</ns3:hr>
            <ns3:cad>58</ns3:cad>
          </ns3:TrackPointExtension>
        </extensions>
      </trkpt>
      <trkpt lat="43.846542499959468841552734375" lon="87.51073770225048065185546875">
        <ele>827.4000244140625</ele>
        <time>2026-07-27T14:14:48.000Z</time>
        <extensions>
          <ns3:TrackPointExtension>
            <ns3:hr>162</ns3:hr>
            <ns3:cad>56</ns3:cad>
          </ns3:TrackPointExtension>
        </extensions>
      </trkpt>
      <trkpt lat="43.84655582718551158905029296875" lon="87.51074231229722499847412109375">
        <ele>827.4000244140625</ele>
        <time>2026-07-27T14:14:49.000Z</time>
        <extensions>
          <ns3:TrackPointExtension>
            <ns3:hr>162</ns3:hr>
            <ns3:cad>56</ns3:cad>
          </ns3:TrackPointExtension>
        </extensions>
      </trkpt>
      <trkpt lat="43.84665339253842830657958984375" lon="87.51078723929822444915771484375">
        <ele>827.5999755859375</ele>
        <time>2026-07-27T14:14:57.000Z</time>
        <extensions>
          <ns3:TrackPointExtension>
            <ns3:hr>161</ns3:hr>
            <ns3:cad>57</ns3:cad>
          </ns3:TrackPointExtension>
        </extensions>
      </trkpt>
      <trkpt lat="43.84668842889368534088134765625" lon="87.5107965432107448577880859375">
        <ele>827.5999755859375</ele>
        <time>2026-07-27T14:14:59.000Z</time>
        <extensions>
          <ns3:TrackPointExtension>
            <ns3:hr>158</ns3:hr>
            <ns3:cad>74</ns3:cad>
          </ns3:TrackPointExtension>
        </extensions>
      </trkpt>
      <trkpt lat="43.84674257598817348480224609375" lon="87.51081020571291446685791015625">
        <ele>827.5999755859375</ele>
        <time>2026-07-27T14:15:01.000Z</time>
        <extensions>
          <ns3:TrackPointExtension>
            <ns3:hr>155</ns3:hr>
            <ns3:cad>78</ns3:cad>
          </ns3:TrackPointExtension>
        </extensions>
      </trkpt>
      <trkpt lat="43.84679161012172698974609375" lon="87.51082696951925754547119140625">
        <ele>827.4000244140625</ele>
        <time>2026-07-27T14:15:03.000Z</time>
        <extensions>
          <ns3:TrackPointExtension>
            <ns3:hr>152</ns3:hr>
            <ns3:cad>80</ns3:cad>
          </ns3:TrackPointExtension>
        </extensions>
      </trkpt>
      <trkpt lat="43.84693133644759654998779296875" lon="87.51085865311324596405029296875">
        <ele>827</ele>
        <time>2026-07-27T14:15:10.000Z</time>
        <extensions>
          <ns3:TrackPointExtension>
            <ns3:hr>150</ns3:hr>
            <ns3:cad>83</ns3:cad>
          </ns3:TrackPointExtension>
        </extensions>
      </trkpt>
      <trkpt lat="43.84701582603156566619873046875" lon="87.51089997589588165283203125">
        <ele>826.5999755859375</ele>
        <time>2026-07-27T14:15:14.000Z</time>
        <extensions>
          <ns3:TrackPointExtension>
            <ns3:hr>151</ns3:hr>
            <ns3:cad>83</ns3:cad>
          </ns3:TrackPointExtension>
        </extensions>
      </trkpt>
      <trkpt lat="43.84705312550067901611328125" lon="87.51091179437935352325439453125">
        <ele>826.20001220703125</ele>
        <time>2026-07-27T14:15:16.000Z</time>
        <extensions>
          <ns3:TrackPointExtension>
            <ns3:hr>150</ns3:hr>
            <ns3:cad>83</ns3:cad>
          </ns3:TrackPointExtension>
        </extensions>
      </trkpt>
      <trkpt lat="43.84712931700050830841064453125" lon="87.51092419959604740142822265625">
        <ele>825.4000244140625</ele>
        <time>2026-07-27T14:15:20.000Z</time>
        <extensions>
          <ns3:TrackPointExtension>
            <ns3:hr>154</ns3:hr>
            <ns3:cad>83</ns3:cad>
          </ns3:TrackPointExtension>
        </extensions>
      </trkpt>
      <trkpt lat="43.84728773497045040130615234375" lon="87.510915063321590423583984375">
        <ele>823.79998779296875</ele>
        <time>2026-07-27T14:15:24.000Z</time>
        <extensions>
          <ns3:TrackPointExtension>
            <ns3:hr>155</ns3:hr>
            <ns3:cad>82</ns3:cad>
          </ns3:TrackPointExtension>
        </extensions>
      </trkpt>
      <trkpt lat="43.847446739673614501953125" lon="87.51092336140573024749755859375">
        <ele>822.5999755859375</ele>
        <time>2026-07-27T14:15:30.000Z</time>
        <extensions>
          <ns3:TrackPointExtension>
            <ns3:hr>155</ns3:hr>
            <ns3:cad>82</ns3:cad>
          </ns3:TrackPointExtension>
        </extensions>
      </trkpt>
      <trkpt lat="43.84754220955073833465576171875" lon="87.510942555963993072509765625">
        <ele>822.20001220703125</ele>
        <time>2026-07-27T14:15:36.000Z</time>
        <extensions>
          <ns3:TrackPointExtension>
            <ns3:hr>157</ns3:hr>
            <ns3:cad>56</ns3:cad>
          </ns3:TrackPointExtension>
        </extensions>
      </trkpt>
      <trkpt lat="43.84766190312802791595458984375" lon="87.5109650194644927978515625">
        <ele>821.5999755859375</ele>
        <time>2026-07-27T14:15:46.000Z</time>
        <extensions>
          <ns3:TrackPointExtension>
            <ns3:hr>155</ns3:hr>
            <ns3:cad>55</ns3:cad>
          </ns3:TrackPointExtension>
        </extensions>
      </trkpt>
      <trkpt lat="43.8477318920195102691650390625" lon="87.51096879132091999053955078125">
        <ele>821</ele>
        <time>2026-07-27T14:15:52.000Z</time>
        <extensions>
          <ns3:TrackPointExtension>
            <ns3:hr>152</ns3:hr>
            <ns3:cad>54</ns3:cad>
          </ns3:TrackPointExtension>
        </extensions>
      </trkpt>
      <trkpt lat="43.847755528986454010009765625" lon="87.51097373664379119873046875">
        <ele>821</ele>
        <time>2026-07-27T14:15:55.000Z</time>
        <extensions>
          <ns3:TrackPointExtension>
            <ns3:hr>150</ns3:hr>
            <ns3:cad>55</ns3:cad>
          </ns3:TrackPointExtension>
        </extensions>
      </trkpt>
      <trkpt lat="43.84784630499780178070068359375" lon="87.5110007263720035552978515625">
        <ele>820.79998779296875</ele>
        <time>2026-07-27T14:16:03.000Z</time>
        <extensions>
          <ns3:TrackPointExtension>
            <ns3:hr>150</ns3:hr>
            <ns3:cad>53</ns3:cad>
          </ns3:TrackPointExtension>
        </extensions>
      </trkpt>
      <trkpt lat="43.84790950454771518707275390625" lon="87.51104271970689296722412109375">
        <ele>821</ele>
        <time>2026-07-27T14:16:08.000Z</time>
        <extensions>
          <ns3:TrackPointExtension>
            <ns3:hr>147</ns3:hr>
            <ns3:cad>54</ns3:cad>
          </ns3:TrackPointExtension>
        </extensions>
      </trkpt>
      <trkpt lat="43.84792341850697994232177734375" lon="87.51105009578168392181396484375">
        <ele>821.20001220703125</ele>
        <time>2026-07-27T14:16:10.000Z</time>
        <extensions>
          <ns3:TrackPointExtension>
            <ns3:hr>146</ns3:hr>
            <ns3:cad>54</ns3:cad>
          </ns3:TrackPointExtension>
        </extensions>
      </trkpt>
      <trkpt lat="43.847939260303974151611328125" lon="87.51106317155063152313232421875">
        <ele>821.20001220703125</ele>
        <time>2026-07-27T14:16:12.000Z</time>
        <extensions>
          <ns3:TrackPointExtension>
            <ns3:hr>145</ns3:hr>
            <ns3:cad>54</ns3:cad>
          </ns3:TrackPointExtension>
        </extensions>
      </trkpt>
      <trkpt lat="43.84794655255973339080810546875" lon="87.5110696256160736083984375">
        <ele>821.20001220703125</ele>
        <time>2026-07-27T14:16:14.000Z</time>
        <extensions>
          <ns3:TrackPointExtension>
            <ns3:hr>142</ns3:hr>
            <ns3:cad>0</ns3:cad>
          </ns3:TrackPointExtension>
        </extensions>
      </trkpt>
      <trkpt lat="43.84794906713068485260009765625" lon="87.5110709667205810546875">
        <ele>821.20001220703125</ele>
        <time>2026-07-27T14:16:16.000Z</time>
        <extensions>
          <ns3:TrackPointExtension>
            <ns3:hr>139</ns3:hr>
            <ns3:cad>0</ns3:cad>
          </ns3:TrackPointExtension>
        </extensions>
      </trkpt>
      <trkpt lat="43.84794755838811397552490234375" lon="87.5110587291419506072998046875">
        <ele>821.20001220703125</ele>
        <time>2026-07-27T14:17:36.000Z</time>
        <extensions>
          <ns3:TrackPointExtension>
            <ns3:hr>118</ns3:hr>
            <ns3:cad>0</ns3:cad>
          </ns3:TrackPointExtension>
        </extensions>
      </trkpt>
      <trkpt lat="43.84794839657843112945556640625" lon="87.5110588967800140380859375">
        <ele>821.20001220703125</ele>
        <time>2026-07-27T14:17:37.000Z</time>
        <extensions>
          <ns3:TrackPointExtension>
            <ns3:hr>118</ns3:hr>
            <ns3:cad>0</ns3:cad>
          </ns3:TrackPointExtension>
        </extensions>
      </trkpt>
      <trkpt lat="43.8479924015700817108154296875" lon="87.51107037998735904693603515625">
        <ele>821.20001220703125</ele>
        <time>2026-07-27T14:17:43.000Z</time>
        <extensions>
          <ns3:TrackPointExtension>
            <ns3:hr>119</ns3:hr>
            <ns3:cad>54</ns3:cad>
          </ns3:TrackPointExtension>
        </extensions>
      </trkpt>
      <trkpt lat="43.8481278531253337860107421875" lon="87.51109770499169826507568359375">
        <ele>820.79998779296875</ele>
        <time>2026-07-27T14:17:50.000Z</time>
        <extensions>
          <ns3:TrackPointExtension>
            <ns3:hr>120</ns3:hr>
            <ns3:cad>0</ns3:cad>
          </ns3:TrackPointExtension>
        </extensions>
      </trkpt>
      <trkpt lat="43.84828803129494190216064453125" lon="87.511136345565319061279296875">
        <ele>820.79998779296875</ele>
        <time>2026-07-27T14:17:55.000Z</time>
        <extensions>
          <ns3:TrackPointExtension>
            <ns3:hr>123</ns3:hr>
            <ns3:cad>84</ns3:cad>
          </ns3:TrackPointExtension>
        </extensions>
      </trkpt>
      <trkpt lat="43.848350308835506439208984375" lon="87.51114481128752231597900390625">
        <ele>820.79998779296875</ele>
        <time>2026-07-27T14:17:57.000Z</time>
        <extensions>
          <ns3:TrackPointExtension>
            <ns3:hr>127</ns3:hr>
            <ns3:cad>83</ns3:cad>
          </ns3:TrackPointExtension>
        </extensions>
      </trkpt>
      <trkpt lat="43.84839163161814212799072265625" lon="87.5111469067633152008056640625">
        <ele>821</ele>
        <time>2026-07-27T14:17:59.000Z</time>
        <extensions>
          <ns3:TrackPointExtension>
            <ns3:hr>130</ns3:hr>
            <ns3:cad>83</ns3:cad>
          </ns3:TrackPointExtension>
        </extensions>
      </trkpt>
      <trkpt lat="43.84844125248491764068603515625" lon="87.51111446879804134368896484375">
        <ele>821</ele>
        <time>2026-07-27T14:18:01.000Z</time>
        <extensions>
          <ns3:TrackPointExtension>
            <ns3:hr>134</ns3:hr>
            <ns3:cad>84</ns3:cad>
          </ns3:TrackPointExtension>
        </extensions>
      </trkpt>
      <trkpt lat="43.8484990037977695465087890625" lon="87.51105680130422115325927734375">
        <ele>820.79998779296875</ele>
        <time>2026-07-27T14:18:03.000Z</time>
        <extensions>
          <ns3:TrackPointExtension>
            <ns3:hr>138</ns3:hr>
            <ns3:cad>82</ns3:cad>
          </ns3:TrackPointExtension>
        </extensions>
      </trkpt>
      <trkpt lat="43.84852507151663303375244140625" lon="87.5110322423279285430908203125">
        <ele>820.5999755859375</ele>
        <time>2026-07-27T14:18:04.000Z</time>
        <extensions>
          <ns3:TrackPointExtension>
            <ns3:hr>139</ns3:hr>
            <ns3:cad>82</ns3:cad>
          </ns3:TrackPointExtension>
        </extensions>
      </trkpt>
      <trkpt lat="43.84858257137238979339599609375" lon="87.5110106170177459716796875">
        <ele>820.20001220703125</ele>
        <time>2026-07-27T14:18:06.000Z</time>
        <extensions>
          <ns3:TrackPointExtension>
            <ns3:hr>142</ns3:hr>
            <ns3:cad>83</ns3:cad>
          </ns3:TrackPointExtension>
        </extensions>
      </trkpt>
      <trkpt lat="43.84864308871328830718994140625" lon="87.51100148074328899383544921875">
        <ele>820.20001220703125</ele>
        <time>2026-07-27T14:18:08.000Z</time>
        <extensions>
          <ns3:TrackPointExtension>
            <ns3:hr>145</ns3:hr>
            <ns3:cad>83</ns3:cad>
          </ns3:TrackPointExtension>
        </extensions>
      </trkpt>
      <trkpt lat="43.84870612062513828277587890625" lon="87.5110104493796825408935546875">
        <ele>820</ele>
        <time>2026-07-27T14:18:10.000Z</time>
        <extensions>
          <ns3:TrackPointExtension>
            <ns3:hr>147</ns3:hr>
            <ns3:cad>82</ns3:cad>
          </ns3:TrackPointExtension>
        </extensions>
      </trkpt>
      <trkpt lat="43.8488924503326416015625" lon="87.511026374995708465576171875">
        <ele>819.5999755859375</ele>
        <time>2026-07-27T14:18:17.000Z</time>
        <extensions>
          <ns3:TrackPointExtension>
            <ns3:hr>150</ns3:hr>
            <ns3:cad>83</ns3:cad>
          </ns3:TrackPointExtension>
        </extensions>
      </trkpt>
      <trkpt lat="43.84894408285617828369140625" lon="87.5110352598130702972412109375">
        <ele>819.4000244140625</ele>
        <time>2026-07-27T14:18:19.000Z</time>
        <extensions>
          <ns3:TrackPointExtension>
            <ns3:hr>150</ns3:hr>
            <ns3:cad>83</ns3:cad>
          </ns3:TrackPointExtension>
        </extensions>
      </trkpt>
      <trkpt lat="43.8490911014378070831298828125" lon="87.51104540191590785980224609375">
        <ele>818.20001220703125</ele>
        <time>2026-07-27T14:18:27.000Z</time>
        <extensions>
          <ns3:TrackPointExtension>
            <ns3:hr>152</ns3:hr>
            <ns3:cad>81</ns3:cad>
          </ns3:TrackPointExtension>
        </extensions>
      </trkpt>
      <trkpt lat="43.84912638925015926361083984375" lon="87.51102796755731105804443359375">
        <ele>817.5999755859375</ele>
        <time>2026-07-27T14:18:31.000Z</time>
        <extensions>
          <ns3:TrackPointExtension>
            <ns3:hr>153</ns3:hr>
            <ns3:cad>56</ns3:cad>
          </ns3:TrackPointExtension>
        </extensions>
      </trkpt>
      <trkpt lat="43.84913183748722076416015625" lon="87.5110262073576450347900390625">
        <ele>817.5999755859375</ele>
        <time>2026-07-27T14:18:32.000Z</time>
        <extensions>
          <ns3:TrackPointExtension>
            <ns3:hr>154</ns3:hr>
            <ns3:cad>57</ns3:cad>
          </ns3:TrackPointExtension>
        </extensions>
      </trkpt>
      <trkpt lat="43.849250860512256622314453125" lon="87.511021010577678680419921875">
        <ele>816.5999755859375</ele>
        <time>2026-07-27T14:18:39.000Z</time>
        <extensions>
          <ns3:TrackPointExtension>
            <ns3:hr>154</ns3:hr>
            <ns3:cad>81</ns3:cad>
          </ns3:TrackPointExtension>
        </extensions>
      </trkpt>
      <trkpt lat="43.84942545555531978607177734375" lon="87.51105177216231822967529296875">
        <ele>816.79998779296875</ele>
        <time>2026-07-27T14:18:46.000Z</time>
        <extensions>
          <ns3:TrackPointExtension>
            <ns3:hr>154</ns3:hr>
            <ns3:cad>82</ns3:cad>
          </ns3:TrackPointExtension>
        </extensions>
      </trkpt>
      <trkpt lat="43.849613964557647705078125" lon="87.51105696894228458404541015625">
        <ele>816.20001220703125</ele>
        <time>2026-07-27T14:18:52.000Z</time>
        <extensions>
          <ns3:TrackPointExtension>
            <ns3:hr>154</ns3:hr>
            <ns3:cad>82</ns3:cad>
          </ns3:TrackPointExtension>
        </extensions>
      </trkpt>
      <trkpt lat="43.84966962039470672607421875" lon="87.51106887124478816986083984375">
        <ele>816.20001220703125</ele>
        <time>2026-07-27T14:18:54.000Z</time>
        <extensions>
          <ns3:TrackPointExtension>
            <ns3:hr>154</ns3:hr>
            <ns3:cad>82</ns3:cad>
          </ns3:TrackPointExtension>
        </extensions>
      </trkpt>
      <trkpt lat="43.84986517019569873809814453125" lon="87.51106627285480499267578125">
        <ele>815</ele>
        <time>2026-07-27T14:19:00.000Z</time>
        <extensions>
          <ns3:TrackPointExtension>
            <ns3:hr>155</ns3:hr>
            <ns3:cad>82</ns3:cad>
          </ns3:TrackPointExtension>
        </extensions>
      </trkpt>
      <trkpt lat="43.850012607872486114501953125" lon="87.5110857188701629638671875">
        <ele>814</ele>
        <time>2026-07-27T14:19:06.000Z</time>
        <extensions>
          <ns3:TrackPointExtension>
            <ns3:hr>157</ns3:hr>
            <ns3:cad>82</ns3:cad>
          </ns3:TrackPointExtension>
        </extensions>
      </trkpt>
      <trkpt lat="43.8501552678644657135009765625" lon="87.51113575883209705352783203125">
        <ele>814</ele>
        <time>2026-07-27T14:19:15.000Z</time>
        <extensions>
          <ns3:TrackPointExtension>
            <ns3:hr>156</ns3:hr>
            <ns3:cad>56</ns3:cad>
          </ns3:TrackPointExtension>
        </extensions>
      </trkpt>
      <trkpt lat="43.85020933113992214202880859375" lon="87.5111428834497928619384765625">
        <ele>814</ele>
        <time>2026-07-27T14:19:20.000Z</time>
        <extensions>
          <ns3:TrackPointExtension>
            <ns3:hr>153</ns3:hr>
            <ns3:cad>58</ns3:cad>
          </ns3:TrackPointExtension>
        </extensions>
      </trkpt>
      <trkpt lat="43.8502410985529422760009765625" lon="87.5111231021583080291748046875">
        <ele>814</ele>
        <time>2026-07-27T14:19:23.000Z</time>
        <extensions>
          <ns3:TrackPointExtension>
            <ns3:hr>152</ns3:hr>
            <ns3:cad>0</ns3:cad>
          </ns3:TrackPointExtension>
        </extensions>
      </trkpt>
      <trkpt lat="43.85029457509517669677734375" lon="87.51112821511924266815185546875">
        <ele>813.79998779296875</ele>
        <time>2026-07-27T14:19:25.000Z</time>
        <extensions>
          <ns3:TrackPointExtension>
            <ns3:hr>149</ns3:hr>
            <ns3:cad>0</ns3:cad>
          </ns3:TrackPointExtension>
        </extensions>
      </trkpt>
      <trkpt lat="43.850339837372303009033203125" lon="87.5111247785389423370361328125">
        <ele>813.5999755859375</ele>
        <time>2026-07-27T14:19:27.000Z</time>
        <extensions>
          <ns3:TrackPointExtension>
            <ns3:hr>146</ns3:hr>
            <ns3:cad>78</ns3:cad>
          </ns3:TrackPointExtension>
        </extensions>
      </trkpt>
      <trkpt lat="43.85038015432655811309814453125" lon="87.51113173551857471466064453125">
        <ele>813.4000244140625</ele>
        <time>2026-07-27T14:19:29.000Z</time>
        <extensions>
          <ns3:TrackPointExtension>
            <ns3:hr>146</ns3:hr>
            <ns3:cad>82</ns3:cad>
          </ns3:TrackPointExtension>
        </extensions>
      </trkpt>
      <trkpt lat="43.85057092644274234771728515625" lon="87.511133663356304168701171875">
        <ele>813</ele>
        <time>2026-07-27T14:19:37.000Z</time>
        <extensions>
          <ns3:TrackPointExtension>
            <ns3:hr>145</ns3:hr>
            <ns3:cad>82</ns3:cad>
          </ns3:TrackPointExtension>
        </extensions>
      </trkpt>
      <trkpt lat="43.8505934737622737884521484375" lon="87.511132657527923583984375">
        <ele>812.79998779296875</ele>
        <time>2026-07-27T14:19:38.000Z</time>
        <extensions>
          <ns3:TrackPointExtension>
            <ns3:hr>146</ns3:hr>
            <ns3:cad>82</ns3:cad>
          </ns3:TrackPointExtension>
        </extensions>
      </trkpt>
      <trkpt lat="43.8507755286991596221923828125" lon="87.51112653873860836029052734375">
        <ele>811.5999755859375</ele>
        <time>2026-07-27T14:19:46.000Z</time>
        <extensions>
          <ns3:TrackPointExtension>
            <ns3:hr>148</ns3:hr>
            <ns3:cad>83</ns3:cad>
          </ns3:TrackPointExtension>
        </extensions>
      </trkpt>
      <trkpt lat="43.850870244204998016357421875" lon="87.5111445598304271697998046875">
        <ele>811</ele>
        <time>2026-07-27T14:19:53.000Z</time>
        <extensions>
          <ns3:TrackPointExtension>
            <ns3:hr>151</ns3:hr>
            <ns3:cad>58</ns3:cad>
          </ns3:TrackPointExtension>
        </extensions>
      </trkpt>
      <trkpt lat="43.85104550980031490325927734375" lon="87.51116761006414890289306640625">
        <ele>809.5999755859375</ele>
        <time>2026-07-27T14:20:01.000Z</time>
        <extensions>
          <ns3:TrackPointExtension>
            <ns3:hr>150</ns3:hr>
            <ns3:cad>82</ns3:cad>
          </ns3:TrackPointExtension>
        </extensions>
      </trkpt>
      <trkpt lat="43.85123561136424541473388671875" lon="87.511210776865482330322265625">
        <ele>808.79998779296875</ele>
        <time>2026-07-27T14:20:08.000Z</time>
        <extensions>
          <ns3:TrackPointExtension>
            <ns3:hr>149</ns3:hr>
            <ns3:cad>82</ns3:cad>
          </ns3:TrackPointExtension>
        </extensions>
      </trkpt>
      <trkpt lat="43.85142512619495391845703125" lon="87.51119527034461498260498046875">
        <ele>808</ele>
        <time>2026-07-27T14:20:15.000Z</time>
        <extensions>
          <ns3:TrackPointExtension>
            <ns3:hr>150</ns3:hr>
            <ns3:cad>82</ns3:cad>
          </ns3:TrackPointExtension>
        </extensions>
      </trkpt>
      <trkpt lat="43.85147164575755596160888671875" lon="87.5111958570778369903564453125">
        <ele>807.5999755859375</ele>
        <time>2026-07-27T14:20:17.000Z</time>
        <extensions>
          <ns3:TrackPointExtension>
            <ns3:hr>149</ns3:hr>
            <ns3:cad>82</ns3:cad>
          </ns3:TrackPointExtension>
        </extensions>
      </trkpt>
      <trkpt lat="43.85167415253818035125732421875" lon="87.511194013059139251708984375">
        <ele>806.20001220703125</ele>
        <time>2026-07-27T14:20:25.000Z</time>
        <extensions>
          <ns3:TrackPointExtension>
            <ns3:hr>151</ns3:hr>
            <ns3:cad>82</ns3:cad>
          </ns3:TrackPointExtension>
        </extensions>
      </trkpt>
      <trkpt lat="43.85177607648074626922607421875" lon="87.51120633445680141448974609375">
        <ele>805.20001220703125</ele>
        <time>2026-07-27T14:20:29.000Z</time>
        <extensions>
          <ns3:TrackPointExtension>
            <ns3:hr>154</ns3:hr>
            <ns3:cad>83</ns3:cad>
          </ns3:TrackPointExtension>
        </extensions>
      </trkpt>
      <trkpt lat="43.85189124383032321929931640625" lon="87.51121387816965579986572265625">
        <ele>804</ele>
        <time>2026-07-27T14:20:35.000Z</time>
        <extensions>
          <ns3:TrackPointExtension>
            <ns3:hr>157</ns3:hr>
            <ns3:cad>82</ns3:cad>
          </ns3:TrackPointExtension>
        </extensions>
      </trkpt>
      <trkpt lat="43.85191286914050579071044921875" lon="87.51122049987316131591796875">
        <ele>803.79998779296875</ele>
        <time>2026-07-27T14:20:37.000Z</time>
        <extensions>
          <ns3:TrackPointExtension>
            <ns3:hr>157</ns3:hr>
            <ns3:cad>82</ns3:cad>
          </ns3:TrackPointExtension>
        </extensions>
      </trkpt>
      <trkpt lat="43.85202250443398952484130859375" lon="87.5112360902130603790283203125">
        <ele>802.79998779296875</ele>
        <time>2026-07-27T14:20:45.000Z</time>
        <extensions>
          <ns3:TrackPointExtension>
            <ns3:hr>159</ns3:hr>
            <ns3:cad>56</ns3:cad>
          </ns3:TrackPointExtension>
        </extensions>
      </trkpt>
      <trkpt lat="43.8520998694002628326416015625" lon="87.511238940060138702392578125">
        <ele>802.5999755859375</ele>
        <time>2026-07-27T14:20:51.000Z</time>
        <extensions>
          <ns3:TrackPointExtension>
            <ns3:hr>156</ns3:hr>
            <ns3:cad>57</ns3:cad>
          </ns3:TrackPointExtension>
        </extensions>
      </trkpt>
      <trkpt lat="43.85217773728072643280029296875" lon="87.51124673523008823394775390625">
        <ele>802.20001220703125</ele>
        <time>2026-07-27T14:20:55.000Z</time>
        <extensions>
          <ns3:TrackPointExtension>
            <ns3:hr>153</ns3:hr>
            <ns3:cad>80</ns3:cad>
          </ns3:TrackPointExtension>
        </extensions>
      </trkpt>
      <trkpt lat="43.852258622646331787109375" lon="87.51124623231589794158935546875">
        <ele>802</ele>
        <time>2026-07-27T14:20:58.000Z</time>
        <extensions>
          <ns3:TrackPointExtension>
            <ns3:hr>150</ns3:hr>
            <ns3:cad>81</ns3:cad>
          </ns3:TrackPointExtension>
        </extensions>
      </trkpt>
      <trkpt lat="43.85244704782962799072265625" lon="87.5112707912921905517578125">
        <ele>802</ele>
        <time>2026-07-27T14:21:05.000Z</time>
        <extensions>
          <ns3:TrackPointExtension>
            <ns3:hr>149</ns3:hr>
            <ns3:cad>82</ns3:cad>
          </ns3:TrackPointExtension>
        </extensions>
      </trkpt>
      <trkpt lat="43.85262985713779926300048828125" lon="87.51126064918935298919677734375">
        <ele>801</ele>
        <time>2026-07-27T14:21:12.000Z</time>
        <extensions>
          <ns3:TrackPointExtension>
            <ns3:hr>149</ns3:hr>
            <ns3:cad>82</ns3:cad>
          </ns3:TrackPointExtension>
        </extensions>
      </trkpt>
      <trkpt lat="43.85277486406266689300537109375" lon="87.51126735471189022064208984375">
        <ele>800.4000244140625</ele>
        <time>2026-07-27T14:21:17.000Z</time>
        <extensions>
          <ns3:TrackPointExtension>
            <ns3:hr>149</ns3:hr>
            <ns3:cad>82</ns3:cad>
          </ns3:TrackPointExtension>
        </extensions>
      </trkpt>
      <trkpt lat="43.85298357345163822174072265625" lon="87.51128177158534526824951171875">
        <ele>798.79998779296875</ele>
        <time>2026-07-27T14:21:25.000Z</time>
        <extensions>
          <ns3:TrackPointExtension>
            <ns3:hr>149</ns3:hr>
            <ns3:cad>82</ns3:cad>
          </ns3:TrackPointExtension>
        </extensions>
      </trkpt>
      <trkpt lat="43.85317082516849040985107421875" lon="87.51129736192524433135986328125">
        <ele>797.20001220703125</ele>
        <time>2026-07-27T14:21:32.000Z</time>
        <extensions>
          <ns3:TrackPointExtension>
            <ns3:hr>150</ns3:hr>
            <ns3:cad>82</ns3:cad>
          </ns3:TrackPointExtension>
        </extensions>
      </trkpt>
      <trkpt lat="43.853304684162139892578125" lon="87.51131529919803142547607421875">
        <ele>796.79998779296875</ele>
        <time>2026-07-27T14:21:37.000Z</time>
        <extensions>
          <ns3:TrackPointExtension>
            <ns3:hr>151</ns3:hr>
            <ns3:cad>82</ns3:cad>
          </ns3:TrackPointExtension>
        </extensions>
      </trkpt>
      <trkpt lat="43.85338188149034976959228515625" lon="87.51132803969085216522216796875">
        <ele>796.4000244140625</ele>
        <time>2026-07-27T14:21:42.000Z</time>
        <extensions>
          <ns3:TrackPointExtension>
            <ns3:hr>153</ns3:hr>
            <ns3:cad>55</ns3:cad>
          </ns3:TrackPointExtension>
        </extensions>
      </trkpt>
      <trkpt lat="43.8534905947744846343994140625" lon="87.51132837496697902679443359375">
        <ele>796</ele>
        <time>2026-07-27T14:21:51.000Z</time>
        <extensions>
          <ns3:TrackPointExtension>
            <ns3:hr>153</ns3:hr>
            <ns3:cad>56</ns3:cad>
          </ns3:TrackPointExtension>
        </extensions>
      </trkpt>
      <trkpt lat="43.85358623228967189788818359375" lon="87.5113356672227382659912109375">
        <ele>795.79998779296875</ele>
        <time>2026-07-27T14:21:58.000Z</time>
        <extensions>
          <ns3:TrackPointExtension>
            <ns3:hr>150</ns3:hr>
            <ns3:cad>56</ns3:cad>
          </ns3:TrackPointExtension>
        </extensions>
      </trkpt>
      <trkpt lat="43.85370693169534206390380859375" lon="87.51134228892624378204345703125">
        <ele>795.5999755859375</ele>
        <time>2026-07-27T14:22:04.000Z</time>
        <extensions>
          <ns3:TrackPointExtension>
            <ns3:hr>149</ns3:hr>
            <ns3:cad>80</ns3:cad>
          </ns3:TrackPointExtension>
        </extensions>
      </trkpt>
      <trkpt lat="43.853755295276641845703125" lon="87.51134882681071758270263671875">
        <ele>795.5999755859375</ele>
        <time>2026-07-27T14:22:06.000Z</time>
        <extensions>
          <ns3:TrackPointExtension>
            <ns3:hr>146</ns3:hr>
            <ns3:cad>81</ns3:cad>
          </ns3:TrackPointExtension>
        </extensions>
      </trkpt>
      <trkpt lat="43.85394598357379436492919921875" lon="87.5113564543426036834716796875">
        <ele>795.20001220703125</ele>
        <time>2026-07-27T14:22:13.000Z</time>
        <extensions>
          <ns3:TrackPointExtension>
            <ns3:hr>145</ns3:hr>
            <ns3:cad>81</ns3:cad>
          </ns3:TrackPointExtension>
        </extensions>
      </trkpt>
      <trkpt lat="43.85400700382888317108154296875" lon="87.511360645294189453125">
        <ele>795</ele>
        <time>2026-07-27T14:22:15.000Z</time>
        <extensions>
          <ns3:TrackPointExtension>
            <ns3:hr>146</ns3:hr>
            <ns3:cad>82</ns3:cad>
          </ns3:TrackPointExtension>
        </extensions>
      </trkpt>
      <trkpt lat="43.85421336628496646881103515625" lon="87.51138838939368724822998046875">
        <ele>794.79998779296875</ele>
        <time>2026-07-27T14:22:22.000Z</time>
        <extensions>
          <ns3:TrackPointExtension>
            <ns3:hr>147</ns3:hr>
            <ns3:cad>83</ns3:cad>
          </ns3:TrackPointExtension>
        </extensions>
      </trkpt>
      <trkpt lat="43.85439408011734485626220703125" lon="87.51141118817031383514404296875">
        <ele>794.20001220703125</ele>
        <time>2026-07-27T14:22:28.000Z</time>
        <extensions>
          <ns3:TrackPointExtension>
            <ns3:hr>149</ns3:hr>
            <ns3:cad>83</ns3:cad>
          </ns3:TrackPointExtension>
        </extensions>
      </trkpt>
      <trkpt lat="43.8544461317360401153564453125" lon="87.51141227781772613525390625">
        <ele>794</ele>
        <time>2026-07-27T14:22:30.000Z</time>
        <extensions>
          <ns3:TrackPointExtension>
            <ns3:hr>151</ns3:hr>
            <ns3:cad>83</ns3:cad>
          </ns3:TrackPointExtension>
        </extensions>
      </trkpt>
      <trkpt lat="43.85452500544488430023193359375" lon="87.51141990534961223602294921875">
        <ele>793.79998779296875</ele>
        <time>2026-07-27T14:22:35.000Z</time>
        <extensions>
          <ns3:TrackPointExtension>
            <ns3:hr>153</ns3:hr>
            <ns3:cad>84</ns3:cad>
          </ns3:TrackPointExtension>
        </extensions>
      </trkpt>
      <trkpt lat="43.85454629547894001007080078125" lon="87.5114129483699798583984375">
        <ele>793.79998779296875</ele>
        <time>2026-07-27T14:22:37.000Z</time>
        <extensions>
          <ns3:TrackPointExtension>
            <ns3:hr>154</ns3:hr>
            <ns3:cad>84</ns3:cad>
          </ns3:TrackPointExtension>
        </extensions>
      </trkpt>
      <trkpt lat="43.85462441481649875640869140625" lon="87.5114221684634685516357421875">
        <ele>793.4000244140625</ele>
        <time>2026-07-27T14:22:42.000Z</time>
        <extensions>
          <ns3:TrackPointExtension>
            <ns3:hr>156</ns3:hr>
            <ns3:cad>57</ns3:cad>
          </ns3:TrackPointExtension>
        </extensions>
      </trkpt>
      <trkpt lat="43.85475466959178447723388671875" lon="87.51143599860370159149169921875">
        <ele>793</ele>
        <time>2026-07-27T14:22:51.000Z</time>
        <extensions>
          <ns3:TrackPointExtension>
            <ns3:hr>153</ns3:hr>
            <ns3:cad>57</ns3:cad>
          </ns3:TrackPointExtension>
        </extensions>
      </trkpt>
      <trkpt lat="43.85476221330463886260986328125" lon="87.5114352442324161529541015625">
        <ele>793</ele>
        <time>2026-07-27T14:22:52.000Z</time>
        <extensions>
          <ns3:TrackPointExtension>
            <ns3:hr>153</ns3:hr>
            <ns3:cad>57</ns3:cad>
          </ns3:TrackPointExtension>
        </extensions>
      </trkpt>
      <trkpt lat="43.8547978363931179046630859375" lon="87.511438094079494476318359375">
        <ele>792.5999755859375</ele>
        <time>2026-07-27T14:22:56.000Z</time>
        <extensions>
          <ns3:TrackPointExtension>
            <ns3:hr>150</ns3:hr>
            <ns3:cad>57</ns3:cad>
          </ns3:TrackPointExtension>
        </extensions>
      </trkpt>
      <trkpt lat="43.854833543300628662109375" lon="87.5114422850310802459716796875">
        <ele>792.20001220703125</ele>
        <time>2026-07-27T14:22:59.000Z</time>
        <extensions>
          <ns3:TrackPointExtension>
            <ns3:hr>147</ns3:hr>
            <ns3:cad>56</ns3:cad>
          </ns3:TrackPointExtension>
        </extensions>
      </trkpt>
      <trkpt lat="43.85485039092600345611572265625" lon="87.5114436261355876922607421875">
        <ele>792</ele>
        <time>2026-07-27T14:23:00.000Z</time>
        <extensions>
          <ns3:TrackPointExtension>
            <ns3:hr>147</ns3:hr>
            <ns3:cad>56</ns3:cad>
          </ns3:TrackPointExtension>
        </extensions>
      </trkpt>
      <trkpt lat="43.8549715094268321990966796875" lon="87.51144739799201488494873046875">
        <ele>790.5999755859375</ele>
        <time>2026-07-27T14:23:05.000Z</time>
        <extensions>
          <ns3:TrackPointExtension>
            <ns3:hr>144</ns3:hr>
            <ns3:cad>81</ns3:cad>
          </ns3:TrackPointExtension>
        </extensions>
      </trkpt>
      <trkpt lat="43.854997493326663970947265625" lon="87.51144404523074626922607421875">
        <ele>790.4000244140625</ele>
        <time>2026-07-27T14:23:06.000Z</time>
        <extensions>
          <ns3:TrackPointExtension>
            <ns3:hr>144</ns3:hr>
            <ns3:cad>81</ns3:cad>
          </ns3:TrackPointExtension>
        </extensions>
      </trkpt>
      <trkpt lat="43.8551284186542034149169921875" lon="87.51145385205745697021484375">
        <ele>789</ele>
        <time>2026-07-27T14:23:11.000Z</time>
        <extensions>
          <ns3:TrackPointExtension>
            <ns3:hr>143</ns3:hr>
            <ns3:cad>82</ns3:cad>
          </ns3:TrackPointExtension>
        </extensions>
      </trkpt>
      <trkpt lat="43.8553151674568653106689453125" lon="87.51149534247815608978271484375">
        <ele>787.4000244140625</ele>
        <time>2026-07-27T14:23:19.000Z</time>
        <extensions>
          <ns3:TrackPointExtension>
            <ns3:hr>142</ns3:hr>
            <ns3:cad>82</ns3:cad>
          </ns3:TrackPointExtension>
        </extensions>
      </trkpt>
      <trkpt lat="43.85537895374000072479248046875" lon="87.5116810016334056854248046875">
        <ele>788.4000244140625</ele>
        <time>2026-07-27T14:23:25.000Z</time>
        <extensions>
          <ns3:TrackPointExtension>
            <ns3:hr>144</ns3:hr>
            <ns3:cad>80</ns3:cad>
          </ns3:TrackPointExtension>
        </extensions>
      </trkpt>
      <trkpt lat="43.85537157766520977020263671875" lon="87.5118402577936649322509765625">
        <ele>789.79998779296875</ele>
        <time>2026-07-27T14:23:30.000Z</time>
        <extensions>
          <ns3:TrackPointExtension>
            <ns3:hr>147</ns3:hr>
            <ns3:cad>82</ns3:cad>
          </ns3:TrackPointExtension>
        </extensions>
      </trkpt>
      <trkpt lat="43.8553661294281482696533203125" lon="87.51187655143439769744873046875">
        <ele>790</ele>
        <time>2026-07-27T14:23:32.000Z</time>
        <extensions>
          <ns3:TrackPointExtension>
            <ns3:hr>148</ns3:hr>
            <ns3:cad>81</ns3:cad>
          </ns3:TrackPointExtension>
        </extensions>
      </trkpt>
      <trkpt lat="43.8553520478308200836181640625" lon="87.51198853366076946258544921875">
        <ele>790.79998779296875</ele>
        <time>2026-07-27T14:23:36.000Z</time>
        <extensions>
          <ns3:TrackPointExtension>
            <ns3:hr>151</ns3:hr>
            <ns3:cad>78</ns3:cad>
          </ns3:TrackPointExtension>
        </extensions>
      </trkpt>
      <trkpt lat="43.85534961707890033721923828125" lon="87.51206112094223499298095703125">
        <ele>791.20001220703125</ele>
        <time>2026-07-27T14:23:38.000Z</time>
        <extensions>
          <ns3:TrackPointExtension>
            <ns3:hr>150</ns3:hr>
            <ns3:cad>81</ns3:cad>
          </ns3:TrackPointExtension>
        </extensions>
      </trkpt>
      <trkpt lat="43.85531893931329250335693359375" lon="87.51231727190315723419189453125">
        <ele>793.4000244140625</ele>
        <time>2026-07-27T14:23:45.000Z</time>
        <extensions>
          <ns3:TrackPointExtension>
            <ns3:hr>152</ns3:hr>
            <ns3:cad>82</ns3:cad>
          </ns3:TrackPointExtension>
        </extensions>
      </trkpt>
      <trkpt lat="43.85526663623750209808349609375" lon="87.51256403513252735137939453125">
        <ele>797.4000244140625</ele>
        <time>2026-07-27T14:23:52.000Z</time>
        <extensions>
          <ns3:TrackPointExtension>
            <ns3:hr>155</ns3:hr>
            <ns3:cad>83</ns3:cad>
          </ns3:TrackPointExtension>
        </extensions>
      </trkpt>
      <trkpt lat="43.855258338153362274169921875" lon="87.5126382149755954742431640625">
        <ele>798.4000244140625</ele>
        <time>2026-07-27T14:23:54.000Z</time>
        <extensions>
          <ns3:TrackPointExtension>
            <ns3:hr>155</ns3:hr>
            <ns3:cad>82</ns3:cad>
          </ns3:TrackPointExtension>
        </extensions>
      </trkpt>
      <trkpt lat="43.8552373833954334259033203125" lon="87.512790597975254058837890625">
        <ele>800.5999755859375</ele>
        <time>2026-07-27T14:24:00.000Z</time>
        <extensions>
          <ns3:TrackPointExtension>
            <ns3:hr>159</ns3:hr>
            <ns3:cad>82</ns3:cad>
          </ns3:TrackPointExtension>
        </extensions>
      </trkpt>
      <trkpt lat="43.8552103936672210693359375" lon="87.51290400512516498565673828125">
        <ele>801.4000244140625</ele>
        <time>2026-07-27T14:24:06.000Z</time>
        <extensions>
          <ns3:TrackPointExtension>
            <ns3:hr>162</ns3:hr>
            <ns3:cad>55</ns3:cad>
          </ns3:TrackPointExtension>
        </extensions>
      </trkpt>
      <trkpt lat="43.85520896874368190765380859375" lon="87.51292127184569835662841796875">
        <ele>801.5999755859375</ele>
        <time>2026-07-27T14:24:07.000Z</time>
        <extensions>
          <ns3:TrackPointExtension>
            <ns3:hr>162</ns3:hr>
            <ns3:cad>55</ns3:cad>
          </ns3:TrackPointExtension>
        </extensions>
      </trkpt>
      <trkpt lat="43.8551736809313297271728515625" lon="87.51309829764068126678466796875">
        <ele>802.4000244140625</ele>
        <time>2026-07-27T14:24:18.000Z</time>
        <extensions>
          <ns3:TrackPointExtension>
            <ns3:hr>162</ns3:hr>
            <ns3:cad>55</ns3:cad>
          </ns3:TrackPointExtension>
        </extensions>
      </trkpt>
      <trkpt lat="43.8551357947289943695068359375" lon="87.5133334100246429443359375">
        <ele>802.4000244140625</ele>
        <time>2026-07-27T14:24:26.000Z</time>
        <extensions>
          <ns3:TrackPointExtension>
            <ns3:hr>162</ns3:hr>
            <ns3:cad>81</ns3:cad>
          </ns3:TrackPointExtension>
        </extensions>
      </trkpt>
      <trkpt lat="43.8551284186542034149169921875" lon="87.5135334022343158721923828125">
        <ele>801.79998779296875</ele>
        <time>2026-07-27T14:24:34.000Z</time>
        <extensions>
          <ns3:TrackPointExtension>
            <ns3:hr>163</ns3:hr>
            <ns3:cad>0</ns3:cad>
          </ns3:TrackPointExtension>
        </extensions>
      </trkpt>
      <trkpt lat="43.855116181075572967529296875" lon="87.5136219151318073272705078125">
        <ele>801.5999755859375</ele>
        <time>2026-07-27T14:24:39.000Z</time>
        <extensions>
          <ns3:TrackPointExtension>
            <ns3:hr>160</ns3:hr>
            <ns3:cad>55</ns3:cad>
          </ns3:TrackPointExtension>
        </extensions>
      </trkpt>
      <trkpt lat="43.85511224158108234405517578125" lon="87.51365670002996921539306640625">
        <ele>801.4000244140625</ele>
        <time>2026-07-27T14:24:41.000Z</time>
        <extensions>
          <ns3:TrackPointExtension>
            <ns3:hr>159</ns3:hr>
            <ns3:cad>56</ns3:cad>
          </ns3:TrackPointExtension>
        </extensions>
      </trkpt>
      <trkpt lat="43.85510268621146678924560546875" lon="87.51382199116051197052001953125">
        <ele>800</ele>
        <time>2026-07-27T14:24:49.000Z</time>
        <extensions>
          <ns3:TrackPointExtension>
            <ns3:hr>156</ns3:hr>
            <ns3:cad>56</ns3:cad>
          </ns3:TrackPointExtension>
        </extensions>
      </trkpt>
      <trkpt lat="43.85509707033634185791015625" lon="87.513838671147823333740234375">
        <ele>799.79998779296875</ele>
        <time>2026-07-27T14:24:50.000Z</time>
        <extensions>
          <ns3:TrackPointExtension>
            <ns3:hr>156</ns3:hr>
            <ns3:cad>56</ns3:cad>
          </ns3:TrackPointExtension>
        </extensions>
      </trkpt>
      <trkpt lat="43.8550888560712337493896484375" lon="87.5139826722443103790283203125">
        <ele>798.79998779296875</ele>
        <time>2026-07-27T14:24:56.000Z</time>
        <extensions>
          <ns3:TrackPointExtension>
            <ns3:hr>153</ns3:hr>
            <ns3:cad>79</ns3:cad>
          </ns3:TrackPointExtension>
        </extensions>
      </trkpt>
      <trkpt lat="43.8550831563770771026611328125" lon="87.51401376910507678985595703125">
        <ele>798.4000244140625</ele>
        <time>2026-07-27T14:24:57.000Z</time>
        <extensions>
          <ns3:TrackPointExtension>
            <ns3:hr>153</ns3:hr>
            <ns3:cad>80</ns3:cad>
          </ns3:TrackPointExtension>
        </extensions>
      </trkpt>
      <trkpt lat="43.85505742393434047698974609375" lon="87.5142076425254344940185546875">
        <ele>798</ele>
        <time>2026-07-27T14:25:03.000Z</time>
        <extensions>
          <ns3:TrackPointExtension>
            <ns3:hr>154</ns3:hr>
            <ns3:cad>82</ns3:cad>
          </ns3:TrackPointExtension>
        </extensions>
      </trkpt>
      <trkpt lat="43.85501325130462646484375" lon="87.5144706666469573974609375">
        <ele>799</ele>
        <time>2026-07-27T14:25:11.000Z</time>
        <extensions>
          <ns3:TrackPointExtension>
            <ns3:hr>154</ns3:hr>
            <ns3:cad>82</ns3:cad>
          </ns3:TrackPointExtension>
        </extensions>
      </trkpt>
      <trkpt lat="43.8550107367336750030517578125" lon="87.5145073793828487396240234375">
        <ele>799</ele>
        <time>2026-07-27T14:25:12.000Z</time>
        <extensions>
          <ns3:TrackPointExtension>
            <ns3:hr>154</ns3:hr>
            <ns3:cad>82</ns3:cad>
          </ns3:TrackPointExtension>
        </extensions>
      </trkpt>
      <trkpt lat="43.85497502982616424560546875" lon="87.51476512290537357330322265625">
        <ele>800.20001220703125</ele>
        <time>2026-07-27T14:25:19.000Z</time>
        <extensions>
          <ns3:TrackPointExtension>
            <ns3:hr>156</ns3:hr>
            <ns3:cad>82</ns3:cad>
          </ns3:TrackPointExtension>
        </extensions>
      </trkpt>
      <trkpt lat="43.854973018169403076171875" lon="87.5147987343370914459228515625">
        <ele>800.20001220703125</ele>
        <time>2026-07-27T14:25:20.000Z</time>
        <extensions>
          <ns3:TrackPointExtension>
            <ns3:hr>156</ns3:hr>
            <ns3:cad>82</ns3:cad>
          </ns3:TrackPointExtension>
        </extensions>
      </trkpt>
      <trkpt lat="43.85495466180145740509033203125" lon="87.51488598994910717010498046875">
        <ele>800.4000244140625</ele>
        <time>2026-07-27T14:25:25.000Z</time>
        <extensions>
          <ns3:TrackPointExtension>
            <ns3:hr>158</ns3:hr>
            <ns3:cad>82</ns3:cad>
          </ns3:TrackPointExtension>
        </extensions>
      </trkpt>
      <trkpt lat="43.8549316115677356719970703125" lon="87.5150446593761444091796875">
        <ele>800.20001220703125</ele>
        <time>2026-07-27T14:25:34.000Z</time>
        <extensions>
          <ns3:TrackPointExtension>
            <ns3:hr>157</ns3:hr>
            <ns3:cad>0</ns3:cad>
          </ns3:TrackPointExtension>
        </extensions>
      </trkpt>
      <trkpt lat="43.8548980839550495147705078125" lon="87.51514079980552196502685546875">
        <ele>799.20001220703125</ele>
        <time>2026-07-27T14:25:41.000Z</time>
        <extensions>
          <ns3:TrackPointExtension>
            <ns3:hr>159</ns3:hr>
            <ns3:cad>56</ns3:cad>
          </ns3:TrackPointExtension>
        </extensions>
      </trkpt>
      <trkpt lat="43.85489330627024173736572265625" lon="87.51519980840384960174560546875">
        <ele>798.5999755859375</ele>
        <time>2026-07-27T14:25:44.000Z</time>
        <extensions>
          <ns3:TrackPointExtension>
            <ns3:hr>156</ns3:hr>
            <ns3:cad>55</ns3:cad>
          </ns3:TrackPointExtension>
        </extensions>
      </trkpt>
      <trkpt lat="43.854879476130008697509765625" lon="87.515342719852924346923828125">
        <ele>796.5999755859375</ele>
        <time>2026-07-27T14:25:49.000Z</time>
        <extensions>
          <ns3:TrackPointExtension>
            <ns3:hr>153</ns3:hr>
            <ns3:cad>81</ns3:cad>
          </ns3:TrackPointExtension>
        </extensions>
      </trkpt>
      <trkpt lat="43.8548477925360202789306640625" lon="87.51556894741952419281005859375">
        <ele>793.5999755859375</ele>
        <time>2026-07-27T14:25:56.000Z</time>
        <extensions>
          <ns3:TrackPointExtension>
            <ns3:hr>150</ns3:hr>
            <ns3:cad>82</ns3:cad>
          </ns3:TrackPointExtension>
        </extensions>
      </trkpt>
      <trkpt lat="43.85484636761248111724853515625" lon="87.51559074036777019500732421875">
        <ele>793.4000244140625</ele>
        <time>2026-07-27T14:25:57.000Z</time>
        <extensions>
          <ns3:TrackPointExtension>
            <ns3:hr>150</ns3:hr>
            <ns3:cad>82</ns3:cad>
          </ns3:TrackPointExtension>
        </extensions>
      </trkpt>
      <trkpt lat="43.85483019053936004638671875" lon="87.51565092243254184722900390625">
        <ele>792.79998779296875</ele>
        <time>2026-07-27T14:26:01.000Z</time>
        <extensions>
          <ns3:TrackPointExtension>
            <ns3:hr>151</ns3:hr>
            <ns3:cad>0</ns3:cad>
          </ns3:TrackPointExtension>
        </extensions>
      </trkpt>
      <trkpt lat="43.85481485165655612945556640625" lon="87.5157542712986469268798828125">
        <ele>791.5999755859375</ele>
        <time>2026-07-27T14:26:07.000Z</time>
        <extensions>
          <ns3:TrackPointExtension>
            <ns3:hr>148</ns3:hr>
            <ns3:cad>18</ns3:cad>
          </ns3:TrackPointExtension>
        </extensions>
      </trkpt>
      <trkpt lat="43.85481267236173152923583984375" lon="87.515763826668262481689453125">
        <ele>791.4000244140625</ele>
        <time>2026-07-27T14:26:08.000Z</time>
        <extensions>
          <ns3:TrackPointExtension>
            <ns3:hr>147</ns3:hr>
            <ns3:cad>18</ns3:cad>
          </ns3:TrackPointExtension>
        </extensions>
      </trkpt>
      <trkpt lat="43.85480211116373538970947265625" lon="87.51583917997777462005615234375">
        <ele>790.5999755859375</ele>
        <time>2026-07-27T14:26:13.000Z</time>
        <extensions>
          <ns3:TrackPointExtension>
            <ns3:hr>144</ns3:hr>
            <ns3:cad>54</ns3:cad>
          </ns3:TrackPointExtension>
        </extensions>
      </trkpt>
      <trkpt lat="43.85478836484253406524658203125" lon="87.5158870406448841094970703125">
        <ele>790.20001220703125</ele>
        <time>2026-07-27T14:26:16.000Z</time>
        <extensions>
          <ns3:TrackPointExtension>
            <ns3:hr>142</ns3:hr>
            <ns3:cad>52</ns3:cad>
          </ns3:TrackPointExtension>
        </extensions>
      </trkpt>
    </trkseg>
  </trk>
</gpx>
