<gpx xmlns:ns3="http://www.garmin.com/xmlschemas/TrackPointExtension/v1" xmlns="http://www.topografix.com/GPX/1/1" xmlns:xsi="http://www.w3.org/2001/XMLSchema-instance" xmlns:ns2="http://www.garmin.com/xmlschemas/GpxExtensions/v3" creator="Garmin Connect" version="1.1" xsi:schemaLocation="http://www.topografix.com/GPX/1/1 http://www.topografix.com/GPX/11.xsd">
  <extensions>
<distance>6574.47</distance>
<average_hr>143.0</average_hr>
<average_speed>2.2669999599456787</average_speed>
<start_time>2026-07-29T13:29:03+00:00</start_time>
<end_time>2026-07-29T14:17:22.732000+00:00</end_time>
<moving_time>2814.751</moving_time>
<elapsed_time>3142.409</elapsed_time>
</extensions>
<metadata>
    <link href="connect.garmin.com">
      <text>Garmin Connect</text>
    </link>
    <time>2026-07-29T13:29:03.000Z</time>
  </metadata>
  <trk>
    <name>乌鲁木齐市 - 基础训练</name>
    <type>running</type>
    <trkseg>
      <trkpt lat="43.8567258417606353759765625" lon="87.519253380596637725830078125">
        <ele>784</ele>
        <time>2026-07-29T13:29:34.000Z</time>
        <extensions>
          <ns3:TrackPointExtension>
            <ns3:hr>106</ns3:hr>
            <ns3:cad>79</ns3:cad>
          </ns3:TrackPointExtension>
        </extensions>
      </trkpt>
      <trkpt lat="43.85697486810386180877685546875" lon="87.5195814482867717742919921875">
        <ele>783.4000244140625</ele>
        <time>2026-07-29T13:29:38.000Z</time>
        <extensions>
          <ns3:TrackPointExtension>
            <ns3:hr>108</ns3:hr>
            <ns3:cad>65</ns3:cad>
          </ns3:TrackPointExtension>
        </extensions>
      </trkpt>
      <trkpt lat="43.85680790059268474578857421875" lon="87.51935069449245929718017578125">
        <ele>783.5999755859375</ele>
        <time>2026-07-29T13:29:40.000Z</time>
        <extensions>
          <ns3:TrackPointExtension>
            <ns3:hr>109</ns3:hr>
            <ns3:cad>65</ns3:cad>
          </ns3:TrackPointExtension>
        </extensions>
      </trkpt>
      <trkpt lat="43.85664696805179119110107421875" lon="87.5191591680049896240234375">
        <ele>784.4000244140625</ele>
        <time>2026-07-29T13:29:41.000Z</time>
        <extensions>
          <ns3:TrackPointExtension>
            <ns3:hr>110</ns3:hr>
            <ns3:cad>65</ns3:cad>
          </ns3:TrackPointExtension>
        </extensions>
      </trkpt>
      <trkpt lat="43.85647865943610668182373046875" lon="87.51898775808513164520263671875">
        <ele>785</ele>
        <time>2026-07-29T13:29:43.000Z</time>
        <extensions>
          <ns3:TrackPointExtension>
            <ns3:hr>109</ns3:hr>
            <ns3:cad>65</ns3:cad>
          </ns3:TrackPointExtension>
        </extensions>
      </trkpt>
      <trkpt lat="43.85635435581207275390625" lon="87.51883084885776042938232421875">
        <ele>785</ele>
        <time>2026-07-29T13:29:45.000Z</time>
        <extensions>
          <ns3:TrackPointExtension>
            <ns3:hr>107</ns3:hr>
            <ns3:cad>78</ns3:cad>
          </ns3:TrackPointExtension>
        </extensions>
      </trkpt>
      <trkpt lat="43.85626316070556640625" lon="87.518700845539569854736328125">
        <ele>785</ele>
        <time>2026-07-29T13:29:48.000Z</time>
        <extensions>
          <ns3:TrackPointExtension>
            <ns3:hr>107</ns3:hr>
            <ns3:cad>79</ns3:cad>
          </ns3:TrackPointExtension>
        </extensions>
      </trkpt>
      <trkpt lat="43.85618931613862514495849609375" lon="87.51851635985076427459716796875">
        <ele>784.4000244140625</ele>
        <time>2026-07-29T13:29:50.000Z</time>
        <extensions>
          <ns3:TrackPointExtension>
            <ns3:hr>107</ns3:hr>
            <ns3:cad>79</ns3:cad>
          </ns3:TrackPointExtension>
        </extensions>
      </trkpt>
      <trkpt lat="43.85609527118504047393798828125" lon="87.51834805123507976531982421875">
        <ele>784</ele>
        <time>2026-07-29T13:29:52.000Z</time>
        <extensions>
          <ns3:TrackPointExtension>
            <ns3:hr>107</ns3:hr>
            <ns3:cad>79</ns3:cad>
          </ns3:TrackPointExtension>
        </extensions>
      </trkpt>
      <trkpt lat="43.8560524396598339080810546875" lon="87.51830044202506542205810546875">
        <ele>784</ele>
        <time>2026-07-29T13:29:53.000Z</time>
        <extensions>
          <ns3:TrackPointExtension>
            <ns3:hr>106</ns3:hr>
            <ns3:cad>79</ns3:cad>
          </ns3:TrackPointExtension>
        </extensions>
      </trkpt>
      <trkpt lat="43.8559052534401416778564453125" lon="87.5179173052310943603515625">
        <ele>783.20001220703125</ele>
        <time>2026-07-29T13:29:55.000Z</time>
        <extensions>
          <ns3:TrackPointExtension>
            <ns3:hr>108</ns3:hr>
            <ns3:cad>79</ns3:cad>
          </ns3:TrackPointExtension>
        </extensions>
      </trkpt>
      <trkpt lat="43.8556598313152790069580078125" lon="87.51746476627886295318603515625">
        <ele>783</ele>
        <time>2026-07-29T13:29:58.000Z</time>
        <extensions>
          <ns3:TrackPointExtension>
            <ns3:hr>110</ns3:hr>
            <ns3:cad>79</ns3:cad>
          </ns3:TrackPointExtension>
        </extensions>
      </trkpt>
      <trkpt lat="43.8555367849767208099365234375" lon="87.51723225228488445281982421875">
        <ele>784.79998779296875</ele>
        <time>2026-07-29T13:29:59.000Z</time>
        <extensions>
          <ns3:TrackPointExtension>
            <ns3:hr>111</ns3:hr>
            <ns3:cad>79</ns3:cad>
          </ns3:TrackPointExtension>
        </extensions>
      </trkpt>
      <trkpt lat="43.8554040156304836273193359375" lon="87.5169505365192890167236328125">
        <ele>787</ele>
        <time>2026-07-29T13:30:01.000Z</time>
        <extensions>
          <ns3:TrackPointExtension>
            <ns3:hr>112</ns3:hr>
            <ns3:cad>79</ns3:cad>
          </ns3:TrackPointExtension>
        </extensions>
      </trkpt>
      <trkpt lat="43.8552940450608730316162109375" lon="87.51666932366788387298583984375">
        <ele>788.4000244140625</ele>
        <time>2026-07-29T13:30:05.000Z</time>
        <extensions>
          <ns3:TrackPointExtension>
            <ns3:hr>115</ns3:hr>
            <ns3:cad>80</ns3:cad>
          </ns3:TrackPointExtension>
        </extensions>
      </trkpt>
      <trkpt lat="43.85527417995035648345947265625" lon="87.51662087626755237579345703125">
        <ele>788.5999755859375</ele>
        <time>2026-07-29T13:30:06.000Z</time>
        <extensions>
          <ns3:TrackPointExtension>
            <ns3:hr>117</ns3:hr>
            <ns3:cad>80</ns3:cad>
          </ns3:TrackPointExtension>
        </extensions>
      </trkpt>
      <trkpt lat="43.85523813776671886444091796875" lon="87.51650445163249969482421875">
        <ele>789.20001220703125</ele>
        <time>2026-07-29T13:30:09.000Z</time>
        <extensions>
          <ns3:TrackPointExtension>
            <ns3:hr>120</ns3:hr>
            <ns3:cad>80</ns3:cad>
          </ns3:TrackPointExtension>
        </extensions>
      </trkpt>
      <trkpt lat="43.855230174958705902099609375" lon="87.51645290292799472808837890625">
        <ele>789.4000244140625</ele>
        <time>2026-07-29T13:30:11.000Z</time>
        <extensions>
          <ns3:TrackPointExtension>
            <ns3:hr>120</ns3:hr>
            <ns3:cad>0</ns3:cad>
          </ns3:TrackPointExtension>
        </extensions>
      </trkpt>
      <trkpt lat="43.8552189432084560394287109375" lon="87.51640428788959980010986328125">
        <ele>789.4000244140625</ele>
        <time>2026-07-29T13:30:13.000Z</time>
        <extensions>
          <ns3:TrackPointExtension>
            <ns3:hr>121</ns3:hr>
            <ns3:cad>55</ns3:cad>
          </ns3:TrackPointExtension>
        </extensions>
      </trkpt>
      <trkpt lat="43.8551943004131317138671875" lon="87.5162887014448642730712890625">
        <ele>789.20001220703125</ele>
        <time>2026-07-29T13:30:16.000Z</time>
        <extensions>
          <ns3:TrackPointExtension>
            <ns3:hr>118</ns3:hr>
            <ns3:cad>55</ns3:cad>
          </ns3:TrackPointExtension>
        </extensions>
      </trkpt>
      <trkpt lat="43.8551674783229827880859375" lon="87.5161210633814334869384765625">
        <ele>788.79998779296875</ele>
        <time>2026-07-29T13:30:19.000Z</time>
        <extensions>
          <ns3:TrackPointExtension>
            <ns3:hr>118</ns3:hr>
            <ns3:cad>77</ns3:cad>
          </ns3:TrackPointExtension>
        </extensions>
      </trkpt>
      <trkpt lat="43.85516990907490253448486328125" lon="87.515855021774768829345703125">
        <ele>790.20001220703125</ele>
        <time>2026-07-29T13:30:26.000Z</time>
        <extensions>
          <ns3:TrackPointExtension>
            <ns3:hr>119</ns3:hr>
            <ns3:cad>79</ns3:cad>
          </ns3:TrackPointExtension>
        </extensions>
      </trkpt>
      <trkpt lat="43.8551676459610462188720703125" lon="87.51582006923854351043701171875">
        <ele>790.79998779296875</ele>
        <time>2026-07-29T13:30:27.000Z</time>
        <extensions>
          <ns3:TrackPointExtension>
            <ns3:hr>119</ns3:hr>
            <ns3:cad>79</ns3:cad>
          </ns3:TrackPointExtension>
        </extensions>
      </trkpt>
      <trkpt lat="43.85515918023884296417236328125" lon="87.515540532767772674560546875">
        <ele>794.4000244140625</ele>
        <time>2026-07-29T13:30:34.000Z</time>
        <extensions>
          <ns3:TrackPointExtension>
            <ns3:hr>120</ns3:hr>
            <ns3:cad>79</ns3:cad>
          </ns3:TrackPointExtension>
        </extensions>
      </trkpt>
      <trkpt lat="43.8551589287817478179931640625" lon="87.5154220126569271087646484375">
        <ele>796</ele>
        <time>2026-07-29T13:30:37.000Z</time>
        <extensions>
          <ns3:TrackPointExtension>
            <ns3:hr>123</ns3:hr>
            <ns3:cad>79</ns3:cad>
          </ns3:TrackPointExtension>
        </extensions>
      </trkpt>
      <trkpt lat="43.85516152717173099517822265625" lon="87.51538462936878204345703125">
        <ele>796.5999755859375</ele>
        <time>2026-07-29T13:30:38.000Z</time>
        <extensions>
          <ns3:TrackPointExtension>
            <ns3:hr>121</ns3:hr>
            <ns3:cad>79</ns3:cad>
          </ns3:TrackPointExtension>
        </extensions>
      </trkpt>
      <trkpt lat="43.855163790285587310791015625" lon="87.51526233740150928497314453125">
        <ele>798</ele>
        <time>2026-07-29T13:30:41.000Z</time>
        <extensions>
          <ns3:TrackPointExtension>
            <ns3:hr>124</ns3:hr>
            <ns3:cad>80</ns3:cad>
          </ns3:TrackPointExtension>
        </extensions>
      </trkpt>
      <trkpt lat="43.85519589297473430633544921875" lon="87.5150099582970142364501953125">
        <ele>798.79998779296875</ele>
        <time>2026-07-29T13:30:47.000Z</time>
        <extensions>
          <ns3:TrackPointExtension>
            <ns3:hr>126</ns3:hr>
            <ns3:cad>80</ns3:cad>
          </ns3:TrackPointExtension>
        </extensions>
      </trkpt>
      <trkpt lat="43.8551971502602100372314453125" lon="87.51499445177614688873291015625">
        <ele>798.79998779296875</ele>
        <time>2026-07-29T13:30:48.000Z</time>
        <extensions>
          <ns3:TrackPointExtension>
            <ns3:hr>127</ns3:hr>
            <ns3:cad>79</ns3:cad>
          </ns3:TrackPointExtension>
        </extensions>
      </trkpt>
      <trkpt lat="43.85522305034101009368896484375" lon="87.51481273211538791656494140625">
        <ele>798</ele>
        <time>2026-07-29T13:30:54.000Z</time>
        <extensions>
          <ns3:TrackPointExtension>
            <ns3:hr>127</ns3:hr>
            <ns3:cad>79</ns3:cad>
          </ns3:TrackPointExtension>
        </extensions>
      </trkpt>
      <trkpt lat="43.855264373123645782470703125" lon="87.51456462778151035308837890625">
        <ele>797.4000244140625</ele>
        <time>2026-07-29T13:31:02.000Z</time>
        <extensions>
          <ns3:TrackPointExtension>
            <ns3:hr>127</ns3:hr>
            <ns3:cad>79</ns3:cad>
          </ns3:TrackPointExtension>
        </extensions>
      </trkpt>
      <trkpt lat="43.8552839867770671844482421875" lon="87.51442297361791133880615234375">
        <ele>796.79998779296875</ele>
        <time>2026-07-29T13:31:06.000Z</time>
        <extensions>
          <ns3:TrackPointExtension>
            <ns3:hr>128</ns3:hr>
            <ns3:cad>79</ns3:cad>
          </ns3:TrackPointExtension>
        </extensions>
      </trkpt>
      <trkpt lat="43.85530418716371059417724609375" lon="87.51417000778019428253173828125">
        <ele>796.79998779296875</ele>
        <time>2026-07-29T13:31:13.000Z</time>
        <extensions>
          <ns3:TrackPointExtension>
            <ns3:hr>130</ns3:hr>
            <ns3:cad>79</ns3:cad>
          </ns3:TrackPointExtension>
        </extensions>
      </trkpt>
      <trkpt lat="43.8553178496658802032470703125" lon="87.5141020305454730987548828125">
        <ele>797.4000244140625</ele>
        <time>2026-07-29T13:31:15.000Z</time>
        <extensions>
          <ns3:TrackPointExtension>
            <ns3:hr>130</ns3:hr>
            <ns3:cad>79</ns3:cad>
          </ns3:TrackPointExtension>
        </extensions>
      </trkpt>
      <trkpt lat="43.8553632795810699462890625" lon="87.51384613104164600372314453125">
        <ele>799.79998779296875</ele>
        <time>2026-07-29T13:31:22.000Z</time>
        <extensions>
          <ns3:TrackPointExtension>
            <ns3:hr>129</ns3:hr>
            <ns3:cad>79</ns3:cad>
          </ns3:TrackPointExtension>
        </extensions>
      </trkpt>
      <trkpt lat="43.8553771935403347015380859375" lon="87.51377052627503871917724609375">
        <ele>800.5999755859375</ele>
        <time>2026-07-29T13:31:24.000Z</time>
        <extensions>
          <ns3:TrackPointExtension>
            <ns3:hr>129</ns3:hr>
            <ns3:cad>79</ns3:cad>
          </ns3:TrackPointExtension>
        </extensions>
      </trkpt>
      <trkpt lat="43.85541901923716068267822265625" lon="87.51352778635919094085693359375">
        <ele>801.4000244140625</ele>
        <time>2026-07-29T13:31:30.000Z</time>
        <extensions>
          <ns3:TrackPointExtension>
            <ns3:hr>132</ns3:hr>
            <ns3:cad>79</ns3:cad>
          </ns3:TrackPointExtension>
        </extensions>
      </trkpt>
      <trkpt lat="43.8554271496832370758056640625" lon="87.51344296149909496307373046875">
        <ele>801.79998779296875</ele>
        <time>2026-07-29T13:31:32.000Z</time>
        <extensions>
          <ns3:TrackPointExtension>
            <ns3:hr>134</ns3:hr>
            <ns3:cad>79</ns3:cad>
          </ns3:TrackPointExtension>
        </extensions>
      </trkpt>
      <trkpt lat="43.85544173419475555419921875" lon="87.51331262290477752685546875">
        <ele>802</ele>
        <time>2026-07-29T13:31:35.000Z</time>
        <extensions>
          <ns3:TrackPointExtension>
            <ns3:hr>137</ns3:hr>
            <ns3:cad>79</ns3:cad>
          </ns3:TrackPointExtension>
        </extensions>
      </trkpt>
      <trkpt lat="43.85545942001044750213623046875" lon="87.51308421604335308074951171875">
        <ele>801.20001220703125</ele>
        <time>2026-07-29T13:31:40.000Z</time>
        <extensions>
          <ns3:TrackPointExtension>
            <ns3:hr>137</ns3:hr>
            <ns3:cad>80</ns3:cad>
          </ns3:TrackPointExtension>
        </extensions>
      </trkpt>
      <trkpt lat="43.85548842139542102813720703125" lon="87.5128226168453693389892578125">
        <ele>798.79998779296875</ele>
        <time>2026-07-29T13:31:47.000Z</time>
        <extensions>
          <ns3:TrackPointExtension>
            <ns3:hr>139</ns3:hr>
            <ns3:cad>78</ns3:cad>
          </ns3:TrackPointExtension>
        </extensions>
      </trkpt>
      <trkpt lat="43.85551407001912593841552734375" lon="87.51263326965272426605224609375">
        <ele>796.20001220703125</ele>
        <time>2026-07-29T13:31:54.000Z</time>
        <extensions>
          <ns3:TrackPointExtension>
            <ns3:hr>140</ns3:hr>
            <ns3:cad>0</ns3:cad>
          </ns3:TrackPointExtension>
        </extensions>
      </trkpt>
      <trkpt lat="43.85551641695201396942138671875" lon="87.512554228305816650390625">
        <ele>795.4000244140625</ele>
        <time>2026-07-29T13:32:01.000Z</time>
        <extensions>
          <ns3:TrackPointExtension>
            <ns3:hr>138</ns3:hr>
            <ns3:cad>55</ns3:cad>
          </ns3:TrackPointExtension>
        </extensions>
      </trkpt>
      <trkpt lat="43.85553116910159587860107421875" lon="87.5124675594270229339599609375">
        <ele>794.20001220703125</ele>
        <time>2026-07-29T13:32:06.000Z</time>
        <extensions>
          <ns3:TrackPointExtension>
            <ns3:hr>135</ns3:hr>
            <ns3:cad>54</ns3:cad>
          </ns3:TrackPointExtension>
        </extensions>
      </trkpt>
      <trkpt lat="43.85554223321378231048583984375" lon="87.51240896992385387420654296875">
        <ele>793.4000244140625</ele>
        <time>2026-07-29T13:32:09.000Z</time>
        <extensions>
          <ns3:TrackPointExtension>
            <ns3:hr>133</ns3:hr>
            <ns3:cad>54</ns3:cad>
          </ns3:TrackPointExtension>
        </extensions>
      </trkpt>
      <trkpt lat="43.855553381145000457763671875" lon="87.51231090165674686431884765625">
        <ele>792.4000244140625</ele>
        <time>2026-07-29T13:32:12.000Z</time>
        <extensions>
          <ns3:TrackPointExtension>
            <ns3:hr>130</ns3:hr>
            <ns3:cad>77</ns3:cad>
          </ns3:TrackPointExtension>
        </extensions>
      </trkpt>
      <trkpt lat="43.8555783592164516448974609375" lon="87.51215449534356594085693359375">
        <ele>791.5999755859375</ele>
        <time>2026-07-29T13:32:17.000Z</time>
        <extensions>
          <ns3:TrackPointExtension>
            <ns3:hr>130</ns3:hr>
            <ns3:cad>77</ns3:cad>
          </ns3:TrackPointExtension>
        </extensions>
      </trkpt>
      <trkpt lat="43.85560945607721805572509765625" lon="87.51197244040668010711669921875">
        <ele>790.5999755859375</ele>
        <time>2026-07-29T13:32:23.000Z</time>
        <extensions>
          <ns3:TrackPointExtension>
            <ns3:hr>127</ns3:hr>
            <ns3:cad>78</ns3:cad>
          </ns3:TrackPointExtension>
        </extensions>
      </trkpt>
      <trkpt lat="43.85561264120042324066162109375" lon="87.5118996016681194305419921875">
        <ele>789.79998779296875</ele>
        <time>2026-07-29T13:32:25.000Z</time>
        <extensions>
          <ns3:TrackPointExtension>
            <ns3:hr>130</ns3:hr>
            <ns3:cad>78</ns3:cad>
          </ns3:TrackPointExtension>
        </extensions>
      </trkpt>
      <trkpt lat="43.85561565868556499481201171875" lon="87.51186716370284557342529296875">
        <ele>789.4000244140625</ele>
        <time>2026-07-29T13:32:26.000Z</time>
        <extensions>
          <ns3:TrackPointExtension>
            <ns3:hr>129</ns3:hr>
            <ns3:cad>78</ns3:cad>
          </ns3:TrackPointExtension>
        </extensions>
      </trkpt>
      <trkpt lat="43.8556256331503391265869140625" lon="87.51176423393189907073974609375">
        <ele>788.20001220703125</ele>
        <time>2026-07-29T13:32:32.000Z</time>
        <extensions>
          <ns3:TrackPointExtension>
            <ns3:hr>127</ns3:hr>
            <ns3:cad>57</ns3:cad>
          </ns3:TrackPointExtension>
        </extensions>
      </trkpt>
      <trkpt lat="43.85564231313765048980712890625" lon="87.51165610738098621368408203125">
        <ele>786.5999755859375</ele>
        <time>2026-07-29T13:32:39.000Z</time>
        <extensions>
          <ns3:TrackPointExtension>
            <ns3:hr>125</ns3:hr>
            <ns3:cad>51</ns3:cad>
          </ns3:TrackPointExtension>
        </extensions>
      </trkpt>
      <trkpt lat="43.85564717464148998260498046875" lon="87.511576898396015167236328125">
        <ele>785.4000244140625</ele>
        <time>2026-07-29T13:32:44.000Z</time>
        <extensions>
          <ns3:TrackPointExtension>
            <ns3:hr>122</ns3:hr>
            <ns3:cad>52</ns3:cad>
          </ns3:TrackPointExtension>
        </extensions>
      </trkpt>
      <trkpt lat="43.855650611221790313720703125" lon="87.51155041158199310302734375">
        <ele>785</ele>
        <time>2026-07-29T13:32:46.000Z</time>
        <extensions>
          <ns3:TrackPointExtension>
            <ns3:hr>119</ns3:hr>
            <ns3:cad>52</ns3:cad>
          </ns3:TrackPointExtension>
        </extensions>
      </trkpt>
      <trkpt lat="43.8556521199643611907958984375" lon="87.51153876073658466339111328125">
        <ele>784.79998779296875</ele>
        <time>2026-07-29T13:32:47.000Z</time>
        <extensions>
          <ns3:TrackPointExtension>
            <ns3:hr>119</ns3:hr>
            <ns3:cad>52</ns3:cad>
          </ns3:TrackPointExtension>
        </extensions>
      </trkpt>
      <trkpt lat="43.8556601665914058685302734375" lon="87.51149651594460010528564453125">
        <ele>784.4000244140625</ele>
        <time>2026-07-29T13:33:08.000Z</time>
        <extensions>
          <ns3:TrackPointExtension>
            <ns3:hr>112</ns3:hr>
            <ns3:cad>0</ns3:cad>
          </ns3:TrackPointExtension>
        </extensions>
      </trkpt>
      <trkpt lat="43.8556601665914058685302734375" lon="87.51149651594460010528564453125">
        <ele>784.4000244140625</ele>
        <time>2026-07-29T13:33:09.000Z</time>
        <extensions>
          <ns3:TrackPointExtension>
            <ns3:hr>112</ns3:hr>
            <ns3:cad>0</ns3:cad>
          </ns3:TrackPointExtension>
        </extensions>
      </trkpt>
      <trkpt lat="43.85567106306552886962890625" lon="87.5114117749035358428955078125">
        <ele>783.79998779296875</ele>
        <time>2026-07-29T13:33:13.000Z</time>
        <extensions>
          <ns3:TrackPointExtension>
            <ns3:hr>113</ns3:hr>
            <ns3:cad>74</ns3:cad>
          </ns3:TrackPointExtension>
        </extensions>
      </trkpt>
      <trkpt lat="43.855700902640819549560546875" lon="87.511127628386020660400390625">
        <ele>781.79998779296875</ele>
        <time>2026-07-29T13:33:19.000Z</time>
        <extensions>
          <ns3:TrackPointExtension>
            <ns3:hr>114</ns3:hr>
            <ns3:cad>79</ns3:cad>
          </ns3:TrackPointExtension>
        </extensions>
      </trkpt>
      <trkpt lat="43.855700902640819549560546875" lon="87.51106987707316875457763671875">
        <ele>781.5999755859375</ele>
        <time>2026-07-29T13:33:20.000Z</time>
        <extensions>
          <ns3:TrackPointExtension>
            <ns3:hr>115</ns3:hr>
            <ns3:cad>79</ns3:cad>
          </ns3:TrackPointExtension>
        </extensions>
      </trkpt>
      <trkpt lat="43.85568154044449329376220703125" lon="87.5108827091753482818603515625">
        <ele>781.4000244140625</ele>
        <time>2026-07-29T13:33:24.000Z</time>
        <extensions>
          <ns3:TrackPointExtension>
            <ns3:hr>118</ns3:hr>
            <ns3:cad>80</ns3:cad>
          </ns3:TrackPointExtension>
        </extensions>
      </trkpt>
      <trkpt lat="43.855665363371372222900390625" lon="87.510788328945636749267578125">
        <ele>781.20001220703125</ele>
        <time>2026-07-29T13:33:27.000Z</time>
        <extensions>
          <ns3:TrackPointExtension>
            <ns3:hr>120</ns3:hr>
            <ns3:cad>79</ns3:cad>
          </ns3:TrackPointExtension>
        </extensions>
      </trkpt>
      <trkpt lat="43.8556273095309734344482421875" lon="87.51052983105182647705078125">
        <ele>781.4000244140625</ele>
        <time>2026-07-29T13:33:35.000Z</time>
        <extensions>
          <ns3:TrackPointExtension>
            <ns3:hr>123</ns3:hr>
            <ns3:cad>78</ns3:cad>
          </ns3:TrackPointExtension>
        </extensions>
      </trkpt>
      <trkpt lat="43.85562940500676631927490234375" lon="87.5104978121817111968994140625">
        <ele>781.5999755859375</ele>
        <time>2026-07-29T13:33:36.000Z</time>
        <extensions>
          <ns3:TrackPointExtension>
            <ns3:hr>123</ns3:hr>
            <ns3:cad>78</ns3:cad>
          </ns3:TrackPointExtension>
        </extensions>
      </trkpt>
      <trkpt lat="43.8556330092251300811767578125" lon="87.510246522724628448486328125">
        <ele>782</ele>
        <time>2026-07-29T13:33:44.000Z</time>
        <extensions>
          <ns3:TrackPointExtension>
            <ns3:hr>123</ns3:hr>
            <ns3:cad>78</ns3:cad>
          </ns3:TrackPointExtension>
        </extensions>
      </trkpt>
      <trkpt lat="43.8556393794715404510498046875" lon="87.5101469457149505615234375">
        <ele>782</ele>
        <time>2026-07-29T13:33:47.000Z</time>
        <extensions>
          <ns3:TrackPointExtension>
            <ns3:hr>124</ns3:hr>
            <ns3:cad>78</ns3:cad>
          </ns3:TrackPointExtension>
        </extensions>
      </trkpt>
      <trkpt lat="43.8556558080017566680908203125" lon="87.50987009145319461822509765625">
        <ele>783</ele>
        <time>2026-07-29T13:33:55.000Z</time>
        <extensions>
          <ns3:TrackPointExtension>
            <ns3:hr>127</ns3:hr>
            <ns3:cad>79</ns3:cad>
          </ns3:TrackPointExtension>
        </extensions>
      </trkpt>
      <trkpt lat="43.85565304197371006011962890625" lon="87.50979867763817310333251953125">
        <ele>783</ele>
        <time>2026-07-29T13:33:57.000Z</time>
        <extensions>
          <ns3:TrackPointExtension>
            <ns3:hr>127</ns3:hr>
            <ns3:cad>79</ns3:cad>
          </ns3:TrackPointExtension>
        </extensions>
      </trkpt>
      <trkpt lat="43.85567248798906803131103515625" lon="87.5096921436488628387451171875">
        <ele>783.79998779296875</ele>
        <time>2026-07-29T13:34:03.000Z</time>
        <extensions>
          <ns3:TrackPointExtension>
            <ns3:hr>127</ns3:hr>
            <ns3:cad>0</ns3:cad>
          </ns3:TrackPointExtension>
        </extensions>
      </trkpt>
      <trkpt lat="43.855676092207431793212890625" lon="87.509582675993442535400390625">
        <ele>785</ele>
        <time>2026-07-29T13:34:10.000Z</time>
        <extensions>
          <ns3:TrackPointExtension>
            <ns3:hr>124</ns3:hr>
            <ns3:cad>54</ns3:cad>
          </ns3:TrackPointExtension>
        </extensions>
      </trkpt>
      <trkpt lat="43.855677433311939239501953125" lon="87.509534060955047607421875">
        <ele>785.4000244140625</ele>
        <time>2026-07-29T13:34:12.000Z</time>
        <extensions>
          <ns3:TrackPointExtension>
            <ns3:hr>124</ns3:hr>
            <ns3:cad>53</ns3:cad>
          </ns3:TrackPointExtension>
        </extensions>
      </trkpt>
      <trkpt lat="43.855678103864192962646484375" lon="87.509307079017162322998046875">
        <ele>789</ele>
        <time>2026-07-29T13:34:19.000Z</time>
        <extensions>
          <ns3:TrackPointExtension>
            <ns3:hr>123</ns3:hr>
            <ns3:cad>78</ns3:cad>
          </ns3:TrackPointExtension>
        </extensions>
      </trkpt>
      <trkpt lat="43.85568271391093730926513671875" lon="87.50904095359146595001220703125">
        <ele>793.5999755859375</ele>
        <time>2026-07-29T13:34:27.000Z</time>
        <extensions>
          <ns3:TrackPointExtension>
            <ns3:hr>125</ns3:hr>
            <ns3:cad>79</ns3:cad>
          </ns3:TrackPointExtension>
        </extensions>
      </trkpt>
      <trkpt lat="43.85568086989223957061767578125" lon="87.50894841738045215606689453125">
        <ele>794.5999755859375</ele>
        <time>2026-07-29T13:34:30.000Z</time>
        <extensions>
          <ns3:TrackPointExtension>
            <ns3:hr>125</ns3:hr>
            <ns3:cad>79</ns3:cad>
          </ns3:TrackPointExtension>
        </extensions>
      </trkpt>
      <trkpt lat="43.85569109581410884857177734375" lon="87.508712299168109893798828125">
        <ele>797.5999755859375</ele>
        <time>2026-07-29T13:34:38.000Z</time>
        <extensions>
          <ns3:TrackPointExtension>
            <ns3:hr>125</ns3:hr>
            <ns3:cad>79</ns3:cad>
          </ns3:TrackPointExtension>
        </extensions>
      </trkpt>
      <trkpt lat="43.85570685379207134246826171875" lon="87.50853694975376129150390625">
        <ele>798.4000244140625</ele>
        <time>2026-07-29T13:34:44.000Z</time>
        <extensions>
          <ns3:TrackPointExtension>
            <ns3:hr>124</ns3:hr>
            <ns3:cad>79</ns3:cad>
          </ns3:TrackPointExtension>
        </extensions>
      </trkpt>
      <trkpt lat="43.85567332617938518524169921875" lon="87.5082814693450927734375">
        <ele>798.20001220703125</ele>
        <time>2026-07-29T13:34:51.000Z</time>
        <extensions>
          <ns3:TrackPointExtension>
            <ns3:hr>126</ns3:hr>
            <ns3:cad>79</ns3:cad>
          </ns3:TrackPointExtension>
        </extensions>
      </trkpt>
      <trkpt lat="43.8556735776364803314208984375" lon="87.5081847421824932098388671875">
        <ele>797.79998779296875</ele>
        <time>2026-07-29T13:34:54.000Z</time>
        <extensions>
          <ns3:TrackPointExtension>
            <ns3:hr>126</ns3:hr>
            <ns3:cad>79</ns3:cad>
          </ns3:TrackPointExtension>
        </extensions>
      </trkpt>
      <trkpt lat="43.855676092207431793212890625" lon="87.50807787291705608367919921875">
        <ele>797.4000244140625</ele>
        <time>2026-07-29T13:34:57.000Z</time>
        <extensions>
          <ns3:TrackPointExtension>
            <ns3:hr>129</ns3:hr>
            <ns3:cad>79</ns3:cad>
          </ns3:TrackPointExtension>
        </extensions>
      </trkpt>
      <trkpt lat="43.85567449964582920074462890625" lon="87.507839240133762359619140625">
        <ele>795.5999755859375</ele>
        <time>2026-07-29T13:35:04.000Z</time>
        <extensions>
          <ns3:TrackPointExtension>
            <ns3:hr>127</ns3:hr>
            <ns3:cad>79</ns3:cad>
          </ns3:TrackPointExtension>
        </extensions>
      </trkpt>
      <trkpt lat="43.85567567311227321624755859375" lon="87.50776304863393306732177734375">
        <ele>794.5999755859375</ele>
        <time>2026-07-29T13:35:06.000Z</time>
        <extensions>
          <ns3:TrackPointExtension>
            <ns3:hr>127</ns3:hr>
            <ns3:cad>79</ns3:cad>
          </ns3:TrackPointExtension>
        </extensions>
      </trkpt>
      <trkpt lat="43.85570350103080272674560546875" lon="87.50767529010772705078125">
        <ele>793</ele>
        <time>2026-07-29T13:35:11.000Z</time>
        <extensions>
          <ns3:TrackPointExtension>
            <ns3:hr>128</ns3:hr>
            <ns3:cad>78</ns3:cad>
          </ns3:TrackPointExtension>
        </extensions>
      </trkpt>
      <trkpt lat="43.8557117991149425506591796875" lon="87.5075353123247623443603515625">
        <ele>792.4000244140625</ele>
        <time>2026-07-29T13:35:21.000Z</time>
        <extensions>
          <ns3:TrackPointExtension>
            <ns3:hr>126</ns3:hr>
            <ns3:cad>50</ns3:cad>
          </ns3:TrackPointExtension>
        </extensions>
      </trkpt>
      <trkpt lat="43.8557178340852260589599609375" lon="87.50735283829271793365478515625">
        <ele>791.20001220703125</ele>
        <time>2026-07-29T13:35:27.000Z</time>
        <extensions>
          <ns3:TrackPointExtension>
            <ns3:hr>124</ns3:hr>
            <ns3:cad>77</ns3:cad>
          </ns3:TrackPointExtension>
        </extensions>
      </trkpt>
      <trkpt lat="43.855729736387729644775390625" lon="87.5070857070386409759521484375">
        <ele>789.20001220703125</ele>
        <time>2026-07-29T13:35:35.000Z</time>
        <extensions>
          <ns3:TrackPointExtension>
            <ns3:hr>126</ns3:hr>
            <ns3:cad>79</ns3:cad>
          </ns3:TrackPointExtension>
        </extensions>
      </trkpt>
      <trkpt lat="43.85573267005383968353271484375" lon="87.50705963931977748870849609375">
        <ele>789</ele>
        <time>2026-07-29T13:35:36.000Z</time>
        <extensions>
          <ns3:TrackPointExtension>
            <ns3:hr>127</ns3:hr>
            <ns3:cad>79</ns3:cad>
          </ns3:TrackPointExtension>
        </extensions>
      </trkpt>
      <trkpt lat="43.85574021376669406890869140625" lon="87.50682813115417957305908203125">
        <ele>787.79998779296875</ele>
        <time>2026-07-29T13:35:43.000Z</time>
        <extensions>
          <ns3:TrackPointExtension>
            <ns3:hr>130</ns3:hr>
            <ns3:cad>79</ns3:cad>
          </ns3:TrackPointExtension>
        </extensions>
      </trkpt>
      <trkpt lat="43.8557315804064273834228515625" lon="87.50675906427204608917236328125">
        <ele>787.5999755859375</ele>
        <time>2026-07-29T13:35:45.000Z</time>
        <extensions>
          <ns3:TrackPointExtension>
            <ns3:hr>129</ns3:hr>
            <ns3:cad>79</ns3:cad>
          </ns3:TrackPointExtension>
        </extensions>
      </trkpt>
      <trkpt lat="43.85573551990091800689697265625" lon="87.50651657581329345703125">
        <ele>786</ele>
        <time>2026-07-29T13:35:52.000Z</time>
        <extensions>
          <ns3:TrackPointExtension>
            <ns3:hr>132</ns3:hr>
            <ns3:cad>79</ns3:cad>
          </ns3:TrackPointExtension>
        </extensions>
      </trkpt>
      <trkpt lat="43.85573753155767917633056640625" lon="87.50648371875286102294921875">
        <ele>785.79998779296875</ele>
        <time>2026-07-29T13:35:53.000Z</time>
        <extensions>
          <ns3:TrackPointExtension>
            <ns3:hr>129</ns3:hr>
            <ns3:cad>79</ns3:cad>
          </ns3:TrackPointExtension>
        </extensions>
      </trkpt>
      <trkpt lat="43.85575362481176853179931640625" lon="87.5063859857618808746337890625">
        <ele>784.79998779296875</ele>
        <time>2026-07-29T13:35:56.000Z</time>
        <extensions>
          <ns3:TrackPointExtension>
            <ns3:hr>129</ns3:hr>
            <ns3:cad>80</ns3:cad>
          </ns3:TrackPointExtension>
        </extensions>
      </trkpt>
      <trkpt lat="43.8557433150708675384521484375" lon="87.50627777539193630218505859375">
        <ele>783.79998779296875</ele>
        <time>2026-07-29T13:36:03.000Z</time>
        <extensions>
          <ns3:TrackPointExtension>
            <ns3:hr>127</ns3:hr>
            <ns3:cad>56</ns3:cad>
          </ns3:TrackPointExtension>
        </extensions>
      </trkpt>
      <trkpt lat="43.85581196285784244537353515625" lon="87.506172917783260345458984375">
        <ele>782.4000244140625</ele>
        <time>2026-07-29T13:36:10.000Z</time>
        <extensions>
          <ns3:TrackPointExtension>
            <ns3:hr>126</ns3:hr>
            <ns3:cad>55</ns3:cad>
          </ns3:TrackPointExtension>
        </extensions>
      </trkpt>
      <trkpt lat="43.85580710135400295257568359375" lon="87.50615372322499752044677734375">
        <ele>782.20001220703125</ele>
        <time>2026-07-29T13:36:11.000Z</time>
        <extensions>
          <ns3:TrackPointExtension>
            <ns3:hr>123</ns3:hr>
            <ns3:cad>54</ns3:cad>
          </ns3:TrackPointExtension>
        </extensions>
      </trkpt>
      <trkpt lat="43.8558018207550048828125" lon="87.50613377429544925689697265625">
        <ele>782</ele>
        <time>2026-07-29T13:36:12.000Z</time>
        <extensions>
          <ns3:TrackPointExtension>
            <ns3:hr>123</ns3:hr>
            <ns3:cad>54</ns3:cad>
          </ns3:TrackPointExtension>
        </extensions>
      </trkpt>
      <trkpt lat="43.85578229092061519622802734375" lon="87.506031431257724761962890625">
        <ele>781.4000244140625</ele>
        <time>2026-07-29T13:36:18.000Z</time>
        <extensions>
          <ns3:TrackPointExtension>
            <ns3:hr>120</ns3:hr>
            <ns3:cad>55</ns3:cad>
          </ns3:TrackPointExtension>
        </extensions>
      </trkpt>
      <trkpt lat="43.85580257512629032135009765625" lon="87.5059709139168262481689453125">
        <ele>780.79998779296875</ele>
        <time>2026-07-29T13:36:21.000Z</time>
        <extensions>
          <ns3:TrackPointExtension>
            <ns3:hr>119</ns3:hr>
            <ns3:cad>56</ns3:cad>
          </ns3:TrackPointExtension>
        </extensions>
      </trkpt>
      <trkpt lat="43.8557870686054229736328125" lon="87.50583730638027191162109375">
        <ele>780.20001220703125</ele>
        <time>2026-07-29T13:36:28.000Z</time>
        <extensions>
          <ns3:TrackPointExtension>
            <ns3:hr>116</ns3:hr>
            <ns3:cad>56</ns3:cad>
          </ns3:TrackPointExtension>
        </extensions>
      </trkpt>
      <trkpt lat="43.8557926006615161895751953125" lon="87.50582548789680004119873046875">
        <ele>780.20001220703125</ele>
        <time>2026-07-29T13:36:29.000Z</time>
        <extensions>
          <ns3:TrackPointExtension>
            <ns3:hr>114</ns3:hr>
            <ns3:cad>56</ns3:cad>
          </ns3:TrackPointExtension>
        </extensions>
      </trkpt>
      <trkpt lat="43.855822943150997161865234375" lon="87.50566002912819385528564453125">
        <ele>780.79998779296875</ele>
        <time>2026-07-29T13:36:38.000Z</time>
        <extensions>
          <ns3:TrackPointExtension>
            <ns3:hr>116</ns3:hr>
            <ns3:cad>56</ns3:cad>
          </ns3:TrackPointExtension>
        </extensions>
      </trkpt>
      <trkpt lat="43.855827637016773223876953125" lon="87.50560931861400604248046875">
        <ele>781</ele>
        <time>2026-07-29T13:36:40.000Z</time>
        <extensions>
          <ns3:TrackPointExtension>
            <ns3:hr>113</ns3:hr>
            <ns3:cad>56</ns3:cad>
          </ns3:TrackPointExtension>
        </extensions>
      </trkpt>
      <trkpt lat="43.85580249130725860595703125" lon="87.5053952448070049285888671875">
        <ele>783</ele>
        <time>2026-07-29T13:36:47.000Z</time>
        <extensions>
          <ns3:TrackPointExtension>
            <ns3:hr>111</ns3:hr>
            <ns3:cad>78</ns3:cad>
          </ns3:TrackPointExtension>
        </extensions>
      </trkpt>
      <trkpt lat="43.85575957596302032470703125" lon="87.5052572786808013916015625">
        <ele>784.5999755859375</ele>
        <time>2026-07-29T13:36:55.000Z</time>
        <extensions>
          <ns3:TrackPointExtension>
            <ns3:hr>114</ns3:hr>
            <ns3:cad>78</ns3:cad>
          </ns3:TrackPointExtension>
        </extensions>
      </trkpt>
      <trkpt lat="43.85575228370726108551025390625" lon="87.505240850150585174560546875">
        <ele>785</ele>
        <time>2026-07-29T13:37:01.000Z</time>
        <extensions>
          <ns3:TrackPointExtension>
            <ns3:hr>113</ns3:hr>
            <ns3:cad>52</ns3:cad>
          </ns3:TrackPointExtension>
        </extensions>
      </trkpt>
      <trkpt lat="43.85573987849056720733642578125" lon="87.50524831004440784454345703125">
        <ele>784.79998779296875</ele>
        <time>2026-07-29T13:37:05.000Z</time>
        <extensions>
          <ns3:TrackPointExtension>
            <ns3:hr>110</ns3:hr>
            <ns3:cad>0</ns3:cad>
          </ns3:TrackPointExtension>
        </extensions>
      </trkpt>
      <trkpt lat="43.85572881437838077545166015625" lon="87.505248226225376129150390625">
        <ele>784.79998779296875</ele>
        <time>2026-07-29T13:37:08.000Z</time>
        <extensions>
          <ns3:TrackPointExtension>
            <ns3:hr>111</ns3:hr>
            <ns3:cad>0</ns3:cad>
          </ns3:TrackPointExtension>
        </extensions>
      </trkpt>
      <trkpt lat="43.8556175865232944488525390625" lon="87.50527529977262020111083984375">
        <ele>783.79998779296875</ele>
        <time>2026-07-29T13:37:13.000Z</time>
        <extensions>
          <ns3:TrackPointExtension>
            <ns3:hr>109</ns3:hr>
            <ns3:cad>78</ns3:cad>
          </ns3:TrackPointExtension>
        </extensions>
      </trkpt>
      <trkpt lat="43.85557492263615131378173828125" lon="87.50533564947545528411865234375">
        <ele>782.79998779296875</ele>
        <time>2026-07-29T13:37:15.000Z</time>
        <extensions>
          <ns3:TrackPointExtension>
            <ns3:hr>110</ns3:hr>
            <ns3:cad>78</ns3:cad>
          </ns3:TrackPointExtension>
        </extensions>
      </trkpt>
      <trkpt lat="43.85557358153164386749267578125" lon="87.505381666123867034912109375">
        <ele>782.4000244140625</ele>
        <time>2026-07-29T13:37:16.000Z</time>
        <extensions>
          <ns3:TrackPointExtension>
            <ns3:hr>113</ns3:hr>
            <ns3:cad>79</ns3:cad>
          </ns3:TrackPointExtension>
        </extensions>
      </trkpt>
      <trkpt lat="43.855581544339656829833984375" lon="87.50550496391952037811279296875">
        <ele>781.5999755859375</ele>
        <time>2026-07-29T13:37:19.000Z</time>
        <extensions>
          <ns3:TrackPointExtension>
            <ns3:hr>116</ns3:hr>
            <ns3:cad>79</ns3:cad>
          </ns3:TrackPointExtension>
        </extensions>
      </trkpt>
      <trkpt lat="43.85557894594967365264892578125" lon="87.50558090396225452423095703125">
        <ele>781</ele>
        <time>2026-07-29T13:37:21.000Z</time>
        <extensions>
          <ns3:TrackPointExtension>
            <ns3:hr>119</ns3:hr>
            <ns3:cad>79</ns3:cad>
          </ns3:TrackPointExtension>
        </extensions>
      </trkpt>
      <trkpt lat="43.85558229871094226837158203125" lon="87.5056596100330352783203125">
        <ele>781</ele>
        <time>2026-07-29T13:37:23.000Z</time>
        <extensions>
          <ns3:TrackPointExtension>
            <ns3:hr>119</ns3:hr>
            <ns3:cad>79</ns3:cad>
          </ns3:TrackPointExtension>
        </extensions>
      </trkpt>
      <trkpt lat="43.85558062233030796051025390625" lon="87.50575373880565166473388671875">
        <ele>781</ele>
        <time>2026-07-29T13:37:26.000Z</time>
        <extensions>
          <ns3:TrackPointExtension>
            <ns3:hr>122</ns3:hr>
            <ns3:cad>79</ns3:cad>
          </ns3:TrackPointExtension>
        </extensions>
      </trkpt>
      <trkpt lat="43.8555743359029293060302734375" lon="87.5057851709425449371337890625">
        <ele>781</ele>
        <time>2026-07-29T13:37:28.000Z</time>
        <extensions>
          <ns3:TrackPointExtension>
            <ns3:hr>123</ns3:hr>
            <ns3:cad>79</ns3:cad>
          </ns3:TrackPointExtension>
        </extensions>
      </trkpt>
      <trkpt lat="43.85555430315434932708740234375" lon="87.5058300979435443878173828125">
        <ele>781</ele>
        <time>2026-07-29T13:37:32.000Z</time>
        <extensions>
          <ns3:TrackPointExtension>
            <ns3:hr>123</ns3:hr>
            <ns3:cad>50</ns3:cad>
          </ns3:TrackPointExtension>
        </extensions>
      </trkpt>
      <trkpt lat="43.85555438697338104248046875" lon="87.5058688223361968994140625">
        <ele>781</ele>
        <time>2026-07-29T13:37:34.000Z</time>
        <extensions>
          <ns3:TrackPointExtension>
            <ns3:hr>122</ns3:hr>
            <ns3:cad>50</ns3:cad>
          </ns3:TrackPointExtension>
        </extensions>
      </trkpt>
      <trkpt lat="43.85553787462413311004638671875" lon="87.5060607679188251495361328125">
        <ele>782.4000244140625</ele>
        <time>2026-07-29T13:37:40.000Z</time>
        <extensions>
          <ns3:TrackPointExtension>
            <ns3:hr>120</ns3:hr>
            <ns3:cad>78</ns3:cad>
          </ns3:TrackPointExtension>
        </extensions>
      </trkpt>
      <trkpt lat="43.855521194636821746826171875" lon="87.50625346787273883819580078125">
        <ele>784.4000244140625</ele>
        <time>2026-07-29T13:37:46.000Z</time>
        <extensions>
          <ns3:TrackPointExtension>
            <ns3:hr>123</ns3:hr>
            <ns3:cad>79</ns3:cad>
          </ns3:TrackPointExtension>
        </extensions>
      </trkpt>
      <trkpt lat="43.85551893152296543121337890625" lon="87.5063189305365085601806640625">
        <ele>785</ele>
        <time>2026-07-29T13:37:48.000Z</time>
        <extensions>
          <ns3:TrackPointExtension>
            <ns3:hr>125</ns3:hr>
            <ns3:cad>79</ns3:cad>
          </ns3:TrackPointExtension>
        </extensions>
      </trkpt>
      <trkpt lat="43.85550736449658870697021484375" lon="87.506591342389583587646484375">
        <ele>787.20001220703125</ele>
        <time>2026-07-29T13:37:56.000Z</time>
        <extensions>
          <ns3:TrackPointExtension>
            <ns3:hr>126</ns3:hr>
            <ns3:cad>81</ns3:cad>
          </ns3:TrackPointExtension>
        </extensions>
      </trkpt>
      <trkpt lat="43.85550208389759063720703125" lon="87.50684036873281002044677734375">
        <ele>788.4000244140625</ele>
        <time>2026-07-29T13:38:03.000Z</time>
        <extensions>
          <ns3:TrackPointExtension>
            <ns3:hr>127</ns3:hr>
            <ns3:cad>79</ns3:cad>
          </ns3:TrackPointExtension>
        </extensions>
      </trkpt>
      <trkpt lat="43.85551054961979389190673828125" lon="87.5069482438266277313232421875">
        <ele>788.79998779296875</ele>
        <time>2026-07-29T13:38:06.000Z</time>
        <extensions>
          <ns3:TrackPointExtension>
            <ns3:hr>128</ns3:hr>
            <ns3:cad>79</ns3:cad>
          </ns3:TrackPointExtension>
        </extensions>
      </trkpt>
      <trkpt lat="43.855497054755687713623046875" lon="87.50721671618521213531494140625">
        <ele>790.5999755859375</ele>
        <time>2026-07-29T13:38:13.000Z</time>
        <extensions>
          <ns3:TrackPointExtension>
            <ns3:hr>129</ns3:hr>
            <ns3:cad>78</ns3:cad>
          </ns3:TrackPointExtension>
        </extensions>
      </trkpt>
      <trkpt lat="43.85548464953899383544921875" lon="87.50750270672142505645751953125">
        <ele>793.4000244140625</ele>
        <time>2026-07-29T13:38:20.000Z</time>
        <extensions>
          <ns3:TrackPointExtension>
            <ns3:hr>130</ns3:hr>
            <ns3:cad>79</ns3:cad>
          </ns3:TrackPointExtension>
        </extensions>
      </trkpt>
      <trkpt lat="43.85548842139542102813720703125" lon="87.50770923681557178497314453125">
        <ele>796.5999755859375</ele>
        <time>2026-07-29T13:38:25.000Z</time>
        <extensions>
          <ns3:TrackPointExtension>
            <ns3:hr>132</ns3:hr>
            <ns3:cad>81</ns3:cad>
          </ns3:TrackPointExtension>
        </extensions>
      </trkpt>
      <trkpt lat="43.85549579747021198272705078125" lon="87.50775282271206378936767578125">
        <ele>797.20001220703125</ele>
        <time>2026-07-29T13:38:26.000Z</time>
        <extensions>
          <ns3:TrackPointExtension>
            <ns3:hr>135</ns3:hr>
            <ns3:cad>80</ns3:cad>
          </ns3:TrackPointExtension>
        </extensions>
      </trkpt>
      <trkpt lat="43.85549697093665599822998046875" lon="87.508028335869312286376953125">
        <ele>799.5999755859375</ele>
        <time>2026-07-29T13:38:32.000Z</time>
        <extensions>
          <ns3:TrackPointExtension>
            <ns3:hr>134</ns3:hr>
            <ns3:cad>81</ns3:cad>
          </ns3:TrackPointExtension>
        </extensions>
      </trkpt>
      <trkpt lat="43.85549512691795825958251953125" lon="87.50807401724159717559814453125">
        <ele>799.79998779296875</ele>
        <time>2026-07-29T13:38:33.000Z</time>
        <extensions>
          <ns3:TrackPointExtension>
            <ns3:hr>135</ns3:hr>
            <ns3:cad>81</ns3:cad>
          </ns3:TrackPointExtension>
        </extensions>
      </trkpt>
      <trkpt lat="43.855469226837158203125" lon="87.5083134882152080535888671875">
        <ele>800.5999755859375</ele>
        <time>2026-07-29T13:38:39.000Z</time>
        <extensions>
          <ns3:TrackPointExtension>
            <ns3:hr>136</ns3:hr>
            <ns3:cad>80</ns3:cad>
          </ns3:TrackPointExtension>
        </extensions>
      </trkpt>
      <trkpt lat="43.855470903217792510986328125" lon="87.5083309225738048553466796875">
        <ele>800.5999755859375</ele>
        <time>2026-07-29T13:38:40.000Z</time>
        <extensions>
          <ns3:TrackPointExtension>
            <ns3:hr>137</ns3:hr>
            <ns3:cad>80</ns3:cad>
          </ns3:TrackPointExtension>
        </extensions>
      </trkpt>
      <trkpt lat="43.85546947829425334930419921875" lon="87.50836118124425411224365234375">
        <ele>800.4000244140625</ele>
        <time>2026-07-29T13:38:42.000Z</time>
        <extensions>
          <ns3:TrackPointExtension>
            <ns3:hr>137</ns3:hr>
            <ns3:cad>77</ns3:cad>
          </ns3:TrackPointExtension>
        </extensions>
      </trkpt>
      <trkpt lat="43.855466544628143310546875" lon="87.5083761848509311676025390625">
        <ele>800.4000244140625</ele>
        <time>2026-07-29T13:38:43.000Z</time>
        <extensions>
          <ns3:TrackPointExtension>
            <ns3:hr>139</ns3:hr>
            <ns3:cad>77</ns3:cad>
          </ns3:TrackPointExtension>
        </extensions>
      </trkpt>
      <trkpt lat="43.8554536364972591400146484375" lon="87.5084841437637805938720703125">
        <ele>800</ele>
        <time>2026-07-29T13:38:49.000Z</time>
        <extensions>
          <ns3:TrackPointExtension>
            <ns3:hr>142</ns3:hr>
            <ns3:cad>56</ns3:cad>
          </ns3:TrackPointExtension>
        </extensions>
      </trkpt>
      <trkpt lat="43.855450451374053955078125" lon="87.5086824595928192138671875">
        <ele>798.5999755859375</ele>
        <time>2026-07-29T13:38:56.000Z</time>
        <extensions>
          <ns3:TrackPointExtension>
            <ns3:hr>139</ns3:hr>
            <ns3:cad>79</ns3:cad>
          </ns3:TrackPointExtension>
        </extensions>
      </trkpt>
      <trkpt lat="43.85543880052864551544189453125" lon="87.50877608545124530792236328125">
        <ele>797.4000244140625</ele>
        <time>2026-07-29T13:38:59.000Z</time>
        <extensions>
          <ns3:TrackPointExtension>
            <ns3:hr>136</ns3:hr>
            <ns3:cad>79</ns3:cad>
          </ns3:TrackPointExtension>
        </extensions>
      </trkpt>
      <trkpt lat="43.8554388843476772308349609375" lon="87.50891556032001972198486328125">
        <ele>795.79998779296875</ele>
        <time>2026-07-29T13:39:03.000Z</time>
        <extensions>
          <ns3:TrackPointExtension>
            <ns3:hr>136</ns3:hr>
            <ns3:cad>79</ns3:cad>
          </ns3:TrackPointExtension>
        </extensions>
      </trkpt>
      <trkpt lat="43.855423964560031890869140625" lon="87.50911454670131206512451171875">
        <ele>793</ele>
        <time>2026-07-29T13:39:09.000Z</time>
        <extensions>
          <ns3:TrackPointExtension>
            <ns3:hr>139</ns3:hr>
            <ns3:cad>79</ns3:cad>
          </ns3:TrackPointExtension>
        </extensions>
      </trkpt>
      <trkpt lat="43.85542203672230243682861328125" lon="87.50918780453503131866455078125">
        <ele>792</ele>
        <time>2026-07-29T13:39:11.000Z</time>
        <extensions>
          <ns3:TrackPointExtension>
            <ns3:hr>139</ns3:hr>
            <ns3:cad>79</ns3:cad>
          </ns3:TrackPointExtension>
        </extensions>
      </trkpt>
      <trkpt lat="43.85544232092797756195068359375" lon="87.5094470568001270294189453125">
        <ele>788</ele>
        <time>2026-07-29T13:39:18.000Z</time>
        <extensions>
          <ns3:TrackPointExtension>
            <ns3:hr>138</ns3:hr>
            <ns3:cad>79</ns3:cad>
          </ns3:TrackPointExtension>
        </extensions>
      </trkpt>
      <trkpt lat="43.8554429076611995697021484375" lon="87.5094819255173206329345703125">
        <ele>787.5999755859375</ele>
        <time>2026-07-29T13:39:19.000Z</time>
        <extensions>
          <ns3:TrackPointExtension>
            <ns3:hr>139</ns3:hr>
            <ns3:cad>80</ns3:cad>
          </ns3:TrackPointExtension>
        </extensions>
      </trkpt>
      <trkpt lat="43.8554271496832370758056640625" lon="87.5097481347620487213134765625">
        <ele>785</ele>
        <time>2026-07-29T13:39:26.000Z</time>
        <extensions>
          <ns3:TrackPointExtension>
            <ns3:hr>139</ns3:hr>
            <ns3:cad>79</ns3:cad>
          </ns3:TrackPointExtension>
        </extensions>
      </trkpt>
      <trkpt lat="43.85542321018874645233154296875" lon="87.50981778837740421295166015625">
        <ele>784.5999755859375</ele>
        <time>2026-07-29T13:39:28.000Z</time>
        <extensions>
          <ns3:TrackPointExtension>
            <ns3:hr>140</ns3:hr>
            <ns3:cad>79</ns3:cad>
          </ns3:TrackPointExtension>
        </extensions>
      </trkpt>
      <trkpt lat="43.85542606003582477569580078125" lon="87.5100746937096118927001953125">
        <ele>783.20001220703125</ele>
        <time>2026-07-29T13:39:35.000Z</time>
        <extensions>
          <ns3:TrackPointExtension>
            <ns3:hr>140</ns3:hr>
            <ns3:cad>79</ns3:cad>
          </ns3:TrackPointExtension>
        </extensions>
      </trkpt>
      <trkpt lat="43.855427317321300506591796875" lon="87.510139904916286468505859375">
        <ele>783.20001220703125</ele>
        <time>2026-07-29T13:39:37.000Z</time>
        <extensions>
          <ns3:TrackPointExtension>
            <ns3:hr>139</ns3:hr>
            <ns3:cad>79</ns3:cad>
          </ns3:TrackPointExtension>
        </extensions>
      </trkpt>
      <trkpt lat="43.85542622767388820648193359375" lon="87.5102891027927398681640625">
        <ele>782.79998779296875</ele>
        <time>2026-07-29T13:39:41.000Z</time>
        <extensions>
          <ns3:TrackPointExtension>
            <ns3:hr>142</ns3:hr>
            <ns3:cad>79</ns3:cad>
          </ns3:TrackPointExtension>
        </extensions>
      </trkpt>
      <trkpt lat="43.8554221205413341522216796875" lon="87.510400079190731048583984375">
        <ele>782.4000244140625</ele>
        <time>2026-07-29T13:39:44.000Z</time>
        <extensions>
          <ns3:TrackPointExtension>
            <ns3:hr>139</ns3:hr>
            <ns3:cad>79</ns3:cad>
          </ns3:TrackPointExtension>
        </extensions>
      </trkpt>
      <trkpt lat="43.8554251380264759063720703125" lon="87.5104210339486598968505859375">
        <ele>782.20001220703125</ele>
        <time>2026-07-29T13:39:45.000Z</time>
        <extensions>
          <ns3:TrackPointExtension>
            <ns3:hr>139</ns3:hr>
            <ns3:cad>79</ns3:cad>
          </ns3:TrackPointExtension>
        </extensions>
      </trkpt>
      <trkpt lat="43.855432681739330291748046875" lon="87.51049286685883998870849609375">
        <ele>782</ele>
        <time>2026-07-29T13:39:50.000Z</time>
        <extensions>
          <ns3:TrackPointExtension>
            <ns3:hr>141</ns3:hr>
            <ns3:cad>79</ns3:cad>
          </ns3:TrackPointExtension>
        </extensions>
      </trkpt>
      <trkpt lat="43.85544240474700927734375" lon="87.51064290292561054229736328125">
        <ele>781.5999755859375</ele>
        <time>2026-07-29T13:39:59.000Z</time>
        <extensions>
          <ns3:TrackPointExtension>
            <ns3:hr>142</ns3:hr>
            <ns3:cad>54</ns3:cad>
          </ns3:TrackPointExtension>
        </extensions>
      </trkpt>
      <trkpt lat="43.85545036755502223968505859375" lon="87.51080207526683807373046875">
        <ele>781.5999755859375</ele>
        <time>2026-07-29T13:40:07.000Z</time>
        <extensions>
          <ns3:TrackPointExtension>
            <ns3:hr>139</ns3:hr>
            <ns3:cad>54</ns3:cad>
          </ns3:TrackPointExtension>
        </extensions>
      </trkpt>
      <trkpt lat="43.85540208779275417327880859375" lon="87.5109400413930416107177734375">
        <ele>782.4000244140625</ele>
        <time>2026-07-29T13:40:15.000Z</time>
        <extensions>
          <ns3:TrackPointExtension>
            <ns3:hr>136</ns3:hr>
            <ns3:cad>55</ns3:cad>
          </ns3:TrackPointExtension>
        </extensions>
      </trkpt>
      <trkpt lat="43.85537057183682918548583984375" lon="87.5109742395579814910888671875">
        <ele>782.79998779296875</ele>
        <time>2026-07-29T13:40:18.000Z</time>
        <extensions>
          <ns3:TrackPointExtension>
            <ns3:hr>134</ns3:hr>
            <ns3:cad>54</ns3:cad>
          </ns3:TrackPointExtension>
        </extensions>
      </trkpt>
      <trkpt lat="43.85534651577472686767578125" lon="87.51099050045013427734375">
        <ele>783.20001220703125</ele>
        <time>2026-07-29T13:40:20.000Z</time>
        <extensions>
          <ns3:TrackPointExtension>
            <ns3:hr>137</ns3:hr>
            <ns3:cad>54</ns3:cad>
          </ns3:TrackPointExtension>
        </extensions>
      </trkpt>
      <trkpt lat="43.8553108088672161102294921875" lon="87.5110107846558094024658203125">
        <ele>783.79998779296875</ele>
        <time>2026-07-29T13:40:22.000Z</time>
        <extensions>
          <ns3:TrackPointExtension>
            <ns3:hr>140</ns3:hr>
            <ns3:cad>54</ns3:cad>
          </ns3:TrackPointExtension>
        </extensions>
      </trkpt>
      <trkpt lat="43.8552625291049480438232421875" lon="87.51101321540772914886474609375">
        <ele>784.79998779296875</ele>
        <time>2026-07-29T13:40:24.000Z</time>
        <extensions>
          <ns3:TrackPointExtension>
            <ns3:hr>143</ns3:hr>
            <ns3:cad>54</ns3:cad>
          </ns3:TrackPointExtension>
        </extensions>
      </trkpt>
      <trkpt lat="43.85507049970328807830810546875" lon="87.5109819509088993072509765625">
        <ele>788.5999755859375</ele>
        <time>2026-07-29T13:40:31.000Z</time>
        <extensions>
          <ns3:TrackPointExtension>
            <ns3:hr>145</ns3:hr>
            <ns3:cad>80</ns3:cad>
          </ns3:TrackPointExtension>
        </extensions>
      </trkpt>
      <trkpt lat="43.85487888939678668975830078125" lon="87.5109789334237575531005859375">
        <ele>791.4000244140625</ele>
        <time>2026-07-29T13:40:38.000Z</time>
        <extensions>
          <ns3:TrackPointExtension>
            <ns3:hr>148</ns3:hr>
            <ns3:cad>81</ns3:cad>
          </ns3:TrackPointExtension>
        </extensions>
      </trkpt>
      <trkpt lat="43.85476849973201751708984375" lon="87.51097516156733036041259765625">
        <ele>793</ele>
        <time>2026-07-29T13:40:42.000Z</time>
        <extensions>
          <ns3:TrackPointExtension>
            <ns3:hr>151</ns3:hr>
            <ns3:cad>81</ns3:cad>
          </ns3:TrackPointExtension>
        </extensions>
      </trkpt>
      <trkpt lat="43.85462827049195766448974609375" lon="87.51096175052225589752197265625">
        <ele>793.5999755859375</ele>
        <time>2026-07-29T13:40:47.000Z</time>
        <extensions>
          <ns3:TrackPointExtension>
            <ns3:hr>154</ns3:hr>
            <ns3:cad>80</ns3:cad>
          </ns3:TrackPointExtension>
        </extensions>
      </trkpt>
      <trkpt lat="43.854448981583118438720703125" lon="87.510942555963993072509765625">
        <ele>794</ele>
        <time>2026-07-29T13:40:54.000Z</time>
        <extensions>
          <ns3:TrackPointExtension>
            <ns3:hr>154</ns3:hr>
            <ns3:cad>81</ns3:cad>
          </ns3:TrackPointExtension>
        </extensions>
      </trkpt>
      <trkpt lat="43.854394666850566864013671875" lon="87.5109380297362804412841796875">
        <ele>793.79998779296875</ele>
        <time>2026-07-29T13:40:56.000Z</time>
        <extensions>
          <ns3:TrackPointExtension>
            <ns3:hr>154</ns3:hr>
            <ns3:cad>80</ns3:cad>
          </ns3:TrackPointExtension>
        </extensions>
      </trkpt>
      <trkpt lat="43.85422845371067523956298828125" lon="87.5109279714524745941162109375">
        <ele>793.20001220703125</ele>
        <time>2026-07-29T13:41:03.000Z</time>
        <extensions>
          <ns3:TrackPointExtension>
            <ns3:hr>151</ns3:hr>
            <ns3:cad>79</ns3:cad>
          </ns3:TrackPointExtension>
        </extensions>
      </trkpt>
      <trkpt lat="43.85417849756777286529541015625" lon="87.510925792157649993896484375">
        <ele>793.20001220703125</ele>
        <time>2026-07-29T13:41:05.000Z</time>
        <extensions>
          <ns3:TrackPointExtension>
            <ns3:hr>153</ns3:hr>
            <ns3:cad>79</ns3:cad>
          </ns3:TrackPointExtension>
        </extensions>
      </trkpt>
      <trkpt lat="43.8540136255323886871337890625" lon="87.5108910910785198211669921875">
        <ele>793</ele>
        <time>2026-07-29T13:41:12.000Z</time>
        <extensions>
          <ns3:TrackPointExtension>
            <ns3:hr>154</ns3:hr>
            <ns3:cad>80</ns3:cad>
          </ns3:TrackPointExtension>
        </extensions>
      </trkpt>
      <trkpt lat="43.8539003022015094757080078125" lon="87.51087491400539875030517578125">
        <ele>793</ele>
        <time>2026-07-29T13:41:18.000Z</time>
        <extensions>
          <ns3:TrackPointExtension>
            <ns3:hr>154</ns3:hr>
            <ns3:cad>78</ns3:cad>
          </ns3:TrackPointExtension>
        </extensions>
      </trkpt>
      <trkpt lat="43.85369955562055110931396484375" lon="87.51087759621441364288330078125">
        <ele>793</ele>
        <time>2026-07-29T13:41:26.000Z</time>
        <extensions>
          <ns3:TrackPointExtension>
            <ns3:hr>154</ns3:hr>
            <ns3:cad>81</ns3:cad>
          </ns3:TrackPointExtension>
        </extensions>
      </trkpt>
      <trkpt lat="43.85351054370403289794921875" lon="87.51087776385247707366943359375">
        <ele>793.79998779296875</ele>
        <time>2026-07-29T13:41:33.000Z</time>
        <extensions>
          <ns3:TrackPointExtension>
            <ns3:hr>153</ns3:hr>
            <ns3:cad>81</ns3:cad>
          </ns3:TrackPointExtension>
        </extensions>
      </trkpt>
      <trkpt lat="43.85348347015678882598876953125" lon="87.51087424345314502716064453125">
        <ele>794</ele>
        <time>2026-07-29T13:41:34.000Z</time>
        <extensions>
          <ns3:TrackPointExtension>
            <ns3:hr>153</ns3:hr>
            <ns3:cad>81</ns3:cad>
          </ns3:TrackPointExtension>
        </extensions>
      </trkpt>
      <trkpt lat="43.8532917760312557220458984375" lon="87.51087248325347900390625">
        <ele>795.4000244140625</ele>
        <time>2026-07-29T13:41:41.000Z</time>
        <extensions>
          <ns3:TrackPointExtension>
            <ns3:hr>152</ns3:hr>
            <ns3:cad>81</ns3:cad>
          </ns3:TrackPointExtension>
        </extensions>
      </trkpt>
      <trkpt lat="43.85326352901756763458251953125" lon="87.51087089069187641143798828125">
        <ele>795.5999755859375</ele>
        <time>2026-07-29T13:41:42.000Z</time>
        <extensions>
          <ns3:TrackPointExtension>
            <ns3:hr>152</ns3:hr>
            <ns3:cad>81</ns3:cad>
          </ns3:TrackPointExtension>
        </extensions>
      </trkpt>
      <trkpt lat="43.85307242162525653839111328125" lon="87.51085563562810420989990234375">
        <ele>797</ele>
        <time>2026-07-29T13:41:49.000Z</time>
        <extensions>
          <ns3:TrackPointExtension>
            <ns3:hr>151</ns3:hr>
            <ns3:cad>80</ns3:cad>
          </ns3:TrackPointExtension>
        </extensions>
      </trkpt>
      <trkpt lat="43.85291299782693386077880859375" lon="87.51085328869521617889404296875">
        <ele>798.20001220703125</ele>
        <time>2026-07-29T13:41:54.000Z</time>
        <extensions>
          <ns3:TrackPointExtension>
            <ns3:hr>154</ns3:hr>
            <ns3:cad>82</ns3:cad>
          </ns3:TrackPointExtension>
        </extensions>
      </trkpt>
      <trkpt lat="43.8528876006603240966796875" lon="87.510839961469173431396484375">
        <ele>798.4000244140625</ele>
        <time>2026-07-29T13:41:55.000Z</time>
        <extensions>
          <ns3:TrackPointExtension>
            <ns3:hr>151</ns3:hr>
            <ns3:cad>82</ns3:cad>
          </ns3:TrackPointExtension>
        </extensions>
      </trkpt>
      <trkpt lat="43.85275558568537235260009765625" lon="87.5108206830918788909912109375">
        <ele>799.5999755859375</ele>
        <time>2026-07-29T13:42:00.000Z</time>
        <extensions>
          <ns3:TrackPointExtension>
            <ns3:hr>152</ns3:hr>
            <ns3:cad>81</ns3:cad>
          </ns3:TrackPointExtension>
        </extensions>
      </trkpt>
      <trkpt lat="43.85264310054481029510498046875" lon="87.510817162692546844482421875">
        <ele>800.4000244140625</ele>
        <time>2026-07-29T13:42:04.000Z</time>
        <extensions>
          <ns3:TrackPointExtension>
            <ns3:hr>153</ns3:hr>
            <ns3:cad>81</ns3:cad>
          </ns3:TrackPointExtension>
        </extensions>
      </trkpt>
      <trkpt lat="43.8525618799030780792236328125" lon="87.51081020571291446685791015625">
        <ele>801</ele>
        <time>2026-07-29T13:42:07.000Z</time>
        <extensions>
          <ns3:TrackPointExtension>
            <ns3:hr>152</ns3:hr>
            <ns3:cad>81</ns3:cad>
          </ns3:TrackPointExtension>
        </extensions>
      </trkpt>
      <trkpt lat="43.85246322490274906158447265625" lon="87.51081104390323162078857421875">
        <ele>801.79998779296875</ele>
        <time>2026-07-29T13:42:13.000Z</time>
        <extensions>
          <ns3:TrackPointExtension>
            <ns3:hr>153</ns3:hr>
            <ns3:cad>0</ns3:cad>
          </ns3:TrackPointExtension>
        </extensions>
      </trkpt>
      <trkpt lat="43.8524074852466583251953125" lon="87.5108086131513118743896484375">
        <ele>802.20001220703125</ele>
        <time>2026-07-29T13:42:17.000Z</time>
        <extensions>
          <ns3:TrackPointExtension>
            <ns3:hr>152</ns3:hr>
            <ns3:cad>55</ns3:cad>
          </ns3:TrackPointExtension>
        </extensions>
      </trkpt>
      <trkpt lat="43.85239206254482269287109375" lon="87.5108223594725131988525390625">
        <ele>802.20001220703125</ele>
        <time>2026-07-29T13:42:18.000Z</time>
        <extensions>
          <ns3:TrackPointExtension>
            <ns3:hr>152</ns3:hr>
            <ns3:cad>56</ns3:cad>
          </ns3:TrackPointExtension>
        </extensions>
      </trkpt>
      <trkpt lat="43.85234051384031772613525390625" lon="87.51083023846149444580078125">
        <ele>802.5999755859375</ele>
        <time>2026-07-29T13:42:21.000Z</time>
        <extensions>
          <ns3:TrackPointExtension>
            <ns3:hr>149</ns3:hr>
            <ns3:cad>56</ns3:cad>
          </ns3:TrackPointExtension>
        </extensions>
      </trkpt>
      <trkpt lat="43.8522814214229583740234375" lon="87.51082361675798892974853515625">
        <ele>803</ele>
        <time>2026-07-29T13:42:24.000Z</time>
        <extensions>
          <ns3:TrackPointExtension>
            <ns3:hr>147</ns3:hr>
            <ns3:cad>0</ns3:cad>
          </ns3:TrackPointExtension>
        </extensions>
      </trkpt>
      <trkpt lat="43.85210213251411914825439453125" lon="87.51077902503311634063720703125">
        <ele>803.5999755859375</ele>
        <time>2026-07-29T13:42:32.000Z</time>
        <extensions>
          <ns3:TrackPointExtension>
            <ns3:hr>145</ns3:hr>
            <ns3:cad>79</ns3:cad>
          </ns3:TrackPointExtension>
        </extensions>
      </trkpt>
      <trkpt lat="43.8520727120339870452880859375" lon="87.510780952870845794677734375">
        <ele>803.5999755859375</ele>
        <time>2026-07-29T13:42:33.000Z</time>
        <extensions>
          <ns3:TrackPointExtension>
            <ns3:hr>144</ns3:hr>
            <ns3:cad>79</ns3:cad>
          </ns3:TrackPointExtension>
        </extensions>
      </trkpt>
      <trkpt lat="43.8518790900707244873046875" lon="87.5107428990304470062255859375">
        <ele>804</ele>
        <time>2026-07-29T13:42:40.000Z</time>
        <extensions>
          <ns3:TrackPointExtension>
            <ns3:hr>145</ns3:hr>
            <ns3:cad>79</ns3:cad>
          </ns3:TrackPointExtension>
        </extensions>
      </trkpt>
      <trkpt lat="43.85179200209677219390869140625" lon="87.51074432395398616790771484375">
        <ele>804.20001220703125</ele>
        <time>2026-07-29T13:42:46.000Z</time>
        <extensions>
          <ns3:TrackPointExtension>
            <ns3:hr>146</ns3:hr>
            <ns3:cad>78</ns3:cad>
          </ns3:TrackPointExtension>
        </extensions>
      </trkpt>
      <trkpt lat="43.8517069257795810699462890625" lon="87.51075203530490398406982421875">
        <ele>804.4000244140625</ele>
        <time>2026-07-29T13:42:54.000Z</time>
        <extensions>
          <ns3:TrackPointExtension>
            <ns3:hr>144</ns3:hr>
            <ns3:cad>56</ns3:cad>
          </ns3:TrackPointExtension>
        </extensions>
      </trkpt>
      <trkpt lat="43.8516522757709026336669921875" lon="87.5107425637543201446533203125">
        <ele>804.5999755859375</ele>
        <time>2026-07-29T13:42:58.000Z</time>
        <extensions>
          <ns3:TrackPointExtension>
            <ns3:hr>141</ns3:hr>
            <ns3:cad>56</ns3:cad>
          </ns3:TrackPointExtension>
        </extensions>
      </trkpt>
      <trkpt lat="43.85158027522265911102294921875" lon="87.51074734143912792205810546875">
        <ele>804.79998779296875</ele>
        <time>2026-07-29T13:43:03.000Z</time>
        <extensions>
          <ns3:TrackPointExtension>
            <ns3:hr>137</ns3:hr>
            <ns3:cad>57</ns3:cad>
          </ns3:TrackPointExtension>
        </extensions>
      </trkpt>
      <trkpt lat="43.85146477259695529937744140625" lon="87.510746419429779052734375">
        <ele>805.5999755859375</ele>
        <time>2026-07-29T13:43:10.000Z</time>
        <extensions>
          <ns3:TrackPointExtension>
            <ns3:hr>139</ns3:hr>
            <ns3:cad>56</ns3:cad>
          </ns3:TrackPointExtension>
        </extensions>
      </trkpt>
      <trkpt lat="43.85142386890947818756103515625" lon="87.51074683852493762969970703125">
        <ele>805.79998779296875</ele>
        <time>2026-07-29T13:43:12.000Z</time>
        <extensions>
          <ns3:TrackPointExtension>
            <ns3:hr>138</ns3:hr>
            <ns3:cad>76</ns3:cad>
          </ns3:TrackPointExtension>
        </extensions>
      </trkpt>
      <trkpt lat="43.8513104617595672607421875" lon="87.510760165750980377197265625">
        <ele>806.79998779296875</ele>
        <time>2026-07-29T13:43:17.000Z</time>
        <extensions>
          <ns3:TrackPointExtension>
            <ns3:hr>135</ns3:hr>
            <ns3:cad>79</ns3:cad>
          </ns3:TrackPointExtension>
        </extensions>
      </trkpt>
      <trkpt lat="43.85125924833118915557861328125" lon="87.51076008193194866180419921875">
        <ele>807.20001220703125</ele>
        <time>2026-07-29T13:43:19.000Z</time>
        <extensions>
          <ns3:TrackPointExtension>
            <ns3:hr>135</ns3:hr>
            <ns3:cad>79</ns3:cad>
          </ns3:TrackPointExtension>
        </extensions>
      </trkpt>
      <trkpt lat="43.85111474432051181793212890625" lon="87.51076712273061275482177734375">
        <ele>808.20001220703125</ele>
        <time>2026-07-29T13:43:25.000Z</time>
        <extensions>
          <ns3:TrackPointExtension>
            <ns3:hr>136</ns3:hr>
            <ns3:cad>79</ns3:cad>
          </ns3:TrackPointExtension>
        </extensions>
      </trkpt>
      <trkpt lat="43.8510273210704326629638671875" lon="87.51075857318937778472900390625">
        <ele>808.79998779296875</ele>
        <time>2026-07-29T13:43:29.000Z</time>
        <extensions>
          <ns3:TrackPointExtension>
            <ns3:hr>139</ns3:hr>
            <ns3:cad>79</ns3:cad>
          </ns3:TrackPointExtension>
        </extensions>
      </trkpt>
      <trkpt lat="43.8509656302630901336669921875" lon="87.51076645217835903167724609375">
        <ele>809.4000244140625</ele>
        <time>2026-07-29T13:43:31.000Z</time>
        <extensions>
          <ns3:TrackPointExtension>
            <ns3:hr>138</ns3:hr>
            <ns3:cad>80</ns3:cad>
          </ns3:TrackPointExtension>
        </extensions>
      </trkpt>
      <trkpt lat="43.85080226697027683258056640625" lon="87.51071666367352008819580078125">
        <ele>810</ele>
        <time>2026-07-29T13:43:37.000Z</time>
        <extensions>
          <ns3:TrackPointExtension>
            <ns3:hr>139</ns3:hr>
            <ns3:cad>80</ns3:cad>
          </ns3:TrackPointExtension>
        </extensions>
      </trkpt>
      <trkpt lat="43.85061451233923435211181640625" lon="87.51070149242877960205078125">
        <ele>810.79998779296875</ele>
        <time>2026-07-29T13:43:45.000Z</time>
        <extensions>
          <ns3:TrackPointExtension>
            <ns3:hr>141</ns3:hr>
            <ns3:cad>81</ns3:cad>
          </ns3:TrackPointExtension>
        </extensions>
      </trkpt>
      <trkpt lat="43.85043270885944366455078125" lon="87.5106667913496494293212890625">
        <ele>810</ele>
        <time>2026-07-29T13:43:52.000Z</time>
        <extensions>
          <ns3:TrackPointExtension>
            <ns3:hr>142</ns3:hr>
            <ns3:cad>81</ns3:cad>
          </ns3:TrackPointExtension>
        </extensions>
      </trkpt>
      <trkpt lat="43.85032114572823047637939453125" lon="87.510671317577362060546875">
        <ele>809.79998779296875</ele>
        <time>2026-07-29T13:43:56.000Z</time>
        <extensions>
          <ns3:TrackPointExtension>
            <ns3:hr>143</ns3:hr>
            <ns3:cad>82</ns3:cad>
          </ns3:TrackPointExtension>
        </extensions>
      </trkpt>
      <trkpt lat="43.850135989487171173095703125" lon="87.5106297433376312255859375">
        <ele>810.4000244140625</ele>
        <time>2026-07-29T13:44:03.000Z</time>
        <extensions>
          <ns3:TrackPointExtension>
            <ns3:hr>144</ns3:hr>
            <ns3:cad>81</ns3:cad>
          </ns3:TrackPointExtension>
        </extensions>
      </trkpt>
      <trkpt lat="43.8499427028000354766845703125" lon="87.51061909832060337066650390625">
        <ele>811.5999755859375</ele>
        <time>2026-07-29T13:44:10.000Z</time>
        <extensions>
          <ns3:TrackPointExtension>
            <ns3:hr>147</ns3:hr>
            <ns3:cad>81</ns3:cad>
          </ns3:TrackPointExtension>
        </extensions>
      </trkpt>
      <trkpt lat="43.84976307861506938934326171875" lon="87.51061423681676387786865234375">
        <ele>812.79998779296875</ele>
        <time>2026-07-29T13:44:16.000Z</time>
        <extensions>
          <ns3:TrackPointExtension>
            <ns3:hr>149</ns3:hr>
            <ns3:cad>81</ns3:cad>
          </ns3:TrackPointExtension>
        </extensions>
      </trkpt>
      <trkpt lat="43.8495883159339427947998046875" lon="87.51062077470123767852783203125">
        <ele>813</ele>
        <time>2026-07-29T13:44:23.000Z</time>
        <extensions>
          <ns3:TrackPointExtension>
            <ns3:hr>149</ns3:hr>
            <ns3:cad>81</ns3:cad>
          </ns3:TrackPointExtension>
        </extensions>
      </trkpt>
      <trkpt lat="43.84950332343578338623046875" lon="87.51062110997736454010009765625">
        <ele>813</ele>
        <time>2026-07-29T13:44:29.000Z</time>
        <extensions>
          <ns3:TrackPointExtension>
            <ns3:hr>149</ns3:hr>
            <ns3:cad>81</ns3:cad>
          </ns3:TrackPointExtension>
        </extensions>
      </trkpt>
      <trkpt lat="43.84944724850356578826904296875" lon="87.51061507500708103179931640625">
        <ele>813</ele>
        <time>2026-07-29T13:44:35.000Z</time>
        <extensions>
          <ns3:TrackPointExtension>
            <ns3:hr>148</ns3:hr>
            <ns3:cad>56</ns3:cad>
          </ns3:TrackPointExtension>
        </extensions>
      </trkpt>
      <trkpt lat="43.84924423880875110626220703125" lon="87.51060032285749912261962890625">
        <ele>813</ele>
        <time>2026-07-29T13:44:46.000Z</time>
        <extensions>
          <ns3:TrackPointExtension>
            <ns3:hr>148</ns3:hr>
            <ns3:cad>78</ns3:cad>
          </ns3:TrackPointExtension>
        </extensions>
      </trkpt>
      <trkpt lat="43.84919193573296070098876953125" lon="87.51057920046150684356689453125">
        <ele>812.79998779296875</ele>
        <time>2026-07-29T13:44:48.000Z</time>
        <extensions>
          <ns3:TrackPointExtension>
            <ns3:hr>151</ns3:hr>
            <ns3:cad>79</ns3:cad>
          </ns3:TrackPointExtension>
        </extensions>
      </trkpt>
      <trkpt lat="43.849116750061511993408203125" lon="87.51056830398738384246826171875">
        <ele>813.4000244140625</ele>
        <time>2026-07-29T13:44:51.000Z</time>
        <extensions>
          <ns3:TrackPointExtension>
            <ns3:hr>154</ns3:hr>
            <ns3:cad>80</ns3:cad>
          </ns3:TrackPointExtension>
        </extensions>
      </trkpt>
      <trkpt lat="43.849042318761348724365234375" lon="87.5105715729296207427978515625">
        <ele>813.79998779296875</ele>
        <time>2026-07-29T13:44:54.000Z</time>
        <extensions>
          <ns3:TrackPointExtension>
            <ns3:hr>156</ns3:hr>
            <ns3:cad>81</ns3:cad>
          </ns3:TrackPointExtension>
        </extensions>
      </trkpt>
      <trkpt lat="43.8488517142832279205322265625" lon="87.51054324209690093994140625">
        <ele>814.5999755859375</ele>
        <time>2026-07-29T13:45:01.000Z</time>
        <extensions>
          <ns3:TrackPointExtension>
            <ns3:hr>156</ns3:hr>
            <ns3:cad>81</ns3:cad>
          </ns3:TrackPointExtension>
        </extensions>
      </trkpt>
      <trkpt lat="43.84878340177237987518310546875" lon="87.51054198481142520904541015625">
        <ele>814.79998779296875</ele>
        <time>2026-07-29T13:45:03.000Z</time>
        <extensions>
          <ns3:TrackPointExtension>
            <ns3:hr>157</ns3:hr>
            <ns3:cad>81</ns3:cad>
          </ns3:TrackPointExtension>
        </extensions>
      </trkpt>
      <trkpt lat="43.848686255514621734619140625" lon="87.5105219520628452301025390625">
        <ele>814.79998779296875</ele>
        <time>2026-07-29T13:45:08.000Z</time>
        <extensions>
          <ns3:TrackPointExtension>
            <ns3:hr>155</ns3:hr>
            <ns3:cad>82</ns3:cad>
          </ns3:TrackPointExtension>
        </extensions>
      </trkpt>
      <trkpt lat="43.84867946617305278778076171875" lon="87.5105135701596736907958984375">
        <ele>814.79998779296875</ele>
        <time>2026-07-29T13:45:09.000Z</time>
        <extensions>
          <ns3:TrackPointExtension>
            <ns3:hr>155</ns3:hr>
            <ns3:cad>82</ns3:cad>
          </ns3:TrackPointExtension>
        </extensions>
      </trkpt>
      <trkpt lat="43.84855943731963634490966796875" lon="87.51042145304381847381591796875">
        <ele>814</ele>
        <time>2026-07-29T13:46:03.000Z</time>
        <extensions>
          <ns3:TrackPointExtension>
            <ns3:hr>139</ns3:hr>
            <ns3:cad>0</ns3:cad>
          </ns3:TrackPointExtension>
        </extensions>
      </trkpt>
      <trkpt lat="43.84855943731963634490966796875" lon="87.51042095012962818145751953125">
        <ele>814</ele>
        <time>2026-07-29T13:46:04.000Z</time>
        <extensions>
          <ns3:TrackPointExtension>
            <ns3:hr>139</ns3:hr>
            <ns3:cad>0</ns3:cad>
          </ns3:TrackPointExtension>
        </extensions>
      </trkpt>
      <trkpt lat="43.84853663854300975799560546875" lon="87.5104092992842197418212890625">
        <ele>813.79998779296875</ele>
        <time>2026-07-29T13:46:06.000Z</time>
        <extensions>
          <ns3:TrackPointExtension>
            <ns3:hr>139</ns3:hr>
            <ns3:cad>0</ns3:cad>
          </ns3:TrackPointExtension>
        </extensions>
      </trkpt>
      <trkpt lat="43.848442845046520233154296875" lon="87.51040770672261714935302734375">
        <ele>813.79998779296875</ele>
        <time>2026-07-29T13:46:09.000Z</time>
        <extensions>
          <ns3:TrackPointExtension>
            <ns3:hr>136</ns3:hr>
            <ns3:cad>0</ns3:cad>
          </ns3:TrackPointExtension>
        </extensions>
      </trkpt>
      <trkpt lat="43.84834385477006435394287109375" lon="87.5103848241269588470458984375">
        <ele>813.4000244140625</ele>
        <time>2026-07-29T13:46:12.000Z</time>
        <extensions>
          <ns3:TrackPointExtension>
            <ns3:hr>137</ns3:hr>
            <ns3:cad>82</ns3:cad>
          </ns3:TrackPointExtension>
        </extensions>
      </trkpt>
      <trkpt lat="43.8482016138732433319091796875" lon="87.51036697067320346832275390625">
        <ele>814.4000244140625</ele>
        <time>2026-07-29T13:46:16.000Z</time>
        <extensions>
          <ns3:TrackPointExtension>
            <ns3:hr>140</ns3:hr>
            <ns3:cad>83</ns3:cad>
          </ns3:TrackPointExtension>
        </extensions>
      </trkpt>
      <trkpt lat="43.8481114245951175689697265625" lon="87.51033998094499111175537109375">
        <ele>814.79998779296875</ele>
        <time>2026-07-29T13:46:19.000Z</time>
        <extensions>
          <ns3:TrackPointExtension>
            <ns3:hr>143</ns3:hr>
            <ns3:cad>83</ns3:cad>
          </ns3:TrackPointExtension>
        </extensions>
      </trkpt>
      <trkpt lat="43.84807429276406764984130859375" lon="87.5103234685957431793212890625">
        <ele>815</ele>
        <time>2026-07-29T13:46:20.000Z</time>
        <extensions>
          <ns3:TrackPointExtension>
            <ns3:hr>144</ns3:hr>
            <ns3:cad>83</ns3:cad>
          </ns3:TrackPointExtension>
        </extensions>
      </trkpt>
      <trkpt lat="43.847968764603137969970703125" lon="87.5103006698191165924072265625">
        <ele>815.20001220703125</ele>
        <time>2026-07-29T13:46:24.000Z</time>
        <extensions>
          <ns3:TrackPointExtension>
            <ns3:hr>148</ns3:hr>
            <ns3:cad>82</ns3:cad>
          </ns3:TrackPointExtension>
        </extensions>
      </trkpt>
      <trkpt lat="43.847924508154392242431640625" lon="87.51031802035868167877197265625">
        <ele>815</ele>
        <time>2026-07-29T13:46:26.000Z</time>
        <extensions>
          <ns3:TrackPointExtension>
            <ns3:hr>150</ns3:hr>
            <ns3:cad>80</ns3:cad>
          </ns3:TrackPointExtension>
        </extensions>
      </trkpt>
      <trkpt lat="43.8478633202612400054931640625" lon="87.510353811085224151611328125">
        <ele>815</ele>
        <time>2026-07-29T13:46:29.000Z</time>
        <extensions>
          <ns3:TrackPointExtension>
            <ns3:hr>153</ns3:hr>
            <ns3:cad>79</ns3:cad>
          </ns3:TrackPointExtension>
        </extensions>
      </trkpt>
      <trkpt lat="43.847757875919342041015625" lon="87.51035674475133419036865234375">
        <ele>815.5999755859375</ele>
        <time>2026-07-29T13:46:33.000Z</time>
        <extensions>
          <ns3:TrackPointExtension>
            <ns3:hr>156</ns3:hr>
            <ns3:cad>81</ns3:cad>
          </ns3:TrackPointExtension>
        </extensions>
      </trkpt>
      <trkpt lat="43.84773063473403453826904296875" lon="87.51035272143781185150146484375">
        <ele>816</ele>
        <time>2026-07-29T13:46:34.000Z</time>
        <extensions>
          <ns3:TrackPointExtension>
            <ns3:hr>156</ns3:hr>
            <ns3:cad>81</ns3:cad>
          </ns3:TrackPointExtension>
        </extensions>
      </trkpt>
      <trkpt lat="43.8475481607019901275634765625" lon="87.5102902762591838836669921875">
        <ele>817.5999755859375</ele>
        <time>2026-07-29T13:46:42.000Z</time>
        <extensions>
          <ns3:TrackPointExtension>
            <ns3:hr>158</ns3:hr>
            <ns3:cad>81</ns3:cad>
          </ns3:TrackPointExtension>
        </extensions>
      </trkpt>
      <trkpt lat="43.8475069217383861541748046875" lon="87.5102885998785495758056640625">
        <ele>818</ele>
        <time>2026-07-29T13:46:44.000Z</time>
        <extensions>
          <ns3:TrackPointExtension>
            <ns3:hr>159</ns3:hr>
            <ns3:cad>81</ns3:cad>
          </ns3:TrackPointExtension>
        </extensions>
      </trkpt>
      <trkpt lat="43.8473221845924854278564453125" lon="87.5102423317730426788330078125">
        <ele>819.79998779296875</ele>
        <time>2026-07-29T13:46:51.000Z</time>
        <extensions>
          <ns3:TrackPointExtension>
            <ns3:hr>157</ns3:hr>
            <ns3:cad>80</ns3:cad>
          </ns3:TrackPointExtension>
        </extensions>
      </trkpt>
      <trkpt lat="43.84728605858981609344482421875" lon="87.51020872034132480621337890625">
        <ele>820</ele>
        <time>2026-07-29T13:46:56.000Z</time>
        <extensions>
          <ns3:TrackPointExtension>
            <ns3:hr>159</ns3:hr>
            <ns3:cad>80</ns3:cad>
          </ns3:TrackPointExtension>
        </extensions>
      </trkpt>
      <trkpt lat="43.84711624123156070709228515625" lon="87.51022900454699993133544921875">
        <ele>821.4000244140625</ele>
        <time>2026-07-29T13:47:01.000Z</time>
        <extensions>
          <ns3:TrackPointExtension>
            <ns3:hr>161</ns3:hr>
            <ns3:cad>81</ns3:cad>
          </ns3:TrackPointExtension>
        </extensions>
      </trkpt>
      <trkpt lat="43.846997804939746856689453125" lon="87.5102061219513416290283203125">
        <ele>821.79998779296875</ele>
        <time>2026-07-29T13:47:07.000Z</time>
        <extensions>
          <ns3:TrackPointExtension>
            <ns3:hr>164</ns3:hr>
            <ns3:cad>81</ns3:cad>
          </ns3:TrackPointExtension>
        </extensions>
      </trkpt>
      <trkpt lat="43.84697995148599147796630859375" lon="87.51020603813230991363525390625">
        <ele>822</ele>
        <time>2026-07-29T13:47:08.000Z</time>
        <extensions>
          <ns3:TrackPointExtension>
            <ns3:hr>163</ns3:hr>
            <ns3:cad>81</ns3:cad>
          </ns3:TrackPointExtension>
        </extensions>
      </trkpt>
      <trkpt lat="43.84689345024526119232177734375" lon="87.510203607380390167236328125">
        <ele>822.79998779296875</ele>
        <time>2026-07-29T13:47:15.000Z</time>
        <extensions>
          <ns3:TrackPointExtension>
            <ns3:hr>161</ns3:hr>
            <ns3:cad>0</ns3:cad>
          </ns3:TrackPointExtension>
        </extensions>
      </trkpt>
      <trkpt lat="43.84675196371972560882568359375" lon="87.510170750319957733154296875">
        <ele>824.20001220703125</ele>
        <time>2026-07-29T13:47:23.000Z</time>
        <extensions>
          <ns3:TrackPointExtension>
            <ns3:hr>163</ns3:hr>
            <ns3:cad>54</ns3:cad>
          </ns3:TrackPointExtension>
        </extensions>
      </trkpt>
      <trkpt lat="43.8466217927634716033935546875" lon="87.51014803536236286163330078125">
        <ele>824.79998779296875</ele>
        <time>2026-07-29T13:47:30.000Z</time>
        <extensions>
          <ns3:TrackPointExtension>
            <ns3:hr>160</ns3:hr>
            <ns3:cad>78</ns3:cad>
          </ns3:TrackPointExtension>
        </extensions>
      </trkpt>
      <trkpt lat="43.846604526042938232421875" lon="87.51016077585518360137939453125">
        <ele>824.79998779296875</ele>
        <time>2026-07-29T13:47:32.000Z</time>
        <extensions>
          <ns3:TrackPointExtension>
            <ns3:hr>161</ns3:hr>
            <ns3:cad>77</ns3:cad>
          </ns3:TrackPointExtension>
        </extensions>
      </trkpt>
      <trkpt lat="43.84654878638684749603271484375" lon="87.51021307893097400665283203125">
        <ele>824.5999755859375</ele>
        <time>2026-07-29T13:47:37.000Z</time>
        <extensions>
          <ns3:TrackPointExtension>
            <ns3:hr>163</ns3:hr>
            <ns3:cad>56</ns3:cad>
          </ns3:TrackPointExtension>
        </extensions>
      </trkpt>
      <trkpt lat="43.84643160738050937652587890625" lon="87.51018877141177654266357421875">
        <ele>824.79998779296875</ele>
        <time>2026-07-29T13:47:45.000Z</time>
        <extensions>
          <ns3:TrackPointExtension>
            <ns3:hr>161</ns3:hr>
            <ns3:cad>54</ns3:cad>
          </ns3:TrackPointExtension>
        </extensions>
      </trkpt>
      <trkpt lat="43.8463108241558074951171875" lon="87.5101662240922451019287109375">
        <ele>824.4000244140625</ele>
        <time>2026-07-29T13:47:52.000Z</time>
        <extensions>
          <ns3:TrackPointExtension>
            <ns3:hr>158</ns3:hr>
            <ns3:cad>79</ns3:cad>
          </ns3:TrackPointExtension>
        </extensions>
      </trkpt>
      <trkpt lat="43.84612684138119220733642578125" lon="87.51013898290693759918212890625">
        <ele>823</ele>
        <time>2026-07-29T13:48:01.000Z</time>
        <extensions>
          <ns3:TrackPointExtension>
            <ns3:hr>159</ns3:hr>
            <ns3:cad>79</ns3:cad>
          </ns3:TrackPointExtension>
        </extensions>
      </trkpt>
      <trkpt lat="43.84611158631742000579833984375" lon="87.5101420842111110687255859375">
        <ele>823</ele>
        <time>2026-07-29T13:48:02.000Z</time>
        <extensions>
          <ns3:TrackPointExtension>
            <ns3:hr>160</ns3:hr>
            <ns3:cad>79</ns3:cad>
          </ns3:TrackPointExtension>
        </extensions>
      </trkpt>
      <trkpt lat="43.8460330478847026824951171875" lon="87.5101496279239654541015625">
        <ele>823.4000244140625</ele>
        <time>2026-07-29T13:48:08.000Z</time>
        <extensions>
          <ns3:TrackPointExtension>
            <ns3:hr>163</ns3:hr>
            <ns3:cad>68</ns3:cad>
          </ns3:TrackPointExtension>
        </extensions>
      </trkpt>
      <trkpt lat="43.846022821962833404541015625" lon="87.5101523101329803466796875">
        <ele>823.4000244140625</ele>
        <time>2026-07-29T13:48:09.000Z</time>
        <extensions>
          <ns3:TrackPointExtension>
            <ns3:hr>163</ns3:hr>
            <ns3:cad>55</ns3:cad>
          </ns3:TrackPointExtension>
        </extensions>
      </trkpt>
      <trkpt lat="43.84592064656317234039306640625" lon="87.51014937646687030792236328125">
        <ele>823.79998779296875</ele>
        <time>2026-07-29T13:48:17.000Z</time>
        <extensions>
          <ns3:TrackPointExtension>
            <ns3:hr>163</ns3:hr>
            <ns3:cad>55</ns3:cad>
          </ns3:TrackPointExtension>
        </extensions>
      </trkpt>
      <trkpt lat="43.84585593827068805694580078125" lon="87.51014082692563533782958984375">
        <ele>824</ele>
        <time>2026-07-29T13:48:23.000Z</time>
        <extensions>
          <ns3:TrackPointExtension>
            <ns3:hr>161</ns3:hr>
            <ns3:cad>56</ns3:cad>
          </ns3:TrackPointExtension>
        </extensions>
      </trkpt>
      <trkpt lat="43.845829702913761138916015625" lon="87.51013043336570262908935546875">
        <ele>824.20001220703125</ele>
        <time>2026-07-29T13:48:25.000Z</time>
        <extensions>
          <ns3:TrackPointExtension>
            <ns3:hr>159</ns3:hr>
            <ns3:cad>0</ns3:cad>
          </ns3:TrackPointExtension>
        </extensions>
      </trkpt>
      <trkpt lat="43.8457903079688549041748046875" lon="87.5101172737777233123779296875">
        <ele>824.4000244140625</ele>
        <time>2026-07-29T13:48:28.000Z</time>
        <extensions>
          <ns3:TrackPointExtension>
            <ns3:hr>156</ns3:hr>
            <ns3:cad>0</ns3:cad>
          </ns3:TrackPointExtension>
        </extensions>
      </trkpt>
      <trkpt lat="43.84567338041961193084716796875" lon="87.51010201871395111083984375">
        <ele>825.20001220703125</ele>
        <time>2026-07-29T13:48:32.000Z</time>
        <extensions>
          <ns3:TrackPointExtension>
            <ns3:hr>153</ns3:hr>
            <ns3:cad>78</ns3:cad>
          </ns3:TrackPointExtension>
        </extensions>
      </trkpt>
      <trkpt lat="43.8454852066934108734130859375" lon="87.5100529007613658905029296875">
        <ele>826.5999755859375</ele>
        <time>2026-07-29T13:48:39.000Z</time>
        <extensions>
          <ns3:TrackPointExtension>
            <ns3:hr>153</ns3:hr>
            <ns3:cad>82</ns3:cad>
          </ns3:TrackPointExtension>
        </extensions>
      </trkpt>
      <trkpt lat="43.8453197479248046875" lon="87.51002557575702667236328125">
        <ele>827.79998779296875</ele>
        <time>2026-07-29T13:48:45.000Z</time>
        <extensions>
          <ns3:TrackPointExtension>
            <ns3:hr>156</ns3:hr>
            <ns3:cad>81</ns3:cad>
          </ns3:TrackPointExtension>
        </extensions>
      </trkpt>
      <trkpt lat="43.84524908848106861114501953125" lon="87.5100086443126201629638671875">
        <ele>828</ele>
        <time>2026-07-29T13:48:48.000Z</time>
        <extensions>
          <ns3:TrackPointExtension>
            <ns3:hr>157</ns3:hr>
            <ns3:cad>81</ns3:cad>
          </ns3:TrackPointExtension>
        </extensions>
      </trkpt>
      <trkpt lat="43.845084048807621002197265625" lon="87.50995106063783168792724609375">
        <ele>828</ele>
        <time>2026-07-29T13:48:54.000Z</time>
        <extensions>
          <ns3:TrackPointExtension>
            <ns3:hr>160</ns3:hr>
            <ns3:cad>82</ns3:cad>
          </ns3:TrackPointExtension>
        </extensions>
      </trkpt>
      <trkpt lat="43.8450376130640506744384765625" lon="87.5099591910839080810546875">
        <ele>828</ele>
        <time>2026-07-29T13:48:57.000Z</time>
        <extensions>
          <ns3:TrackPointExtension>
            <ns3:hr>161</ns3:hr>
            <ns3:cad>82</ns3:cad>
          </ns3:TrackPointExtension>
        </extensions>
      </trkpt>
      <trkpt lat="43.84499184787273406982421875" lon="87.50999364070594310760498046875">
        <ele>828</ele>
        <time>2026-07-29T13:49:01.000Z</time>
        <extensions>
          <ns3:TrackPointExtension>
            <ns3:hr>164</ns3:hr>
            <ns3:cad>57</ns3:cad>
          </ns3:TrackPointExtension>
        </extensions>
      </trkpt>
      <trkpt lat="43.84492185898125171661376953125" lon="87.50999598763883113861083984375">
        <ele>828.4000244140625</ele>
        <time>2026-07-29T13:49:06.000Z</time>
        <extensions>
          <ns3:TrackPointExtension>
            <ns3:hr>162</ns3:hr>
            <ns3:cad>54</ns3:cad>
          </ns3:TrackPointExtension>
        </extensions>
      </trkpt>
      <trkpt lat="43.84489000774919986724853515625" lon="87.5099992565810680389404296875">
        <ele>828.4000244140625</ele>
        <time>2026-07-29T13:49:10.000Z</time>
        <extensions>
          <ns3:TrackPointExtension>
            <ns3:hr>160</ns3:hr>
            <ns3:cad>53</ns3:cad>
          </ns3:TrackPointExtension>
        </extensions>
      </trkpt>
      <trkpt lat="43.84482848457992076873779296875" lon="87.5099757872521877288818359375">
        <ele>828.5999755859375</ele>
        <time>2026-07-29T13:49:14.000Z</time>
        <extensions>
          <ns3:TrackPointExtension>
            <ns3:hr>159</ns3:hr>
            <ns3:cad>54</ns3:cad>
          </ns3:TrackPointExtension>
        </extensions>
      </trkpt>
      <trkpt lat="43.8447848148643970489501953125" lon="87.50996212475001811981201171875">
        <ele>828.79998779296875</ele>
        <time>2026-07-29T13:49:19.000Z</time>
        <extensions>
          <ns3:TrackPointExtension>
            <ns3:hr>162</ns3:hr>
            <ns3:cad>54</ns3:cad>
          </ns3:TrackPointExtension>
        </extensions>
      </trkpt>
      <trkpt lat="43.844727315008640289306640625" lon="87.50995759852230548858642578125">
        <ele>829</ele>
        <time>2026-07-29T13:49:25.000Z</time>
        <extensions>
          <ns3:TrackPointExtension>
            <ns3:hr>163</ns3:hr>
            <ns3:cad>54</ns3:cad>
          </ns3:TrackPointExtension>
        </extensions>
      </trkpt>
      <trkpt lat="43.84469470940530300140380859375" lon="87.50994318164885044097900390625">
        <ele>829.20001220703125</ele>
        <time>2026-07-29T13:49:29.000Z</time>
        <extensions>
          <ns3:TrackPointExtension>
            <ns3:hr>160</ns3:hr>
            <ns3:cad>56</ns3:cad>
          </ns3:TrackPointExtension>
        </extensions>
      </trkpt>
      <trkpt lat="43.844678364694118499755859375" lon="87.50994804315268993377685546875">
        <ele>829.20001220703125</ele>
        <time>2026-07-29T13:49:30.000Z</time>
        <extensions>
          <ns3:TrackPointExtension>
            <ns3:hr>159</ns3:hr>
            <ns3:cad>56</ns3:cad>
          </ns3:TrackPointExtension>
        </extensions>
      </trkpt>
      <trkpt lat="43.84461776353418827056884765625" lon="87.50994217582046985626220703125">
        <ele>829.4000244140625</ele>
        <time>2026-07-29T13:49:33.000Z</time>
        <extensions>
          <ns3:TrackPointExtension>
            <ns3:hr>156</ns3:hr>
            <ns3:cad>81</ns3:cad>
          </ns3:TrackPointExtension>
        </extensions>
      </trkpt>
      <trkpt lat="43.84454500861465930938720703125" lon="87.50993379391729831695556640625">
        <ele>829.4000244140625</ele>
        <time>2026-07-29T13:49:36.000Z</time>
        <extensions>
          <ns3:TrackPointExtension>
            <ns3:hr>153</ns3:hr>
            <ns3:cad>82</ns3:cad>
          </ns3:TrackPointExtension>
        </extensions>
      </trkpt>
      <trkpt lat="43.84435121901333332061767578125" lon="87.5099296867847442626953125">
        <ele>829</ele>
        <time>2026-07-29T13:49:42.000Z</time>
        <extensions>
          <ns3:TrackPointExtension>
            <ns3:hr>156</ns3:hr>
            <ns3:cad>82</ns3:cad>
          </ns3:TrackPointExtension>
        </extensions>
      </trkpt>
      <trkpt lat="43.84431500919163227081298828125" lon="87.5099311955273151397705078125">
        <ele>829</ele>
        <time>2026-07-29T13:49:43.000Z</time>
        <extensions>
          <ns3:TrackPointExtension>
            <ns3:hr>157</ns3:hr>
            <ns3:cad>82</ns3:cad>
          </ns3:TrackPointExtension>
        </extensions>
      </trkpt>
      <trkpt lat="43.84418291039764881134033203125" lon="87.509914934635162353515625">
        <ele>829.4000244140625</ele>
        <time>2026-07-29T13:49:47.000Z</time>
        <extensions>
          <ns3:TrackPointExtension>
            <ns3:hr>160</ns3:hr>
            <ns3:cad>81</ns3:cad>
          </ns3:TrackPointExtension>
        </extensions>
      </trkpt>
      <trkpt lat="43.84408635087311267852783203125" lon="87.50987260602414608001708984375">
        <ele>829.5999755859375</ele>
        <time>2026-07-29T13:49:50.000Z</time>
        <extensions>
          <ns3:TrackPointExtension>
            <ns3:hr>162</ns3:hr>
            <ns3:cad>80</ns3:cad>
          </ns3:TrackPointExtension>
        </extensions>
      </trkpt>
      <trkpt lat="43.84391116909682750701904296875" lon="87.509784512221813201904296875">
        <ele>830</ele>
        <time>2026-07-29T13:49:57.000Z</time>
        <extensions>
          <ns3:TrackPointExtension>
            <ns3:hr>164</ns3:hr>
            <ns3:cad>80</ns3:cad>
          </ns3:TrackPointExtension>
        </extensions>
      </trkpt>
      <trkpt lat="43.84388820268213748931884765625" lon="87.5097833387553691864013671875">
        <ele>830.20001220703125</ele>
        <time>2026-07-29T13:49:58.000Z</time>
        <extensions>
          <ns3:TrackPointExtension>
            <ns3:hr>164</ns3:hr>
            <ns3:cad>80</ns3:cad>
          </ns3:TrackPointExtension>
        </extensions>
      </trkpt>
      <trkpt lat="43.84384143166244029998779296875" lon="87.5097816623747348785400390625">
        <ele>830.20001220703125</ele>
        <time>2026-07-29T13:50:01.000Z</time>
        <extensions>
          <ns3:TrackPointExtension>
            <ns3:hr>167</ns3:hr>
            <ns3:cad>53</ns3:cad>
          </ns3:TrackPointExtension>
        </extensions>
      </trkpt>
      <trkpt lat="43.843783847987651824951171875" lon="87.5097789801657199859619140625">
        <ele>830.4000244140625</ele>
        <time>2026-07-29T13:50:05.000Z</time>
        <extensions>
          <ns3:TrackPointExtension>
            <ns3:hr>168</ns3:hr>
            <ns3:cad>53</ns3:cad>
          </ns3:TrackPointExtension>
        </extensions>
      </trkpt>
      <trkpt lat="43.843713440001010894775390625" lon="87.50979163683950901031494140625">
        <ele>830.79998779296875</ele>
        <time>2026-07-29T13:50:14.000Z</time>
        <extensions>
          <ns3:TrackPointExtension>
            <ns3:hr>169</ns3:hr>
            <ns3:cad>52</ns3:cad>
          </ns3:TrackPointExtension>
        </extensions>
      </trkpt>
      <trkpt lat="43.8436686806380748748779296875" lon="87.5097575224936008453369140625">
        <ele>830.79998779296875</ele>
        <time>2026-07-29T13:50:20.000Z</time>
        <extensions>
          <ns3:TrackPointExtension>
            <ns3:hr>169</ns3:hr>
            <ns3:cad>54</ns3:cad>
          </ns3:TrackPointExtension>
        </extensions>
      </trkpt>
      <trkpt lat="43.843664824962615966796875" lon="87.50974805094301700592041015625">
        <ele>830.79998779296875</ele>
        <time>2026-07-29T13:50:22.000Z</time>
        <extensions>
          <ns3:TrackPointExtension>
            <ns3:hr>168</ns3:hr>
            <ns3:cad>53</ns3:cad>
          </ns3:TrackPointExtension>
        </extensions>
      </trkpt>
      <trkpt lat="43.843658454716205596923828125" lon="87.5097467936575412750244140625">
        <ele>830.79998779296875</ele>
        <time>2026-07-29T13:50:23.000Z</time>
        <extensions>
          <ns3:TrackPointExtension>
            <ns3:hr>167</ns3:hr>
            <ns3:cad>53</ns3:cad>
          </ns3:TrackPointExtension>
        </extensions>
      </trkpt>
      <trkpt lat="43.84365384466946125030517578125" lon="87.5097464583814144134521484375">
        <ele>830.79998779296875</ele>
        <time>2026-07-29T13:50:26.000Z</time>
        <extensions>
          <ns3:TrackPointExtension>
            <ns3:hr>164</ns3:hr>
            <ns3:cad>53</ns3:cad>
          </ns3:TrackPointExtension>
        </extensions>
      </trkpt>
      <trkpt lat="43.8435617275536060333251953125" lon="87.50973053276538848876953125">
        <ele>831.4000244140625</ele>
        <time>2026-07-29T13:50:31.000Z</time>
        <extensions>
          <ns3:TrackPointExtension>
            <ns3:hr>163</ns3:hr>
            <ns3:cad>52</ns3:cad>
          </ns3:TrackPointExtension>
        </extensions>
      </trkpt>
      <trkpt lat="43.8434883020818233489990234375" lon="87.50969524495303630828857421875">
        <ele>832</ele>
        <time>2026-07-29T13:50:39.000Z</time>
        <extensions>
          <ns3:TrackPointExtension>
            <ns3:hr>162</ns3:hr>
            <ns3:cad>0</ns3:cad>
          </ns3:TrackPointExtension>
        </extensions>
      </trkpt>
      <trkpt lat="43.8434970192611217498779296875" lon="87.509704716503620147705078125">
        <ele>832</ele>
        <time>2026-07-29T13:50:42.000Z</time>
        <extensions>
          <ns3:TrackPointExtension>
            <ns3:hr>159</ns3:hr>
            <ns3:cad>0</ns3:cad>
          </ns3:TrackPointExtension>
        </extensions>
      </trkpt>
      <trkpt lat="43.84349157102406024932861328125" lon="87.50970982946455478668212890625">
        <ele>832</ele>
        <time>2026-07-29T13:50:45.000Z</time>
        <extensions>
          <ns3:TrackPointExtension>
            <ns3:hr>155</ns3:hr>
            <ns3:cad>54</ns3:cad>
          </ns3:TrackPointExtension>
        </extensions>
      </trkpt>
      <trkpt lat="43.84347631596028804779052734375" lon="87.5097204744815826416015625">
        <ele>832</ele>
        <time>2026-07-29T13:50:46.000Z</time>
        <extensions>
          <ns3:TrackPointExtension>
            <ns3:hr>154</ns3:hr>
            <ns3:cad>54</ns3:cad>
          </ns3:TrackPointExtension>
        </extensions>
      </trkpt>
      <trkpt lat="43.843467347323894500732421875" lon="87.50973128713667392730712890625">
        <ele>832.20001220703125</ele>
        <time>2026-07-29T13:50:47.000Z</time>
        <extensions>
          <ns3:TrackPointExtension>
            <ns3:hr>153</ns3:hr>
            <ns3:cad>54</ns3:cad>
          </ns3:TrackPointExtension>
        </extensions>
      </trkpt>
      <trkpt lat="43.84335444308817386627197265625" lon="87.50977604649960994720458984375">
        <ele>833</ele>
        <time>2026-07-29T13:50:51.000Z</time>
        <extensions>
          <ns3:TrackPointExtension>
            <ns3:hr>152</ns3:hr>
            <ns3:cad>79</ns3:cad>
          </ns3:TrackPointExtension>
        </extensions>
      </trkpt>
      <trkpt lat="43.8431657664477825164794921875" lon="87.5098104961216449737548828125">
        <ele>835.20001220703125</ele>
        <time>2026-07-29T13:50:59.000Z</time>
        <extensions>
          <ns3:TrackPointExtension>
            <ns3:hr>151</ns3:hr>
            <ns3:cad>0</ns3:cad>
          </ns3:TrackPointExtension>
        </extensions>
      </trkpt>
      <trkpt lat="43.8431345857679843902587890625" lon="87.50982147641479969024658203125">
        <ele>835.5999755859375</ele>
        <time>2026-07-29T13:51:01.000Z</time>
        <extensions>
          <ns3:TrackPointExtension>
            <ns3:hr>153</ns3:hr>
            <ns3:cad>0</ns3:cad>
          </ns3:TrackPointExtension>
        </extensions>
      </trkpt>
      <trkpt lat="43.8430286385118961334228515625" lon="87.50981426797807216644287109375">
        <ele>836.20001220703125</ele>
        <time>2026-07-29T13:51:07.000Z</time>
        <extensions>
          <ns3:TrackPointExtension>
            <ns3:hr>150</ns3:hr>
            <ns3:cad>55</ns3:cad>
          </ns3:TrackPointExtension>
        </extensions>
      </trkpt>
      <trkpt lat="43.84299360215663909912109375" lon="87.5097890384495258331298828125">
        <ele>836.4000244140625</ele>
        <time>2026-07-29T13:51:09.000Z</time>
        <extensions>
          <ns3:TrackPointExtension>
            <ns3:hr>149</ns3:hr>
            <ns3:cad>56</ns3:cad>
          </ns3:TrackPointExtension>
        </extensions>
      </trkpt>
      <trkpt lat="43.84284675121307373046875" lon="87.5096411816775798797607421875">
        <ele>836.4000244140625</ele>
        <time>2026-07-29T13:51:19.000Z</time>
        <extensions>
          <ns3:TrackPointExtension>
            <ns3:hr>147</ns3:hr>
            <ns3:cad>55</ns3:cad>
          </ns3:TrackPointExtension>
        </extensions>
      </trkpt>
      <trkpt lat="43.84272395633161067962646484375" lon="87.50965300016105175018310546875">
        <ele>836.4000244140625</ele>
        <time>2026-07-29T13:51:24.000Z</time>
        <extensions>
          <ns3:TrackPointExtension>
            <ns3:hr>144</ns3:hr>
            <ns3:cad>79</ns3:cad>
          </ns3:TrackPointExtension>
        </extensions>
      </trkpt>
      <trkpt lat="43.84267852641642093658447265625" lon="87.50965266488492488861083984375">
        <ele>836.20001220703125</ele>
        <time>2026-07-29T13:51:26.000Z</time>
        <extensions>
          <ns3:TrackPointExtension>
            <ns3:hr>144</ns3:hr>
            <ns3:cad>79</ns3:cad>
          </ns3:TrackPointExtension>
        </extensions>
      </trkpt>
      <trkpt lat="43.8425357826054096221923828125" lon="87.50969708897173404693603515625">
        <ele>837</ele>
        <time>2026-07-29T13:51:33.000Z</time>
        <extensions>
          <ns3:TrackPointExtension>
            <ns3:hr>147</ns3:hr>
            <ns3:cad>55</ns3:cad>
          </ns3:TrackPointExtension>
        </extensions>
      </trkpt>
      <trkpt lat="43.84251273237168788909912109375" lon="87.5097266770899295806884765625">
        <ele>837.4000244140625</ele>
        <time>2026-07-29T13:51:34.000Z</time>
        <extensions>
          <ns3:TrackPointExtension>
            <ns3:hr>146</ns3:hr>
            <ns3:cad>55</ns3:cad>
          </ns3:TrackPointExtension>
        </extensions>
      </trkpt>
      <trkpt lat="43.842462860047817230224609375" lon="87.50974453054368495941162109375">
        <ele>837.79998779296875</ele>
        <time>2026-07-29T13:51:36.000Z</time>
        <extensions>
          <ns3:TrackPointExtension>
            <ns3:hr>150</ns3:hr>
            <ns3:cad>57</ns3:cad>
          </ns3:TrackPointExtension>
        </extensions>
      </trkpt>
      <trkpt lat="43.84238482452929019927978515625" lon="87.50982332043349742889404296875">
        <ele>839</ele>
        <time>2026-07-29T13:51:40.000Z</time>
        <extensions>
          <ns3:TrackPointExtension>
            <ns3:hr>153</ns3:hr>
            <ns3:cad>55</ns3:cad>
          </ns3:TrackPointExtension>
        </extensions>
      </trkpt>
      <trkpt lat="43.84233788587152957916259765625" lon="87.509804628789424896240234375">
        <ele>839</ele>
        <time>2026-07-29T13:51:43.000Z</time>
        <extensions>
          <ns3:TrackPointExtension>
            <ns3:hr>153</ns3:hr>
            <ns3:cad>55</ns3:cad>
          </ns3:TrackPointExtension>
        </extensions>
      </trkpt>
      <trkpt lat="43.8422632031142711639404296875" lon="87.50983840785920619964599609375">
        <ele>840</ele>
        <time>2026-07-29T13:51:49.000Z</time>
        <extensions>
          <ns3:TrackPointExtension>
            <ns3:hr>150</ns3:hr>
            <ns3:cad>56</ns3:cad>
          </ns3:TrackPointExtension>
        </extensions>
      </trkpt>
      <trkpt lat="43.8422256521880626678466796875" lon="87.50979985110461711883544921875">
        <ele>839.5999755859375</ele>
        <time>2026-07-29T13:51:53.000Z</time>
        <extensions>
          <ns3:TrackPointExtension>
            <ns3:hr>147</ns3:hr>
            <ns3:cad>56</ns3:cad>
          </ns3:TrackPointExtension>
        </extensions>
      </trkpt>
      <trkpt lat="43.84208726696670055389404296875" lon="87.5097746215760707855224609375">
        <ele>840.5999755859375</ele>
        <time>2026-07-29T13:52:02.000Z</time>
        <extensions>
          <ns3:TrackPointExtension>
            <ns3:hr>145</ns3:hr>
            <ns3:cad>55</ns3:cad>
          </ns3:TrackPointExtension>
        </extensions>
      </trkpt>
      <trkpt lat="43.84196740575134754180908203125" lon="87.50976917333900928497314453125">
        <ele>841.79998779296875</ele>
        <time>2026-07-29T13:52:10.000Z</time>
        <extensions>
          <ns3:TrackPointExtension>
            <ns3:hr>144</ns3:hr>
            <ns3:cad>56</ns3:cad>
          </ns3:TrackPointExtension>
        </extensions>
      </trkpt>
      <trkpt lat="43.8419145159423351287841796875" lon="87.50967848114669322967529296875">
        <ele>841</ele>
        <time>2026-07-29T13:52:17.000Z</time>
        <extensions>
          <ns3:TrackPointExtension>
            <ns3:hr>143</ns3:hr>
            <ns3:cad>0</ns3:cad>
          </ns3:TrackPointExtension>
        </extensions>
      </trkpt>
      <trkpt lat="43.84189926087856292724609375" lon="87.50965216197073459625244140625">
        <ele>840.79998779296875</ele>
        <time>2026-07-29T13:52:20.000Z</time>
        <extensions>
          <ns3:TrackPointExtension>
            <ns3:hr>140</ns3:hr>
            <ns3:cad>0</ns3:cad>
          </ns3:TrackPointExtension>
        </extensions>
      </trkpt>
      <trkpt lat="43.8418957404792308807373046875" lon="87.5096405111253261566162109375">
        <ele>840.79998779296875</ele>
        <time>2026-07-29T13:52:23.000Z</time>
        <extensions>
          <ns3:TrackPointExtension>
            <ns3:hr>139</ns3:hr>
            <ns3:cad>52</ns3:cad>
          </ns3:TrackPointExtension>
        </extensions>
      </trkpt>
      <trkpt lat="43.8418984226882457733154296875" lon="87.5096361525356769561767578125">
        <ele>840.5999755859375</ele>
        <time>2026-07-29T13:52:29.000Z</time>
        <extensions>
          <ns3:TrackPointExtension>
            <ns3:hr>136</ns3:hr>
            <ns3:cad>0</ns3:cad>
          </ns3:TrackPointExtension>
        </extensions>
      </trkpt>
      <trkpt lat="43.8417555950582027435302734375" lon="87.50959784723818302154541015625">
        <ele>841.5999755859375</ele>
        <time>2026-07-29T13:52:34.000Z</time>
        <extensions>
          <ns3:TrackPointExtension>
            <ns3:hr>135</ns3:hr>
            <ns3:cad>0</ns3:cad>
          </ns3:TrackPointExtension>
        </extensions>
      </trkpt>
      <trkpt lat="43.84159122593700885772705078125" lon="87.50951067544519901275634765625">
        <ele>842</ele>
        <time>2026-07-29T13:52:40.000Z</time>
        <extensions>
          <ns3:TrackPointExtension>
            <ns3:hr>137</ns3:hr>
            <ns3:cad>81</ns3:cad>
          </ns3:TrackPointExtension>
        </extensions>
      </trkpt>
      <trkpt lat="43.84149500168859958648681640625" lon="87.50946776010096073150634765625">
        <ele>842.79998779296875</ele>
        <time>2026-07-29T13:52:45.000Z</time>
        <extensions>
          <ns3:TrackPointExtension>
            <ns3:hr>140</ns3:hr>
            <ns3:cad>80</ns3:cad>
          </ns3:TrackPointExtension>
        </extensions>
      </trkpt>
      <trkpt lat="43.84144772775471210479736328125" lon="87.50944982282817363739013671875">
        <ele>843.4000244140625</ele>
        <time>2026-07-29T13:52:47.000Z</time>
        <extensions>
          <ns3:TrackPointExtension>
            <ns3:hr>143</ns3:hr>
            <ns3:cad>81</ns3:cad>
          </ns3:TrackPointExtension>
        </extensions>
      </trkpt>
      <trkpt lat="43.84138025343418121337890625" lon="87.50944009982049465179443359375">
        <ele>844</ele>
        <time>2026-07-29T13:52:50.000Z</time>
        <extensions>
          <ns3:TrackPointExtension>
            <ns3:hr>146</ns3:hr>
            <ns3:cad>81</ns3:cad>
          </ns3:TrackPointExtension>
        </extensions>
      </trkpt>
      <trkpt lat="43.84133356623351573944091796875" lon="87.50944077037274837493896484375">
        <ele>844.20001220703125</ele>
        <time>2026-07-29T13:52:53.000Z</time>
        <extensions>
          <ns3:TrackPointExtension>
            <ns3:hr>148</ns3:hr>
            <ns3:cad>80</ns3:cad>
          </ns3:TrackPointExtension>
        </extensions>
      </trkpt>
      <trkpt lat="43.84127832949161529541015625" lon="87.50943012535572052001953125">
        <ele>844.5999755859375</ele>
        <time>2026-07-29T13:52:57.000Z</time>
        <extensions>
          <ns3:TrackPointExtension>
            <ns3:hr>152</ns3:hr>
            <ns3:cad>0</ns3:cad>
          </ns3:TrackPointExtension>
        </extensions>
      </trkpt>
      <trkpt lat="43.84125695563852787017822265625" lon="87.50943775288760662078857421875">
        <ele>844.79998779296875</ele>
        <time>2026-07-29T13:52:58.000Z</time>
        <extensions>
          <ns3:TrackPointExtension>
            <ns3:hr>153</ns3:hr>
            <ns3:cad>0</ns3:cad>
          </ns3:TrackPointExtension>
        </extensions>
      </trkpt>
      <trkpt lat="43.8412335701286792755126953125" lon="87.50945216976106166839599609375">
        <ele>845</ele>
        <time>2026-07-29T13:52:59.000Z</time>
        <extensions>
          <ns3:TrackPointExtension>
            <ns3:hr>154</ns3:hr>
            <ns3:cad>0</ns3:cad>
          </ns3:TrackPointExtension>
        </extensions>
      </trkpt>
      <trkpt lat="43.8411091826856136322021484375" lon="87.50943951308727264404296875">
        <ele>846</ele>
        <time>2026-07-29T13:53:03.000Z</time>
        <extensions>
          <ns3:TrackPointExtension>
            <ns3:hr>156</ns3:hr>
            <ns3:cad>86</ns3:cad>
          </ns3:TrackPointExtension>
        </extensions>
      </trkpt>
      <trkpt lat="43.840951435267925262451171875" lon="87.50941495411098003387451171875">
        <ele>847</ele>
        <time>2026-07-29T13:53:08.000Z</time>
        <extensions>
          <ns3:TrackPointExtension>
            <ns3:hr>159</ns3:hr>
            <ns3:cad>84</ns3:cad>
          </ns3:TrackPointExtension>
        </extensions>
      </trkpt>
      <trkpt lat="43.84092159569263458251953125" lon="87.5094068236649036407470703125">
        <ele>847</ele>
        <time>2026-07-29T13:53:09.000Z</time>
        <extensions>
          <ns3:TrackPointExtension>
            <ns3:hr>159</ns3:hr>
            <ns3:cad>85</ns3:cad>
          </ns3:TrackPointExtension>
        </extensions>
      </trkpt>
      <trkpt lat="43.840772397816181182861328125" lon="87.50937874428927898406982421875">
        <ele>847.4000244140625</ele>
        <time>2026-07-29T13:53:14.000Z</time>
        <extensions>
          <ns3:TrackPointExtension>
            <ns3:hr>162</ns3:hr>
            <ns3:cad>84</ns3:cad>
          </ns3:TrackPointExtension>
        </extensions>
      </trkpt>
      <trkpt lat="43.8407370261847972869873046875" lon="87.5093769840896129608154296875">
        <ele>847.4000244140625</ele>
        <time>2026-07-29T13:53:16.000Z</time>
        <extensions>
          <ns3:TrackPointExtension>
            <ns3:hr>162</ns3:hr>
            <ns3:cad>85</ns3:cad>
          </ns3:TrackPointExtension>
        </extensions>
      </trkpt>
      <trkpt lat="43.84068598039448261260986328125" lon="87.509365081787109375">
        <ele>847.5999755859375</ele>
        <time>2026-07-29T13:53:20.000Z</time>
        <extensions>
          <ns3:TrackPointExtension>
            <ns3:hr>165</ns3:hr>
            <ns3:cad>54</ns3:cad>
          </ns3:TrackPointExtension>
        </extensions>
      </trkpt>
      <trkpt lat="43.84066251106560230255126953125" lon="87.50938259996473789215087890625">
        <ele>847.5999755859375</ele>
        <time>2026-07-29T13:53:22.000Z</time>
        <extensions>
          <ns3:TrackPointExtension>
            <ns3:hr>166</ns3:hr>
            <ns3:cad>51</ns3:cad>
          </ns3:TrackPointExtension>
        </extensions>
      </trkpt>
      <trkpt lat="43.84065211750566959381103515625" lon="87.50938913784921169281005859375">
        <ele>847.5999755859375</ele>
        <time>2026-07-29T13:53:23.000Z</time>
        <extensions>
          <ns3:TrackPointExtension>
            <ns3:hr>166</ns3:hr>
            <ns3:cad>51</ns3:cad>
          </ns3:TrackPointExtension>
        </extensions>
      </trkpt>
      <trkpt lat="43.8405348546802997589111328125" lon="87.50938712619245052337646484375">
        <ele>848.20001220703125</ele>
        <time>2026-07-29T13:53:31.000Z</time>
        <extensions>
          <ns3:TrackPointExtension>
            <ns3:hr>165</ns3:hr>
            <ns3:cad>55</ns3:cad>
          </ns3:TrackPointExtension>
        </extensions>
      </trkpt>
      <trkpt lat="43.84048716165125370025634765625" lon="87.50940640456974506378173828125">
        <ele>848.20001220703125</ele>
        <time>2026-07-29T13:53:36.000Z</time>
        <extensions>
          <ns3:TrackPointExtension>
            <ns3:hr>162</ns3:hr>
            <ns3:cad>56</ns3:cad>
          </ns3:TrackPointExtension>
        </extensions>
      </trkpt>
      <trkpt lat="43.8404463417828083038330078125" lon="87.509405314922332763671875">
        <ele>848.79998779296875</ele>
        <time>2026-07-29T13:53:39.000Z</time>
        <extensions>
          <ns3:TrackPointExtension>
            <ns3:hr>162</ns3:hr>
            <ns3:cad>55</ns3:cad>
          </ns3:TrackPointExtension>
        </extensions>
      </trkpt>
      <trkpt lat="43.84037174284458160400390625" lon="87.50942752696573734283447265625">
        <ele>850</ele>
        <time>2026-07-29T13:53:44.000Z</time>
        <extensions>
          <ns3:TrackPointExtension>
            <ns3:hr>162</ns3:hr>
            <ns3:cad>55</ns3:cad>
          </ns3:TrackPointExtension>
        </extensions>
      </trkpt>
      <trkpt lat="43.84033896960318088531494140625" lon="87.50942266546189785003662109375">
        <ele>850.4000244140625</ele>
        <time>2026-07-29T13:53:46.000Z</time>
        <extensions>
          <ns3:TrackPointExtension>
            <ns3:hr>162</ns3:hr>
            <ns3:cad>55</ns3:cad>
          </ns3:TrackPointExtension>
        </extensions>
      </trkpt>
      <trkpt lat="43.84030410088598728179931640625" lon="87.50942878425121307373046875">
        <ele>851</ele>
        <time>2026-07-29T13:53:49.000Z</time>
        <extensions>
          <ns3:TrackPointExtension>
            <ns3:hr>161</ns3:hr>
            <ns3:cad>56</ns3:cad>
          </ns3:TrackPointExtension>
        </extensions>
      </trkpt>
      <trkpt lat="43.8402696512639522552490234375" lon="87.50940774567425251007080078125">
        <ele>851.20001220703125</ele>
        <time>2026-07-29T13:53:52.000Z</time>
        <extensions>
          <ns3:TrackPointExtension>
            <ns3:hr>161</ns3:hr>
            <ns3:cad>56</ns3:cad>
          </ns3:TrackPointExtension>
        </extensions>
      </trkpt>
      <trkpt lat="43.8401819765567779541015625" lon="87.5093287043273448944091796875">
        <ele>851.4000244140625</ele>
        <time>2026-07-29T13:53:59.000Z</time>
        <extensions>
          <ns3:TrackPointExtension>
            <ns3:hr>158</ns3:hr>
            <ns3:cad>56</ns3:cad>
          </ns3:TrackPointExtension>
        </extensions>
      </trkpt>
      <trkpt lat="43.84010679088532924652099609375" lon="87.50924916006624698638916015625">
        <ele>851.20001220703125</ele>
        <time>2026-07-29T13:54:04.000Z</time>
        <extensions>
          <ns3:TrackPointExtension>
            <ns3:hr>155</ns3:hr>
            <ns3:cad>57</ns3:cad>
          </ns3:TrackPointExtension>
        </extensions>
      </trkpt>
      <trkpt lat="43.83993814699351787567138671875" lon="87.50921311788260936737060546875">
        <ele>852.4000244140625</ele>
        <time>2026-07-29T13:54:12.000Z</time>
        <extensions>
          <ns3:TrackPointExtension>
            <ns3:hr>155</ns3:hr>
            <ns3:cad>81</ns3:cad>
          </ns3:TrackPointExtension>
        </extensions>
      </trkpt>
      <trkpt lat="43.83980847895145416259765625" lon="87.5091882236301898956298828125">
        <ele>853.4000244140625</ele>
        <time>2026-07-29T13:54:18.000Z</time>
        <extensions>
          <ns3:TrackPointExtension>
            <ns3:hr>159</ns3:hr>
            <ns3:cad>82</ns3:cad>
          </ns3:TrackPointExtension>
        </extensions>
      </trkpt>
      <trkpt lat="43.83974486030638217926025390625" lon="87.5091496668756008148193359375">
        <ele>853.5999755859375</ele>
        <time>2026-07-29T13:54:21.000Z</time>
        <extensions>
          <ns3:TrackPointExtension>
            <ns3:hr>160</ns3:hr>
            <ns3:cad>82</ns3:cad>
          </ns3:TrackPointExtension>
        </extensions>
      </trkpt>
      <trkpt lat="43.8395514898002147674560546875" lon="87.50913801603019237518310546875">
        <ele>853.79998779296875</ele>
        <time>2026-07-29T13:54:29.000Z</time>
        <extensions>
          <ns3:TrackPointExtension>
            <ns3:hr>162</ns3:hr>
            <ns3:cad>82</ns3:cad>
          </ns3:TrackPointExtension>
        </extensions>
      </trkpt>
      <trkpt lat="43.83953883312642574310302734375" lon="87.509144134819507598876953125">
        <ele>853.79998779296875</ele>
        <time>2026-07-29T13:54:30.000Z</time>
        <extensions>
          <ns3:TrackPointExtension>
            <ns3:hr>163</ns3:hr>
            <ns3:cad>82</ns3:cad>
          </ns3:TrackPointExtension>
        </extensions>
      </trkpt>
      <trkpt lat="43.8395260088145732879638671875" lon="87.5091637484729290008544921875">
        <ele>853.79998779296875</ele>
        <time>2026-07-29T13:54:32.000Z</time>
        <extensions>
          <ns3:TrackPointExtension>
            <ns3:hr>163</ns3:hr>
            <ns3:cad>59</ns3:cad>
          </ns3:TrackPointExtension>
        </extensions>
      </trkpt>
      <trkpt lat="43.8395062275230884552001953125" lon="87.50917523168027400970458984375">
        <ele>853.79998779296875</ele>
        <time>2026-07-29T13:54:34.000Z</time>
        <extensions>
          <ns3:TrackPointExtension>
            <ns3:hr>163</ns3:hr>
            <ns3:cad>59</ns3:cad>
          </ns3:TrackPointExtension>
        </extensions>
      </trkpt>
      <trkpt lat="43.8394928164780139923095703125" lon="87.50918059609830379486083984375">
        <ele>853.79998779296875</ele>
        <time>2026-07-29T13:54:35.000Z</time>
        <extensions>
          <ns3:TrackPointExtension>
            <ns3:hr>163</ns3:hr>
            <ns3:cad>59</ns3:cad>
          </ns3:TrackPointExtension>
        </extensions>
      </trkpt>
      <trkpt lat="43.8394113443791866302490234375" lon="87.50918470323085784912109375">
        <ele>854.20001220703125</ele>
        <time>2026-07-29T13:54:40.000Z</time>
        <extensions>
          <ns3:TrackPointExtension>
            <ns3:hr>162</ns3:hr>
            <ns3:cad>56</ns3:cad>
          </ns3:TrackPointExtension>
        </extensions>
      </trkpt>
      <trkpt lat="43.83928720839321613311767578125" lon="87.50918872654438018798828125">
        <ele>855</ele>
        <time>2026-07-29T13:54:49.000Z</time>
        <extensions>
          <ns3:TrackPointExtension>
            <ns3:hr>162</ns3:hr>
            <ns3:cad>56</ns3:cad>
          </ns3:TrackPointExtension>
        </extensions>
      </trkpt>
      <trkpt lat="43.8391622342169284820556640625" lon="87.50911991111934185028076171875">
        <ele>855.5999755859375</ele>
        <time>2026-07-29T13:54:57.000Z</time>
        <extensions>
          <ns3:TrackPointExtension>
            <ns3:hr>160</ns3:hr>
            <ns3:cad>56</ns3:cad>
          </ns3:TrackPointExtension>
        </extensions>
      </trkpt>
      <trkpt lat="43.83910817094147205352783203125" lon="87.5091325677931308746337890625">
        <ele>856</ele>
        <time>2026-07-29T13:55:01.000Z</time>
        <extensions>
          <ns3:TrackPointExtension>
            <ns3:hr>157</ns3:hr>
            <ns3:cad>56</ns3:cad>
          </ns3:TrackPointExtension>
        </extensions>
      </trkpt>
      <trkpt lat="43.8390542753040790557861328125" lon="87.5091074220836162567138671875">
        <ele>856</ele>
        <time>2026-07-29T13:55:06.000Z</time>
        <extensions>
          <ns3:TrackPointExtension>
            <ns3:hr>155</ns3:hr>
            <ns3:cad>56</ns3:cad>
          </ns3:TrackPointExtension>
        </extensions>
      </trkpt>
      <trkpt lat="43.83900021202862262725830078125" lon="87.5090883113443851470947265625">
        <ele>856</ele>
        <time>2026-07-29T13:55:10.000Z</time>
        <extensions>
          <ns3:TrackPointExtension>
            <ns3:hr>152</ns3:hr>
            <ns3:cad>56</ns3:cad>
          </ns3:TrackPointExtension>
        </extensions>
      </trkpt>
      <trkpt lat="43.8389154709875583648681640625" lon="87.50909862108528614044189453125">
        <ele>856</ele>
        <time>2026-07-29T13:55:17.000Z</time>
        <extensions>
          <ns3:TrackPointExtension>
            <ns3:hr>149</ns3:hr>
            <ns3:cad>56</ns3:cad>
          </ns3:TrackPointExtension>
        </extensions>
      </trkpt>
      <trkpt lat="43.8388383574783802032470703125" lon="87.5090874731540679931640625">
        <ele>856.4000244140625</ele>
        <time>2026-07-29T13:55:22.000Z</time>
        <extensions>
          <ns3:TrackPointExtension>
            <ns3:hr>146</ns3:hr>
            <ns3:cad>53</ns3:cad>
          </ns3:TrackPointExtension>
        </extensions>
      </trkpt>
      <trkpt lat="43.83880793116986751556396484375" lon="87.509089149534702301025390625">
        <ele>856.5999755859375</ele>
        <time>2026-07-29T13:55:23.000Z</time>
        <extensions>
          <ns3:TrackPointExtension>
            <ns3:hr>146</ns3:hr>
            <ns3:cad>53</ns3:cad>
          </ns3:TrackPointExtension>
        </extensions>
      </trkpt>
      <trkpt lat="43.8386727310717105865478515625" lon="87.50907029025256633758544921875">
        <ele>857.4000244140625</ele>
        <time>2026-07-29T13:55:29.000Z</time>
        <extensions>
          <ns3:TrackPointExtension>
            <ns3:hr>146</ns3:hr>
            <ns3:cad>81</ns3:cad>
          </ns3:TrackPointExtension>
        </extensions>
      </trkpt>
      <trkpt lat="43.83859586901962757110595703125" lon="87.508977167308330535888671875">
        <ele>858</ele>
        <time>2026-07-29T13:55:33.000Z</time>
        <extensions>
          <ns3:TrackPointExtension>
            <ns3:hr>147</ns3:hr>
            <ns3:cad>80</ns3:cad>
          </ns3:TrackPointExtension>
        </extensions>
      </trkpt>
      <trkpt lat="43.8384063541889190673828125" lon="87.5089572183787822723388671875">
        <ele>858.5999755859375</ele>
        <time>2026-07-29T13:55:39.000Z</time>
        <extensions>
          <ns3:TrackPointExtension>
            <ns3:hr>149</ns3:hr>
            <ns3:cad>81</ns3:cad>
          </ns3:TrackPointExtension>
        </extensions>
      </trkpt>
      <trkpt lat="43.838305436074733734130859375" lon="87.5089602358639240264892578125">
        <ele>858.79998779296875</ele>
        <time>2026-07-29T13:55:42.000Z</time>
        <extensions>
          <ns3:TrackPointExtension>
            <ns3:hr>147</ns3:hr>
            <ns3:cad>81</ns3:cad>
          </ns3:TrackPointExtension>
        </extensions>
      </trkpt>
      <trkpt lat="43.83816017769277095794677734375" lon="87.50892243348062038421630859375">
        <ele>858.4000244140625</ele>
        <time>2026-07-29T13:55:47.000Z</time>
        <extensions>
          <ns3:TrackPointExtension>
            <ns3:hr>151</ns3:hr>
            <ns3:cad>82</ns3:cad>
          </ns3:TrackPointExtension>
        </extensions>
      </trkpt>
      <trkpt lat="43.83813268505036830902099609375" lon="87.5089179910719394683837890625">
        <ele>858.4000244140625</ele>
        <time>2026-07-29T13:55:48.000Z</time>
        <extensions>
          <ns3:TrackPointExtension>
            <ns3:hr>151</ns3:hr>
            <ns3:cad>82</ns3:cad>
          </ns3:TrackPointExtension>
        </extensions>
      </trkpt>
      <trkpt lat="43.83807484991848468780517578125" lon="87.508917152881622314453125">
        <ele>858.20001220703125</ele>
        <time>2026-07-29T13:55:50.000Z</time>
        <extensions>
          <ns3:TrackPointExtension>
            <ns3:hr>154</ns3:hr>
            <ns3:cad>82</ns3:cad>
          </ns3:TrackPointExtension>
        </extensions>
      </trkpt>
      <trkpt lat="43.8380373828113079071044921875" lon="87.508909441530704498291015625">
        <ele>858.20001220703125</ele>
        <time>2026-07-29T13:55:52.000Z</time>
        <extensions>
          <ns3:TrackPointExtension>
            <ns3:hr>157</ns3:hr>
            <ns3:cad>82</ns3:cad>
          </ns3:TrackPointExtension>
        </extensions>
      </trkpt>
      <trkpt lat="43.83801550604403018951416015625" lon="87.5088997185230255126953125">
        <ele>858.4000244140625</ele>
        <time>2026-07-29T13:55:53.000Z</time>
        <extensions>
          <ns3:TrackPointExtension>
            <ns3:hr>160</ns3:hr>
            <ns3:cad>82</ns3:cad>
          </ns3:TrackPointExtension>
        </extensions>
      </trkpt>
      <trkpt lat="43.83790603838860988616943359375" lon="87.5088955275714397430419921875">
        <ele>858.79998779296875</ele>
        <time>2026-07-29T13:55:56.000Z</time>
        <extensions>
          <ns3:TrackPointExtension>
            <ns3:hr>163</ns3:hr>
            <ns3:cad>82</ns3:cad>
          </ns3:TrackPointExtension>
        </extensions>
      </trkpt>
      <trkpt lat="43.83787904866039752960205078125" lon="87.5089079327881336212158203125">
        <ele>858.79998779296875</ele>
        <time>2026-07-29T13:55:57.000Z</time>
        <extensions>
          <ns3:TrackPointExtension>
            <ns3:hr>163</ns3:hr>
            <ns3:cad>82</ns3:cad>
          </ns3:TrackPointExtension>
        </extensions>
      </trkpt>
      <trkpt lat="43.83779288269579410552978515625" lon="87.508938945829868316650390625">
        <ele>859</ele>
        <time>2026-07-29T13:56:02.000Z</time>
        <extensions>
          <ns3:TrackPointExtension>
            <ns3:hr>164</ns3:hr>
            <ns3:cad>82</ns3:cad>
          </ns3:TrackPointExtension>
        </extensions>
      </trkpt>
      <trkpt lat="43.83774678222835063934326171875" lon="87.50892587006092071533203125">
        <ele>859.4000244140625</ele>
        <time>2026-07-29T13:56:08.000Z</time>
        <extensions>
          <ns3:TrackPointExtension>
            <ns3:hr>161</ns3:hr>
            <ns3:cad>0</ns3:cad>
          </ns3:TrackPointExtension>
        </extensions>
      </trkpt>
      <trkpt lat="43.83773420937359333038330078125" lon="87.50893215648829936981201171875">
        <ele>859.5999755859375</ele>
        <time>2026-07-29T13:56:09.000Z</time>
        <extensions>
          <ns3:TrackPointExtension>
            <ns3:hr>160</ns3:hr>
            <ns3:cad>0</ns3:cad>
          </ns3:TrackPointExtension>
        </extensions>
      </trkpt>
      <trkpt lat="43.8376139290630817413330078125" lon="87.50893232412636280059814453125">
        <ele>861.4000244140625</ele>
        <time>2026-07-29T13:56:17.000Z</time>
        <extensions>
          <ns3:TrackPointExtension>
            <ns3:hr>160</ns3:hr>
            <ns3:cad>54</ns3:cad>
          </ns3:TrackPointExtension>
        </extensions>
      </trkpt>
      <trkpt lat="43.83744008839130401611328125" lon="87.50890751369297504425048828125">
        <ele>863.4000244140625</ele>
        <time>2026-07-29T13:56:22.000Z</time>
        <extensions>
          <ns3:TrackPointExtension>
            <ns3:hr>161</ns3:hr>
            <ns3:cad>81</ns3:cad>
          </ns3:TrackPointExtension>
        </extensions>
      </trkpt>
      <trkpt lat="43.83731896989047527313232421875" lon="87.5088519416749477386474609375">
        <ele>864.4000244140625</ele>
        <time>2026-07-29T13:56:26.000Z</time>
        <extensions>
          <ns3:TrackPointExtension>
            <ns3:hr>164</ns3:hr>
            <ns3:cad>81</ns3:cad>
          </ns3:TrackPointExtension>
        </extensions>
      </trkpt>
      <trkpt lat="43.8372612185776233673095703125" lon="87.5088194198906421661376953125">
        <ele>864.79998779296875</ele>
        <time>2026-07-29T13:56:28.000Z</time>
        <extensions>
          <ns3:TrackPointExtension>
            <ns3:hr>165</ns3:hr>
            <ns3:cad>79</ns3:cad>
          </ns3:TrackPointExtension>
        </extensions>
      </trkpt>
      <trkpt lat="43.83720061741769313812255859375" lon="87.50881346873939037322998046875">
        <ele>865.4000244140625</ele>
        <time>2026-07-29T13:56:32.000Z</time>
        <extensions>
          <ns3:TrackPointExtension>
            <ns3:hr>168</ns3:hr>
            <ns3:cad>79</ns3:cad>
          </ns3:TrackPointExtension>
        </extensions>
      </trkpt>
      <trkpt lat="43.83710087276995182037353515625" lon="87.50880525447428226470947265625">
        <ele>866.79998779296875</ele>
        <time>2026-07-29T13:56:40.000Z</time>
        <extensions>
          <ns3:TrackPointExtension>
            <ns3:hr>169</ns3:hr>
            <ns3:cad>56</ns3:cad>
          </ns3:TrackPointExtension>
        </extensions>
      </trkpt>
      <trkpt lat="43.83700733073055744171142578125" lon="87.50877943821251392364501953125">
        <ele>868.4000244140625</ele>
        <time>2026-07-29T13:56:49.000Z</time>
        <extensions>
          <ns3:TrackPointExtension>
            <ns3:hr>166</ns3:hr>
            <ns3:cad>56</ns3:cad>
          </ns3:TrackPointExtension>
        </extensions>
      </trkpt>
      <trkpt lat="43.83699760772287845611572265625" lon="87.50877893529832363128662109375">
        <ele>868.5999755859375</ele>
        <time>2026-07-29T13:56:50.000Z</time>
        <extensions>
          <ns3:TrackPointExtension>
            <ns3:hr>166</ns3:hr>
            <ns3:cad>56</ns3:cad>
          </ns3:TrackPointExtension>
        </extensions>
      </trkpt>
      <trkpt lat="43.8368619047105312347412109375" lon="87.5087503530085086822509765625">
        <ele>869.5999755859375</ele>
        <time>2026-07-29T13:57:00.000Z</time>
        <extensions>
          <ns3:TrackPointExtension>
            <ns3:hr>163</ns3:hr>
            <ns3:cad>56</ns3:cad>
          </ns3:TrackPointExtension>
        </extensions>
      </trkpt>
      <trkpt lat="43.83681102655827999114990234375" lon="87.50875010155141353607177734375">
        <ele>869.79998779296875</ele>
        <time>2026-07-29T13:57:03.000Z</time>
        <extensions>
          <ns3:TrackPointExtension>
            <ns3:hr>160</ns3:hr>
            <ns3:cad>58</ns3:cad>
          </ns3:TrackPointExtension>
        </extensions>
      </trkpt>
      <trkpt lat="43.83674900047481060028076171875" lon="87.508735768496990203857421875">
        <ele>870</ele>
        <time>2026-07-29T13:57:06.000Z</time>
        <extensions>
          <ns3:TrackPointExtension>
            <ns3:hr>157</ns3:hr>
            <ns3:cad>79</ns3:cad>
          </ns3:TrackPointExtension>
        </extensions>
      </trkpt>
      <trkpt lat="43.8367066718637943267822265625" lon="87.50873333774507045745849609375">
        <ele>870.20001220703125</ele>
        <time>2026-07-29T13:57:09.000Z</time>
        <extensions>
          <ns3:TrackPointExtension>
            <ns3:hr>156</ns3:hr>
            <ns3:cad>80</ns3:cad>
          </ns3:TrackPointExtension>
        </extensions>
      </trkpt>
      <trkpt lat="43.83668311871588230133056640625" lon="87.50874171964824199676513671875">
        <ele>870.20001220703125</ele>
        <time>2026-07-29T13:57:11.000Z</time>
        <extensions>
          <ns3:TrackPointExtension>
            <ns3:hr>155</ns3:hr>
            <ns3:cad>81</ns3:cad>
          </ns3:TrackPointExtension>
        </extensions>
      </trkpt>
      <trkpt lat="43.83659443818032741546630859375" lon="87.50872277654707431793212890625">
        <ele>869.4000244140625</ele>
        <time>2026-07-29T13:57:15.000Z</time>
        <extensions>
          <ns3:TrackPointExtension>
            <ns3:hr>155</ns3:hr>
            <ns3:cad>80</ns3:cad>
          </ns3:TrackPointExtension>
        </extensions>
      </trkpt>
      <trkpt lat="43.83649016730487346649169921875" lon="87.50863074325025081634521484375">
        <ele>868</ele>
        <time>2026-07-29T13:57:23.000Z</time>
        <extensions>
          <ns3:TrackPointExtension>
            <ns3:hr>157</ns3:hr>
            <ns3:cad>55</ns3:cad>
          </ns3:TrackPointExtension>
        </extensions>
      </trkpt>
      <trkpt lat="43.836445324122905731201171875" lon="87.50865203328430652618408203125">
        <ele>867.5999755859375</ele>
        <time>2026-07-29T13:57:26.000Z</time>
        <extensions>
          <ns3:TrackPointExtension>
            <ns3:hr>160</ns3:hr>
            <ns3:cad>56</ns3:cad>
          </ns3:TrackPointExtension>
        </extensions>
      </trkpt>
      <trkpt lat="43.8363388739526271820068359375" lon="87.508647255599498748779296875">
        <ele>867</ele>
        <time>2026-07-29T13:57:33.000Z</time>
        <extensions>
          <ns3:TrackPointExtension>
            <ns3:hr>160</ns3:hr>
            <ns3:cad>57</ns3:cad>
          </ns3:TrackPointExtension>
        </extensions>
      </trkpt>
      <trkpt lat="43.836277686059474945068359375" lon="87.508629150688648223876953125">
        <ele>867</ele>
        <time>2026-07-29T13:57:37.000Z</time>
        <extensions>
          <ns3:TrackPointExtension>
            <ns3:hr>157</ns3:hr>
            <ns3:cad>58</ns3:cad>
          </ns3:TrackPointExtension>
        </extensions>
      </trkpt>
      <trkpt lat="43.8362123072147369384765625" lon="87.5086185894906520843505859375">
        <ele>867</ele>
        <time>2026-07-29T13:57:41.000Z</time>
        <extensions>
          <ns3:TrackPointExtension>
            <ns3:hr>154</ns3:hr>
            <ns3:cad>56</ns3:cad>
          </ns3:TrackPointExtension>
        </extensions>
      </trkpt>
      <trkpt lat="43.8361693918704986572265625" lon="87.508616410195827484130859375">
        <ele>867</ele>
        <time>2026-07-29T13:57:44.000Z</time>
        <extensions>
          <ns3:TrackPointExtension>
            <ns3:hr>152</ns3:hr>
            <ns3:cad>58</ns3:cad>
          </ns3:TrackPointExtension>
        </extensions>
      </trkpt>
      <trkpt lat="43.83598792366683483123779296875" lon="87.50857609324157238006591796875">
        <ele>867.4000244140625</ele>
        <time>2026-07-29T13:57:53.000Z</time>
        <extensions>
          <ns3:TrackPointExtension>
            <ns3:hr>152</ns3:hr>
            <ns3:cad>81</ns3:cad>
          </ns3:TrackPointExtension>
        </extensions>
      </trkpt>
      <trkpt lat="43.83596143685281276702880859375" lon="87.5085669569671154022216796875">
        <ele>867.5999755859375</ele>
        <time>2026-07-29T13:57:54.000Z</time>
        <extensions>
          <ns3:TrackPointExtension>
            <ns3:hr>153</ns3:hr>
            <ns3:cad>82</ns3:cad>
          </ns3:TrackPointExtension>
        </extensions>
      </trkpt>
      <trkpt lat="43.8357635401189327239990234375" lon="87.5085572339594364166259765625">
        <ele>868.20001220703125</ele>
        <time>2026-07-29T13:58:01.000Z</time>
        <extensions>
          <ns3:TrackPointExtension>
            <ns3:hr>154</ns3:hr>
            <ns3:cad>82</ns3:cad>
          </ns3:TrackPointExtension>
        </extensions>
      </trkpt>
      <trkpt lat="43.83566974662244319915771484375" lon="87.5085397996008396148681640625">
        <ele>868.5999755859375</ele>
        <time>2026-07-29T13:58:05.000Z</time>
        <extensions>
          <ns3:TrackPointExtension>
            <ns3:hr>156</ns3:hr>
            <ns3:cad>82</ns3:cad>
          </ns3:TrackPointExtension>
        </extensions>
      </trkpt>
      <trkpt lat="43.83562155067920684814453125" lon="87.50857139937579631805419921875">
        <ele>868.79998779296875</ele>
        <time>2026-07-29T13:58:08.000Z</time>
        <extensions>
          <ns3:TrackPointExtension>
            <ns3:hr>159</ns3:hr>
            <ns3:cad>82</ns3:cad>
          </ns3:TrackPointExtension>
        </extensions>
      </trkpt>
      <trkpt lat="43.83559095673263072967529296875" lon="87.50857341103255748748779296875">
        <ele>868.79998779296875</ele>
        <time>2026-07-29T13:58:11.000Z</time>
        <extensions>
          <ns3:TrackPointExtension>
            <ns3:hr>161</ns3:hr>
            <ns3:cad>0</ns3:cad>
          </ns3:TrackPointExtension>
        </extensions>
      </trkpt>
      <trkpt lat="43.83549070917069911956787109375" lon="87.5085706450045108795166015625">
        <ele>869.20001220703125</ele>
        <time>2026-07-29T13:58:19.000Z</time>
        <extensions>
          <ns3:TrackPointExtension>
            <ns3:hr>159</ns3:hr>
            <ns3:cad>56</ns3:cad>
          </ns3:TrackPointExtension>
        </extensions>
      </trkpt>
      <trkpt lat="43.83532583713531494140625" lon="87.50855170190334320068359375">
        <ele>870.20001220703125</ele>
        <time>2026-07-29T13:58:29.000Z</time>
        <extensions>
          <ns3:TrackPointExtension>
            <ns3:hr>157</ns3:hr>
            <ns3:cad>57</ns3:cad>
          </ns3:TrackPointExtension>
        </extensions>
      </trkpt>
      <trkpt lat="43.83525517769157886505126953125" lon="87.508534602820873260498046875">
        <ele>870.79998779296875</ele>
        <time>2026-07-29T13:58:32.000Z</time>
        <extensions>
          <ns3:TrackPointExtension>
            <ns3:hr>154</ns3:hr>
            <ns3:cad>81</ns3:cad>
          </ns3:TrackPointExtension>
        </extensions>
      </trkpt>
      <trkpt lat="43.8352225720882415771484375" lon="87.50849663279950618743896484375">
        <ele>871</ele>
        <time>2026-07-29T13:58:34.000Z</time>
        <extensions>
          <ns3:TrackPointExtension>
            <ns3:hr>153</ns3:hr>
            <ns3:cad>82</ns3:cad>
          </ns3:TrackPointExtension>
        </extensions>
      </trkpt>
      <trkpt lat="43.8350376673042774200439453125" lon="87.5084486044943332672119140625">
        <ele>872.79998779296875</ele>
        <time>2026-07-29T13:58:41.000Z</time>
        <extensions>
          <ns3:TrackPointExtension>
            <ns3:hr>156</ns3:hr>
            <ns3:cad>82</ns3:cad>
          </ns3:TrackPointExtension>
        </extensions>
      </trkpt>
      <trkpt lat="43.834988214075565338134765625" lon="87.5084383785724639892578125">
        <ele>873.4000244140625</ele>
        <time>2026-07-29T13:58:43.000Z</time>
        <extensions>
          <ns3:TrackPointExtension>
            <ns3:hr>157</ns3:hr>
            <ns3:cad>82</ns3:cad>
          </ns3:TrackPointExtension>
        </extensions>
      </trkpt>
      <trkpt lat="43.834899365901947021484375" lon="87.5084321759641170501708984375">
        <ele>874</ele>
        <time>2026-07-29T13:58:48.000Z</time>
        <extensions>
          <ns3:TrackPointExtension>
            <ns3:hr>157</ns3:hr>
            <ns3:cad>80</ns3:cad>
          </ns3:TrackPointExtension>
        </extensions>
      </trkpt>
      <trkpt lat="43.83488637395203113555908203125" lon="87.5084355287253856658935546875">
        <ele>874</ele>
        <time>2026-07-29T13:58:49.000Z</time>
        <extensions>
          <ns3:TrackPointExtension>
            <ns3:hr>160</ns3:hr>
            <ns3:cad>80</ns3:cad>
          </ns3:TrackPointExtension>
        </extensions>
      </trkpt>
      <trkpt lat="43.8347731344401836395263671875" lon="87.50842220149934291839599609375">
        <ele>874.79998779296875</ele>
        <time>2026-07-29T13:58:58.000Z</time>
        <extensions>
          <ns3:TrackPointExtension>
            <ns3:hr>158</ns3:hr>
            <ns3:cad>57</ns3:cad>
          </ns3:TrackPointExtension>
        </extensions>
      </trkpt>
      <trkpt lat="43.83472074754536151885986328125" lon="87.5084083713591098785400390625">
        <ele>875</ele>
        <time>2026-07-29T13:59:02.000Z</time>
        <extensions>
          <ns3:TrackPointExtension>
            <ns3:hr>161</ns3:hr>
            <ns3:cad>57</ns3:cad>
          </ns3:TrackPointExtension>
        </extensions>
      </trkpt>
      <trkpt lat="43.83462133817374706268310546875" lon="87.50840376131236553192138671875">
        <ele>875</ele>
        <time>2026-07-29T13:59:08.000Z</time>
        <extensions>
          <ns3:TrackPointExtension>
            <ns3:hr>160</ns3:hr>
            <ns3:cad>56</ns3:cad>
          </ns3:TrackPointExtension>
        </extensions>
      </trkpt>
      <trkpt lat="43.83451036177575588226318359375" lon="87.508403174579143524169921875">
        <ele>875</ele>
        <time>2026-07-29T13:59:16.000Z</time>
        <extensions>
          <ns3:TrackPointExtension>
            <ns3:hr>157</ns3:hr>
            <ns3:cad>55</ns3:cad>
          </ns3:TrackPointExtension>
        </extensions>
      </trkpt>
      <trkpt lat="43.83438983000814914703369140625" lon="87.50836537219583988189697265625">
        <ele>875</ele>
        <time>2026-07-29T13:59:22.000Z</time>
        <extensions>
          <ns3:TrackPointExtension>
            <ns3:hr>156</ns3:hr>
            <ns3:cad>79</ns3:cad>
          </ns3:TrackPointExtension>
        </extensions>
      </trkpt>
      <trkpt lat="43.83426326327025890350341796875" lon="87.5083560682833194732666015625">
        <ele>875</ele>
        <time>2026-07-29T13:59:29.000Z</time>
        <extensions>
          <ns3:TrackPointExtension>
            <ns3:hr>157</ns3:hr>
            <ns3:cad>80</ns3:cad>
          </ns3:TrackPointExtension>
        </extensions>
      </trkpt>
      <trkpt lat="43.83418045006692409515380859375" lon="87.508365623652935028076171875">
        <ele>875</ele>
        <time>2026-07-29T13:59:36.000Z</time>
        <extensions>
          <ns3:TrackPointExtension>
            <ns3:hr>160</ns3:hr>
            <ns3:cad>80</ns3:cad>
          </ns3:TrackPointExtension>
        </extensions>
      </trkpt>
      <trkpt lat="43.8341555558145046234130859375" lon="87.50836838968098163604736328125">
        <ele>875</ele>
        <time>2026-07-29T13:59:38.000Z</time>
        <extensions>
          <ns3:TrackPointExtension>
            <ns3:hr>160</ns3:hr>
            <ns3:cad>55</ns3:cad>
          </ns3:TrackPointExtension>
        </extensions>
      </trkpt>
      <trkpt lat="43.83409948088228702545166015625" lon="87.50838347710669040679931640625">
        <ele>875.79998779296875</ele>
        <time>2026-07-29T13:59:43.000Z</time>
        <extensions>
          <ns3:TrackPointExtension>
            <ns3:hr>157</ns3:hr>
            <ns3:cad>52</ns3:cad>
          </ns3:TrackPointExtension>
        </extensions>
      </trkpt>
      <trkpt lat="43.83406721055507659912109375" lon="87.50839152373373508453369140625">
        <ele>876.20001220703125</ele>
        <time>2026-07-29T13:59:45.000Z</time>
        <extensions>
          <ns3:TrackPointExtension>
            <ns3:hr>154</ns3:hr>
            <ns3:cad>52</ns3:cad>
          </ns3:TrackPointExtension>
        </extensions>
      </trkpt>
      <trkpt lat="43.833997808396816253662109375" lon="87.5083902664482593536376953125">
        <ele>876.79998779296875</ele>
        <time>2026-07-29T13:59:50.000Z</time>
        <extensions>
          <ns3:TrackPointExtension>
            <ns3:hr>151</ns3:hr>
            <ns3:cad>56</ns3:cad>
          </ns3:TrackPointExtension>
        </extensions>
      </trkpt>
      <trkpt lat="43.83393972180783748626708984375" lon="87.50839336775243282318115234375">
        <ele>877.5999755859375</ele>
        <time>2026-07-29T13:59:58.000Z</time>
        <extensions>
          <ns3:TrackPointExtension>
            <ns3:hr>148</ns3:hr>
            <ns3:cad>56</ns3:cad>
          </ns3:TrackPointExtension>
        </extensions>
      </trkpt>
      <trkpt lat="43.83394173346459865570068359375" lon="87.50839345157146453857421875">
        <ele>877.4000244140625</ele>
        <time>2026-07-29T14:00:04.000Z</time>
        <extensions>
          <ns3:TrackPointExtension>
            <ns3:hr>147</ns3:hr>
            <ns3:cad>0</ns3:cad>
          </ns3:TrackPointExtension>
        </extensions>
      </trkpt>
      <trkpt lat="43.83393720723688602447509765625" lon="87.50843980349600315093994140625">
        <ele>877.79998779296875</ele>
        <time>2026-07-29T14:00:08.000Z</time>
        <extensions>
          <ns3:TrackPointExtension>
            <ns3:hr>144</ns3:hr>
            <ns3:cad>0</ns3:cad>
          </ns3:TrackPointExtension>
        </extensions>
      </trkpt>
      <trkpt lat="43.83394575677812099456787109375" lon="87.50852496363222599029541015625">
        <ele>878</ele>
        <time>2026-07-29T14:00:10.000Z</time>
        <extensions>
          <ns3:TrackPointExtension>
            <ns3:hr>142</ns3:hr>
            <ns3:cad>0</ns3:cad>
          </ns3:TrackPointExtension>
        </extensions>
      </trkpt>
      <trkpt lat="43.8339969702064990997314453125" lon="87.5087503530085086822509765625">
        <ele>878.79998779296875</ele>
        <time>2026-07-29T14:00:16.000Z</time>
        <extensions>
          <ns3:TrackPointExtension>
            <ns3:hr>142</ns3:hr>
            <ns3:cad>82</ns3:cad>
          </ns3:TrackPointExtension>
        </extensions>
      </trkpt>
      <trkpt lat="43.83405153639614582061767578125" lon="87.50880190171301364898681640625">
        <ele>878.79998779296875</ele>
        <time>2026-07-29T14:00:18.000Z</time>
        <extensions>
          <ns3:TrackPointExtension>
            <ns3:hr>145</ns3:hr>
            <ns3:cad>82</ns3:cad>
          </ns3:TrackPointExtension>
        </extensions>
      </trkpt>
      <trkpt lat="43.83410886861383914947509765625" lon="87.508841045200824737548828125">
        <ele>878.5999755859375</ele>
        <time>2026-07-29T14:00:21.000Z</time>
        <extensions>
          <ns3:TrackPointExtension>
            <ns3:hr>151</ns3:hr>
            <ns3:cad>81</ns3:cad>
          </ns3:TrackPointExtension>
        </extensions>
      </trkpt>
      <trkpt lat="43.83415614254772663116455078125" lon="87.508859820663928985595703125">
        <ele>878.20001220703125</ele>
        <time>2026-07-29T14:00:26.000Z</time>
        <extensions>
          <ns3:TrackPointExtension>
            <ns3:hr>152</ns3:hr>
            <ns3:cad>81</ns3:cad>
          </ns3:TrackPointExtension>
        </extensions>
      </trkpt>
      <trkpt lat="43.83417927660048007965087890625" lon="87.50887683592736721038818359375">
        <ele>878.20001220703125</ele>
        <time>2026-07-29T14:00:28.000Z</time>
        <extensions>
          <ns3:TrackPointExtension>
            <ns3:hr>152</ns3:hr>
            <ns3:cad>81</ns3:cad>
          </ns3:TrackPointExtension>
        </extensions>
      </trkpt>
      <trkpt lat="43.83420961908996105194091796875" lon="87.5089079327881336212158203125">
        <ele>878.4000244140625</ele>
        <time>2026-07-29T14:00:32.000Z</time>
        <extensions>
          <ns3:TrackPointExtension>
            <ns3:hr>149</ns3:hr>
            <ns3:cad>57</ns3:cad>
          </ns3:TrackPointExtension>
        </extensions>
      </trkpt>
      <trkpt lat="43.8342262990772724151611328125" lon="87.508906759321689605712890625">
        <ele>878.20001220703125</ele>
        <time>2026-07-29T14:00:33.000Z</time>
        <extensions>
          <ns3:TrackPointExtension>
            <ns3:hr>149</ns3:hr>
            <ns3:cad>57</ns3:cad>
          </ns3:TrackPointExtension>
        </extensions>
      </trkpt>
      <trkpt lat="43.83424968458712100982666015625" lon="87.50890835188329219818115234375">
        <ele>878</ele>
        <time>2026-07-29T14:00:34.000Z</time>
        <extensions>
          <ns3:TrackPointExtension>
            <ns3:hr>148</ns3:hr>
            <ns3:cad>57</ns3:cad>
          </ns3:TrackPointExtension>
        </extensions>
      </trkpt>
      <trkpt lat="43.83440407924354076385498046875" lon="87.50891120173037052154541015625">
        <ele>877</ele>
        <time>2026-07-29T14:00:40.000Z</time>
        <extensions>
          <ns3:TrackPointExtension>
            <ns3:hr>147</ns3:hr>
            <ns3:cad>79</ns3:cad>
          </ns3:TrackPointExtension>
        </extensions>
      </trkpt>
      <trkpt lat="43.83449275977909564971923828125" lon="87.50890868715941905975341796875">
        <ele>876.79998779296875</ele>
        <time>2026-07-29T14:00:43.000Z</time>
        <extensions>
          <ns3:TrackPointExtension>
            <ns3:hr>144</ns3:hr>
            <ns3:cad>81</ns3:cad>
          </ns3:TrackPointExtension>
        </extensions>
      </trkpt>
      <trkpt lat="43.83466400206089019775390625" lon="87.5088961981236934661865234375">
        <ele>876.79998779296875</ele>
        <time>2026-07-29T14:00:50.000Z</time>
        <extensions>
          <ns3:TrackPointExtension>
            <ns3:hr>144</ns3:hr>
            <ns3:cad>82</ns3:cad>
          </ns3:TrackPointExtension>
        </extensions>
      </trkpt>
      <trkpt lat="43.83476684801280498504638671875" lon="87.50893081538379192352294921875">
        <ele>876.79998779296875</ele>
        <time>2026-07-29T14:00:55.000Z</time>
        <extensions>
          <ns3:TrackPointExtension>
            <ns3:hr>148</ns3:hr>
            <ns3:cad>82</ns3:cad>
          </ns3:TrackPointExtension>
        </extensions>
      </trkpt>
      <trkpt lat="43.83487899787724018096923828125" lon="87.508948333561420440673828125">
        <ele>876.4000244140625</ele>
        <time>2026-07-29T14:00:59.000Z</time>
        <extensions>
          <ns3:TrackPointExtension>
            <ns3:hr>151</ns3:hr>
            <ns3:cad>82</ns3:cad>
          </ns3:TrackPointExtension>
        </extensions>
      </trkpt>
      <trkpt lat="43.83490196429193019866943359375" lon="87.50894087366759777069091796875">
        <ele>876.4000244140625</ele>
        <time>2026-07-29T14:01:00.000Z</time>
        <extensions>
          <ns3:TrackPointExtension>
            <ns3:hr>152</ns3:hr>
            <ns3:cad>82</ns3:cad>
          </ns3:TrackPointExtension>
        </extensions>
      </trkpt>
      <trkpt lat="43.83502953685820102691650390625" lon="87.5089371018111705780029296875">
        <ele>875.79998779296875</ele>
        <time>2026-07-29T14:01:06.000Z</time>
        <extensions>
          <ns3:TrackPointExtension>
            <ns3:hr>154</ns3:hr>
            <ns3:cad>62</ns3:cad>
          </ns3:TrackPointExtension>
        </extensions>
      </trkpt>
      <trkpt lat="43.83519466035068035125732421875" lon="87.50895512290298938751220703125">
        <ele>874</ele>
        <time>2026-07-29T14:01:13.000Z</time>
        <extensions>
          <ns3:TrackPointExtension>
            <ns3:hr>153</ns3:hr>
            <ns3:cad>58</ns3:cad>
          </ns3:TrackPointExtension>
        </extensions>
      </trkpt>
      <trkpt lat="43.835355006158351898193359375" lon="87.508997619152069091796875">
        <ele>872.5999755859375</ele>
        <time>2026-07-29T14:01:20.000Z</time>
        <extensions>
          <ns3:TrackPointExtension>
            <ns3:hr>154</ns3:hr>
            <ns3:cad>83</ns3:cad>
          </ns3:TrackPointExtension>
        </extensions>
      </trkpt>
      <trkpt lat="43.83543723262846469879150390625" lon="87.50901396386325359344482421875">
        <ele>871.79998779296875</ele>
        <time>2026-07-29T14:01:26.000Z</time>
        <extensions>
          <ns3:TrackPointExtension>
            <ns3:hr>154</ns3:hr>
            <ns3:cad>71</ns3:cad>
          </ns3:TrackPointExtension>
        </extensions>
      </trkpt>
      <trkpt lat="43.83550495840609073638916015625" lon="87.5090024806559085845947265625">
        <ele>871</ele>
        <time>2026-07-29T14:01:30.000Z</time>
        <extensions>
          <ns3:TrackPointExtension>
            <ns3:hr>151</ns3:hr>
            <ns3:cad>56</ns3:cad>
          </ns3:TrackPointExtension>
        </extensions>
      </trkpt>
      <trkpt lat="43.83556094951927661895751953125" lon="87.5090091861784458160400390625">
        <ele>870.4000244140625</ele>
        <time>2026-07-29T14:01:35.000Z</time>
        <extensions>
          <ns3:TrackPointExtension>
            <ns3:hr>149</ns3:hr>
            <ns3:cad>57</ns3:cad>
          </ns3:TrackPointExtension>
        </extensions>
      </trkpt>
      <trkpt lat="43.83566086180508136749267578125" lon="87.50904162414371967315673828125">
        <ele>870</ele>
        <time>2026-07-29T14:01:41.000Z</time>
        <extensions>
          <ns3:TrackPointExtension>
            <ns3:hr>148</ns3:hr>
            <ns3:cad>79</ns3:cad>
          </ns3:TrackPointExtension>
        </extensions>
      </trkpt>
      <trkpt lat="43.83579748682677745819091796875" lon="87.5090497545897960662841796875">
        <ele>869</ele>
        <time>2026-07-29T14:01:46.000Z</time>
        <extensions>
          <ns3:TrackPointExtension>
            <ns3:hr>146</ns3:hr>
            <ns3:cad>79</ns3:cad>
          </ns3:TrackPointExtension>
        </extensions>
      </trkpt>
      <trkpt lat="43.83597400970757007598876953125" lon="87.50908269546926021575927734375">
        <ele>869</ele>
        <time>2026-07-29T14:01:53.000Z</time>
        <extensions>
          <ns3:TrackPointExtension>
            <ns3:hr>147</ns3:hr>
            <ns3:cad>82</ns3:cad>
          </ns3:TrackPointExtension>
        </extensions>
      </trkpt>
      <trkpt lat="43.83610828779637813568115234375" lon="87.50910331495106220245361328125">
        <ele>868.79998779296875</ele>
        <time>2026-07-29T14:02:00.000Z</time>
        <extensions>
          <ns3:TrackPointExtension>
            <ns3:hr>148</ns3:hr>
            <ns3:cad>82</ns3:cad>
          </ns3:TrackPointExtension>
        </extensions>
      </trkpt>
      <trkpt lat="43.83614148013293743133544921875" lon="87.5091064162552356719970703125">
        <ele>868.79998779296875</ele>
        <time>2026-07-29T14:02:04.000Z</time>
        <extensions>
          <ns3:TrackPointExtension>
            <ns3:hr>151</ns3:hr>
            <ns3:cad>82</ns3:cad>
          </ns3:TrackPointExtension>
        </extensions>
      </trkpt>
      <trkpt lat="43.83618674241006374359130859375" lon="87.50913131050765514373779296875">
        <ele>869</ele>
        <time>2026-07-29T14:02:07.000Z</time>
        <extensions>
          <ns3:TrackPointExtension>
            <ns3:hr>150</ns3:hr>
            <ns3:cad>58</ns3:cad>
          </ns3:TrackPointExtension>
        </extensions>
      </trkpt>
      <trkpt lat="43.83621054701507091522216796875" lon="87.50913416035473346710205078125">
        <ele>869.20001220703125</ele>
        <time>2026-07-29T14:02:08.000Z</time>
        <extensions>
          <ns3:TrackPointExtension>
            <ns3:hr>150</ns3:hr>
            <ns3:cad>58</ns3:cad>
          </ns3:TrackPointExtension>
        </extensions>
      </trkpt>
      <trkpt lat="43.836304843425750732421875" lon="87.50912125222384929656982421875">
        <ele>869</ele>
        <time>2026-07-29T14:02:11.000Z</time>
        <extensions>
          <ns3:TrackPointExtension>
            <ns3:hr>149</ns3:hr>
            <ns3:cad>58</ns3:cad>
          </ns3:TrackPointExtension>
        </extensions>
      </trkpt>
      <trkpt lat="43.83650533854961395263671875" lon="87.5091476552188396453857421875">
        <ele>871</ele>
        <time>2026-07-29T14:02:18.000Z</time>
        <extensions>
          <ns3:TrackPointExtension>
            <ns3:hr>149</ns3:hr>
            <ns3:cad>79</ns3:cad>
          </ns3:TrackPointExtension>
        </extensions>
      </trkpt>
      <trkpt lat="43.83662226609885692596435546875" lon="87.50919031910598278045654296875">
        <ele>872.4000244140625</ele>
        <time>2026-07-29T14:02:23.000Z</time>
        <extensions>
          <ns3:TrackPointExtension>
            <ns3:hr>150</ns3:hr>
            <ns3:cad>80</ns3:cad>
          </ns3:TrackPointExtension>
        </extensions>
      </trkpt>
      <trkpt lat="43.83663701824843883514404296875" lon="87.50919249840080738067626953125">
        <ele>872.5999755859375</ele>
        <time>2026-07-29T14:02:24.000Z</time>
        <extensions>
          <ns3:TrackPointExtension>
            <ns3:hr>150</ns3:hr>
            <ns3:cad>80</ns3:cad>
          </ns3:TrackPointExtension>
        </extensions>
      </trkpt>
      <trkpt lat="43.8366959430277347564697265625" lon="87.5092180632054805755615234375">
        <ele>873</ele>
        <time>2026-07-29T14:02:31.000Z</time>
        <extensions>
          <ns3:TrackPointExtension>
            <ns3:hr>151</ns3:hr>
            <ns3:cad>0</ns3:cad>
          </ns3:TrackPointExtension>
        </extensions>
      </trkpt>
      <trkpt lat="43.836765848100185394287109375" lon="87.5092559494078159332275390625">
        <ele>872.79998779296875</ele>
        <time>2026-07-29T14:02:37.000Z</time>
        <extensions>
          <ns3:TrackPointExtension>
            <ns3:hr>149</ns3:hr>
            <ns3:cad>78</ns3:cad>
          </ns3:TrackPointExtension>
        </extensions>
      </trkpt>
      <trkpt lat="43.836970366537570953369140625" lon="87.50928201712667942047119140625">
        <ele>872</ele>
        <time>2026-07-29T14:02:44.000Z</time>
        <extensions>
          <ns3:TrackPointExtension>
            <ns3:hr>148</ns3:hr>
            <ns3:cad>82</ns3:cad>
          </ns3:TrackPointExtension>
        </extensions>
      </trkpt>
      <trkpt lat="43.8369883038103580474853515625" lon="87.50929056666791439056396484375">
        <ele>871.79998779296875</ele>
        <time>2026-07-29T14:02:45.000Z</time>
        <extensions>
          <ns3:TrackPointExtension>
            <ns3:hr>149</ns3:hr>
            <ns3:cad>82</ns3:cad>
          </ns3:TrackPointExtension>
        </extensions>
      </trkpt>
      <trkpt lat="43.83704186417162418365478515625" lon="87.5093127787113189697265625">
        <ele>871.4000244140625</ele>
        <time>2026-07-29T14:02:49.000Z</time>
        <extensions>
          <ns3:TrackPointExtension>
            <ns3:hr>148</ns3:hr>
            <ns3:cad>82</ns3:cad>
          </ns3:TrackPointExtension>
        </extensions>
      </trkpt>
      <trkpt lat="43.8370781578123569488525390625" lon="87.50931504182517528533935546875">
        <ele>870.79998779296875</ele>
        <time>2026-07-29T14:02:52.000Z</time>
        <extensions>
          <ns3:TrackPointExtension>
            <ns3:hr>147</ns3:hr>
            <ns3:cad>67</ns3:cad>
          </ns3:TrackPointExtension>
        </extensions>
      </trkpt>
      <trkpt lat="43.8370882160961627960205078125" lon="87.50931076705455780029296875">
        <ele>870.5999755859375</ele>
        <time>2026-07-29T14:02:53.000Z</time>
        <extensions>
          <ns3:TrackPointExtension>
            <ns3:hr>147</ns3:hr>
            <ns3:cad>66</ns3:cad>
          </ns3:TrackPointExtension>
        </extensions>
      </trkpt>
      <trkpt lat="43.83713691495358943939208984375" lon="87.50931168906390666961669921875">
        <ele>870</ele>
        <time>2026-07-29T14:02:56.000Z</time>
        <extensions>
          <ns3:TrackPointExtension>
            <ns3:hr>147</ns3:hr>
            <ns3:cad>66</ns3:cad>
          </ns3:TrackPointExtension>
        </extensions>
      </trkpt>
      <trkpt lat="43.8372856937348842620849609375" lon="87.50928721390664577484130859375">
        <ele>867.5999755859375</ele>
        <time>2026-07-29T14:03:02.000Z</time>
        <extensions>
          <ns3:TrackPointExtension>
            <ns3:hr>147</ns3:hr>
            <ns3:cad>0</ns3:cad>
          </ns3:TrackPointExtension>
        </extensions>
      </trkpt>
      <trkpt lat="43.83738267235457897186279296875" lon="87.5092881359159946441650390625">
        <ele>866.20001220703125</ele>
        <time>2026-07-29T14:03:05.000Z</time>
        <extensions>
          <ns3:TrackPointExtension>
            <ns3:hr>144</ns3:hr>
            <ns3:cad>82</ns3:cad>
          </ns3:TrackPointExtension>
        </extensions>
      </trkpt>
      <trkpt lat="43.83745349943637847900390625" lon="87.509319484233856201171875">
        <ele>865.4000244140625</ele>
        <time>2026-07-29T14:03:08.000Z</time>
        <extensions>
          <ns3:TrackPointExtension>
            <ns3:hr>144</ns3:hr>
            <ns3:cad>81</ns3:cad>
          </ns3:TrackPointExtension>
        </extensions>
      </trkpt>
      <trkpt lat="43.8376038707792758941650390625" lon="87.5094012916088104248046875">
        <ele>864</ele>
        <time>2026-07-29T14:03:13.000Z</time>
        <extensions>
          <ns3:TrackPointExtension>
            <ns3:hr>144</ns3:hr>
            <ns3:cad>81</ns3:cad>
          </ns3:TrackPointExtension>
        </extensions>
      </trkpt>
      <trkpt lat="43.83770487271249294281005859375" lon="87.50942082144320011138916015625">
        <ele>862.5999755859375</ele>
        <time>2026-07-29T14:03:16.000Z</time>
        <extensions>
          <ns3:TrackPointExtension>
            <ns3:hr>147</ns3:hr>
            <ns3:cad>82</ns3:cad>
          </ns3:TrackPointExtension>
        </extensions>
      </trkpt>
      <trkpt lat="43.83779858238995075225830078125" lon="87.50943758524954319000244140625">
        <ele>861.4000244140625</ele>
        <time>2026-07-29T14:03:19.000Z</time>
        <extensions>
          <ns3:TrackPointExtension>
            <ns3:hr>147</ns3:hr>
            <ns3:cad>82</ns3:cad>
          </ns3:TrackPointExtension>
        </extensions>
      </trkpt>
      <trkpt lat="43.83790721185505390167236328125" lon="87.50945828855037689208984375">
        <ele>860.4000244140625</ele>
        <time>2026-07-29T14:03:23.000Z</time>
        <extensions>
          <ns3:TrackPointExtension>
            <ns3:hr>150</ns3:hr>
            <ns3:cad>82</ns3:cad>
          </ns3:TrackPointExtension>
        </extensions>
      </trkpt>
      <trkpt lat="43.8379408232867717742919921875" lon="87.50947362743318080902099609375">
        <ele>860.20001220703125</ele>
        <time>2026-07-29T14:03:25.000Z</time>
        <extensions>
          <ns3:TrackPointExtension>
            <ns3:hr>151</ns3:hr>
            <ns3:cad>82</ns3:cad>
          </ns3:TrackPointExtension>
        </extensions>
      </trkpt>
      <trkpt lat="43.838001005351543426513671875" lon="87.5094654969871044158935546875">
        <ele>859.4000244140625</ele>
        <time>2026-07-29T14:03:29.000Z</time>
        <extensions>
          <ns3:TrackPointExtension>
            <ns3:hr>154</ns3:hr>
            <ns3:cad>57</ns3:cad>
          </ns3:TrackPointExtension>
        </extensions>
      </trkpt>
      <trkpt lat="43.83812136948108673095703125" lon="87.5094762258231639862060546875">
        <ele>858.79998779296875</ele>
        <time>2026-07-29T14:03:36.000Z</time>
        <extensions>
          <ns3:TrackPointExtension>
            <ns3:hr>155</ns3:hr>
            <ns3:cad>58</ns3:cad>
          </ns3:TrackPointExtension>
        </extensions>
      </trkpt>
      <trkpt lat="43.83821256458759307861328125" lon="87.50945803709328174591064453125">
        <ele>858.4000244140625</ele>
        <time>2026-07-29T14:03:41.000Z</time>
        <extensions>
          <ns3:TrackPointExtension>
            <ns3:hr>152</ns3:hr>
            <ns3:cad>0</ns3:cad>
          </ns3:TrackPointExtension>
        </extensions>
      </trkpt>
      <trkpt lat="43.838224299252033233642578125" lon="87.509461306035518646240234375">
        <ele>858.20001220703125</ele>
        <time>2026-07-29T14:03:42.000Z</time>
        <extensions>
          <ns3:TrackPointExtension>
            <ns3:hr>151</ns3:hr>
            <ns3:cad>0</ns3:cad>
          </ns3:TrackPointExtension>
        </extensions>
      </trkpt>
      <trkpt lat="43.838216923177242279052734375" lon="87.50946038402616977691650390625">
        <ele>858.4000244140625</ele>
        <time>2026-07-29T14:03:46.000Z</time>
        <extensions>
          <ns3:TrackPointExtension>
            <ns3:hr>151</ns3:hr>
            <ns3:cad>0</ns3:cad>
          </ns3:TrackPointExtension>
        </extensions>
      </trkpt>
      <trkpt lat="43.838217258453369140625" lon="87.50945887528359889984130859375">
        <ele>858.4000244140625</ele>
        <time>2026-07-29T14:03:50.000Z</time>
        <extensions>
          <ns3:TrackPointExtension>
            <ns3:hr>148</ns3:hr>
            <ns3:cad>0</ns3:cad>
          </ns3:TrackPointExtension>
        </extensions>
      </trkpt>
      <trkpt lat="43.838211558759212493896484375" lon="87.50945937819778919219970703125">
        <ele>858.4000244140625</ele>
        <time>2026-07-29T14:03:54.000Z</time>
        <extensions>
          <ns3:TrackPointExtension>
            <ns3:hr>145</ns3:hr>
            <ns3:cad>0</ns3:cad>
          </ns3:TrackPointExtension>
        </extensions>
      </trkpt>
      <trkpt lat="43.83823477663099765777587890625" lon="87.5094574503600597381591796875">
        <ele>858.20001220703125</ele>
        <time>2026-07-29T14:03:59.000Z</time>
        <extensions>
          <ns3:TrackPointExtension>
            <ns3:hr>144</ns3:hr>
            <ns3:cad>0</ns3:cad>
          </ns3:TrackPointExtension>
        </extensions>
      </trkpt>
      <trkpt lat="43.8383233733475208282470703125" lon="87.509437501430511474609375">
        <ele>858</ele>
        <time>2026-07-29T14:04:03.000Z</time>
        <extensions>
          <ns3:TrackPointExtension>
            <ns3:hr>144</ns3:hr>
            <ns3:cad>78</ns3:cad>
          </ns3:TrackPointExtension>
        </extensions>
      </trkpt>
      <trkpt lat="43.8383857347071170806884765625" lon="87.50945652835071086883544921875">
        <ele>858</ele>
        <time>2026-07-29T14:04:06.000Z</time>
        <extensions>
          <ns3:TrackPointExtension>
            <ns3:hr>144</ns3:hr>
            <ns3:cad>79</ns3:cad>
          </ns3:TrackPointExtension>
        </extensions>
      </trkpt>
      <trkpt lat="43.83856669999659061431884765625" lon="87.50946960411965847015380859375">
        <ele>858</ele>
        <time>2026-07-29T14:04:55.000Z</time>
        <extensions>
          <ns3:TrackPointExtension>
            <ns3:hr>126</ns3:hr>
            <ns3:cad>0</ns3:cad>
          </ns3:TrackPointExtension>
        </extensions>
      </trkpt>
      <trkpt lat="43.83864381350576877593994140625" lon="87.5094711966812610626220703125">
        <ele>858</ele>
        <time>2026-07-29T14:05:02.000Z</time>
        <extensions>
          <ns3:TrackPointExtension>
            <ns3:hr>125</ns3:hr>
            <ns3:cad>78</ns3:cad>
          </ns3:TrackPointExtension>
        </extensions>
      </trkpt>
      <trkpt lat="43.83882083930075168609619140625" lon="87.509517967700958251953125">
        <ele>859</ele>
        <time>2026-07-29T14:05:07.000Z</time>
        <extensions>
          <ns3:TrackPointExtension>
            <ns3:hr>127</ns3:hr>
            <ns3:cad>82</ns3:cad>
          </ns3:TrackPointExtension>
        </extensions>
      </trkpt>
      <trkpt lat="43.83890147320926189422607421875" lon="87.5095503218472003936767578125">
        <ele>859.79998779296875</ele>
        <time>2026-07-29T14:05:09.000Z</time>
        <extensions>
          <ns3:TrackPointExtension>
            <ns3:hr>130</ns3:hr>
            <ns3:cad>81</ns3:cad>
          </ns3:TrackPointExtension>
        </extensions>
      </trkpt>
      <trkpt lat="43.838977329432964324951171875" lon="87.509571947157382965087890625">
        <ele>859.20001220703125</ele>
        <time>2026-07-29T14:05:11.000Z</time>
        <extensions>
          <ns3:TrackPointExtension>
            <ns3:hr>133</ns3:hr>
            <ns3:cad>82</ns3:cad>
          </ns3:TrackPointExtension>
        </extensions>
      </trkpt>
      <trkpt lat="43.83909174241125583648681640625" lon="87.50961209647357463836669921875">
        <ele>858.79998779296875</ele>
        <time>2026-07-29T14:05:14.000Z</time>
        <extensions>
          <ns3:TrackPointExtension>
            <ns3:hr>136</ns3:hr>
            <ns3:cad>82</ns3:cad>
          </ns3:TrackPointExtension>
        </extensions>
      </trkpt>
      <trkpt lat="43.8391739688813686370849609375" lon="87.5096462108194828033447265625">
        <ele>858.5999755859375</ele>
        <time>2026-07-29T14:05:17.000Z</time>
        <extensions>
          <ns3:TrackPointExtension>
            <ns3:hr>138</ns3:hr>
            <ns3:cad>82</ns3:cad>
          </ns3:TrackPointExtension>
        </extensions>
      </trkpt>
      <trkpt lat="43.83927647955715656280517578125" lon="87.50966439954936504364013671875">
        <ele>857.79998779296875</ele>
        <time>2026-07-29T14:05:20.000Z</time>
        <extensions>
          <ns3:TrackPointExtension>
            <ns3:hr>141</ns3:hr>
            <ns3:cad>83</ns3:cad>
          </ns3:TrackPointExtension>
        </extensions>
      </trkpt>
      <trkpt lat="43.839448392391204833984375" lon="87.5096840970218181610107421875">
        <ele>856.4000244140625</ele>
        <time>2026-07-29T14:05:25.000Z</time>
        <extensions>
          <ns3:TrackPointExtension>
            <ns3:hr>144</ns3:hr>
            <ns3:cad>84</ns3:cad>
          </ns3:TrackPointExtension>
        </extensions>
      </trkpt>
      <trkpt lat="43.8394807465374469757080078125" lon="87.5096874497830867767333984375">
        <ele>856.20001220703125</ele>
        <time>2026-07-29T14:05:26.000Z</time>
        <extensions>
          <ns3:TrackPointExtension>
            <ns3:hr>145</ns3:hr>
            <ns3:cad>84</ns3:cad>
          </ns3:TrackPointExtension>
        </extensions>
      </trkpt>
      <trkpt lat="43.8396175391972064971923828125" lon="87.5096928142011165618896484375">
        <ele>855.79998779296875</ele>
        <time>2026-07-29T14:05:31.000Z</time>
        <extensions>
          <ns3:TrackPointExtension>
            <ns3:hr>148</ns3:hr>
            <ns3:cad>84</ns3:cad>
          </ns3:TrackPointExtension>
        </extensions>
      </trkpt>
      <trkpt lat="43.83963488973677158355712890625" lon="87.50969759188592433929443359375">
        <ele>855.79998779296875</ele>
        <time>2026-07-29T14:05:32.000Z</time>
        <extensions>
          <ns3:TrackPointExtension>
            <ns3:hr>148</ns3:hr>
            <ns3:cad>83</ns3:cad>
          </ns3:TrackPointExtension>
        </extensions>
      </trkpt>
      <trkpt lat="43.83975458331406116485595703125" lon="87.50972223468124866485595703125">
        <ele>855.79998779296875</ele>
        <time>2026-07-29T14:05:38.000Z</time>
        <extensions>
          <ns3:TrackPointExtension>
            <ns3:hr>150</ns3:hr>
            <ns3:cad>59</ns3:cad>
          </ns3:TrackPointExtension>
        </extensions>
      </trkpt>
      <trkpt lat="43.83987796492874622344970703125" lon="87.50972122885286808013916015625">
        <ele>855.79998779296875</ele>
        <time>2026-07-29T14:05:47.000Z</time>
        <extensions>
          <ns3:TrackPointExtension>
            <ns3:hr>149</ns3:hr>
            <ns3:cad>58</ns3:cad>
          </ns3:TrackPointExtension>
        </extensions>
      </trkpt>
      <trkpt lat="43.839976787567138671875" lon="87.50974922440946102142333984375">
        <ele>856</ele>
        <time>2026-07-29T14:05:53.000Z</time>
        <extensions>
          <ns3:TrackPointExtension>
            <ns3:hr>146</ns3:hr>
            <ns3:cad>80</ns3:cad>
          </ns3:TrackPointExtension>
        </extensions>
      </trkpt>
      <trkpt lat="43.83999765850603580474853515625" lon="87.5097534991800785064697265625">
        <ele>856</ele>
        <time>2026-07-29T14:05:54.000Z</time>
        <extensions>
          <ns3:TrackPointExtension>
            <ns3:hr>146</ns3:hr>
            <ns3:cad>81</ns3:cad>
          </ns3:TrackPointExtension>
        </extensions>
      </trkpt>
      <trkpt lat="43.8401095569133758544921875" lon="87.5097893737256526947021484375">
        <ele>855.4000244140625</ele>
        <time>2026-07-29T14:06:00.000Z</time>
        <extensions>
          <ns3:TrackPointExtension>
            <ns3:hr>147</ns3:hr>
            <ns3:cad>82</ns3:cad>
          </ns3:TrackPointExtension>
        </extensions>
      </trkpt>
      <trkpt lat="43.84019295684993267059326171875" lon="87.50980001874268054962158203125">
        <ele>854.79998779296875</ele>
        <time>2026-07-29T14:06:05.000Z</time>
        <extensions>
          <ns3:TrackPointExtension>
            <ns3:hr>148</ns3:hr>
            <ns3:cad>82</ns3:cad>
          </ns3:TrackPointExtension>
        </extensions>
      </trkpt>
      <trkpt lat="43.84024559520184993743896484375" lon="87.50981074757874011993408203125">
        <ele>854.5999755859375</ele>
        <time>2026-07-29T14:06:09.000Z</time>
        <extensions>
          <ns3:TrackPointExtension>
            <ns3:hr>146</ns3:hr>
            <ns3:cad>58</ns3:cad>
          </ns3:TrackPointExtension>
        </extensions>
      </trkpt>
      <trkpt lat="43.8404560647904872894287109375" lon="87.50982214696705341339111328125">
        <ele>851.79998779296875</ele>
        <time>2026-07-29T14:06:19.000Z</time>
        <extensions>
          <ns3:TrackPointExtension>
            <ns3:hr>144</ns3:hr>
            <ns3:cad>78</ns3:cad>
          </ns3:TrackPointExtension>
        </extensions>
      </trkpt>
      <trkpt lat="43.840658403933048248291015625" lon="87.50984444282948970794677734375">
        <ele>849.5999755859375</ele>
        <time>2026-07-29T14:06:26.000Z</time>
        <extensions>
          <ns3:TrackPointExtension>
            <ns3:hr>146</ns3:hr>
            <ns3:cad>81</ns3:cad>
          </ns3:TrackPointExtension>
        </extensions>
      </trkpt>
      <trkpt lat="43.84073023684322834014892578125" lon="87.509854920208454132080078125">
        <ele>849.20001220703125</ele>
        <time>2026-07-29T14:06:28.000Z</time>
        <extensions>
          <ns3:TrackPointExtension>
            <ns3:hr>145</ns3:hr>
            <ns3:cad>81</ns3:cad>
          </ns3:TrackPointExtension>
        </extensions>
      </trkpt>
      <trkpt lat="43.84089971892535686492919921875" lon="87.50986707396805286407470703125">
        <ele>848.20001220703125</ele>
        <time>2026-07-29T14:06:34.000Z</time>
        <extensions>
          <ns3:TrackPointExtension>
            <ns3:hr>145</ns3:hr>
            <ns3:cad>81</ns3:cad>
          </ns3:TrackPointExtension>
        </extensions>
      </trkpt>
      <trkpt lat="43.8410454802215099334716796875" lon="87.509897835552692413330078125">
        <ele>847.79998779296875</ele>
        <time>2026-07-29T14:06:40.000Z</time>
        <extensions>
          <ns3:TrackPointExtension>
            <ns3:hr>146</ns3:hr>
            <ns3:cad>80</ns3:cad>
          </ns3:TrackPointExtension>
        </extensions>
      </trkpt>
      <trkpt lat="43.8411762379109859466552734375" lon="87.509925663471221923828125">
        <ele>847.79998779296875</ele>
        <time>2026-07-29T14:06:50.000Z</time>
        <extensions>
          <ns3:TrackPointExtension>
            <ns3:hr>146</ns3:hr>
            <ns3:cad>56</ns3:cad>
          </ns3:TrackPointExtension>
        </extensions>
      </trkpt>
      <trkpt lat="43.84122208692133426666259765625" lon="87.50994368456304073333740234375">
        <ele>848</ele>
        <time>2026-07-29T14:06:56.000Z</time>
        <extensions>
          <ns3:TrackPointExtension>
            <ns3:hr>142</ns3:hr>
            <ns3:cad>56</ns3:cad>
          </ns3:TrackPointExtension>
        </extensions>
      </trkpt>
      <trkpt lat="43.8412617333233356475830078125" lon="87.509947121143341064453125">
        <ele>848.20001220703125</ele>
        <time>2026-07-29T14:06:59.000Z</time>
        <extensions>
          <ns3:TrackPointExtension>
            <ns3:hr>139</ns3:hr>
            <ns3:cad>55</ns3:cad>
          </ns3:TrackPointExtension>
        </extensions>
      </trkpt>
      <trkpt lat="43.8414387591183185577392578125" lon="87.50991954468190670013427734375">
        <ele>847.79998779296875</ele>
        <time>2026-07-29T14:07:06.000Z</time>
        <extensions>
          <ns3:TrackPointExtension>
            <ns3:hr>136</ns3:hr>
            <ns3:cad>81</ns3:cad>
          </ns3:TrackPointExtension>
        </extensions>
      </trkpt>
      <trkpt lat="43.84146851487457752227783203125" lon="87.50992256216704845428466796875">
        <ele>847.79998779296875</ele>
        <time>2026-07-29T14:07:07.000Z</time>
        <extensions>
          <ns3:TrackPointExtension>
            <ns3:hr>135</ns3:hr>
            <ns3:cad>81</ns3:cad>
          </ns3:TrackPointExtension>
        </extensions>
      </trkpt>
      <trkpt lat="43.84162944741547107696533203125" lon="87.5099328719079494476318359375">
        <ele>846.79998779296875</ele>
        <time>2026-07-29T14:07:12.000Z</time>
        <extensions>
          <ns3:TrackPointExtension>
            <ns3:hr>138</ns3:hr>
            <ns3:cad>80</ns3:cad>
          </ns3:TrackPointExtension>
        </extensions>
      </trkpt>
      <trkpt lat="43.84168200194835662841796875" lon="87.5099315308034420013427734375">
        <ele>846.20001220703125</ele>
        <time>2026-07-29T14:07:14.000Z</time>
        <extensions>
          <ns3:TrackPointExtension>
            <ns3:hr>140</ns3:hr>
            <ns3:cad>80</ns3:cad>
          </ns3:TrackPointExtension>
        </extensions>
      </trkpt>
      <trkpt lat="43.8417576067149639129638671875" lon="87.5099122524261474609375">
        <ele>845.5999755859375</ele>
        <time>2026-07-29T14:07:17.000Z</time>
        <extensions>
          <ns3:TrackPointExtension>
            <ns3:hr>142</ns3:hr>
            <ns3:cad>79</ns3:cad>
          </ns3:TrackPointExtension>
        </extensions>
      </trkpt>
      <trkpt lat="43.841911666095256805419921875" lon="87.50993832014501094818115234375">
        <ele>845.20001220703125</ele>
        <time>2026-07-29T14:07:22.000Z</time>
        <extensions>
          <ns3:TrackPointExtension>
            <ns3:hr>145</ns3:hr>
            <ns3:cad>80</ns3:cad>
          </ns3:TrackPointExtension>
        </extensions>
      </trkpt>
      <trkpt lat="43.8419668190181255340576171875" lon="87.509973607957363128662109375">
        <ele>845.4000244140625</ele>
        <time>2026-07-29T14:07:26.000Z</time>
        <extensions>
          <ns3:TrackPointExtension>
            <ns3:hr>146</ns3:hr>
            <ns3:cad>78</ns3:cad>
          </ns3:TrackPointExtension>
        </extensions>
      </trkpt>
      <trkpt lat="43.8420650549232959747314453125" lon="87.5100431777536869049072265625">
        <ele>846</ele>
        <time>2026-07-29T14:07:30.000Z</time>
        <extensions>
          <ns3:TrackPointExtension>
            <ns3:hr>147</ns3:hr>
            <ns3:cad>77</ns3:cad>
          </ns3:TrackPointExtension>
        </extensions>
      </trkpt>
      <trkpt lat="43.84221366606652736663818359375" lon="87.51007326878607273101806640625">
        <ele>845.4000244140625</ele>
        <time>2026-07-29T14:07:37.000Z</time>
        <extensions>
          <ns3:TrackPointExtension>
            <ns3:hr>150</ns3:hr>
            <ns3:cad>81</ns3:cad>
          </ns3:TrackPointExtension>
        </extensions>
      </trkpt>
      <trkpt lat="43.84222020395100116729736328125" lon="87.510070838034152984619140625">
        <ele>845.20001220703125</ele>
        <time>2026-07-29T14:07:38.000Z</time>
        <extensions>
          <ns3:TrackPointExtension>
            <ns3:hr>150</ns3:hr>
            <ns3:cad>81</ns3:cad>
          </ns3:TrackPointExtension>
        </extensions>
      </trkpt>
      <trkpt lat="43.84225993417203426361083984375" lon="87.51007025130093097686767578125">
        <ele>844.79998779296875</ele>
        <time>2026-07-29T14:07:42.000Z</time>
        <extensions>
          <ns3:TrackPointExtension>
            <ns3:hr>153</ns3:hr>
            <ns3:cad>82</ns3:cad>
          </ns3:TrackPointExtension>
        </extensions>
      </trkpt>
      <trkpt lat="43.84233000688254833221435546875" lon="87.510102689266204833984375">
        <ele>844</ele>
        <time>2026-07-29T14:07:45.000Z</time>
        <extensions>
          <ns3:TrackPointExtension>
            <ns3:hr>153</ns3:hr>
            <ns3:cad>82</ns3:cad>
          </ns3:TrackPointExtension>
        </extensions>
      </trkpt>
      <trkpt lat="43.84243913926184177398681640625" lon="87.5101326964795589447021484375">
        <ele>842.5999755859375</ele>
        <time>2026-07-29T14:07:54.000Z</time>
        <extensions>
          <ns3:TrackPointExtension>
            <ns3:hr>152</ns3:hr>
            <ns3:cad>55</ns3:cad>
          </ns3:TrackPointExtension>
        </extensions>
      </trkpt>
      <trkpt lat="43.8424714095890522003173828125" lon="87.51013428904116153717041015625">
        <ele>842.20001220703125</ele>
        <time>2026-07-29T14:07:58.000Z</time>
        <extensions>
          <ns3:TrackPointExtension>
            <ns3:hr>152</ns3:hr>
            <ns3:cad>55</ns3:cad>
          </ns3:TrackPointExtension>
        </extensions>
      </trkpt>
      <trkpt lat="43.84249278344213962554931640625" lon="87.51013881526887416839599609375">
        <ele>842</ele>
        <time>2026-07-29T14:07:59.000Z</time>
        <extensions>
          <ns3:TrackPointExtension>
            <ns3:hr>153</ns3:hr>
            <ns3:cad>55</ns3:cad>
          </ns3:TrackPointExtension>
        </extensions>
      </trkpt>
      <trkpt lat="43.8426149077713489532470703125" lon="87.5101622007787227630615234375">
        <ele>840.5999755859375</ele>
        <time>2026-07-29T14:08:05.000Z</time>
        <extensions>
          <ns3:TrackPointExtension>
            <ns3:hr>151</ns3:hr>
            <ns3:cad>56</ns3:cad>
          </ns3:TrackPointExtension>
        </extensions>
      </trkpt>
      <trkpt lat="43.84278162382543087005615234375" lon="87.5102461874485015869140625">
        <ele>839.79998779296875</ele>
        <time>2026-07-29T14:08:12.000Z</time>
        <extensions>
          <ns3:TrackPointExtension>
            <ns3:hr>148</ns3:hr>
            <ns3:cad>76</ns3:cad>
          </ns3:TrackPointExtension>
        </extensions>
      </trkpt>
      <trkpt lat="43.8428063504397869110107421875" lon="87.510238476097583770751953125">
        <ele>839.5999755859375</ele>
        <time>2026-07-29T14:08:13.000Z</time>
        <extensions>
          <ns3:TrackPointExtension>
            <ns3:hr>148</ns3:hr>
            <ns3:cad>76</ns3:cad>
          </ns3:TrackPointExtension>
        </extensions>
      </trkpt>
      <trkpt lat="43.84288757108151912689208984375" lon="87.5102245621383190155029296875">
        <ele>839.20001220703125</ele>
        <time>2026-07-29T14:08:17.000Z</time>
        <extensions>
          <ns3:TrackPointExtension>
            <ns3:hr>145</ns3:hr>
            <ns3:cad>79</ns3:cad>
          </ns3:TrackPointExtension>
        </extensions>
      </trkpt>
      <trkpt lat="43.8429602421820163726806640625" lon="87.5102436728775501251220703125">
        <ele>839</ele>
        <time>2026-07-29T14:08:20.000Z</time>
        <extensions>
          <ns3:TrackPointExtension>
            <ns3:hr>144</ns3:hr>
            <ns3:cad>80</ns3:cad>
          </ns3:TrackPointExtension>
        </extensions>
      </trkpt>
      <trkpt lat="43.84317473508417606353759765625" lon="87.51022079028189182281494140625">
        <ele>837.4000244140625</ele>
        <time>2026-07-29T14:08:26.000Z</time>
        <extensions>
          <ns3:TrackPointExtension>
            <ns3:hr>144</ns3:hr>
            <ns3:cad>81</ns3:cad>
          </ns3:TrackPointExtension>
        </extensions>
      </trkpt>
      <trkpt lat="43.8432133756577968597412109375" lon="87.51021911390125751495361328125">
        <ele>837.20001220703125</ele>
        <time>2026-07-29T14:08:27.000Z</time>
        <extensions>
          <ns3:TrackPointExtension>
            <ns3:hr>144</ns3:hr>
            <ns3:cad>81</ns3:cad>
          </ns3:TrackPointExtension>
        </extensions>
      </trkpt>
      <trkpt lat="43.84335276670753955841064453125" lon="87.510263286530971527099609375">
        <ele>836.5999755859375</ele>
        <time>2026-07-29T14:08:31.000Z</time>
        <extensions>
          <ns3:TrackPointExtension>
            <ns3:hr>147</ns3:hr>
            <ns3:cad>82</ns3:cad>
          </ns3:TrackPointExtension>
        </extensions>
      </trkpt>
      <trkpt lat="43.84339249692857265472412109375" lon="87.5102664716541767120361328125">
        <ele>836.5999755859375</ele>
        <time>2026-07-29T14:08:32.000Z</time>
        <extensions>
          <ns3:TrackPointExtension>
            <ns3:hr>148</ns3:hr>
            <ns3:cad>82</ns3:cad>
          </ns3:TrackPointExtension>
        </extensions>
      </trkpt>
      <trkpt lat="43.84350598789751529693603515625" lon="87.5102694891393184661865234375">
        <ele>837.20001220703125</ele>
        <time>2026-07-29T14:08:38.000Z</time>
        <extensions>
          <ns3:TrackPointExtension>
            <ns3:hr>149</ns3:hr>
            <ns3:cad>79</ns3:cad>
          </ns3:TrackPointExtension>
        </extensions>
      </trkpt>
      <trkpt lat="43.8435905613005161285400390625" lon="87.5102916173636913299560546875">
        <ele>837.5999755859375</ele>
        <time>2026-07-29T14:08:46.000Z</time>
        <extensions>
          <ns3:TrackPointExtension>
            <ns3:hr>150</ns3:hr>
            <ns3:cad>55</ns3:cad>
          </ns3:TrackPointExtension>
        </extensions>
      </trkpt>
      <trkpt lat="43.8436874561011791229248046875" lon="87.51028700731694698333740234375">
        <ele>837.4000244140625</ele>
        <time>2026-07-29T14:08:54.000Z</time>
        <extensions>
          <ns3:TrackPointExtension>
            <ns3:hr>149</ns3:hr>
            <ns3:cad>56</ns3:cad>
          </ns3:TrackPointExtension>
        </extensions>
      </trkpt>
      <trkpt lat="43.84371218271553516387939453125" lon="87.51031986437737941741943359375">
        <ele>837.79998779296875</ele>
        <time>2026-07-29T14:08:57.000Z</time>
        <extensions>
          <ns3:TrackPointExtension>
            <ns3:hr>146</ns3:hr>
            <ns3:cad>56</ns3:cad>
          </ns3:TrackPointExtension>
        </extensions>
      </trkpt>
      <trkpt lat="43.84373598732054233551025390625" lon="87.5103281624615192413330078125">
        <ele>838</ele>
        <time>2026-07-29T14:09:00.000Z</time>
        <extensions>
          <ns3:TrackPointExtension>
            <ns3:hr>143</ns3:hr>
            <ns3:cad>55</ns3:cad>
          </ns3:TrackPointExtension>
        </extensions>
      </trkpt>
      <trkpt lat="43.84376415051519870758056640625" lon="87.51031299121677875518798828125">
        <ele>837.79998779296875</ele>
        <time>2026-07-29T14:09:03.000Z</time>
        <extensions>
          <ns3:TrackPointExtension>
            <ns3:hr>140</ns3:hr>
            <ns3:cad>54</ns3:cad>
          </ns3:TrackPointExtension>
        </extensions>
      </trkpt>
      <trkpt lat="43.8437949120998382568359375" lon="87.510285079479217529296875">
        <ele>837.4000244140625</ele>
        <time>2026-07-29T14:09:06.000Z</time>
        <extensions>
          <ns3:TrackPointExtension>
            <ns3:hr>137</ns3:hr>
            <ns3:cad>56</ns3:cad>
          </ns3:TrackPointExtension>
        </extensions>
      </trkpt>
      <trkpt lat="43.84382181800901889801025390625" lon="87.510277368128299713134765625">
        <ele>837.20001220703125</ele>
        <time>2026-07-29T14:09:09.000Z</time>
        <extensions>
          <ns3:TrackPointExtension>
            <ns3:hr>134</ns3:hr>
            <ns3:cad>56</ns3:cad>
          </ns3:TrackPointExtension>
        </extensions>
      </trkpt>
      <trkpt lat="43.84380103088915348052978515625" lon="87.51027426682412624359130859375">
        <ele>837.20001220703125</ele>
        <time>2026-07-29T14:09:11.000Z</time>
        <extensions>
          <ns3:TrackPointExtension>
            <ns3:hr>133</ns3:hr>
            <ns3:cad>56</ns3:cad>
          </ns3:TrackPointExtension>
        </extensions>
      </trkpt>
      <trkpt lat="43.84380069561302661895751953125" lon="87.51026974059641361236572265625">
        <ele>837</ele>
        <time>2026-07-29T14:09:13.000Z</time>
        <extensions>
          <ns3:TrackPointExtension>
            <ns3:hr>132</ns3:hr>
            <ns3:cad>56</ns3:cad>
          </ns3:TrackPointExtension>
        </extensions>
      </trkpt>
      <trkpt lat="43.84382483549416065216064453125" lon="87.510276697576045989990234375">
        <ele>837.20001220703125</ele>
        <time>2026-07-29T14:09:14.000Z</time>
        <extensions>
          <ns3:TrackPointExtension>
            <ns3:hr>132</ns3:hr>
            <ns3:cad>56</ns3:cad>
          </ns3:TrackPointExtension>
        </extensions>
      </trkpt>
      <trkpt lat="43.84392558597028255462646484375" lon="87.510300837457180023193359375">
        <ele>837</ele>
        <time>2026-07-29T14:09:19.000Z</time>
        <extensions>
          <ns3:TrackPointExtension>
            <ns3:hr>131</ns3:hr>
            <ns3:cad>55</ns3:cad>
          </ns3:TrackPointExtension>
        </extensions>
      </trkpt>
      <trkpt lat="43.8439550064504146575927734375" lon="87.51028264872729778289794921875">
        <ele>836</ele>
        <time>2026-07-29T14:09:22.000Z</time>
        <extensions>
          <ns3:TrackPointExtension>
            <ns3:hr>130</ns3:hr>
            <ns3:cad>55</ns3:cad>
          </ns3:TrackPointExtension>
        </extensions>
      </trkpt>
      <trkpt lat="43.8439710997045040130615234375" lon="87.51025733537971973419189453125">
        <ele>835.20001220703125</ele>
        <time>2026-07-29T14:09:24.000Z</time>
        <extensions>
          <ns3:TrackPointExtension>
            <ns3:hr>129</ns3:hr>
            <ns3:cad>55</ns3:cad>
          </ns3:TrackPointExtension>
        </extensions>
      </trkpt>
      <trkpt lat="43.8440001010894775390625" lon="87.51026186160743236541748046875">
        <ele>834.5999755859375</ele>
        <time>2026-07-29T14:09:28.000Z</time>
        <extensions>
          <ns3:TrackPointExtension>
            <ns3:hr>127</ns3:hr>
            <ns3:cad>0</ns3:cad>
          </ns3:TrackPointExtension>
        </extensions>
      </trkpt>
      <trkpt lat="43.84409674443304538726806640625" lon="87.5102909468114376068115234375">
        <ele>833</ele>
        <time>2026-07-29T14:09:32.000Z</time>
        <extensions>
          <ns3:TrackPointExtension>
            <ns3:hr>126</ns3:hr>
            <ns3:cad>0</ns3:cad>
          </ns3:TrackPointExtension>
        </extensions>
      </trkpt>
      <trkpt lat="43.84416480548679828643798828125" lon="87.51030377112329006195068359375">
        <ele>832</ele>
        <time>2026-07-29T14:09:34.000Z</time>
        <extensions>
          <ns3:TrackPointExtension>
            <ns3:hr>126</ns3:hr>
            <ns3:cad>78</ns3:cad>
          </ns3:TrackPointExtension>
        </extensions>
      </trkpt>
      <trkpt lat="43.84434484876692295074462890625" lon="87.5103613547980785369873046875">
        <ele>831.5999755859375</ele>
        <time>2026-07-29T14:09:40.000Z</time>
        <extensions>
          <ns3:TrackPointExtension>
            <ns3:hr>128</ns3:hr>
            <ns3:cad>81</ns3:cad>
          </ns3:TrackPointExtension>
        </extensions>
      </trkpt>
      <trkpt lat="43.84439103305339813232421875" lon="87.51039077527821063995361328125">
        <ele>831.4000244140625</ele>
        <time>2026-07-29T14:09:42.000Z</time>
        <extensions>
          <ns3:TrackPointExtension>
            <ns3:hr>131</ns3:hr>
            <ns3:cad>81</ns3:cad>
          </ns3:TrackPointExtension>
        </extensions>
      </trkpt>
      <trkpt lat="43.8444401510059833526611328125" lon="87.51043503172695636749267578125">
        <ele>831.4000244140625</ele>
        <time>2026-07-29T14:09:44.000Z</time>
        <extensions>
          <ns3:TrackPointExtension>
            <ns3:hr>134</ns3:hr>
            <ns3:cad>82</ns3:cad>
          </ns3:TrackPointExtension>
        </extensions>
      </trkpt>
      <trkpt lat="43.8445015065371990203857421875" lon="87.51046638004481792449951171875">
        <ele>831.20001220703125</ele>
        <time>2026-07-29T14:09:46.000Z</time>
        <extensions>
          <ns3:TrackPointExtension>
            <ns3:hr>135</ns3:hr>
            <ns3:cad>82</ns3:cad>
          </ns3:TrackPointExtension>
        </extensions>
      </trkpt>
      <trkpt lat="43.8446128182113170623779296875" lon="87.510473169386386871337890625">
        <ele>830.4000244140625</ele>
        <time>2026-07-29T14:09:50.000Z</time>
        <extensions>
          <ns3:TrackPointExtension>
            <ns3:hr>138</ns3:hr>
            <ns3:cad>82</ns3:cad>
          </ns3:TrackPointExtension>
        </extensions>
      </trkpt>
      <trkpt lat="43.84470594115555286407470703125" lon="87.5104951299726963043212890625">
        <ele>829.79998779296875</ele>
        <time>2026-07-29T14:09:53.000Z</time>
        <extensions>
          <ns3:TrackPointExtension>
            <ns3:hr>137</ns3:hr>
            <ns3:cad>82</ns3:cad>
          </ns3:TrackPointExtension>
        </extensions>
      </trkpt>
      <trkpt lat="43.84479881264269351959228515625" lon="87.5104956328868865966796875">
        <ele>829.4000244140625</ele>
        <time>2026-07-29T14:09:58.000Z</time>
        <extensions>
          <ns3:TrackPointExtension>
            <ns3:hr>134</ns3:hr>
            <ns3:cad>0</ns3:cad>
          </ns3:TrackPointExtension>
        </extensions>
      </trkpt>
      <trkpt lat="43.844812475144863128662109375" lon="87.51049554906785488128662109375">
        <ele>829.4000244140625</ele>
        <time>2026-07-29T14:09:59.000Z</time>
        <extensions>
          <ns3:TrackPointExtension>
            <ns3:hr>134</ns3:hr>
            <ns3:cad>0</ns3:cad>
          </ns3:TrackPointExtension>
        </extensions>
      </trkpt>
      <trkpt lat="43.8448491878807544708251953125" lon="87.510505020618438720703125">
        <ele>829.20001220703125</ele>
        <time>2026-07-29T14:10:02.000Z</time>
        <extensions>
          <ns3:TrackPointExtension>
            <ns3:hr>131</ns3:hr>
            <ns3:cad>57</ns3:cad>
          </ns3:TrackPointExtension>
        </extensions>
      </trkpt>
      <trkpt lat="43.8448850624263286590576171875" lon="87.5105035118758678436279296875">
        <ele>829</ele>
        <time>2026-07-29T14:10:05.000Z</time>
        <extensions>
          <ns3:TrackPointExtension>
            <ns3:hr>130</ns3:hr>
            <ns3:cad>56</ns3:cad>
          </ns3:TrackPointExtension>
        </extensions>
      </trkpt>
      <trkpt lat="43.84493107907474040985107421875" lon="87.5105048529803752899169921875">
        <ele>828.79998779296875</ele>
        <time>2026-07-29T14:10:09.000Z</time>
        <extensions>
          <ns3:TrackPointExtension>
            <ns3:hr>128</ns3:hr>
            <ns3:cad>56</ns3:cad>
          </ns3:TrackPointExtension>
        </extensions>
      </trkpt>
      <trkpt lat="43.844959326088428497314453125" lon="87.51051264815032482147216796875">
        <ele>828.79998779296875</ele>
        <time>2026-07-29T14:10:12.000Z</time>
        <extensions>
          <ns3:TrackPointExtension>
            <ns3:hr>128</ns3:hr>
            <ns3:cad>57</ns3:cad>
          </ns3:TrackPointExtension>
        </extensions>
      </trkpt>
      <trkpt lat="43.84502277709543704986572265625" lon="87.510529495775699615478515625">
        <ele>828.4000244140625</ele>
        <time>2026-07-29T14:10:17.000Z</time>
        <extensions>
          <ns3:TrackPointExtension>
            <ns3:hr>127</ns3:hr>
            <ns3:cad>0</ns3:cad>
          </ns3:TrackPointExtension>
        </extensions>
      </trkpt>
      <trkpt lat="43.84510944597423076629638671875" lon="87.51052807085216045379638671875">
        <ele>829.4000244140625</ele>
        <time>2026-07-29T14:10:21.000Z</time>
        <extensions>
          <ns3:TrackPointExtension>
            <ns3:hr>130</ns3:hr>
            <ns3:cad>78</ns3:cad>
          </ns3:TrackPointExtension>
        </extensions>
      </trkpt>
      <trkpt lat="43.84519645012915134429931640625" lon="87.51054734922945499420166015625">
        <ele>830.4000244140625</ele>
        <time>2026-07-29T14:10:24.000Z</time>
        <extensions>
          <ns3:TrackPointExtension>
            <ns3:hr>132</ns3:hr>
            <ns3:cad>80</ns3:cad>
          </ns3:TrackPointExtension>
        </extensions>
      </trkpt>
      <trkpt lat="43.84528286755084991455078125" lon="87.51057651825249195098876953125">
        <ele>831.5999755859375</ele>
        <time>2026-07-29T14:10:27.000Z</time>
        <extensions>
          <ns3:TrackPointExtension>
            <ns3:hr>135</ns3:hr>
            <ns3:cad>81</ns3:cad>
          </ns3:TrackPointExtension>
        </extensions>
      </trkpt>
      <trkpt lat="43.845358975231647491455078125" lon="87.5105923600494861602783203125">
        <ele>831.4000244140625</ele>
        <time>2026-07-29T14:10:30.000Z</time>
        <extensions>
          <ns3:TrackPointExtension>
            <ns3:hr>138</ns3:hr>
            <ns3:cad>81</ns3:cad>
          </ns3:TrackPointExtension>
        </extensions>
      </trkpt>
      <trkpt lat="43.84541253559291362762451171875" lon="87.51060216687619686126708984375">
        <ele>831</ele>
        <time>2026-07-29T14:10:32.000Z</time>
        <extensions>
          <ns3:TrackPointExtension>
            <ns3:hr>139</ns3:hr>
            <ns3:cad>81</ns3:cad>
          </ns3:TrackPointExtension>
        </extensions>
      </trkpt>
      <trkpt lat="43.84550574235618114471435546875" lon="87.5106071121990680694580078125">
        <ele>830.4000244140625</ele>
        <time>2026-07-29T14:10:35.000Z</time>
        <extensions>
          <ns3:TrackPointExtension>
            <ns3:hr>143</ns3:hr>
            <ns3:cad>82</ns3:cad>
          </ns3:TrackPointExtension>
        </extensions>
      </trkpt>
      <trkpt lat="43.84556005708873271942138671875" lon="87.5106118060648441314697265625">
        <ele>830</ele>
        <time>2026-07-29T14:10:37.000Z</time>
        <extensions>
          <ns3:TrackPointExtension>
            <ns3:hr>146</ns3:hr>
            <ns3:cad>82</ns3:cad>
          </ns3:TrackPointExtension>
        </extensions>
      </trkpt>
      <trkpt lat="43.84560833685100078582763671875" lon="87.51062647439539432525634765625">
        <ele>829.5999755859375</ele>
        <time>2026-07-29T14:10:40.000Z</time>
        <extensions>
          <ns3:TrackPointExtension>
            <ns3:hr>149</ns3:hr>
            <ns3:cad>81</ns3:cad>
          </ns3:TrackPointExtension>
        </extensions>
      </trkpt>
      <trkpt lat="43.84572534821927547454833984375" lon="87.510630749166011810302734375">
        <ele>828</ele>
        <time>2026-07-29T14:10:48.000Z</time>
        <extensions>
          <ns3:TrackPointExtension>
            <ns3:hr>152</ns3:hr>
            <ns3:cad>109</ns3:cad>
          </ns3:TrackPointExtension>
        </extensions>
      </trkpt>
      <trkpt lat="43.84573959745466709136962890625" lon="87.51063049770891666412353515625">
        <ele>827.79998779296875</ele>
        <time>2026-07-29T14:10:49.000Z</time>
        <extensions>
          <ns3:TrackPointExtension>
            <ns3:hr>152</ns3:hr>
            <ns3:cad>109</ns3:cad>
          </ns3:TrackPointExtension>
        </extensions>
      </trkpt>
      <trkpt lat="43.84581796824932098388671875" lon="87.51065061427652835845947265625">
        <ele>826.79998779296875</ele>
        <time>2026-07-29T14:10:55.000Z</time>
        <extensions>
          <ns3:TrackPointExtension>
            <ns3:hr>150</ns3:hr>
            <ns3:cad>56</ns3:cad>
          </ns3:TrackPointExtension>
        </extensions>
      </trkpt>
      <trkpt lat="43.8458530046045780181884765625" lon="87.5106604211032390594482421875">
        <ele>826.5999755859375</ele>
        <time>2026-07-29T14:10:58.000Z</time>
        <extensions>
          <ns3:TrackPointExtension>
            <ns3:hr>148</ns3:hr>
            <ns3:cad>56</ns3:cad>
          </ns3:TrackPointExtension>
        </extensions>
      </trkpt>
      <trkpt lat="43.845897428691387176513671875" lon="87.51066519878804683685302734375">
        <ele>826.5999755859375</ele>
        <time>2026-07-29T14:11:01.000Z</time>
        <extensions>
          <ns3:TrackPointExtension>
            <ns3:hr>146</ns3:hr>
            <ns3:cad>56</ns3:cad>
          </ns3:TrackPointExtension>
        </extensions>
      </trkpt>
      <trkpt lat="43.8459210656583309173583984375" lon="87.5106765143573284149169921875">
        <ele>826.5999755859375</ele>
        <time>2026-07-29T14:11:03.000Z</time>
        <extensions>
          <ns3:TrackPointExtension>
            <ns3:hr>144</ns3:hr>
            <ns3:cad>56</ns3:cad>
          </ns3:TrackPointExtension>
        </extensions>
      </trkpt>
      <trkpt lat="43.8459549285471439361572265625" lon="87.51068246550858020782470703125">
        <ele>826.79998779296875</ele>
        <time>2026-07-29T14:11:06.000Z</time>
        <extensions>
          <ns3:TrackPointExtension>
            <ns3:hr>141</ns3:hr>
            <ns3:cad>57</ns3:cad>
          </ns3:TrackPointExtension>
        </extensions>
      </trkpt>
      <trkpt lat="43.84602047502994537353515625" lon="87.51069478690624237060546875">
        <ele>826.79998779296875</ele>
        <time>2026-07-29T14:11:10.000Z</time>
        <extensions>
          <ns3:TrackPointExtension>
            <ns3:hr>138</ns3:hr>
            <ns3:cad>57</ns3:cad>
          </ns3:TrackPointExtension>
        </extensions>
      </trkpt>
      <trkpt lat="43.8460622169077396392822265625" lon="87.510711215436458587646484375">
        <ele>827</ele>
        <time>2026-07-29T14:11:13.000Z</time>
        <extensions>
          <ns3:TrackPointExtension>
            <ns3:hr>137</ns3:hr>
            <ns3:cad>79</ns3:cad>
          </ns3:TrackPointExtension>
        </extensions>
      </trkpt>
      <trkpt lat="43.84608979336917400360107421875" lon="87.51071264035999774932861328125">
        <ele>827</ele>
        <time>2026-07-29T14:11:14.000Z</time>
        <extensions>
          <ns3:TrackPointExtension>
            <ns3:hr>136</ns3:hr>
            <ns3:cad>80</ns3:cad>
          </ns3:TrackPointExtension>
        </extensions>
      </trkpt>
      <trkpt lat="43.84629112668335437774658203125" lon="87.5107209384441375732421875">
        <ele>827.79998779296875</ele>
        <time>2026-07-29T14:11:20.000Z</time>
        <extensions>
          <ns3:TrackPointExtension>
            <ns3:hr>136</ns3:hr>
            <ns3:cad>82</ns3:cad>
          </ns3:TrackPointExtension>
        </extensions>
      </trkpt>
      <trkpt lat="43.8463140092790126800537109375" lon="87.5107224471867084503173828125">
        <ele>827.79998779296875</ele>
        <time>2026-07-29T14:11:21.000Z</time>
        <extensions>
          <ns3:TrackPointExtension>
            <ns3:hr>136</ns3:hr>
            <ns3:cad>82</ns3:cad>
          </ns3:TrackPointExtension>
        </extensions>
      </trkpt>
      <trkpt lat="43.84640394710004329681396484375" lon="87.51073191873729228973388671875">
        <ele>828.20001220703125</ele>
        <time>2026-07-29T14:11:25.000Z</time>
        <extensions>
          <ns3:TrackPointExtension>
            <ns3:hr>138</ns3:hr>
            <ns3:cad>0</ns3:cad>
          </ns3:TrackPointExtension>
        </extensions>
      </trkpt>
      <trkpt lat="43.84655029512941837310791015625" lon="87.51074868254363536834716796875">
        <ele>827.4000244140625</ele>
        <time>2026-07-29T14:11:33.000Z</time>
        <extensions>
          <ns3:TrackPointExtension>
            <ns3:hr>139</ns3:hr>
            <ns3:cad>56</ns3:cad>
          </ns3:TrackPointExtension>
        </extensions>
      </trkpt>
      <trkpt lat="43.8466583378612995147705078125" lon="87.51078958623111248016357421875">
        <ele>827.5999755859375</ele>
        <time>2026-07-29T14:11:41.000Z</time>
        <extensions>
          <ns3:TrackPointExtension>
            <ns3:hr>136</ns3:hr>
            <ns3:cad>56</ns3:cad>
          </ns3:TrackPointExtension>
        </extensions>
      </trkpt>
      <trkpt lat="43.84666847996413707733154296875" lon="87.51079268753528594970703125">
        <ele>827.5999755859375</ele>
        <time>2026-07-29T14:11:42.000Z</time>
        <extensions>
          <ns3:TrackPointExtension>
            <ns3:hr>136</ns3:hr>
            <ns3:cad>56</ns3:cad>
          </ns3:TrackPointExtension>
        </extensions>
      </trkpt>
      <trkpt lat="43.84675850160419940948486328125" lon="87.51083166338503360748291015625">
        <ele>827.5999755859375</ele>
        <time>2026-07-29T14:11:52.000Z</time>
        <extensions>
          <ns3:TrackPointExtension>
            <ns3:hr>133</ns3:hr>
            <ns3:cad>56</ns3:cad>
          </ns3:TrackPointExtension>
        </extensions>
      </trkpt>
      <trkpt lat="43.8468916900455951690673828125" lon="87.5108706392347812652587890625">
        <ele>827.20001220703125</ele>
        <time>2026-07-29T14:11:59.000Z</time>
        <extensions>
          <ns3:TrackPointExtension>
            <ns3:hr>133</ns3:hr>
            <ns3:cad>79</ns3:cad>
          </ns3:TrackPointExtension>
        </extensions>
      </trkpt>
      <trkpt lat="43.84696486406028270721435546875" lon="87.51091397367417812347412109375">
        <ele>827</ele>
        <time>2026-07-29T14:12:02.000Z</time>
        <extensions>
          <ns3:TrackPointExtension>
            <ns3:hr>136</ns3:hr>
            <ns3:cad>81</ns3:cad>
          </ns3:TrackPointExtension>
        </extensions>
      </trkpt>
      <trkpt lat="43.8469889201223850250244140625" lon="87.51092470251023769378662109375">
        <ele>827</ele>
        <time>2026-07-29T14:12:04.000Z</time>
        <extensions>
          <ns3:TrackPointExtension>
            <ns3:hr>137</ns3:hr>
            <ns3:cad>81</ns3:cad>
          </ns3:TrackPointExtension>
        </extensions>
      </trkpt>
      <trkpt lat="43.84699143469333648681640625" lon="87.51093425787985324859619140625">
        <ele>827</ele>
        <time>2026-07-29T14:12:05.000Z</time>
        <extensions>
          <ns3:TrackPointExtension>
            <ns3:hr>138</ns3:hr>
            <ns3:cad>81</ns3:cad>
          </ns3:TrackPointExtension>
        </extensions>
      </trkpt>
      <trkpt lat="43.84698229841887950897216796875" lon="87.51093442551791667938232421875">
        <ele>827</ele>
        <time>2026-07-29T14:12:06.000Z</time>
        <extensions>
          <ns3:TrackPointExtension>
            <ns3:hr>138</ns3:hr>
            <ns3:cad>81</ns3:cad>
          </ns3:TrackPointExtension>
        </extensions>
      </trkpt>
      <trkpt lat="43.84699487127363681793212890625" lon="87.51094917766749858856201171875">
        <ele>827</ele>
        <time>2026-07-29T14:12:08.000Z</time>
        <extensions>
          <ns3:TrackPointExtension>
            <ns3:hr>138</ns3:hr>
            <ns3:cad>81</ns3:cad>
          </ns3:TrackPointExtension>
        </extensions>
      </trkpt>
      <trkpt lat="43.84705170057713985443115234375" lon="87.51095823012292385101318359375">
        <ele>826.5999755859375</ele>
        <time>2026-07-29T14:12:11.000Z</time>
        <extensions>
          <ns3:TrackPointExtension>
            <ns3:hr>138</ns3:hr>
            <ns3:cad>81</ns3:cad>
          </ns3:TrackPointExtension>
        </extensions>
      </trkpt>
      <trkpt lat="43.8470603339374065399169921875" lon="87.5109578110277652740478515625">
        <ele>826.4000244140625</ele>
        <time>2026-07-29T14:12:12.000Z</time>
        <extensions>
          <ns3:TrackPointExtension>
            <ns3:hr>139</ns3:hr>
            <ns3:cad>81</ns3:cad>
          </ns3:TrackPointExtension>
        </extensions>
      </trkpt>
      <trkpt lat="43.847086317837238311767578125" lon="87.51095185987651348114013671875">
        <ele>826.20001220703125</ele>
        <time>2026-07-29T14:12:14.000Z</time>
        <extensions>
          <ns3:TrackPointExtension>
            <ns3:hr>141</ns3:hr>
            <ns3:cad>0</ns3:cad>
          </ns3:TrackPointExtension>
        </extensions>
      </trkpt>
      <trkpt lat="43.84711615741252899169921875" lon="87.5109517760574817657470703125">
        <ele>825.79998779296875</ele>
        <time>2026-07-29T14:12:16.000Z</time>
        <extensions>
          <ns3:TrackPointExtension>
            <ns3:hr>142</ns3:hr>
            <ns3:cad>0</ns3:cad>
          </ns3:TrackPointExtension>
        </extensions>
      </trkpt>
      <trkpt lat="43.847178518772125244140625" lon="87.51095923595130443572998046875">
        <ele>825.20001220703125</ele>
        <time>2026-07-29T14:12:19.000Z</time>
        <extensions>
          <ns3:TrackPointExtension>
            <ns3:hr>139</ns3:hr>
            <ns3:cad>0</ns3:cad>
          </ns3:TrackPointExtension>
        </extensions>
      </trkpt>
      <trkpt lat="43.8472571410238742828369140625" lon="87.5109561346471309661865234375">
        <ele>824.4000244140625</ele>
        <time>2026-07-29T14:12:22.000Z</time>
        <extensions>
          <ns3:TrackPointExtension>
            <ns3:hr>139</ns3:hr>
            <ns3:cad>0</ns3:cad>
          </ns3:TrackPointExtension>
        </extensions>
      </trkpt>
      <trkpt lat="43.84727977216243743896484375" lon="87.5109569728374481201171875">
        <ele>824</ele>
        <time>2026-07-29T14:12:23.000Z</time>
        <extensions>
          <ns3:TrackPointExtension>
            <ns3:hr>139</ns3:hr>
            <ns3:cad>0</ns3:cad>
          </ns3:TrackPointExtension>
        </extensions>
      </trkpt>
      <trkpt lat="43.8479498215019702911376953125" lon="87.5110550411045551300048828125">
        <ele>821.20001220703125</ele>
        <time>2026-07-29T14:14:22.000Z</time>
        <extensions>
          <ns3:TrackPointExtension>
            <ns3:hr>105</ns3:hr>
            <ns3:cad>0</ns3:cad>
          </ns3:TrackPointExtension>
        </extensions>
      </trkpt>
      <trkpt lat="43.84794772602617740631103515625" lon="87.5110550411045551300048828125">
        <ele>821.20001220703125</ele>
        <time>2026-07-29T14:14:23.000Z</time>
        <extensions>
          <ns3:TrackPointExtension>
            <ns3:hr>105</ns3:hr>
            <ns3:cad>0</ns3:cad>
          </ns3:TrackPointExtension>
        </extensions>
      </trkpt>
      <trkpt lat="43.84794571436941623687744140625" lon="87.51105512492358684539794921875">
        <ele>821.20001220703125</ele>
        <time>2026-07-29T14:14:24.000Z</time>
        <extensions>
          <ns3:TrackPointExtension>
            <ns3:hr>105</ns3:hr>
            <ns3:cad>0</ns3:cad>
          </ns3:TrackPointExtension>
        </extensions>
      </trkpt>
      <trkpt lat="43.848036490380764007568359375" lon="87.51106132753193378448486328125">
        <ele>820.79998779296875</ele>
        <time>2026-07-29T14:14:30.000Z</time>
        <extensions>
          <ns3:TrackPointExtension>
            <ns3:hr>106</ns3:hr>
            <ns3:cad>45</ns3:cad>
          </ns3:TrackPointExtension>
        </extensions>
      </trkpt>
      <trkpt lat="43.84822885505855083465576171875" lon="87.511090748012065887451171875">
        <ele>820.4000244140625</ele>
        <time>2026-07-29T14:14:35.000Z</time>
        <extensions>
          <ns3:TrackPointExtension>
            <ns3:hr>110</ns3:hr>
            <ns3:cad>82</ns3:cad>
          </ns3:TrackPointExtension>
        </extensions>
      </trkpt>
      <trkpt lat="43.84826523251831531524658203125" lon="87.51109703443944454193115234375">
        <ele>820.20001220703125</ele>
        <time>2026-07-29T14:14:36.000Z</time>
        <extensions>
          <ns3:TrackPointExtension>
            <ns3:hr>113</ns3:hr>
            <ns3:cad>82</ns3:cad>
          </ns3:TrackPointExtension>
        </extensions>
      </trkpt>
      <trkpt lat="43.84829767048358917236328125" lon="87.5111046619713306427001953125">
        <ele>820.4000244140625</ele>
        <time>2026-07-29T14:14:37.000Z</time>
        <extensions>
          <ns3:TrackPointExtension>
            <ns3:hr>116</ns3:hr>
            <ns3:cad>82</ns3:cad>
          </ns3:TrackPointExtension>
        </extensions>
      </trkpt>
      <trkpt lat="43.84833077900111675262451171875" lon="87.51111178658902645111083984375">
        <ele>820.4000244140625</ele>
        <time>2026-07-29T14:14:38.000Z</time>
        <extensions>
          <ns3:TrackPointExtension>
            <ns3:hr>119</ns3:hr>
            <ns3:cad>81</ns3:cad>
          </ns3:TrackPointExtension>
        </extensions>
      </trkpt>
      <trkpt lat="43.84839431382715702056884765625" lon="87.51111849211156368255615234375">
        <ele>820.79998779296875</ele>
        <time>2026-07-29T14:14:40.000Z</time>
        <extensions>
          <ns3:TrackPointExtension>
            <ns3:hr>123</ns3:hr>
            <ns3:cad>81</ns3:cad>
          </ns3:TrackPointExtension>
        </extensions>
      </trkpt>
      <trkpt lat="43.8484410010278224945068359375" lon="87.5111080147325992584228515625">
        <ele>820.79998779296875</ele>
        <time>2026-07-29T14:14:42.000Z</time>
        <extensions>
          <ns3:TrackPointExtension>
            <ns3:hr>126</ns3:hr>
            <ns3:cad>81</ns3:cad>
          </ns3:TrackPointExtension>
        </extensions>
      </trkpt>
      <trkpt lat="43.8484708406031131744384765625" lon="87.51107289455831050872802734375">
        <ele>820.79998779296875</ele>
        <time>2026-07-29T14:14:44.000Z</time>
        <extensions>
          <ns3:TrackPointExtension>
            <ns3:hr>129</ns3:hr>
            <ns3:cad>82</ns3:cad>
          </ns3:TrackPointExtension>
        </extensions>
      </trkpt>
      <trkpt lat="43.84851870127022266387939453125" lon="87.511035762727260589599609375">
        <ele>820.5999755859375</ele>
        <time>2026-07-29T14:14:48.000Z</time>
        <extensions>
          <ns3:TrackPointExtension>
            <ns3:hr>130</ns3:hr>
            <ns3:cad>81</ns3:cad>
          </ns3:TrackPointExtension>
        </extensions>
      </trkpt>
      <trkpt lat="43.84853144176304340362548828125" lon="87.51103551127016544342041015625">
        <ele>820.5999755859375</ele>
        <time>2026-07-29T14:14:49.000Z</time>
        <extensions>
          <ns3:TrackPointExtension>
            <ns3:hr>131</ns3:hr>
            <ns3:cad>81</ns3:cad>
          </ns3:TrackPointExtension>
        </extensions>
      </trkpt>
      <trkpt lat="43.84856052696704864501953125" lon="87.5110359303653240203857421875">
        <ele>820.5999755859375</ele>
        <time>2026-07-29T14:14:53.000Z</time>
        <extensions>
          <ns3:TrackPointExtension>
            <ns3:hr>134</ns3:hr>
            <ns3:cad>0</ns3:cad>
          </ns3:TrackPointExtension>
        </extensions>
      </trkpt>
      <trkpt lat="43.8485570065677165985107421875" lon="87.511038444936275482177734375">
        <ele>820.5999755859375</ele>
        <time>2026-07-29T14:14:55.000Z</time>
        <extensions>
          <ns3:TrackPointExtension>
            <ns3:hr>135</ns3:hr>
            <ns3:cad>0</ns3:cad>
          </ns3:TrackPointExtension>
        </extensions>
      </trkpt>
      <trkpt lat="43.8485563360154628753662109375" lon="87.51103869639337062835693359375">
        <ele>820.5999755859375</ele>
        <time>2026-07-29T14:15:00.000Z</time>
        <extensions>
          <ns3:TrackPointExtension>
            <ns3:hr>132</ns3:hr>
            <ns3:cad>0</ns3:cad>
          </ns3:TrackPointExtension>
        </extensions>
      </trkpt>
      <trkpt lat="43.84856815449893474578857421875" lon="87.511036098003387451171875">
        <ele>820.5999755859375</ele>
        <time>2026-07-29T14:15:03.000Z</time>
        <extensions>
          <ns3:TrackPointExtension>
            <ns3:hr>129</ns3:hr>
            <ns3:cad>0</ns3:cad>
          </ns3:TrackPointExtension>
        </extensions>
      </trkpt>
      <trkpt lat="43.84858307428658008575439453125" lon="87.5110309012234210968017578125">
        <ele>820.5999755859375</ele>
        <time>2026-07-29T14:15:04.000Z</time>
        <extensions>
          <ns3:TrackPointExtension>
            <ns3:hr>128</ns3:hr>
            <ns3:cad>0</ns3:cad>
          </ns3:TrackPointExtension>
        </extensions>
      </trkpt>
      <trkpt lat="43.84861961938440799713134765625" lon="87.51101707108318805694580078125">
        <ele>820.4000244140625</ele>
        <time>2026-07-29T14:15:06.000Z</time>
        <extensions>
          <ns3:TrackPointExtension>
            <ns3:hr>125</ns3:hr>
            <ns3:cad>0</ns3:cad>
          </ns3:TrackPointExtension>
        </extensions>
      </trkpt>
      <trkpt lat="43.848666809499263763427734375" lon="87.5110132992267608642578125">
        <ele>820.20001220703125</ele>
        <time>2026-07-29T14:15:08.000Z</time>
        <extensions>
          <ns3:TrackPointExtension>
            <ns3:hr>125</ns3:hr>
            <ns3:cad>81</ns3:cad>
          </ns3:TrackPointExtension>
        </extensions>
      </trkpt>
      <trkpt lat="43.8488185219466686248779296875" lon="87.5110228545963764190673828125">
        <ele>819.79998779296875</ele>
        <time>2026-07-29T14:15:14.000Z</time>
        <extensions>
          <ns3:TrackPointExtension>
            <ns3:hr>126</ns3:hr>
            <ns3:cad>81</ns3:cad>
          </ns3:TrackPointExtension>
        </extensions>
      </trkpt>
      <trkpt lat="43.84891885332763195037841796875" lon="87.51103945076465606689453125">
        <ele>819.5999755859375</ele>
        <time>2026-07-29T14:15:18.000Z</time>
        <extensions>
          <ns3:TrackPointExtension>
            <ns3:hr>132</ns3:hr>
            <ns3:cad>82</ns3:cad>
          </ns3:TrackPointExtension>
        </extensions>
      </trkpt>
      <trkpt lat="43.84896780364215373992919921875" lon="87.5110486708581447601318359375">
        <ele>819.20001220703125</ele>
        <time>2026-07-29T14:15:20.000Z</time>
        <extensions>
          <ns3:TrackPointExtension>
            <ns3:hr>132</ns3:hr>
            <ns3:cad>82</ns3:cad>
          </ns3:TrackPointExtension>
        </extensions>
      </trkpt>
      <trkpt lat="43.84899077005684375762939453125" lon="87.51104841940104961395263671875">
        <ele>819.20001220703125</ele>
        <time>2026-07-29T14:15:21.000Z</time>
        <extensions>
          <ns3:TrackPointExtension>
            <ns3:hr>129</ns3:hr>
            <ns3:cad>82</ns3:cad>
          </ns3:TrackPointExtension>
        </extensions>
      </trkpt>
      <trkpt lat="43.849060423672199249267578125" lon="87.51104942522943019866943359375">
        <ele>818.5999755859375</ele>
        <time>2026-07-29T14:15:24.000Z</time>
        <extensions>
          <ns3:TrackPointExtension>
            <ns3:hr>132</ns3:hr>
            <ns3:cad>83</ns3:cad>
          </ns3:TrackPointExtension>
        </extensions>
      </trkpt>
      <trkpt lat="43.84911498986184597015380859375" lon="87.5110607407987117767333984375">
        <ele>818.20001220703125</ele>
        <time>2026-07-29T14:15:26.000Z</time>
        <extensions>
          <ns3:TrackPointExtension>
            <ns3:hr>133</ns3:hr>
            <ns3:cad>82</ns3:cad>
          </ns3:TrackPointExtension>
        </extensions>
      </trkpt>
      <trkpt lat="43.8492235355079174041748046875" lon="87.51106149516999721527099609375">
        <ele>817.4000244140625</ele>
        <time>2026-07-29T14:15:30.000Z</time>
        <extensions>
          <ns3:TrackPointExtension>
            <ns3:hr>134</ns3:hr>
            <ns3:cad>82</ns3:cad>
          </ns3:TrackPointExtension>
        </extensions>
      </trkpt>
      <trkpt lat="43.8492651097476482391357421875" lon="87.51105965115129947662353515625">
        <ele>817.20001220703125</ele>
        <time>2026-07-29T14:15:32.000Z</time>
        <extensions>
          <ns3:TrackPointExtension>
            <ns3:hr>137</ns3:hr>
            <ns3:cad>82</ns3:cad>
          </ns3:TrackPointExtension>
        </extensions>
      </trkpt>
      <trkpt lat="43.8493884913623332977294921875" lon="87.51104473136365413665771484375">
        <ele>816.5999755859375</ele>
        <time>2026-07-29T14:15:36.000Z</time>
        <extensions>
          <ns3:TrackPointExtension>
            <ns3:hr>137</ns3:hr>
            <ns3:cad>83</ns3:cad>
          </ns3:TrackPointExtension>
        </extensions>
      </trkpt>
      <trkpt lat="43.8495574705302715301513671875" lon="87.51106082461774349212646484375">
        <ele>816.5999755859375</ele>
        <time>2026-07-29T14:15:41.000Z</time>
        <extensions>
          <ns3:TrackPointExtension>
            <ns3:hr>138</ns3:hr>
            <ns3:cad>82</ns3:cad>
          </ns3:TrackPointExtension>
        </extensions>
      </trkpt>
      <trkpt lat="43.84962259791791439056396484375" lon="87.51105713658034801483154296875">
        <ele>816.20001220703125</ele>
        <time>2026-07-29T14:15:46.000Z</time>
        <extensions>
          <ns3:TrackPointExtension>
            <ns3:hr>138</ns3:hr>
            <ns3:cad>59</ns3:cad>
          </ns3:TrackPointExtension>
        </extensions>
      </trkpt>
      <trkpt lat="43.84979409165680408477783203125" lon="87.51106895506381988525390625">
        <ele>815.79998779296875</ele>
        <time>2026-07-29T14:15:55.000Z</time>
        <extensions>
          <ns3:TrackPointExtension>
            <ns3:hr>138</ns3:hr>
            <ns3:cad>56</ns3:cad>
          </ns3:TrackPointExtension>
        </extensions>
      </trkpt>
      <trkpt lat="43.84984807111322879791259765625" lon="87.5110654346644878387451171875">
        <ele>815.20001220703125</ele>
        <time>2026-07-29T14:15:59.000Z</time>
        <extensions>
          <ns3:TrackPointExtension>
            <ns3:hr>135</ns3:hr>
            <ns3:cad>57</ns3:cad>
          </ns3:TrackPointExtension>
        </extensions>
      </trkpt>
      <trkpt lat="43.84987338446080684661865234375" lon="87.51107105053961277008056640625">
        <ele>815</ele>
        <time>2026-07-29T14:16:02.000Z</time>
        <extensions>
          <ns3:TrackPointExtension>
            <ns3:hr>138</ns3:hr>
            <ns3:cad>56</ns3:cad>
          </ns3:TrackPointExtension>
        </extensions>
      </trkpt>
      <trkpt lat="43.84989601559937000274658203125" lon="87.51108094118535518646240234375">
        <ele>814.79998779296875</ele>
        <time>2026-07-29T14:16:04.000Z</time>
        <extensions>
          <ns3:TrackPointExtension>
            <ns3:hr>135</ns3:hr>
            <ns3:cad>54</ns3:cad>
          </ns3:TrackPointExtension>
        </extensions>
      </trkpt>
      <trkpt lat="43.8499651663005352020263671875" lon="87.51107968389987945556640625">
        <ele>814.20001220703125</ele>
        <time>2026-07-29T14:16:09.000Z</time>
        <extensions>
          <ns3:TrackPointExtension>
            <ns3:hr>136</ns3:hr>
            <ns3:cad>55</ns3:cad>
          </ns3:TrackPointExtension>
        </extensions>
      </trkpt>
      <trkpt lat="43.850017301738262176513671875" lon="87.51108731143176555633544921875">
        <ele>814</ele>
        <time>2026-07-29T14:16:13.000Z</time>
        <extensions>
          <ns3:TrackPointExtension>
            <ns3:hr>139</ns3:hr>
            <ns3:cad>54</ns3:cad>
          </ns3:TrackPointExtension>
        </extensions>
      </trkpt>
      <trkpt lat="43.8500932417809963226318359375" lon="87.511090077459812164306640625">
        <ele>814</ele>
        <time>2026-07-29T14:16:17.000Z</time>
        <extensions>
          <ns3:TrackPointExtension>
            <ns3:hr>136</ns3:hr>
            <ns3:cad>79</ns3:cad>
          </ns3:TrackPointExtension>
        </extensions>
      </trkpt>
      <trkpt lat="43.850142024457454681396484375" lon="87.51109167002141475677490234375">
        <ele>814</ele>
        <time>2026-07-29T14:16:19.000Z</time>
        <extensions>
          <ns3:TrackPointExtension>
            <ns3:hr>139</ns3:hr>
            <ns3:cad>81</ns3:cad>
          </ns3:TrackPointExtension>
        </extensions>
      </trkpt>
      <trkpt lat="43.85027018375694751739501953125" lon="87.5111080147325992584228515625">
        <ele>813.79998779296875</ele>
        <time>2026-07-29T14:16:24.000Z</time>
        <extensions>
          <ns3:TrackPointExtension>
            <ns3:hr>135</ns3:hr>
            <ns3:cad>82</ns3:cad>
          </ns3:TrackPointExtension>
        </extensions>
      </trkpt>
      <trkpt lat="43.85032919235527515411376953125" lon="87.51110759563744068145751953125">
        <ele>813.4000244140625</ele>
        <time>2026-07-29T14:16:26.000Z</time>
        <extensions>
          <ns3:TrackPointExtension>
            <ns3:hr>138</ns3:hr>
            <ns3:cad>82</ns3:cad>
          </ns3:TrackPointExtension>
        </extensions>
      </trkpt>
      <trkpt lat="43.850426338613033294677734375" lon="87.51111296005547046661376953125">
        <ele>813.20001220703125</ele>
        <time>2026-07-29T14:16:29.000Z</time>
        <extensions>
          <ns3:TrackPointExtension>
            <ns3:hr>141</ns3:hr>
            <ns3:cad>82</ns3:cad>
          </ns3:TrackPointExtension>
        </extensions>
      </trkpt>
      <trkpt lat="43.85052097029983997344970703125" lon="87.51111966557800769805908203125">
        <ele>812.79998779296875</ele>
        <time>2026-07-29T14:16:32.000Z</time>
        <extensions>
          <ns3:TrackPointExtension>
            <ns3:hr>142</ns3:hr>
            <ns3:cad>82</ns3:cad>
          </ns3:TrackPointExtension>
        </extensions>
      </trkpt>
      <trkpt lat="43.85067117400467395782470703125" lon="87.51113458536565303802490234375">
        <ele>812.4000244140625</ele>
        <time>2026-07-29T14:16:37.000Z</time>
        <extensions>
          <ns3:TrackPointExtension>
            <ns3:hr>145</ns3:hr>
            <ns3:cad>82</ns3:cad>
          </ns3:TrackPointExtension>
        </extensions>
      </trkpt>
      <trkpt lat="43.85080662555992603302001953125" lon="87.51113894395530223846435546875">
        <ele>811.4000244140625</ele>
        <time>2026-07-29T14:16:42.000Z</time>
        <extensions>
          <ns3:TrackPointExtension>
            <ns3:hr>147</ns3:hr>
            <ns3:cad>82</ns3:cad>
          </ns3:TrackPointExtension>
        </extensions>
      </trkpt>
      <trkpt lat="43.85083914734423160552978515625" lon="87.5111447274684906005859375">
        <ele>811.20001220703125</ele>
        <time>2026-07-29T14:16:46.000Z</time>
        <extensions>
          <ns3:TrackPointExtension>
            <ns3:hr>147</ns3:hr>
            <ns3:cad>79</ns3:cad>
          </ns3:TrackPointExtension>
        </extensions>
      </trkpt>
      <trkpt lat="43.850945346057415008544921875" lon="87.5111569650471210479736328125">
        <ele>810.4000244140625</ele>
        <time>2026-07-29T14:16:54.000Z</time>
        <extensions>
          <ns3:TrackPointExtension>
            <ns3:hr>144</ns3:hr>
            <ns3:cad>58</ns3:cad>
          </ns3:TrackPointExtension>
        </extensions>
      </trkpt>
      <trkpt lat="43.85096403770148754119873046875" lon="87.5111636705696582794189453125">
        <ele>810.20001220703125</ele>
        <time>2026-07-29T14:16:55.000Z</time>
        <extensions>
          <ns3:TrackPointExtension>
            <ns3:hr>145</ns3:hr>
            <ns3:cad>58</ns3:cad>
          </ns3:TrackPointExtension>
        </extensions>
      </trkpt>
      <trkpt lat="43.8510340265929698944091796875" lon="87.51115143299102783203125">
        <ele>809.79998779296875</ele>
        <time>2026-07-29T14:16:59.000Z</time>
        <extensions>
          <ns3:TrackPointExtension>
            <ns3:hr>142</ns3:hr>
            <ns3:cad>58</ns3:cad>
          </ns3:TrackPointExtension>
        </extensions>
      </trkpt>
      <trkpt lat="43.85109647177159786224365234375" lon="87.51113693229854106903076171875">
        <ele>809.20001220703125</ele>
        <time>2026-07-29T14:17:04.000Z</time>
        <extensions>
          <ns3:TrackPointExtension>
            <ns3:hr>139</ns3:hr>
            <ns3:cad>58</ns3:cad>
          </ns3:TrackPointExtension>
        </extensions>
      </trkpt>
      <trkpt lat="43.851112984120845794677734375" lon="87.511138357222080230712890625">
        <ele>809.20001220703125</ele>
        <time>2026-07-29T14:17:05.000Z</time>
        <extensions>
          <ns3:TrackPointExtension>
            <ns3:hr>140</ns3:hr>
            <ns3:cad>57</ns3:cad>
          </ns3:TrackPointExtension>
        </extensions>
      </trkpt>
      <trkpt lat="43.85115564800798892974853515625" lon="87.51114682294428348541259765625">
        <ele>809</ele>
        <time>2026-07-29T14:17:08.000Z</time>
        <extensions>
          <ns3:TrackPointExtension>
            <ns3:hr>139</ns3:hr>
            <ns3:cad>57</ns3:cad>
          </ns3:TrackPointExtension>
        </extensions>
      </trkpt>
      <trkpt lat="43.85118012316524982452392578125" lon="87.511145062744617462158203125">
        <ele>808.79998779296875</ele>
        <time>2026-07-29T14:17:10.000Z</time>
        <extensions>
          <ns3:TrackPointExtension>
            <ns3:hr>138</ns3:hr>
            <ns3:cad>57</ns3:cad>
          </ns3:TrackPointExtension>
        </extensions>
      </trkpt>
      <trkpt lat="43.8512154109776020050048828125" lon="87.51115520484745502471923828125">
        <ele>808.79998779296875</ele>
        <time>2026-07-29T14:17:12.000Z</time>
        <extensions>
          <ns3:TrackPointExtension>
            <ns3:hr>137</ns3:hr>
            <ns3:cad>115</ns3:cad>
          </ns3:TrackPointExtension>
        </extensions>
      </trkpt>
      <trkpt lat="43.85127919726073741912841796875" lon="87.5111619941890239715576171875">
        <ele>808.4000244140625</ele>
        <time>2026-07-29T14:17:15.000Z</time>
        <extensions>
          <ns3:TrackPointExtension>
            <ns3:hr>134</ns3:hr>
            <ns3:cad>76</ns3:cad>
          </ns3:TrackPointExtension>
        </extensions>
      </trkpt>
      <trkpt lat="43.85140609927475452423095703125" lon="87.51116693951189517974853515625">
        <ele>808</ele>
        <time>2026-07-29T14:17:20.000Z</time>
        <extensions>
          <ns3:TrackPointExtension>
            <ns3:hr>136</ns3:hr>
            <ns3:cad>80</ns3:cad>
          </ns3:TrackPointExtension>
        </extensions>
      </trkpt>
      <trkpt lat="43.85148740373551845550537109375" lon="87.5111822783946990966796875">
        <ele>807.5999755859375</ele>
        <time>2026-07-29T14:17:24.000Z</time>
        <extensions>
          <ns3:TrackPointExtension>
            <ns3:hr>139</ns3:hr>
            <ns3:cad>81</ns3:cad>
          </ns3:TrackPointExtension>
        </extensions>
      </trkpt>
      <trkpt lat="43.85151095688343048095703125" lon="87.51118403859436511993408203125">
        <ele>807.4000244140625</ele>
        <time>2026-07-29T14:17:25.000Z</time>
        <extensions>
          <ns3:TrackPointExtension>
            <ns3:hr>140</ns3:hr>
            <ns3:cad>81</ns3:cad>
          </ns3:TrackPointExtension>
        </extensions>
      </trkpt>
      <trkpt lat="43.85158681310713291168212890625" lon="87.51119426451623439788818359375">
        <ele>806.79998779296875</ele>
        <time>2026-07-29T14:17:28.000Z</time>
        <extensions>
          <ns3:TrackPointExtension>
            <ns3:hr>144</ns3:hr>
            <ns3:cad>81</ns3:cad>
          </ns3:TrackPointExtension>
        </extensions>
      </trkpt>
      <trkpt lat="43.8517454825341701507568359375" lon="87.51121035777032375335693359375">
        <ele>805.5999755859375</ele>
        <time>2026-07-29T14:17:34.000Z</time>
        <extensions>
          <ns3:TrackPointExtension>
            <ns3:hr>144</ns3:hr>
            <ns3:cad>81</ns3:cad>
          </ns3:TrackPointExtension>
        </extensions>
      </trkpt>
      <trkpt lat="43.8518309779465198516845703125" lon="87.51121471635997295379638671875">
        <ele>804.5999755859375</ele>
        <time>2026-07-29T14:17:39.000Z</time>
        <extensions>
          <ns3:TrackPointExtension>
            <ns3:hr>145</ns3:hr>
            <ns3:cad>59</ns3:cad>
          </ns3:TrackPointExtension>
        </extensions>
      </trkpt>
      <trkpt lat="43.8519915752112865447998046875" lon="87.5111901573836803436279296875">
        <ele>803</ele>
        <time>2026-07-29T14:17:50.000Z</time>
        <extensions>
          <ns3:TrackPointExtension>
            <ns3:hr>146</ns3:hr>
            <ns3:cad>58</ns3:cad>
          </ns3:TrackPointExtension>
        </extensions>
      </trkpt>
      <trkpt lat="43.852178491652011871337890625" lon="87.51117733307182788848876953125">
        <ele>802.20001220703125</ele>
        <time>2026-07-29T14:17:59.000Z</time>
        <extensions>
          <ns3:TrackPointExtension>
            <ns3:hr>147</ns3:hr>
            <ns3:cad>81</ns3:cad>
          </ns3:TrackPointExtension>
        </extensions>
      </trkpt>
      <trkpt lat="43.85220556519925594329833984375" lon="87.51117029227316379547119140625">
        <ele>802.20001220703125</ele>
        <time>2026-07-29T14:18:00.000Z</time>
        <extensions>
          <ns3:TrackPointExtension>
            <ns3:hr>148</ns3:hr>
            <ns3:cad>81</ns3:cad>
          </ns3:TrackPointExtension>
        </extensions>
      </trkpt>
      <trkpt lat="43.852372281253337860107421875" lon="87.51119242049753665924072265625">
        <ele>801.79998779296875</ele>
        <time>2026-07-29T14:18:07.000Z</time>
        <extensions>
          <ns3:TrackPointExtension>
            <ns3:hr>146</ns3:hr>
            <ns3:cad>81</ns3:cad>
          </ns3:TrackPointExtension>
        </extensions>
      </trkpt>
      <trkpt lat="43.8524351455271244049072265625" lon="87.5112117826938629150390625">
        <ele>801.5999755859375</ele>
        <time>2026-07-29T14:18:11.000Z</time>
        <extensions>
          <ns3:TrackPointExtension>
            <ns3:hr>143</ns3:hr>
            <ns3:cad>81</ns3:cad>
          </ns3:TrackPointExtension>
        </extensions>
      </trkpt>
      <trkpt lat="43.8524770550429821014404296875" lon="87.51121588982641696929931640625">
        <ele>801.5999755859375</ele>
        <time>2026-07-29T14:18:13.000Z</time>
        <extensions>
          <ns3:TrackPointExtension>
            <ns3:hr>144</ns3:hr>
            <ns3:cad>58</ns3:cad>
          </ns3:TrackPointExtension>
        </extensions>
      </trkpt>
      <trkpt lat="43.8525159470736980438232421875" lon="87.51122494228184223175048828125">
        <ele>801.4000244140625</ele>
        <time>2026-07-29T14:18:17.000Z</time>
        <extensions>
          <ns3:TrackPointExtension>
            <ns3:hr>147</ns3:hr>
            <ns3:cad>58</ns3:cad>
          </ns3:TrackPointExtension>
        </extensions>
      </trkpt>
      <trkpt lat="43.85256615467369556427001953125" lon="87.5112387724220752716064453125">
        <ele>801.20001220703125</ele>
        <time>2026-07-29T14:18:21.000Z</time>
        <extensions>
          <ns3:TrackPointExtension>
            <ns3:hr>147</ns3:hr>
            <ns3:cad>56</ns3:cad>
          </ns3:TrackPointExtension>
        </extensions>
      </trkpt>
      <trkpt lat="43.85260370559990406036376953125" lon="87.511231563985347747802734375">
        <ele>801</ele>
        <time>2026-07-29T14:18:25.000Z</time>
        <extensions>
          <ns3:TrackPointExtension>
            <ns3:hr>144</ns3:hr>
            <ns3:cad>56</ns3:cad>
          </ns3:TrackPointExtension>
        </extensions>
      </trkpt>
      <trkpt lat="43.85264377109706401824951171875" lon="87.51124556176364421844482421875">
        <ele>800.79998779296875</ele>
        <time>2026-07-29T14:18:27.000Z</time>
        <extensions>
          <ns3:TrackPointExtension>
            <ns3:hr>141</ns3:hr>
            <ns3:cad>56</ns3:cad>
          </ns3:TrackPointExtension>
        </extensions>
      </trkpt>
      <trkpt lat="43.85266506113111972808837890625" lon="87.5112454779446125030517578125">
        <ele>800.79998779296875</ele>
        <time>2026-07-29T14:18:28.000Z</time>
        <extensions>
          <ns3:TrackPointExtension>
            <ns3:hr>140</ns3:hr>
            <ns3:cad>56</ns3:cad>
          </ns3:TrackPointExtension>
        </extensions>
      </trkpt>
      <trkpt lat="43.85277553461492061614990234375" lon="87.511255703866481781005859375">
        <ele>800.4000244140625</ele>
        <time>2026-07-29T14:18:33.000Z</time>
        <extensions>
          <ns3:TrackPointExtension>
            <ns3:hr>137</ns3:hr>
            <ns3:cad>56</ns3:cad>
          </ns3:TrackPointExtension>
        </extensions>
      </trkpt>
      <trkpt lat="43.85285415686666965484619140625" lon="87.51125327311456203460693359375">
        <ele>800</ele>
        <time>2026-07-29T14:18:36.000Z</time>
        <extensions>
          <ns3:TrackPointExtension>
            <ns3:hr>136</ns3:hr>
            <ns3:cad>78</ns3:cad>
          </ns3:TrackPointExtension>
        </extensions>
      </trkpt>
      <trkpt lat="43.853034786880016326904296875" lon="87.511266432702541351318359375">
        <ele>798.20001220703125</ele>
        <time>2026-07-29T14:18:43.000Z</time>
        <extensions>
          <ns3:TrackPointExtension>
            <ns3:hr>139</ns3:hr>
            <ns3:cad>80</ns3:cad>
          </ns3:TrackPointExtension>
        </extensions>
      </trkpt>
      <trkpt lat="43.85307242162525653839111328125" lon="87.51126609742641448974609375">
        <ele>797.79998779296875</ele>
        <time>2026-07-29T14:18:44.000Z</time>
        <extensions>
          <ns3:TrackPointExtension>
            <ns3:hr>139</ns3:hr>
            <ns3:cad>80</ns3:cad>
          </ns3:TrackPointExtension>
        </extensions>
      </trkpt>
      <trkpt lat="43.85328398086130619049072265625" lon="87.5112625770270824432373046875">
        <ele>796.5999755859375</ele>
        <time>2026-07-29T14:18:51.000Z</time>
        <extensions>
          <ns3:TrackPointExtension>
            <ns3:hr>141</ns3:hr>
            <ns3:cad>80</ns3:cad>
          </ns3:TrackPointExtension>
        </extensions>
      </trkpt>
      <trkpt lat="43.85336444713175296783447265625" lon="87.511266767978668212890625">
        <ele>796.4000244140625</ele>
        <time>2026-07-29T14:18:54.000Z</time>
        <extensions>
          <ns3:TrackPointExtension>
            <ns3:hr>141</ns3:hr>
            <ns3:cad>81</ns3:cad>
          </ns3:TrackPointExtension>
        </extensions>
      </trkpt>
      <trkpt lat="43.85351951234042644500732421875" lon="87.51126886345446109771728515625">
        <ele>795.79998779296875</ele>
        <time>2026-07-29T14:19:00.000Z</time>
        <extensions>
          <ns3:TrackPointExtension>
            <ns3:hr>144</ns3:hr>
            <ns3:cad>82</ns3:cad>
          </ns3:TrackPointExtension>
        </extensions>
      </trkpt>
      <trkpt lat="43.85355069302022457122802734375" lon="87.511271797120571136474609375">
        <ele>795.5999755859375</ele>
        <time>2026-07-29T14:19:01.000Z</time>
        <extensions>
          <ns3:TrackPointExtension>
            <ns3:hr>145</ns3:hr>
            <ns3:cad>82</ns3:cad>
          </ns3:TrackPointExtension>
        </extensions>
      </trkpt>
      <trkpt lat="43.8536572270095348358154296875" lon="87.51129283569753170013427734375">
        <ele>795.4000244140625</ele>
        <time>2026-07-29T14:19:04.000Z</time>
        <extensions>
          <ns3:TrackPointExtension>
            <ns3:hr>148</ns3:hr>
            <ns3:cad>82</ns3:cad>
          </ns3:TrackPointExtension>
        </extensions>
      </trkpt>
      <trkpt lat="43.8537568040192127227783203125" lon="87.511324770748615264892578125">
        <ele>795.5999755859375</ele>
        <time>2026-07-29T14:19:09.000Z</time>
        <extensions>
          <ns3:TrackPointExtension>
            <ns3:hr>150</ns3:hr>
            <ns3:cad>82</ns3:cad>
          </ns3:TrackPointExtension>
        </extensions>
      </trkpt>
      <trkpt lat="43.85381690226495265960693359375" lon="87.51132049597799777984619140625">
        <ele>795.4000244140625</ele>
        <time>2026-07-29T14:19:15.000Z</time>
        <extensions>
          <ns3:TrackPointExtension>
            <ns3:hr>153</ns3:hr>
            <ns3:cad>61</ns3:cad>
          </ns3:TrackPointExtension>
        </extensions>
      </trkpt>
      <trkpt lat="43.85382302105426788330078125" lon="87.511315383017063140869140625">
        <ele>795.4000244140625</ele>
        <time>2026-07-29T14:19:16.000Z</time>
        <extensions>
          <ns3:TrackPointExtension>
            <ns3:hr>153</ns3:hr>
            <ns3:cad>61</ns3:cad>
          </ns3:TrackPointExtension>
        </extensions>
      </trkpt>
      <trkpt lat="43.8539068400859832763671875" lon="87.51132502220571041107177734375">
        <ele>795.20001220703125</ele>
        <time>2026-07-29T14:19:23.000Z</time>
        <extensions>
          <ns3:TrackPointExtension>
            <ns3:hr>150</ns3:hr>
            <ns3:cad>61</ns3:cad>
          </ns3:TrackPointExtension>
        </extensions>
      </trkpt>
      <trkpt lat="43.85392620228230953216552734375" lon="87.51132871024310588836669921875">
        <ele>795.20001220703125</ele>
        <time>2026-07-29T14:19:24.000Z</time>
        <extensions>
          <ns3:TrackPointExtension>
            <ns3:hr>148</ns3:hr>
            <ns3:cad>61</ns3:cad>
          </ns3:TrackPointExtension>
        </extensions>
      </trkpt>
      <trkpt lat="43.8541106879711151123046875" lon="87.51132099889218807220458984375">
        <ele>794.5999755859375</ele>
        <time>2026-07-29T14:19:30.000Z</time>
        <extensions>
          <ns3:TrackPointExtension>
            <ns3:hr>147</ns3:hr>
            <ns3:cad>81</ns3:cad>
          </ns3:TrackPointExtension>
        </extensions>
      </trkpt>
      <trkpt lat="43.85414547286927700042724609375" lon="87.51132686622440814971923828125">
        <ele>794.5999755859375</ele>
        <time>2026-07-29T14:19:31.000Z</time>
        <extensions>
          <ns3:TrackPointExtension>
            <ns3:hr>147</ns3:hr>
            <ns3:cad>82</ns3:cad>
          </ns3:TrackPointExtension>
        </extensions>
      </trkpt>
      <trkpt lat="43.85424974374473094940185546875" lon="87.51133005134761333465576171875">
        <ele>794.4000244140625</ele>
        <time>2026-07-29T14:19:34.000Z</time>
        <extensions>
          <ns3:TrackPointExtension>
            <ns3:hr>151</ns3:hr>
            <ns3:cad>82</ns3:cad>
          </ns3:TrackPointExtension>
        </extensions>
      </trkpt>
      <trkpt lat="43.854442276060581207275390625" lon="87.5113594718277454376220703125">
        <ele>794</ele>
        <time>2026-07-29T14:19:40.000Z</time>
        <extensions>
          <ns3:TrackPointExtension>
            <ns3:hr>153</ns3:hr>
            <ns3:cad>83</ns3:cad>
          </ns3:TrackPointExtension>
        </extensions>
      </trkpt>
      <trkpt lat="43.85447639040648937225341796875" lon="87.5113628245890140533447265625">
        <ele>794</ele>
        <time>2026-07-29T14:19:41.000Z</time>
        <extensions>
          <ns3:TrackPointExtension>
            <ns3:hr>152</ns3:hr>
            <ns3:cad>83</ns3:cad>
          </ns3:TrackPointExtension>
        </extensions>
      </trkpt>
      <trkpt lat="43.85466163046658039093017578125" lon="87.51137380488216876983642578125">
        <ele>793.4000244140625</ele>
        <time>2026-07-29T14:19:47.000Z</time>
        <extensions>
          <ns3:TrackPointExtension>
            <ns3:hr>153</ns3:hr>
            <ns3:cad>83</ns3:cad>
          </ns3:TrackPointExtension>
        </extensions>
      </trkpt>
      <trkpt lat="43.85478861629962921142578125" lon="87.51137740910053253173828125">
        <ele>792.79998779296875</ele>
        <time>2026-07-29T14:19:51.000Z</time>
        <extensions>
          <ns3:TrackPointExtension>
            <ns3:hr>154</ns3:hr>
            <ns3:cad>83</ns3:cad>
          </ns3:TrackPointExtension>
        </extensions>
      </trkpt>
      <trkpt lat="43.854979388415813446044921875" lon="87.51140481792390346527099609375">
        <ele>790.5999755859375</ele>
        <time>2026-07-29T14:19:57.000Z</time>
        <extensions>
          <ns3:TrackPointExtension>
            <ns3:hr>155</ns3:hr>
            <ns3:cad>83</ns3:cad>
          </ns3:TrackPointExtension>
        </extensions>
      </trkpt>
      <trkpt lat="43.85513923130929470062255859375" lon="87.51141504384577274322509765625">
        <ele>788.79998779296875</ele>
        <time>2026-07-29T14:20:01.000Z</time>
        <extensions>
          <ns3:TrackPointExtension>
            <ns3:hr>156</ns3:hr>
            <ns3:cad>83</ns3:cad>
          </ns3:TrackPointExtension>
        </extensions>
      </trkpt>
      <trkpt lat="43.8553257286548614501953125" lon="87.5114919058978557586669921875">
        <ele>787.20001220703125</ele>
        <time>2026-07-29T14:20:07.000Z</time>
        <extensions>
          <ns3:TrackPointExtension>
            <ns3:hr>155</ns3:hr>
            <ns3:cad>83</ns3:cad>
          </ns3:TrackPointExtension>
        </extensions>
      </trkpt>
      <trkpt lat="43.85534039698541164398193359375" lon="87.5115063227713108062744140625">
        <ele>787.20001220703125</ele>
        <time>2026-07-29T14:20:08.000Z</time>
        <extensions>
          <ns3:TrackPointExtension>
            <ns3:hr>157</ns3:hr>
            <ns3:cad>83</ns3:cad>
          </ns3:TrackPointExtension>
        </extensions>
      </trkpt>
      <trkpt lat="43.85538029484450817108154296875" lon="87.51161905936896800994873046875">
        <ele>788</ele>
        <time>2026-07-29T14:20:14.000Z</time>
        <extensions>
          <ns3:TrackPointExtension>
            <ns3:hr>159</ns3:hr>
            <ns3:cad>0</ns3:cad>
          </ns3:TrackPointExtension>
        </extensions>
      </trkpt>
      <trkpt lat="43.85538498871028423309326171875" lon="87.51165191642940044403076171875">
        <ele>788.20001220703125</ele>
        <time>2026-07-29T14:20:16.000Z</time>
        <extensions>
          <ns3:TrackPointExtension>
            <ns3:hr>159</ns3:hr>
            <ns3:cad>0</ns3:cad>
          </ns3:TrackPointExtension>
        </extensions>
      </trkpt>
      <trkpt lat="43.85538901202380657196044921875" lon="87.5117205642163753509521484375">
        <ele>788.5999755859375</ele>
        <time>2026-07-29T14:20:20.000Z</time>
        <extensions>
          <ns3:TrackPointExtension>
            <ns3:hr>159</ns3:hr>
            <ns3:cad>0</ns3:cad>
          </ns3:TrackPointExtension>
        </extensions>
      </trkpt>
      <trkpt lat="43.85538549162447452545166015625" lon="87.5117859430611133575439453125">
        <ele>789.4000244140625</ele>
        <time>2026-07-29T14:20:24.000Z</time>
        <extensions>
          <ns3:TrackPointExtension>
            <ns3:hr>156</ns3:hr>
            <ns3:cad>53</ns3:cad>
          </ns3:TrackPointExtension>
        </extensions>
      </trkpt>
      <trkpt lat="43.8553741760551929473876953125" lon="87.5118301995098590850830078125">
        <ele>789.79998779296875</ele>
        <time>2026-07-29T14:20:27.000Z</time>
        <extensions>
          <ns3:TrackPointExtension>
            <ns3:hr>155</ns3:hr>
            <ns3:cad>53</ns3:cad>
          </ns3:TrackPointExtension>
        </extensions>
      </trkpt>
      <trkpt lat="43.85536420159041881561279296875" lon="87.51197143457829952239990234375">
        <ele>790.79998779296875</ele>
        <time>2026-07-29T14:20:36.000Z</time>
        <extensions>
          <ns3:TrackPointExtension>
            <ns3:hr>152</ns3:hr>
            <ns3:cad>54</ns3:cad>
          </ns3:TrackPointExtension>
        </extensions>
      </trkpt>
      <trkpt lat="43.85532832704484462738037109375" lon="87.51211258582770824432373046875">
        <ele>791.5999755859375</ele>
        <time>2026-07-29T14:20:45.000Z</time>
        <extensions>
          <ns3:TrackPointExtension>
            <ns3:hr>150</ns3:hr>
            <ns3:cad>53</ns3:cad>
          </ns3:TrackPointExtension>
        </extensions>
      </trkpt>
      <trkpt lat="43.8553155027329921722412109375" lon="87.51223294995725154876708984375">
        <ele>792.5999755859375</ele>
        <time>2026-07-29T14:20:52.000Z</time>
        <extensions>
          <ns3:TrackPointExtension>
            <ns3:hr>152</ns3:hr>
            <ns3:cad>54</ns3:cad>
          </ns3:TrackPointExtension>
        </extensions>
      </trkpt>
      <trkpt lat="43.85529479943215847015380859375" lon="87.51236940734088420867919921875">
        <ele>794.4000244140625</ele>
        <time>2026-07-29T14:21:01.000Z</time>
        <extensions>
          <ns3:TrackPointExtension>
            <ns3:hr>154</ns3:hr>
            <ns3:cad>53</ns3:cad>
          </ns3:TrackPointExtension>
        </extensions>
      </trkpt>
      <trkpt lat="43.8552720844745635986328125" lon="87.5125019252300262451171875">
        <ele>796.4000244140625</ele>
        <time>2026-07-29T14:21:09.000Z</time>
        <extensions>
          <ns3:TrackPointExtension>
            <ns3:hr>151</ns3:hr>
            <ns3:cad>53</ns3:cad>
          </ns3:TrackPointExtension>
        </extensions>
      </trkpt>
      <trkpt lat="43.8552652113139629364013671875" lon="87.51253210008144378662109375">
        <ele>796.79998779296875</ele>
        <time>2026-07-29T14:21:11.000Z</time>
        <extensions>
          <ns3:TrackPointExtension>
            <ns3:hr>149</ns3:hr>
            <ns3:cad>53</ns3:cad>
          </ns3:TrackPointExtension>
        </extensions>
      </trkpt>
      <trkpt lat="43.85524484328925609588623046875" lon="87.51266486942768096923828125">
        <ele>799</ele>
        <time>2026-07-29T14:21:19.000Z</time>
        <extensions>
          <ns3:TrackPointExtension>
            <ns3:hr>146</ns3:hr>
            <ns3:cad>52</ns3:cad>
          </ns3:TrackPointExtension>
        </extensions>
      </trkpt>
      <trkpt lat="43.85523478500545024871826171875" lon="87.51269361935555934906005859375">
        <ele>799.4000244140625</ele>
        <time>2026-07-29T14:21:21.000Z</time>
        <extensions>
          <ns3:TrackPointExtension>
            <ns3:hr>144</ns3:hr>
            <ns3:cad>52</ns3:cad>
          </ns3:TrackPointExtension>
        </extensions>
      </trkpt>
      <trkpt lat="43.85524081997573375701904296875" lon="87.51274458132684230804443359375">
        <ele>800</ele>
        <time>2026-07-29T14:21:24.000Z</time>
        <extensions>
          <ns3:TrackPointExtension>
            <ns3:hr>140</ns3:hr>
            <ns3:cad>52</ns3:cad>
          </ns3:TrackPointExtension>
        </extensions>
      </trkpt>
      <trkpt lat="43.85523797012865543365478515625" lon="87.51278162933886051177978515625">
        <ele>800.5999755859375</ele>
        <time>2026-07-29T14:21:26.000Z</time>
        <extensions>
          <ns3:TrackPointExtension>
            <ns3:hr>136</ns3:hr>
            <ns3:cad>53</ns3:cad>
          </ns3:TrackPointExtension>
        </extensions>
      </trkpt>
      <trkpt lat="43.85522405616939067840576171875" lon="87.51280124299228191375732421875">
        <ele>800.5999755859375</ele>
        <time>2026-07-29T14:21:27.000Z</time>
        <extensions>
          <ns3:TrackPointExtension>
            <ns3:hr>134</ns3:hr>
            <ns3:cad>53</ns3:cad>
          </ns3:TrackPointExtension>
        </extensions>
      </trkpt>
    </trkseg>
  </trk>
</gpx>
