<gpx xmlns:ns3="http://www.garmin.com/xmlschemas/TrackPointExtension/v1" xmlns="http://www.topografix.com/GPX/1/1" xmlns:xsi="http://www.w3.org/2001/XMLSchema-instance" xmlns:ns2="http://www.garmin.com/xmlschemas/GpxExtensions/v3" creator="Garmin Connect" version="1.1" xsi:schemaLocation="http://www.topografix.com/GPX/1/1 http://www.topografix.com/GPX/11.xsd">
  <extensions>
<distance>6509.14</distance>
<average_hr>140.0</average_hr>
<average_speed>2.200000047683716</average_speed>
<start_time>2026-07-30T13:40:50+00:00</start_time>
<end_time>2026-07-30T14:30:08.775000+00:00</end_time>
<moving_time>2880.054</moving_time>
<elapsed_time>3264.998</elapsed_time>
</extensions>
<metadata>
    <link href="connect.garmin.com">
      <text>Garmin Connect</text>
    </link>
    <time>2026-07-30T13:40:50.000Z</time>
  </metadata>
  <trk>
    <name>乌鲁木齐市 - 基础训练</name>
    <type>running</type>
    <trkseg>
      <trkpt lat="43.85532530955970287322998046875" lon="87.5169445015490055084228515625">
        <ele>787.20001220703125</ele>
        <time>2026-07-30T13:41:21.000Z</time>
        <extensions>
          <ns3:TrackPointExtension>
            <ns3:hr>101</ns3:hr>
            <ns3:cad>79</ns3:cad>
          </ns3:TrackPointExtension>
        </extensions>
      </trkpt>
      <trkpt lat="43.8551565818488597869873046875" lon="87.5168291665613651275634765625">
        <ele>789</ele>
        <time>2026-07-30T13:41:22.000Z</time>
        <extensions>
          <ns3:TrackPointExtension>
            <ns3:hr>102</ns3:hr>
            <ns3:cad>79</ns3:cad>
          </ns3:TrackPointExtension>
        </extensions>
      </trkpt>
      <trkpt lat="43.85518365539610385894775390625" lon="87.5168774463236331939697265625">
        <ele>788.5999755859375</ele>
        <time>2026-07-30T13:41:23.000Z</time>
        <extensions>
          <ns3:TrackPointExtension>
            <ns3:hr>103</ns3:hr>
            <ns3:cad>79</ns3:cad>
          </ns3:TrackPointExtension>
        </extensions>
      </trkpt>
      <trkpt lat="43.85514308698475360870361328125" lon="87.516910471022129058837890625">
        <ele>788.4000244140625</ele>
        <time>2026-07-30T13:41:27.000Z</time>
        <extensions>
          <ns3:TrackPointExtension>
            <ns3:hr>106</ns3:hr>
            <ns3:cad>78</ns3:cad>
          </ns3:TrackPointExtension>
        </extensions>
      </trkpt>
      <trkpt lat="43.8551379740238189697265625" lon="87.516914494335651397705078125">
        <ele>788.4000244140625</ele>
        <time>2026-07-30T13:41:30.000Z</time>
        <extensions>
          <ns3:TrackPointExtension>
            <ns3:hr>109</ns3:hr>
            <ns3:cad>79</ns3:cad>
          </ns3:TrackPointExtension>
        </extensions>
      </trkpt>
      <trkpt lat="43.85512062348425388336181640625" lon="87.5168962217867374420166015625">
        <ele>788.5999755859375</ele>
        <time>2026-07-30T13:41:32.000Z</time>
        <extensions>
          <ns3:TrackPointExtension>
            <ns3:hr>112</ns3:hr>
            <ns3:cad>79</ns3:cad>
          </ns3:TrackPointExtension>
        </extensions>
      </trkpt>
      <trkpt lat="43.855122886598110198974609375" lon="87.5168807990849018096923828125">
        <ele>788.79998779296875</ele>
        <time>2026-07-30T13:41:35.000Z</time>
        <extensions>
          <ns3:TrackPointExtension>
            <ns3:hr>114</ns3:hr>
            <ns3:cad>58</ns3:cad>
          </ns3:TrackPointExtension>
        </extensions>
      </trkpt>
      <trkpt lat="43.85510721243917942047119140625" lon="87.5168328545987606048583984375">
        <ele>789.20001220703125</ele>
        <time>2026-07-30T13:41:39.000Z</time>
        <extensions>
          <ns3:TrackPointExtension>
            <ns3:hr>117</ns3:hr>
            <ns3:cad>0</ns3:cad>
          </ns3:TrackPointExtension>
        </extensions>
      </trkpt>
      <trkpt lat="43.855048455297946929931640625" lon="87.51678365282714366912841796875">
        <ele>789.79998779296875</ele>
        <time>2026-07-30T13:41:43.000Z</time>
        <extensions>
          <ns3:TrackPointExtension>
            <ns3:hr>117</ns3:hr>
            <ns3:cad>0</ns3:cad>
          </ns3:TrackPointExtension>
        </extensions>
      </trkpt>
      <trkpt lat="43.85503915138542652130126953125" lon="87.5165780447423458099365234375">
        <ele>790</ele>
        <time>2026-07-30T13:41:48.000Z</time>
        <extensions>
          <ns3:TrackPointExtension>
            <ns3:hr>116</ns3:hr>
            <ns3:cad>79</ns3:cad>
          </ns3:TrackPointExtension>
        </extensions>
      </trkpt>
      <trkpt lat="43.8550559990108013153076171875" lon="87.51637361012399196624755859375">
        <ele>790</ele>
        <time>2026-07-30T13:41:53.000Z</time>
        <extensions>
          <ns3:TrackPointExtension>
            <ns3:hr>118</ns3:hr>
            <ns3:cad>79</ns3:cad>
          </ns3:TrackPointExtension>
        </extensions>
      </trkpt>
      <trkpt lat="43.85504937730729579925537109375" lon="87.5163376517593860626220703125">
        <ele>790</ele>
        <time>2026-07-30T13:41:54.000Z</time>
        <extensions>
          <ns3:TrackPointExtension>
            <ns3:hr>117</ns3:hr>
            <ns3:cad>79</ns3:cad>
          </ns3:TrackPointExtension>
        </extensions>
      </trkpt>
      <trkpt lat="43.8550521433353424072265625" lon="87.51608074642717838287353515625">
        <ele>789.5999755859375</ele>
        <time>2026-07-30T13:42:01.000Z</time>
        <extensions>
          <ns3:TrackPointExtension>
            <ns3:hr>116</ns3:hr>
            <ns3:cad>79</ns3:cad>
          </ns3:TrackPointExtension>
        </extensions>
      </trkpt>
      <trkpt lat="43.85506178252398967742919921875" lon="87.51605174504220485687255859375">
        <ele>789.4000244140625</ele>
        <time>2026-07-30T13:42:02.000Z</time>
        <extensions>
          <ns3:TrackPointExtension>
            <ns3:hr>117</ns3:hr>
            <ns3:cad>79</ns3:cad>
          </ns3:TrackPointExtension>
        </extensions>
      </trkpt>
      <trkpt lat="43.85509262792766094207763671875" lon="87.51578000374138355255126953125">
        <ele>791</ele>
        <time>2026-07-30T13:42:10.000Z</time>
        <extensions>
          <ns3:TrackPointExtension>
            <ns3:hr>119</ns3:hr>
            <ns3:cad>79</ns3:cad>
          </ns3:TrackPointExtension>
        </extensions>
      </trkpt>
      <trkpt lat="43.85512280277907848358154296875" lon="87.5155832804739475250244140625">
        <ele>793.79998779296875</ele>
        <time>2026-07-30T13:42:16.000Z</time>
        <extensions>
          <ns3:TrackPointExtension>
            <ns3:hr>120</ns3:hr>
            <ns3:cad>79</ns3:cad>
          </ns3:TrackPointExtension>
        </extensions>
      </trkpt>
      <trkpt lat="43.85514174588024616241455078125" lon="87.51538789831101894378662109375">
        <ele>796.5999755859375</ele>
        <time>2026-07-30T13:42:22.000Z</time>
        <extensions>
          <ns3:TrackPointExtension>
            <ns3:hr>122</ns3:hr>
            <ns3:cad>79</ns3:cad>
          </ns3:TrackPointExtension>
        </extensions>
      </trkpt>
      <trkpt lat="43.8551629520952701568603515625" lon="87.51510710455477237701416015625">
        <ele>799</ele>
        <time>2026-07-30T13:42:30.000Z</time>
        <extensions>
          <ns3:TrackPointExtension>
            <ns3:hr>123</ns3:hr>
            <ns3:cad>79</ns3:cad>
          </ns3:TrackPointExtension>
        </extensions>
      </trkpt>
      <trkpt lat="43.85516102425754070281982421875" lon="87.515086233615875244140625">
        <ele>799</ele>
        <time>2026-07-30T13:42:31.000Z</time>
        <extensions>
          <ns3:TrackPointExtension>
            <ns3:hr>126</ns3:hr>
            <ns3:cad>79</ns3:cad>
          </ns3:TrackPointExtension>
        </extensions>
      </trkpt>
      <trkpt lat="43.8551914505660533905029296875" lon="87.515036277472972869873046875">
        <ele>799</ele>
        <time>2026-07-30T13:42:35.000Z</time>
        <extensions>
          <ns3:TrackPointExtension>
            <ns3:hr>127</ns3:hr>
            <ns3:cad>80</ns3:cad>
          </ns3:TrackPointExtension>
        </extensions>
      </trkpt>
      <trkpt lat="43.85521718300879001617431640625" lon="87.51490962691605091094970703125">
        <ele>798.4000244140625</ele>
        <time>2026-07-30T13:42:43.000Z</time>
        <extensions>
          <ns3:TrackPointExtension>
            <ns3:hr>130</ns3:hr>
            <ns3:cad>54</ns3:cad>
          </ns3:TrackPointExtension>
        </extensions>
      </trkpt>
      <trkpt lat="43.8552377186715602874755859375" lon="87.51475305296480655670166015625">
        <ele>797.5999755859375</ele>
        <time>2026-07-30T13:42:51.000Z</time>
        <extensions>
          <ns3:TrackPointExtension>
            <ns3:hr>127</ns3:hr>
            <ns3:cad>55</ns3:cad>
          </ns3:TrackPointExtension>
        </extensions>
      </trkpt>
      <trkpt lat="43.85524056851863861083984375" lon="87.514729164540767669677734375">
        <ele>797.5999755859375</ele>
        <time>2026-07-30T13:42:52.000Z</time>
        <extensions>
          <ns3:TrackPointExtension>
            <ns3:hr>127</ns3:hr>
            <ns3:cad>55</ns3:cad>
          </ns3:TrackPointExtension>
        </extensions>
      </trkpt>
      <trkpt lat="43.8552514649927616119384765625" lon="87.51467845402657985687255859375">
        <ele>797.4000244140625</ele>
        <time>2026-07-30T13:42:54.000Z</time>
        <extensions>
          <ns3:TrackPointExtension>
            <ns3:hr>124</ns3:hr>
            <ns3:cad>77</ns3:cad>
          </ns3:TrackPointExtension>
        </extensions>
      </trkpt>
      <trkpt lat="43.855278454720973968505859375" lon="87.51452305354177951812744140625">
        <ele>797.20001220703125</ele>
        <time>2026-07-30T13:43:00.000Z</time>
        <extensions>
          <ns3:TrackPointExtension>
            <ns3:hr>127</ns3:hr>
            <ns3:cad>79</ns3:cad>
          </ns3:TrackPointExtension>
        </extensions>
      </trkpt>
      <trkpt lat="43.85528876446187496185302734375" lon="87.51450352370738983154296875">
        <ele>797.20001220703125</ele>
        <time>2026-07-30T13:43:01.000Z</time>
        <extensions>
          <ns3:TrackPointExtension>
            <ns3:hr>128</ns3:hr>
            <ns3:cad>79</ns3:cad>
          </ns3:TrackPointExtension>
        </extensions>
      </trkpt>
      <trkpt lat="43.85530083440244197845458984375" lon="87.51448265276849269866943359375">
        <ele>797</ele>
        <time>2026-07-30T13:43:02.000Z</time>
        <extensions>
          <ns3:TrackPointExtension>
            <ns3:hr>125</ns3:hr>
            <ns3:cad>79</ns3:cad>
          </ns3:TrackPointExtension>
        </extensions>
      </trkpt>
      <trkpt lat="43.85530938394367694854736328125" lon="87.5144249014556407928466796875">
        <ele>796.79998779296875</ele>
        <time>2026-07-30T13:43:04.000Z</time>
        <extensions>
          <ns3:TrackPointExtension>
            <ns3:hr>128</ns3:hr>
            <ns3:cad>79</ns3:cad>
          </ns3:TrackPointExtension>
        </extensions>
      </trkpt>
      <trkpt lat="43.8553372956812381744384765625" lon="87.51424225978553295135498046875">
        <ele>795.79998779296875</ele>
        <time>2026-07-30T13:43:10.000Z</time>
        <extensions>
          <ns3:TrackPointExtension>
            <ns3:hr>131</ns3:hr>
            <ns3:cad>79</ns3:cad>
          </ns3:TrackPointExtension>
        </extensions>
      </trkpt>
      <trkpt lat="43.8553450070321559906005859375" lon="87.51404796727001667022705078125">
        <ele>797.79998779296875</ele>
        <time>2026-07-30T13:43:16.000Z</time>
        <extensions>
          <ns3:TrackPointExtension>
            <ns3:hr>128</ns3:hr>
            <ns3:cad>78</ns3:cad>
          </ns3:TrackPointExtension>
        </extensions>
      </trkpt>
      <trkpt lat="43.85536587797105312347412109375" lon="87.513992898166179656982421875">
        <ele>798.20001220703125</ele>
        <time>2026-07-30T13:43:18.000Z</time>
        <extensions>
          <ns3:TrackPointExtension>
            <ns3:hr>130</ns3:hr>
            <ns3:cad>78</ns3:cad>
          </ns3:TrackPointExtension>
        </extensions>
      </trkpt>
      <trkpt lat="43.85538431815803050994873046875" lon="87.51385887153446674346923828125">
        <ele>799.5999755859375</ele>
        <time>2026-07-30T13:43:22.000Z</time>
        <extensions>
          <ns3:TrackPointExtension>
            <ns3:hr>127</ns3:hr>
            <ns3:cad>78</ns3:cad>
          </ns3:TrackPointExtension>
        </extensions>
      </trkpt>
      <trkpt lat="43.855412565171718597412109375" lon="87.51370715908706188201904296875">
        <ele>800.79998779296875</ele>
        <time>2026-07-30T13:43:27.000Z</time>
        <extensions>
          <ns3:TrackPointExtension>
            <ns3:hr>127</ns3:hr>
            <ns3:cad>78</ns3:cad>
          </ns3:TrackPointExtension>
        </extensions>
      </trkpt>
      <trkpt lat="43.85545112192630767822265625" lon="87.5134462304413318634033203125">
        <ele>801.5999755859375</ele>
        <time>2026-07-30T13:43:35.000Z</time>
        <extensions>
          <ns3:TrackPointExtension>
            <ns3:hr>128</ns3:hr>
            <ns3:cad>78</ns3:cad>
          </ns3:TrackPointExtension>
        </extensions>
      </trkpt>
      <trkpt lat="43.85549982078373432159423828125" lon="87.513225786387920379638671875">
        <ele>801.4000244140625</ele>
        <time>2026-07-30T13:43:42.000Z</time>
        <extensions>
          <ns3:TrackPointExtension>
            <ns3:hr>127</ns3:hr>
            <ns3:cad>78</ns3:cad>
          </ns3:TrackPointExtension>
        </extensions>
      </trkpt>
      <trkpt lat="43.8555106334388256072998046875" lon="87.51294272951781749725341796875">
        <ele>799.5999755859375</ele>
        <time>2026-07-30T13:43:50.000Z</time>
        <extensions>
          <ns3:TrackPointExtension>
            <ns3:hr>127</ns3:hr>
            <ns3:cad>79</ns3:cad>
          </ns3:TrackPointExtension>
        </extensions>
      </trkpt>
      <trkpt lat="43.85554692707955837249755859375" lon="87.512721531093120574951171875">
        <ele>797</ele>
        <time>2026-07-30T13:43:57.000Z</time>
        <extensions>
          <ns3:TrackPointExtension>
            <ns3:hr>127</ns3:hr>
            <ns3:cad>79</ns3:cad>
          </ns3:TrackPointExtension>
        </extensions>
      </trkpt>
      <trkpt lat="43.855560086667537689208984375" lon="87.51260577701032161712646484375">
        <ele>795.5999755859375</ele>
        <time>2026-07-30T13:44:03.000Z</time>
        <extensions>
          <ns3:TrackPointExtension>
            <ns3:hr>128</ns3:hr>
            <ns3:cad>78</ns3:cad>
          </ns3:TrackPointExtension>
        </extensions>
      </trkpt>
      <trkpt lat="43.85558850131928920745849609375" lon="87.5124484486877918243408203125">
        <ele>793.79998779296875</ele>
        <time>2026-07-30T13:44:09.000Z</time>
        <extensions>
          <ns3:TrackPointExtension>
            <ns3:hr>128</ns3:hr>
            <ns3:cad>79</ns3:cad>
          </ns3:TrackPointExtension>
        </extensions>
      </trkpt>
      <trkpt lat="43.8555927760899066925048828125" lon="87.51229480840265750885009765625">
        <ele>792</ele>
        <time>2026-07-30T13:44:13.000Z</time>
        <extensions>
          <ns3:TrackPointExtension>
            <ns3:hr>131</ns3:hr>
            <ns3:cad>80</ns3:cad>
          </ns3:TrackPointExtension>
        </extensions>
      </trkpt>
      <trkpt lat="43.855606019496917724609375" lon="87.51216975040733814239501953125">
        <ele>791.5999755859375</ele>
        <time>2026-07-30T13:44:16.000Z</time>
        <extensions>
          <ns3:TrackPointExtension>
            <ns3:hr>134</ns3:hr>
            <ns3:cad>81</ns3:cad>
          </ns3:TrackPointExtension>
        </extensions>
      </trkpt>
      <trkpt lat="43.85560777969658374786376953125" lon="87.51212884671986103057861328125">
        <ele>791.4000244140625</ele>
        <time>2026-07-30T13:44:17.000Z</time>
        <extensions>
          <ns3:TrackPointExtension>
            <ns3:hr>135</ns3:hr>
            <ns3:cad>81</ns3:cad>
          </ns3:TrackPointExtension>
        </extensions>
      </trkpt>
      <trkpt lat="43.85561532340943813323974609375" lon="87.5120025314390659332275390625">
        <ele>790.79998779296875</ele>
        <time>2026-07-30T13:44:20.000Z</time>
        <extensions>
          <ns3:TrackPointExtension>
            <ns3:hr>131</ns3:hr>
            <ns3:cad>80</ns3:cad>
          </ns3:TrackPointExtension>
        </extensions>
      </trkpt>
      <trkpt lat="43.8556154072284698486328125" lon="87.511957772076129913330078125">
        <ele>790.4000244140625</ele>
        <time>2026-07-30T13:44:21.000Z</time>
        <extensions>
          <ns3:TrackPointExtension>
            <ns3:hr>131</ns3:hr>
            <ns3:cad>80</ns3:cad>
          </ns3:TrackPointExtension>
        </extensions>
      </trkpt>
      <trkpt lat="43.8556256331503391265869140625" lon="87.51184067688882350921630859375">
        <ele>789</ele>
        <time>2026-07-30T13:44:24.000Z</time>
        <extensions>
          <ns3:TrackPointExtension>
            <ns3:hr>134</ns3:hr>
            <ns3:cad>80</ns3:cad>
          </ns3:TrackPointExtension>
        </extensions>
      </trkpt>
      <trkpt lat="43.85563217103481292724609375" lon="87.51180496998131275177001953125">
        <ele>788.5999755859375</ele>
        <time>2026-07-30T13:44:25.000Z</time>
        <extensions>
          <ns3:TrackPointExtension>
            <ns3:hr>132</ns3:hr>
            <ns3:cad>80</ns3:cad>
          </ns3:TrackPointExtension>
        </extensions>
      </trkpt>
      <trkpt lat="43.85565957985818386077880859375" lon="87.51155016012489795684814453125">
        <ele>785</ele>
        <time>2026-07-30T13:44:33.000Z</time>
        <extensions>
          <ns3:TrackPointExtension>
            <ns3:hr>133</ns3:hr>
            <ns3:cad>0</ns3:cad>
          </ns3:TrackPointExtension>
        </extensions>
      </trkpt>
      <trkpt lat="43.85568774305284023284912109375" lon="87.51149450428783893585205078125">
        <ele>784.4000244140625</ele>
        <time>2026-07-30T13:44:40.000Z</time>
        <extensions>
          <ns3:TrackPointExtension>
            <ns3:hr>131</ns3:hr>
            <ns3:cad>52</ns3:cad>
          </ns3:TrackPointExtension>
        </extensions>
      </trkpt>
      <trkpt lat="43.85568757541477680206298828125" lon="87.51148913986980915069580078125">
        <ele>784.20001220703125</ele>
        <time>2026-07-30T13:44:45.000Z</time>
        <extensions>
          <ns3:TrackPointExtension>
            <ns3:hr>128</ns3:hr>
            <ns3:cad>0</ns3:cad>
          </ns3:TrackPointExtension>
        </extensions>
      </trkpt>
      <trkpt lat="43.8556906767189502716064453125" lon="87.51148142851889133453369140625">
        <ele>784.20001220703125</ele>
        <time>2026-07-30T13:44:47.000Z</time>
        <extensions>
          <ns3:TrackPointExtension>
            <ns3:hr>127</ns3:hr>
            <ns3:cad>0</ns3:cad>
          </ns3:TrackPointExtension>
        </extensions>
      </trkpt>
      <trkpt lat="43.8556916825473308563232421875" lon="87.51147338189184665679931640625">
        <ele>784.20001220703125</ele>
        <time>2026-07-30T13:44:49.000Z</time>
        <extensions>
          <ns3:TrackPointExtension>
            <ns3:hr>123</ns3:hr>
            <ns3:cad>0</ns3:cad>
          </ns3:TrackPointExtension>
        </extensions>
      </trkpt>
      <trkpt lat="43.85569780133664608001708984375" lon="87.51138905994594097137451171875">
        <ele>783.5999755859375</ele>
        <time>2026-07-30T13:44:54.000Z</time>
        <extensions>
          <ns3:TrackPointExtension>
            <ns3:hr>123</ns3:hr>
            <ns3:cad>0</ns3:cad>
          </ns3:TrackPointExtension>
        </extensions>
      </trkpt>
      <trkpt lat="43.85570366866886615753173828125" lon="87.51110918819904327392578125">
        <ele>781.79998779296875</ele>
        <time>2026-07-30T13:45:01.000Z</time>
        <extensions>
          <ns3:TrackPointExtension>
            <ns3:hr>125</ns3:hr>
            <ns3:cad>81</ns3:cad>
          </ns3:TrackPointExtension>
        </extensions>
      </trkpt>
      <trkpt lat="43.85569654405117034912109375" lon="87.5108485110104084014892578125">
        <ele>781.4000244140625</ele>
        <time>2026-07-30T13:45:08.000Z</time>
        <extensions>
          <ns3:TrackPointExtension>
            <ns3:hr>127</ns3:hr>
            <ns3:cad>82</ns3:cad>
          </ns3:TrackPointExtension>
        </extensions>
      </trkpt>
      <trkpt lat="43.8556809537112712860107421875" lon="87.51059143804013729095458984375">
        <ele>781.4000244140625</ele>
        <time>2026-07-30T13:45:16.000Z</time>
        <extensions>
          <ns3:TrackPointExtension>
            <ns3:hr>128</ns3:hr>
            <ns3:cad>79</ns3:cad>
          </ns3:TrackPointExtension>
        </extensions>
      </trkpt>
      <trkpt lat="43.85568288154900074005126953125" lon="87.51052488572895526885986328125">
        <ele>781.5999755859375</ele>
        <time>2026-07-30T13:45:18.000Z</time>
        <extensions>
          <ns3:TrackPointExtension>
            <ns3:hr>131</ns3:hr>
            <ns3:cad>79</ns3:cad>
          </ns3:TrackPointExtension>
        </extensions>
      </trkpt>
      <trkpt lat="43.855681456625461578369140625" lon="87.51027426682412624359130859375">
        <ele>782</ele>
        <time>2026-07-30T13:45:25.000Z</time>
        <extensions>
          <ns3:TrackPointExtension>
            <ns3:hr>132</ns3:hr>
            <ns3:cad>79</ns3:cad>
          </ns3:TrackPointExtension>
        </extensions>
      </trkpt>
      <trkpt lat="43.8556846417486667633056640625" lon="87.5102094747126102447509765625">
        <ele>782</ele>
        <time>2026-07-30T13:45:27.000Z</time>
        <extensions>
          <ns3:TrackPointExtension>
            <ns3:hr>134</ns3:hr>
            <ns3:cad>79</ns3:cad>
          </ns3:TrackPointExtension>
        </extensions>
      </trkpt>
      <trkpt lat="43.855698220431804656982421875" lon="87.50999313779175281524658203125">
        <ele>782.5999755859375</ele>
        <time>2026-07-30T13:45:34.000Z</time>
        <extensions>
          <ns3:TrackPointExtension>
            <ns3:hr>135</ns3:hr>
            <ns3:cad>79</ns3:cad>
          </ns3:TrackPointExtension>
        </extensions>
      </trkpt>
      <trkpt lat="43.8557007350027561187744140625" lon="87.50985919497907161712646484375">
        <ele>783</ele>
        <time>2026-07-30T13:45:41.000Z</time>
        <extensions>
          <ns3:TrackPointExtension>
            <ns3:hr>135</ns3:hr>
            <ns3:cad>74</ns3:cad>
          </ns3:TrackPointExtension>
        </extensions>
      </trkpt>
      <trkpt lat="43.85569880716502666473388671875" lon="87.50977302901446819305419921875">
        <ele>783</ele>
        <time>2026-07-30T13:45:46.000Z</time>
        <extensions>
          <ns3:TrackPointExtension>
            <ns3:hr>132</ns3:hr>
            <ns3:cad>54</ns3:cad>
          </ns3:TrackPointExtension>
        </extensions>
      </trkpt>
      <trkpt lat="43.85568908415734767913818359375" lon="87.509692646563053131103515625">
        <ele>783.79998779296875</ele>
        <time>2026-07-30T13:45:49.000Z</time>
        <extensions>
          <ns3:TrackPointExtension>
            <ns3:hr>131</ns3:hr>
            <ns3:cad>54</ns3:cad>
          </ns3:TrackPointExtension>
        </extensions>
      </trkpt>
      <trkpt lat="43.85571540333330631256103515625" lon="87.50943322665989398956298828125">
        <ele>786.5999755859375</ele>
        <time>2026-07-30T13:45:57.000Z</time>
        <extensions>
          <ns3:TrackPointExtension>
            <ns3:hr>132</ns3:hr>
            <ns3:cad>78</ns3:cad>
          </ns3:TrackPointExtension>
        </extensions>
      </trkpt>
      <trkpt lat="43.8557178340852260589599609375" lon="87.5091664306819438934326171875">
        <ele>791.79998779296875</ele>
        <time>2026-07-30T13:46:07.000Z</time>
        <extensions>
          <ns3:TrackPointExtension>
            <ns3:hr>131</ns3:hr>
            <ns3:cad>79</ns3:cad>
          </ns3:TrackPointExtension>
        </extensions>
      </trkpt>
      <trkpt lat="43.85571573860943317413330078125" lon="87.50912368297576904296875">
        <ele>792.4000244140625</ele>
        <time>2026-07-30T13:46:08.000Z</time>
        <extensions>
          <ns3:TrackPointExtension>
            <ns3:hr>134</ns3:hr>
            <ns3:cad>79</ns3:cad>
          </ns3:TrackPointExtension>
        </extensions>
      </trkpt>
      <trkpt lat="43.8557121343910694122314453125" lon="87.509060315787792205810546875">
        <ele>793.20001220703125</ele>
        <time>2026-07-30T13:46:10.000Z</time>
        <extensions>
          <ns3:TrackPointExtension>
            <ns3:hr>133</ns3:hr>
            <ns3:cad>79</ns3:cad>
          </ns3:TrackPointExtension>
        </extensions>
      </trkpt>
      <trkpt lat="43.8557315804064273834228515625" lon="87.5088086910545825958251953125">
        <ele>796.20001220703125</ele>
        <time>2026-07-30T13:46:19.000Z</time>
        <extensions>
          <ns3:TrackPointExtension>
            <ns3:hr>132</ns3:hr>
            <ns3:cad>79</ns3:cad>
          </ns3:TrackPointExtension>
        </extensions>
      </trkpt>
      <trkpt lat="43.85573484934866428375244140625" lon="87.50874976627528667449951171875">
        <ele>796.79998779296875</ele>
        <time>2026-07-30T13:46:26.000Z</time>
        <extensions>
          <ns3:TrackPointExtension>
            <ns3:hr>133</ns3:hr>
            <ns3:cad>0</ns3:cad>
          </ns3:TrackPointExtension>
        </extensions>
      </trkpt>
      <trkpt lat="43.85573317296802997589111328125" lon="87.50874641351401805877685546875">
        <ele>797</ele>
        <time>2026-07-30T13:46:33.000Z</time>
        <extensions>
          <ns3:TrackPointExtension>
            <ns3:hr>129</ns3:hr>
            <ns3:cad>0</ns3:cad>
          </ns3:TrackPointExtension>
        </extensions>
      </trkpt>
      <trkpt lat="43.85573132894933223724365234375" lon="87.5087436474859714508056640625">
        <ele>797</ele>
        <time>2026-07-30T13:46:34.000Z</time>
        <extensions>
          <ns3:TrackPointExtension>
            <ns3:hr>129</ns3:hr>
            <ns3:cad>0</ns3:cad>
          </ns3:TrackPointExtension>
        </extensions>
      </trkpt>
      <trkpt lat="43.8557218573987483978271484375" lon="87.5086755864322185516357421875">
        <ele>797.79998779296875</ele>
        <time>2026-07-30T13:46:43.000Z</time>
        <extensions>
          <ns3:TrackPointExtension>
            <ns3:hr>129</ns3:hr>
            <ns3:cad>0</ns3:cad>
          </ns3:TrackPointExtension>
        </extensions>
      </trkpt>
      <trkpt lat="43.8557164929807186126708984375" lon="87.50863828696310520172119140625">
        <ele>798</ele>
        <time>2026-07-30T13:46:44.000Z</time>
        <extensions>
          <ns3:TrackPointExtension>
            <ns3:hr>126</ns3:hr>
            <ns3:cad>78</ns3:cad>
          </ns3:TrackPointExtension>
        </extensions>
      </trkpt>
      <trkpt lat="43.855723701417446136474609375" lon="87.50845891423523426055908203125">
        <ele>798.20001220703125</ele>
        <time>2026-07-30T13:46:49.000Z</time>
        <extensions>
          <ns3:TrackPointExtension>
            <ns3:hr>125</ns3:hr>
            <ns3:cad>81</ns3:cad>
          </ns3:TrackPointExtension>
        </extensions>
      </trkpt>
      <trkpt lat="43.855725713074207305908203125" lon="87.508343160152435302734375">
        <ele>797.79998779296875</ele>
        <time>2026-07-30T13:46:52.000Z</time>
        <extensions>
          <ns3:TrackPointExtension>
            <ns3:hr>128</ns3:hr>
            <ns3:cad>81</ns3:cad>
          </ns3:TrackPointExtension>
        </extensions>
      </trkpt>
      <trkpt lat="43.8557024113833904266357421875" lon="87.50816185958683490753173828125">
        <ele>797.4000244140625</ele>
        <time>2026-07-30T13:46:57.000Z</time>
        <extensions>
          <ns3:TrackPointExtension>
            <ns3:hr>130</ns3:hr>
            <ns3:cad>81</ns3:cad>
          </ns3:TrackPointExtension>
        </extensions>
      </trkpt>
      <trkpt lat="43.85570433922111988067626953125" lon="87.5080855004489421844482421875">
        <ele>797</ele>
        <time>2026-07-30T13:46:59.000Z</time>
        <extensions>
          <ns3:TrackPointExtension>
            <ns3:hr>127</ns3:hr>
            <ns3:cad>80</ns3:cad>
          </ns3:TrackPointExtension>
        </extensions>
      </trkpt>
      <trkpt lat="43.85570718906819820404052734375" lon="87.5080459378659725189208984375">
        <ele>796.5999755859375</ele>
        <time>2026-07-30T13:47:00.000Z</time>
        <extensions>
          <ns3:TrackPointExtension>
            <ns3:hr>130</ns3:hr>
            <ns3:cad>78</ns3:cad>
          </ns3:TrackPointExtension>
        </extensions>
      </trkpt>
      <trkpt lat="43.85569662787020206451416015625" lon="87.50785189680755138397216796875">
        <ele>795.4000244140625</ele>
        <time>2026-07-30T13:47:05.000Z</time>
        <extensions>
          <ns3:TrackPointExtension>
            <ns3:hr>134</ns3:hr>
            <ns3:cad>81</ns3:cad>
          </ns3:TrackPointExtension>
        </extensions>
      </trkpt>
      <trkpt lat="43.85572479106485843658447265625" lon="87.507603205740451812744140625">
        <ele>792.5999755859375</ele>
        <time>2026-07-30T13:47:12.000Z</time>
        <extensions>
          <ns3:TrackPointExtension>
            <ns3:hr>136</ns3:hr>
            <ns3:cad>80</ns3:cad>
          </ns3:TrackPointExtension>
        </extensions>
      </trkpt>
      <trkpt lat="43.855718672275543212890625" lon="87.50749130733311176300048828125">
        <ele>792.20001220703125</ele>
        <time>2026-07-30T13:47:15.000Z</time>
        <extensions>
          <ns3:TrackPointExtension>
            <ns3:hr>134</ns3:hr>
            <ns3:cad>79</ns3:cad>
          </ns3:TrackPointExtension>
        </extensions>
      </trkpt>
      <trkpt lat="43.85572395287454128265380859375" lon="87.5072245113551616668701171875">
        <ele>790.20001220703125</ele>
        <time>2026-07-30T13:47:23.000Z</time>
        <extensions>
          <ns3:TrackPointExtension>
            <ns3:hr>133</ns3:hr>
            <ns3:cad>79</ns3:cad>
          </ns3:TrackPointExtension>
        </extensions>
      </trkpt>
      <trkpt lat="43.8557453267276287078857421875" lon="87.5069680251181125640869140625">
        <ele>788.4000244140625</ele>
        <time>2026-07-30T13:47:31.000Z</time>
        <extensions>
          <ns3:TrackPointExtension>
            <ns3:hr>135</ns3:hr>
            <ns3:cad>79</ns3:cad>
          </ns3:TrackPointExtension>
        </extensions>
      </trkpt>
      <trkpt lat="43.855746500194072723388671875" lon="87.5069422088563442230224609375">
        <ele>788.20001220703125</ele>
        <time>2026-07-30T13:47:32.000Z</time>
        <extensions>
          <ns3:TrackPointExtension>
            <ns3:hr>134</ns3:hr>
            <ns3:cad>79</ns3:cad>
          </ns3:TrackPointExtension>
        </extensions>
      </trkpt>
      <trkpt lat="43.85574281215667724609375" lon="87.50683148391544818878173828125">
        <ele>787.79998779296875</ele>
        <time>2026-07-30T13:47:35.000Z</time>
        <extensions>
          <ns3:TrackPointExtension>
            <ns3:hr>137</ns3:hr>
            <ns3:cad>80</ns3:cad>
          </ns3:TrackPointExtension>
        </extensions>
      </trkpt>
      <trkpt lat="43.8557627610862255096435546875" lon="87.50661782920360565185546875">
        <ele>786.5999755859375</ele>
        <time>2026-07-30T13:47:41.000Z</time>
        <extensions>
          <ns3:TrackPointExtension>
            <ns3:hr>139</ns3:hr>
            <ns3:cad>81</ns3:cad>
          </ns3:TrackPointExtension>
        </extensions>
      </trkpt>
      <trkpt lat="43.855775333940982818603515625" lon="87.5064087845385074615478515625">
        <ele>785</ele>
        <time>2026-07-30T13:47:47.000Z</time>
        <extensions>
          <ns3:TrackPointExtension>
            <ns3:hr>142</ns3:hr>
            <ns3:cad>80</ns3:cad>
          </ns3:TrackPointExtension>
        </extensions>
      </trkpt>
      <trkpt lat="43.85578103363513946533203125" lon="87.50633628107607364654541015625">
        <ele>784.20001220703125</ele>
        <time>2026-07-30T13:47:49.000Z</time>
        <extensions>
          <ns3:TrackPointExtension>
            <ns3:hr>140</ns3:hr>
            <ns3:cad>80</ns3:cad>
          </ns3:TrackPointExtension>
        </extensions>
      </trkpt>
      <trkpt lat="43.85578245855867862701416015625" lon="87.5061868317425251007080078125">
        <ele>782.5999755859375</ele>
        <time>2026-07-30T13:47:55.000Z</time>
        <extensions>
          <ns3:TrackPointExtension>
            <ns3:hr>139</ns3:hr>
            <ns3:cad>80</ns3:cad>
          </ns3:TrackPointExtension>
        </extensions>
      </trkpt>
      <trkpt lat="43.85579905472695827484130859375" lon="87.50609857030212879180908203125">
        <ele>781.79998779296875</ele>
        <time>2026-07-30T13:48:01.000Z</time>
        <extensions>
          <ns3:TrackPointExtension>
            <ns3:hr>137</ns3:hr>
            <ns3:cad>54</ns3:cad>
          </ns3:TrackPointExtension>
        </extensions>
      </trkpt>
      <trkpt lat="43.85580190457403659820556640625" lon="87.50599882565438747406005859375">
        <ele>781</ele>
        <time>2026-07-30T13:48:06.000Z</time>
        <extensions>
          <ns3:TrackPointExtension>
            <ns3:hr>134</ns3:hr>
            <ns3:cad>55</ns3:cad>
          </ns3:TrackPointExtension>
        </extensions>
      </trkpt>
      <trkpt lat="43.85579989291727542877197265625" lon="87.5059548206627368927001953125">
        <ele>780.79998779296875</ele>
        <time>2026-07-30T13:48:09.000Z</time>
        <extensions>
          <ns3:TrackPointExtension>
            <ns3:hr>130</ns3:hr>
            <ns3:cad>55</ns3:cad>
          </ns3:TrackPointExtension>
        </extensions>
      </trkpt>
      <trkpt lat="43.85579167865216732025146484375" lon="87.505923807621002197265625">
        <ele>780.5999755859375</ele>
        <time>2026-07-30T13:48:11.000Z</time>
        <extensions>
          <ns3:TrackPointExtension>
            <ns3:hr>128</ns3:hr>
            <ns3:cad>56</ns3:cad>
          </ns3:TrackPointExtension>
        </extensions>
      </trkpt>
      <trkpt lat="43.85577340610325336456298828125" lon="87.50583328306674957275390625">
        <ele>780.20001220703125</ele>
        <time>2026-07-30T13:48:15.000Z</time>
        <extensions>
          <ns3:TrackPointExtension>
            <ns3:hr>125</ns3:hr>
            <ns3:cad>56</ns3:cad>
          </ns3:TrackPointExtension>
        </extensions>
      </trkpt>
      <trkpt lat="43.8557763397693634033203125" lon="87.5057348795235157012939453125">
        <ele>780.4000244140625</ele>
        <time>2026-07-30T13:48:18.000Z</time>
        <extensions>
          <ns3:TrackPointExtension>
            <ns3:hr>122</ns3:hr>
            <ns3:cad>56</ns3:cad>
          </ns3:TrackPointExtension>
        </extensions>
      </trkpt>
      <trkpt lat="43.85578430257737636566162109375" lon="87.50569674186408519744873046875">
        <ele>780.5999755859375</ele>
        <time>2026-07-30T13:48:19.000Z</time>
        <extensions>
          <ns3:TrackPointExtension>
            <ns3:hr>123</ns3:hr>
            <ns3:cad>78</ns3:cad>
          </ns3:TrackPointExtension>
        </extensions>
      </trkpt>
      <trkpt lat="43.855790086090564727783203125" lon="87.50565902329981327056884765625">
        <ele>780.79998779296875</ele>
        <time>2026-07-30T13:48:20.000Z</time>
        <extensions>
          <ns3:TrackPointExtension>
            <ns3:hr>123</ns3:hr>
            <ns3:cad>79</ns3:cad>
          </ns3:TrackPointExtension>
        </extensions>
      </trkpt>
      <trkpt lat="43.855793438851833343505859375" lon="87.505525834858417510986328125">
        <ele>781.5999755859375</ele>
        <time>2026-07-30T13:48:24.000Z</time>
        <extensions>
          <ns3:TrackPointExtension>
            <ns3:hr>122</ns3:hr>
            <ns3:cad>79</ns3:cad>
          </ns3:TrackPointExtension>
        </extensions>
      </trkpt>
      <trkpt lat="43.8557708077132701873779296875" lon="87.5053731165826320648193359375">
        <ele>783</ele>
        <time>2026-07-30T13:48:28.000Z</time>
        <extensions>
          <ns3:TrackPointExtension>
            <ns3:hr>125</ns3:hr>
            <ns3:cad>79</ns3:cad>
          </ns3:TrackPointExtension>
        </extensions>
      </trkpt>
      <trkpt lat="43.855750523507595062255859375" lon="87.50530497170984745025634765625">
        <ele>783.79998779296875</ele>
        <time>2026-07-30T13:48:30.000Z</time>
        <extensions>
          <ns3:TrackPointExtension>
            <ns3:hr>129</ns3:hr>
            <ns3:cad>81</ns3:cad>
          </ns3:TrackPointExtension>
        </extensions>
      </trkpt>
      <trkpt lat="43.85573971085250377655029296875" lon="87.5052711926400661468505859375">
        <ele>784.4000244140625</ele>
        <time>2026-07-30T13:48:31.000Z</time>
        <extensions>
          <ns3:TrackPointExtension>
            <ns3:hr>129</ns3:hr>
            <ns3:cad>81</ns3:cad>
          </ns3:TrackPointExtension>
        </extensions>
      </trkpt>
      <trkpt lat="43.85575287044048309326171875" lon="87.50521905720233917236328125">
        <ele>785.4000244140625</ele>
        <time>2026-07-30T13:48:34.000Z</time>
        <extensions>
          <ns3:TrackPointExtension>
            <ns3:hr>126</ns3:hr>
            <ns3:cad>79</ns3:cad>
          </ns3:TrackPointExtension>
        </extensions>
      </trkpt>
      <trkpt lat="43.8557443208992481231689453125" lon="87.5052202306687831878662109375">
        <ele>785.20001220703125</ele>
        <time>2026-07-30T13:48:35.000Z</time>
        <extensions>
          <ns3:TrackPointExtension>
            <ns3:hr>129</ns3:hr>
            <ns3:cad>79</ns3:cad>
          </ns3:TrackPointExtension>
        </extensions>
      </trkpt>
      <trkpt lat="43.85573015548288822174072265625" lon="87.505228109657764434814453125">
        <ele>785</ele>
        <time>2026-07-30T13:48:36.000Z</time>
        <extensions>
          <ns3:TrackPointExtension>
            <ns3:hr>130</ns3:hr>
            <ns3:cad>78</ns3:cad>
          </ns3:TrackPointExtension>
        </extensions>
      </trkpt>
      <trkpt lat="43.85572361759841442108154296875" lon="87.5052344799041748046875">
        <ele>785</ele>
        <time>2026-07-30T13:48:37.000Z</time>
        <extensions>
          <ns3:TrackPointExtension>
            <ns3:hr>131</ns3:hr>
            <ns3:cad>77</ns3:cad>
          </ns3:TrackPointExtension>
        </extensions>
      </trkpt>
      <trkpt lat="43.85564717464148998260498046875" lon="87.5052453763782978057861328125">
        <ele>784.4000244140625</ele>
        <time>2026-07-30T13:48:42.000Z</time>
        <extensions>
          <ns3:TrackPointExtension>
            <ns3:hr>133</ns3:hr>
            <ns3:cad>77</ns3:cad>
          </ns3:TrackPointExtension>
        </extensions>
      </trkpt>
      <trkpt lat="43.855588920414447784423828125" lon="87.50531494617462158203125">
        <ele>783</ele>
        <time>2026-07-30T13:48:45.000Z</time>
        <extensions>
          <ns3:TrackPointExtension>
            <ns3:hr>133</ns3:hr>
            <ns3:cad>78</ns3:cad>
          </ns3:TrackPointExtension>
        </extensions>
      </trkpt>
      <trkpt lat="43.8555880822241306304931640625" lon="87.505350820720195770263671875">
        <ele>782.79998779296875</ele>
        <time>2026-07-30T13:48:46.000Z</time>
        <extensions>
          <ns3:TrackPointExtension>
            <ns3:hr>133</ns3:hr>
            <ns3:cad>78</ns3:cad>
          </ns3:TrackPointExtension>
        </extensions>
      </trkpt>
      <trkpt lat="43.8555723242461681365966796875" lon="87.50561409629881381988525390625">
        <ele>781</ele>
        <time>2026-07-30T13:48:53.000Z</time>
        <extensions>
          <ns3:TrackPointExtension>
            <ns3:hr>132</ns3:hr>
            <ns3:cad>79</ns3:cad>
          </ns3:TrackPointExtension>
        </extensions>
      </trkpt>
      <trkpt lat="43.8555770181119441986083984375" lon="87.505730353295803070068359375">
        <ele>781</ele>
        <time>2026-07-30T13:48:57.000Z</time>
        <extensions>
          <ns3:TrackPointExtension>
            <ns3:hr>135</ns3:hr>
            <ns3:cad>79</ns3:cad>
          </ns3:TrackPointExtension>
        </extensions>
      </trkpt>
      <trkpt lat="43.85558447800576686859130859375" lon="87.5057566724717617034912109375">
        <ele>781</ele>
        <time>2026-07-30T13:48:59.000Z</time>
        <extensions>
          <ns3:TrackPointExtension>
            <ns3:hr>135</ns3:hr>
            <ns3:cad>78</ns3:cad>
          </ns3:TrackPointExtension>
        </extensions>
      </trkpt>
      <trkpt lat="43.85557643137872219085693359375" lon="87.50577159225940704345703125">
        <ele>781</ele>
        <time>2026-07-30T13:49:00.000Z</time>
        <extensions>
          <ns3:TrackPointExtension>
            <ns3:hr>132</ns3:hr>
            <ns3:cad>78</ns3:cad>
          </ns3:TrackPointExtension>
        </extensions>
      </trkpt>
      <trkpt lat="43.85554089210927486419677734375" lon="87.50583521090447902679443359375">
        <ele>781</ele>
        <time>2026-07-30T13:49:05.000Z</time>
        <extensions>
          <ns3:TrackPointExtension>
            <ns3:hr>134</ns3:hr>
            <ns3:cad>78</ns3:cad>
          </ns3:TrackPointExtension>
        </extensions>
      </trkpt>
      <trkpt lat="43.855546005070209503173828125" lon="87.505853734910488128662109375">
        <ele>781</ele>
        <time>2026-07-30T13:49:07.000Z</time>
        <extensions>
          <ns3:TrackPointExtension>
            <ns3:hr>136</ns3:hr>
            <ns3:cad>48</ns3:cad>
          </ns3:TrackPointExtension>
        </extensions>
      </trkpt>
      <trkpt lat="43.855552040040493011474609375" lon="87.50595398247241973876953125">
        <ele>781.5999755859375</ele>
        <time>2026-07-30T13:49:11.000Z</time>
        <extensions>
          <ns3:TrackPointExtension>
            <ns3:hr>134</ns3:hr>
            <ns3:cad>49</ns3:cad>
          </ns3:TrackPointExtension>
        </extensions>
      </trkpt>
      <trkpt lat="43.85554340668022632598876953125" lon="87.50609152950346469879150390625">
        <ele>782.5999755859375</ele>
        <time>2026-07-30T13:49:15.000Z</time>
        <extensions>
          <ns3:TrackPointExtension>
            <ns3:hr>131</ns3:hr>
            <ns3:cad>79</ns3:cad>
          </ns3:TrackPointExtension>
        </extensions>
      </trkpt>
      <trkpt lat="43.8555481843650341033935546875" lon="87.50615238212049007415771484375">
        <ele>783.20001220703125</ele>
        <time>2026-07-30T13:49:17.000Z</time>
        <extensions>
          <ns3:TrackPointExtension>
            <ns3:hr>131</ns3:hr>
            <ns3:cad>79</ns3:cad>
          </ns3:TrackPointExtension>
        </extensions>
      </trkpt>
      <trkpt lat="43.855548687279224395751953125" lon="87.5063739158213138580322265625">
        <ele>785.5999755859375</ele>
        <time>2026-07-30T13:49:24.000Z</time>
        <extensions>
          <ns3:TrackPointExtension>
            <ns3:hr>128</ns3:hr>
            <ns3:cad>81</ns3:cad>
          </ns3:TrackPointExtension>
        </extensions>
      </trkpt>
      <trkpt lat="43.8555468432605266571044921875" lon="87.50651565380394458770751953125">
        <ele>786.5999755859375</ele>
        <time>2026-07-30T13:49:28.000Z</time>
        <extensions>
          <ns3:TrackPointExtension>
            <ns3:hr>129</ns3:hr>
            <ns3:cad>81</ns3:cad>
          </ns3:TrackPointExtension>
        </extensions>
      </trkpt>
      <trkpt lat="43.85553251020610332489013671875" lon="87.506686560809612274169921875">
        <ele>787.79998779296875</ele>
        <time>2026-07-30T13:49:33.000Z</time>
        <extensions>
          <ns3:TrackPointExtension>
            <ns3:hr>132</ns3:hr>
            <ns3:cad>81</ns3:cad>
          </ns3:TrackPointExtension>
        </extensions>
      </trkpt>
      <trkpt lat="43.855533935129642486572265625" lon="87.5068183243274688720703125">
        <ele>788.4000244140625</ele>
        <time>2026-07-30T13:49:37.000Z</time>
        <extensions>
          <ns3:TrackPointExtension>
            <ns3:hr>133</ns3:hr>
            <ns3:cad>79</ns3:cad>
          </ns3:TrackPointExtension>
        </extensions>
      </trkpt>
      <trkpt lat="43.855512477457523345947265625" lon="87.50707380473613739013671875">
        <ele>789.5999755859375</ele>
        <time>2026-07-30T13:49:45.000Z</time>
        <extensions>
          <ns3:TrackPointExtension>
            <ns3:hr>134</ns3:hr>
            <ns3:cad>79</ns3:cad>
          </ns3:TrackPointExtension>
        </extensions>
      </trkpt>
      <trkpt lat="43.8555193506181240081787109375" lon="87.507239095866680145263671875">
        <ele>790.79998779296875</ele>
        <time>2026-07-30T13:49:50.000Z</time>
        <extensions>
          <ns3:TrackPointExtension>
            <ns3:hr>136</ns3:hr>
            <ns3:cad>79</ns3:cad>
          </ns3:TrackPointExtension>
        </extensions>
      </trkpt>
      <trkpt lat="43.855497054755687713623046875" lon="87.507357113063335418701171875">
        <ele>791.5999755859375</ele>
        <time>2026-07-30T13:49:56.000Z</time>
        <extensions>
          <ns3:TrackPointExtension>
            <ns3:hr>137</ns3:hr>
            <ns3:cad>79</ns3:cad>
          </ns3:TrackPointExtension>
        </extensions>
      </trkpt>
      <trkpt lat="43.855503089725971221923828125" lon="87.50756800174713134765625">
        <ele>794.4000244140625</ele>
        <time>2026-07-30T13:50:02.000Z</time>
        <extensions>
          <ns3:TrackPointExtension>
            <ns3:hr>138</ns3:hr>
            <ns3:cad>79</ns3:cad>
          </ns3:TrackPointExtension>
        </extensions>
      </trkpt>
      <trkpt lat="43.85552044026553630828857421875" lon="87.50782691873610019683837890625">
        <ele>797.79998779296875</ele>
        <time>2026-07-30T13:50:10.000Z</time>
        <extensions>
          <ns3:TrackPointExtension>
            <ns3:hr>140</ns3:hr>
            <ns3:cad>79</ns3:cad>
          </ns3:TrackPointExtension>
        </extensions>
      </trkpt>
      <trkpt lat="43.85552194900810718536376953125" lon="87.50789456069469451904296875">
        <ele>798.20001220703125</ele>
        <time>2026-07-30T13:50:12.000Z</time>
        <extensions>
          <ns3:TrackPointExtension>
            <ns3:hr>139</ns3:hr>
            <ns3:cad>79</ns3:cad>
          </ns3:TrackPointExtension>
        </extensions>
      </trkpt>
      <trkpt lat="43.85550887323915958404541015625" lon="87.508149705827236175537109375">
        <ele>799.79998779296875</ele>
        <time>2026-07-30T13:50:19.000Z</time>
        <extensions>
          <ns3:TrackPointExtension>
            <ns3:hr>141</ns3:hr>
            <ns3:cad>79</ns3:cad>
          </ns3:TrackPointExtension>
        </extensions>
      </trkpt>
      <trkpt lat="43.8555056042969226837158203125" lon="87.50818683765828609466552734375">
        <ele>800</ele>
        <time>2026-07-30T13:50:20.000Z</time>
        <extensions>
          <ns3:TrackPointExtension>
            <ns3:hr>141</ns3:hr>
            <ns3:cad>79</ns3:cad>
          </ns3:TrackPointExtension>
        </extensions>
      </trkpt>
      <trkpt lat="43.8554938696324825286865234375" lon="87.50828809104859828948974609375">
        <ele>800.5999755859375</ele>
        <time>2026-07-30T13:50:25.000Z</time>
        <extensions>
          <ns3:TrackPointExtension>
            <ns3:hr>140</ns3:hr>
            <ns3:cad>79</ns3:cad>
          </ns3:TrackPointExtension>
        </extensions>
      </trkpt>
      <trkpt lat="43.8555082865059375762939453125" lon="87.5083832256495952606201171875">
        <ele>800.20001220703125</ele>
        <time>2026-07-30T13:50:30.000Z</time>
        <extensions>
          <ns3:TrackPointExtension>
            <ns3:hr>143</ns3:hr>
            <ns3:cad>53</ns3:cad>
          </ns3:TrackPointExtension>
        </extensions>
      </trkpt>
      <trkpt lat="43.85550887323915958404541015625" lon="87.50839621759951114654541015625">
        <ele>800.20001220703125</ele>
        <time>2026-07-30T13:50:31.000Z</time>
        <extensions>
          <ns3:TrackPointExtension>
            <ns3:hr>140</ns3:hr>
            <ns3:cad>53</ns3:cad>
          </ns3:TrackPointExtension>
        </extensions>
      </trkpt>
      <trkpt lat="43.855513818562030792236328125" lon="87.50842605717480182647705078125">
        <ele>800</ele>
        <time>2026-07-30T13:50:33.000Z</time>
        <extensions>
          <ns3:TrackPointExtension>
            <ns3:hr>140</ns3:hr>
            <ns3:cad>54</ns3:cad>
          </ns3:TrackPointExtension>
        </extensions>
      </trkpt>
      <trkpt lat="43.8555176742374897003173828125" lon="87.5084667094051837921142578125">
        <ele>799.79998779296875</ele>
        <time>2026-07-30T13:50:36.000Z</time>
        <extensions>
          <ns3:TrackPointExtension>
            <ns3:hr>138</ns3:hr>
            <ns3:cad>54</ns3:cad>
          </ns3:TrackPointExtension>
        </extensions>
      </trkpt>
      <trkpt lat="43.85551993735134601593017578125" lon="87.50852094031870365142822265625">
        <ele>799.5999755859375</ele>
        <time>2026-07-30T13:50:39.000Z</time>
        <extensions>
          <ns3:TrackPointExtension>
            <ns3:hr>140</ns3:hr>
            <ns3:cad>55</ns3:cad>
          </ns3:TrackPointExtension>
        </extensions>
      </trkpt>
      <trkpt lat="43.85550820268690586090087890625" lon="87.5087198428809642791748046875">
        <ele>798.20001220703125</ele>
        <time>2026-07-30T13:50:46.000Z</time>
        <extensions>
          <ns3:TrackPointExtension>
            <ns3:hr>140</ns3:hr>
            <ns3:cad>80</ns3:cad>
          </ns3:TrackPointExtension>
        </extensions>
      </trkpt>
      <trkpt lat="43.8555042631924152374267578125" lon="87.50887381844222545623779296875">
        <ele>796</ele>
        <time>2026-07-30T13:50:51.000Z</time>
        <extensions>
          <ns3:TrackPointExtension>
            <ns3:hr>143</ns3:hr>
            <ns3:cad>80</ns3:cad>
          </ns3:TrackPointExtension>
        </extensions>
      </trkpt>
      <trkpt lat="43.8555012457072734832763671875" lon="87.50898814760148525238037109375">
        <ele>794.5999755859375</ele>
        <time>2026-07-30T13:50:54.000Z</time>
        <extensions>
          <ns3:TrackPointExtension>
            <ns3:hr>144</ns3:hr>
            <ns3:cad>80</ns3:cad>
          </ns3:TrackPointExtension>
        </extensions>
      </trkpt>
      <trkpt lat="43.855482973158359527587890625" lon="87.5092442147433757781982421875">
        <ele>790.79998779296875</ele>
        <time>2026-07-30T13:51:01.000Z</time>
        <extensions>
          <ns3:TrackPointExtension>
            <ns3:hr>145</ns3:hr>
            <ns3:cad>81</ns3:cad>
          </ns3:TrackPointExtension>
        </extensions>
      </trkpt>
      <trkpt lat="43.85547618381679058074951171875" lon="87.5093226693570613861083984375">
        <ele>789.4000244140625</ele>
        <time>2026-07-30T13:51:03.000Z</time>
        <extensions>
          <ns3:TrackPointExtension>
            <ns3:hr>145</ns3:hr>
            <ns3:cad>79</ns3:cad>
          </ns3:TrackPointExtension>
        </extensions>
      </trkpt>
      <trkpt lat="43.855466544628143310546875" lon="87.50957940705120563507080078125">
        <ele>786.4000244140625</ele>
        <time>2026-07-30T13:51:10.000Z</time>
        <extensions>
          <ns3:TrackPointExtension>
            <ns3:hr>148</ns3:hr>
            <ns3:cad>79</ns3:cad>
          </ns3:TrackPointExtension>
        </extensions>
      </trkpt>
      <trkpt lat="43.85546729899942874908447265625" lon="87.5096529163420200347900390625">
        <ele>785.5999755859375</ele>
        <time>2026-07-30T13:51:12.000Z</time>
        <extensions>
          <ns3:TrackPointExtension>
            <ns3:hr>148</ns3:hr>
            <ns3:cad>80</ns3:cad>
          </ns3:TrackPointExtension>
        </extensions>
      </trkpt>
      <trkpt lat="43.85545304976403713226318359375" lon="87.50991652719676494598388671875">
        <ele>783.79998779296875</ele>
        <time>2026-07-30T13:51:20.000Z</time>
        <extensions>
          <ns3:TrackPointExtension>
            <ns3:hr>149</ns3:hr>
            <ns3:cad>81</ns3:cad>
          </ns3:TrackPointExtension>
        </extensions>
      </trkpt>
      <trkpt lat="43.85545271448791027069091796875" lon="87.509989701211452484130859375">
        <ele>783.4000244140625</ele>
        <time>2026-07-30T13:51:24.000Z</time>
        <extensions>
          <ns3:TrackPointExtension>
            <ns3:hr>152</ns3:hr>
            <ns3:cad>81</ns3:cad>
          </ns3:TrackPointExtension>
        </extensions>
      </trkpt>
      <trkpt lat="43.8554559834301471710205078125" lon="87.5100069679319858551025390625">
        <ele>783.20001220703125</ele>
        <time>2026-07-30T13:51:25.000Z</time>
        <extensions>
          <ns3:TrackPointExtension>
            <ns3:hr>153</ns3:hr>
            <ns3:cad>81</ns3:cad>
          </ns3:TrackPointExtension>
        </extensions>
      </trkpt>
      <trkpt lat="43.85546092875301837921142578125" lon="87.5101159326732158660888671875">
        <ele>782.79998779296875</ele>
        <time>2026-07-30T13:51:32.000Z</time>
        <extensions>
          <ns3:TrackPointExtension>
            <ns3:hr>155</ns3:hr>
            <ns3:cad>54</ns3:cad>
          </ns3:TrackPointExtension>
        </extensions>
      </trkpt>
      <trkpt lat="43.85545187629759311676025390625" lon="87.51023386605083942413330078125">
        <ele>782.79998779296875</ele>
        <time>2026-07-30T13:51:39.000Z</time>
        <extensions>
          <ns3:TrackPointExtension>
            <ns3:hr>153</ns3:hr>
            <ns3:cad>55</ns3:cad>
          </ns3:TrackPointExtension>
        </extensions>
      </trkpt>
      <trkpt lat="43.85545187629759311676025390625" lon="87.51029689796268939971923828125">
        <ele>782.5999755859375</ele>
        <time>2026-07-30T13:51:43.000Z</time>
        <extensions>
          <ns3:TrackPointExtension>
            <ns3:hr>150</ns3:hr>
            <ns3:cad>55</ns3:cad>
          </ns3:TrackPointExtension>
        </extensions>
      </trkpt>
      <trkpt lat="43.85545489378273487091064453125" lon="87.5103831477463245391845703125">
        <ele>782.20001220703125</ele>
        <time>2026-07-30T13:51:46.000Z</time>
        <extensions>
          <ns3:TrackPointExtension>
            <ns3:hr>147</ns3:hr>
            <ns3:cad>56</ns3:cad>
          </ns3:TrackPointExtension>
        </extensions>
      </trkpt>
      <trkpt lat="43.85545321740210056304931640625" lon="87.51044089905917644500732421875">
        <ele>782</ele>
        <time>2026-07-30T13:51:48.000Z</time>
        <extensions>
          <ns3:TrackPointExtension>
            <ns3:hr>146</ns3:hr>
            <ns3:cad>74</ns3:cad>
          </ns3:TrackPointExtension>
        </extensions>
      </trkpt>
      <trkpt lat="43.85544584132730960845947265625" lon="87.510571070015430450439453125">
        <ele>781.5999755859375</ele>
        <time>2026-07-30T13:51:52.000Z</time>
        <extensions>
          <ns3:TrackPointExtension>
            <ns3:hr>143</ns3:hr>
            <ns3:cad>79</ns3:cad>
          </ns3:TrackPointExtension>
        </extensions>
      </trkpt>
      <trkpt lat="43.85543511249125003814697265625" lon="87.51074180938303470611572265625">
        <ele>781.5999755859375</ele>
        <time>2026-07-30T13:51:57.000Z</time>
        <extensions>
          <ns3:TrackPointExtension>
            <ns3:hr>142</ns3:hr>
            <ns3:cad>79</ns3:cad>
          </ns3:TrackPointExtension>
        </extensions>
      </trkpt>
      <trkpt lat="43.85539739392697811126708984375" lon="87.5109167397022247314453125">
        <ele>782.4000244140625</ele>
        <time>2026-07-30T13:52:03.000Z</time>
        <extensions>
          <ns3:TrackPointExtension>
            <ns3:hr>142</ns3:hr>
            <ns3:cad>79</ns3:cad>
          </ns3:TrackPointExtension>
        </extensions>
      </trkpt>
      <trkpt lat="43.85536126792430877685546875" lon="87.51096493564546108245849609375">
        <ele>783</ele>
        <time>2026-07-30T13:52:08.000Z</time>
        <extensions>
          <ns3:TrackPointExtension>
            <ns3:hr>142</ns3:hr>
            <ns3:cad>79</ns3:cad>
          </ns3:TrackPointExtension>
        </extensions>
      </trkpt>
      <trkpt lat="43.85534894652664661407470703125" lon="87.51097449101507663726806640625">
        <ele>783.20001220703125</ele>
        <time>2026-07-30T13:52:09.000Z</time>
        <extensions>
          <ns3:TrackPointExtension>
            <ns3:hr>142</ns3:hr>
            <ns3:cad>79</ns3:cad>
          </ns3:TrackPointExtension>
        </extensions>
      </trkpt>
      <trkpt lat="43.85532581247389316558837890625" lon="87.51099376939237117767333984375">
        <ele>783.5999755859375</ele>
        <time>2026-07-30T13:52:11.000Z</time>
        <extensions>
          <ns3:TrackPointExtension>
            <ns3:hr>140</ns3:hr>
            <ns3:cad>54</ns3:cad>
          </ns3:TrackPointExtension>
        </extensions>
      </trkpt>
      <trkpt lat="43.855274431407451629638671875" lon="87.5110034085810184478759765625">
        <ele>784.4000244140625</ele>
        <time>2026-07-30T13:52:14.000Z</time>
        <extensions>
          <ns3:TrackPointExtension>
            <ns3:hr>139</ns3:hr>
            <ns3:cad>56</ns3:cad>
          </ns3:TrackPointExtension>
        </extensions>
      </trkpt>
      <trkpt lat="43.855112493038177490234375" lon="87.5110054202377796173095703125">
        <ele>787.79998779296875</ele>
        <time>2026-07-30T13:52:22.000Z</time>
        <extensions>
          <ns3:TrackPointExtension>
            <ns3:hr>138</ns3:hr>
            <ns3:cad>79</ns3:cad>
          </ns3:TrackPointExtension>
        </extensions>
      </trkpt>
      <trkpt lat="43.85491744615137577056884765625" lon="87.511022351682186126708984375">
        <ele>791</ele>
        <time>2026-07-30T13:52:30.000Z</time>
        <extensions>
          <ns3:TrackPointExtension>
            <ns3:hr>140</ns3:hr>
            <ns3:cad>79</ns3:cad>
          </ns3:TrackPointExtension>
        </extensions>
      </trkpt>
      <trkpt lat="43.85484636761248111724853515625" lon="87.51101933419704437255859375">
        <ele>792</ele>
        <time>2026-07-30T13:52:33.000Z</time>
        <extensions>
          <ns3:TrackPointExtension>
            <ns3:hr>142</ns3:hr>
            <ns3:cad>79</ns3:cad>
          </ns3:TrackPointExtension>
        </extensions>
      </trkpt>
      <trkpt lat="43.8547837547957897186279296875" lon="87.5109998881816864013671875">
        <ele>792.79998779296875</ele>
        <time>2026-07-30T13:52:36.000Z</time>
        <extensions>
          <ns3:TrackPointExtension>
            <ns3:hr>145</ns3:hr>
            <ns3:cad>79</ns3:cad>
          </ns3:TrackPointExtension>
        </extensions>
      </trkpt>
      <trkpt lat="43.85464922524988651275634765625" lon="87.51098220236599445343017578125">
        <ele>793.5999755859375</ele>
        <time>2026-07-30T13:52:42.000Z</time>
        <extensions>
          <ns3:TrackPointExtension>
            <ns3:hr>148</ns3:hr>
            <ns3:cad>79</ns3:cad>
          </ns3:TrackPointExtension>
        </extensions>
      </trkpt>
      <trkpt lat="43.85454830713570117950439453125" lon="87.510974742472171783447265625">
        <ele>794</ele>
        <time>2026-07-30T13:52:46.000Z</time>
        <extensions>
          <ns3:TrackPointExtension>
            <ns3:hr>151</ns3:hr>
            <ns3:cad>79</ns3:cad>
          </ns3:TrackPointExtension>
        </extensions>
      </trkpt>
      <trkpt lat="43.85443079285323619842529296875" lon="87.51096107997000217437744140625">
        <ele>793.79998779296875</ele>
        <time>2026-07-30T13:52:51.000Z</time>
        <extensions>
          <ns3:TrackPointExtension>
            <ns3:hr>152</ns3:hr>
            <ns3:cad>79</ns3:cad>
          </ns3:TrackPointExtension>
        </extensions>
      </trkpt>
      <trkpt lat="43.85424949228763580322265625" lon="87.510935850441455841064453125">
        <ele>793.20001220703125</ele>
        <time>2026-07-30T13:52:59.000Z</time>
        <extensions>
          <ns3:TrackPointExtension>
            <ns3:hr>155</ns3:hr>
            <ns3:cad>79</ns3:cad>
          </ns3:TrackPointExtension>
        </extensions>
      </trkpt>
      <trkpt lat="43.854226358234882354736328125" lon="87.5109313242137432098388671875">
        <ele>793.20001220703125</ele>
        <time>2026-07-30T13:53:00.000Z</time>
        <extensions>
          <ns3:TrackPointExtension>
            <ns3:hr>155</ns3:hr>
            <ns3:cad>79</ns3:cad>
          </ns3:TrackPointExtension>
        </extensions>
      </trkpt>
      <trkpt lat="43.8540890626609325408935546875" lon="87.51092721708118915557861328125">
        <ele>793.20001220703125</ele>
        <time>2026-07-30T13:53:06.000Z</time>
        <extensions>
          <ns3:TrackPointExtension>
            <ns3:hr>152</ns3:hr>
            <ns3:cad>79</ns3:cad>
          </ns3:TrackPointExtension>
        </extensions>
      </trkpt>
      <trkpt lat="43.85401672683656215667724609375" lon="87.51093073748052120208740234375">
        <ele>793.20001220703125</ele>
        <time>2026-07-30T13:53:09.000Z</time>
        <extensions>
          <ns3:TrackPointExtension>
            <ns3:hr>153</ns3:hr>
            <ns3:cad>79</ns3:cad>
          </ns3:TrackPointExtension>
        </extensions>
      </trkpt>
      <trkpt lat="43.85394615121185779571533203125" lon="87.51094263978302478790283203125">
        <ele>793.20001220703125</ele>
        <time>2026-07-30T13:53:13.000Z</time>
        <extensions>
          <ns3:TrackPointExtension>
            <ns3:hr>156</ns3:hr>
            <ns3:cad>78</ns3:cad>
          </ns3:TrackPointExtension>
        </extensions>
      </trkpt>
      <trkpt lat="43.85392670519649982452392578125" lon="87.51094381324946880340576171875">
        <ele>793.20001220703125</ele>
        <time>2026-07-30T13:53:15.000Z</time>
        <extensions>
          <ns3:TrackPointExtension>
            <ns3:hr>157</ns3:hr>
            <ns3:cad>78</ns3:cad>
          </ns3:TrackPointExtension>
        </extensions>
      </trkpt>
      <trkpt lat="43.85386987589299678802490234375" lon="87.51093618571758270263671875">
        <ele>793.20001220703125</ele>
        <time>2026-07-30T13:53:20.000Z</time>
        <extensions>
          <ns3:TrackPointExtension>
            <ns3:hr>160</ns3:hr>
            <ns3:cad>54</ns3:cad>
          </ns3:TrackPointExtension>
        </extensions>
      </trkpt>
      <trkpt lat="43.85384137742221355438232421875" lon="87.510939873754978179931640625">
        <ele>793.20001220703125</ele>
        <time>2026-07-30T13:53:22.000Z</time>
        <extensions>
          <ns3:TrackPointExtension>
            <ns3:hr>160</ns3:hr>
            <ns3:cad>54</ns3:cad>
          </ns3:TrackPointExtension>
        </extensions>
      </trkpt>
      <trkpt lat="43.85367759503424167633056640625" lon="87.510911710560321807861328125">
        <ele>793</ele>
        <time>2026-07-30T13:53:31.000Z</time>
        <extensions>
          <ns3:TrackPointExtension>
            <ns3:hr>159</ns3:hr>
            <ns3:cad>79</ns3:cad>
          </ns3:TrackPointExtension>
        </extensions>
      </trkpt>
      <trkpt lat="43.853498809039592742919921875" lon="87.51087315380573272705078125">
        <ele>794</ele>
        <time>2026-07-30T13:53:39.000Z</time>
        <extensions>
          <ns3:TrackPointExtension>
            <ns3:hr>157</ns3:hr>
            <ns3:cad>79</ns3:cad>
          </ns3:TrackPointExtension>
        </extensions>
      </trkpt>
      <trkpt lat="43.85329890064895153045654296875" lon="87.51087122596800327301025390625">
        <ele>795.4000244140625</ele>
        <time>2026-07-30T13:53:47.000Z</time>
        <extensions>
          <ns3:TrackPointExtension>
            <ns3:hr>156</ns3:hr>
            <ns3:cad>80</ns3:cad>
          </ns3:TrackPointExtension>
        </extensions>
      </trkpt>
      <trkpt lat="43.85310150682926177978515625" lon="87.5108672864735126495361328125">
        <ele>796.79998779296875</ele>
        <time>2026-07-30T13:53:55.000Z</time>
        <extensions>
          <ns3:TrackPointExtension>
            <ns3:hr>155</ns3:hr>
            <ns3:cad>80</ns3:cad>
          </ns3:TrackPointExtension>
        </extensions>
      </trkpt>
      <trkpt lat="43.85307661257684230804443359375" lon="87.51086032949388027191162109375">
        <ele>797</ele>
        <time>2026-07-30T13:53:56.000Z</time>
        <extensions>
          <ns3:TrackPointExtension>
            <ns3:hr>154</ns3:hr>
            <ns3:cad>80</ns3:cad>
          </ns3:TrackPointExtension>
        </extensions>
      </trkpt>
      <trkpt lat="43.85289053432643413543701171875" lon="87.5108255445957183837890625">
        <ele>798.4000244140625</ele>
        <time>2026-07-30T13:54:04.000Z</time>
        <extensions>
          <ns3:TrackPointExtension>
            <ns3:hr>156</ns3:hr>
            <ns3:cad>79</ns3:cad>
          </ns3:TrackPointExtension>
        </extensions>
      </trkpt>
      <trkpt lat="43.852861784398555755615234375" lon="87.510811798274517059326171875">
        <ele>798.5999755859375</ele>
        <time>2026-07-30T13:54:06.000Z</time>
        <extensions>
          <ns3:TrackPointExtension>
            <ns3:hr>157</ns3:hr>
            <ns3:cad>79</ns3:cad>
          </ns3:TrackPointExtension>
        </extensions>
      </trkpt>
      <trkpt lat="43.852837979793548583984375" lon="87.510811798274517059326171875">
        <ele>798.79998779296875</ele>
        <time>2026-07-30T13:54:08.000Z</time>
        <extensions>
          <ns3:TrackPointExtension>
            <ns3:hr>157</ns3:hr>
            <ns3:cad>0</ns3:cad>
          </ns3:TrackPointExtension>
        </extensions>
      </trkpt>
      <trkpt lat="43.8528264127671718597412109375" lon="87.5108190067112445831298828125">
        <ele>798.79998779296875</ele>
        <time>2026-07-30T13:54:09.000Z</time>
        <extensions>
          <ns3:TrackPointExtension>
            <ns3:hr>154</ns3:hr>
            <ns3:cad>0</ns3:cad>
          </ns3:TrackPointExtension>
        </extensions>
      </trkpt>
      <trkpt lat="43.85281492955982685089111328125" lon="87.51082579605281352996826171875">
        <ele>799</ele>
        <time>2026-07-30T13:54:10.000Z</time>
        <extensions>
          <ns3:TrackPointExtension>
            <ns3:hr>158</ns3:hr>
            <ns3:cad>0</ns3:cad>
          </ns3:TrackPointExtension>
        </extensions>
      </trkpt>
      <trkpt lat="43.85280302725732326507568359375" lon="87.51082931645214557647705078125">
        <ele>799</ele>
        <time>2026-07-30T13:54:11.000Z</time>
        <extensions>
          <ns3:TrackPointExtension>
            <ns3:hr>158</ns3:hr>
            <ns3:cad>0</ns3:cad>
          </ns3:TrackPointExtension>
        </extensions>
      </trkpt>
      <trkpt lat="43.85276195593178272247314453125" lon="87.5108253769576549530029296875">
        <ele>799.4000244140625</ele>
        <time>2026-07-30T13:54:14.000Z</time>
        <extensions>
          <ns3:TrackPointExtension>
            <ns3:hr>158</ns3:hr>
            <ns3:cad>52</ns3:cad>
          </ns3:TrackPointExtension>
        </extensions>
      </trkpt>
      <trkpt lat="43.85266606695950031280517578125" lon="87.51082294620573520660400390625">
        <ele>800.20001220703125</ele>
        <time>2026-07-30T13:54:23.000Z</time>
        <extensions>
          <ns3:TrackPointExtension>
            <ns3:hr>159</ns3:hr>
            <ns3:cad>54</ns3:cad>
          </ns3:TrackPointExtension>
        </extensions>
      </trkpt>
      <trkpt lat="43.85255358181893825531005859375" lon="87.51083149574697017669677734375">
        <ele>801</ele>
        <time>2026-07-30T13:54:32.000Z</time>
        <extensions>
          <ns3:TrackPointExtension>
            <ns3:hr>160</ns3:hr>
            <ns3:cad>54</ns3:cad>
          </ns3:TrackPointExtension>
        </extensions>
      </trkpt>
      <trkpt lat="43.852469511330127716064453125" lon="87.51084574498236179351806640625">
        <ele>801.5999755859375</ele>
        <time>2026-07-30T13:54:38.000Z</time>
        <extensions>
          <ns3:TrackPointExtension>
            <ns3:hr>157</ns3:hr>
            <ns3:cad>54</ns3:cad>
          </ns3:TrackPointExtension>
        </extensions>
      </trkpt>
      <trkpt lat="43.8524482212960720062255859375" lon="87.51084440387785434722900390625">
        <ele>801.79998779296875</ele>
        <time>2026-07-30T13:54:40.000Z</time>
        <extensions>
          <ns3:TrackPointExtension>
            <ns3:hr>156</ns3:hr>
            <ns3:cad>54</ns3:cad>
          </ns3:TrackPointExtension>
        </extensions>
      </trkpt>
      <trkpt lat="43.85236364789307117462158203125" lon="87.51084323041141033172607421875">
        <ele>802.4000244140625</ele>
        <time>2026-07-30T13:54:46.000Z</time>
        <extensions>
          <ns3:TrackPointExtension>
            <ns3:hr>153</ns3:hr>
            <ns3:cad>54</ns3:cad>
          </ns3:TrackPointExtension>
        </extensions>
      </trkpt>
      <trkpt lat="43.85233841836452484130859375" lon="87.51084390096366405487060546875">
        <ele>802.5999755859375</ele>
        <time>2026-07-30T13:54:48.000Z</time>
        <extensions>
          <ns3:TrackPointExtension>
            <ns3:hr>152</ns3:hr>
            <ns3:cad>54</ns3:cad>
          </ns3:TrackPointExtension>
        </extensions>
      </trkpt>
      <trkpt lat="43.8523028790950775146484375" lon="87.51085169613361358642578125">
        <ele>802.79998779296875</ele>
        <time>2026-07-30T13:54:51.000Z</time>
        <extensions>
          <ns3:TrackPointExtension>
            <ns3:hr>148</ns3:hr>
            <ns3:cad>54</ns3:cad>
          </ns3:TrackPointExtension>
        </extensions>
      </trkpt>
      <trkpt lat="43.85227798484265804290771484375" lon="87.51084323041141033172607421875">
        <ele>803</ele>
        <time>2026-07-30T13:54:53.000Z</time>
        <extensions>
          <ns3:TrackPointExtension>
            <ns3:hr>145</ns3:hr>
            <ns3:cad>54</ns3:cad>
          </ns3:TrackPointExtension>
        </extensions>
      </trkpt>
      <trkpt lat="43.85226574726402759552001953125" lon="87.5108416378498077392578125">
        <ele>803</ele>
        <time>2026-07-30T13:54:54.000Z</time>
        <extensions>
          <ns3:TrackPointExtension>
            <ns3:hr>144</ns3:hr>
            <ns3:cad>54</ns3:cad>
          </ns3:TrackPointExtension>
        </extensions>
      </trkpt>
      <trkpt lat="43.8521043956279754638671875" lon="87.510802745819091796875">
        <ele>803.5999755859375</ele>
        <time>2026-07-30T13:55:02.000Z</time>
        <extensions>
          <ns3:TrackPointExtension>
            <ns3:hr>144</ns3:hr>
            <ns3:cad>79</ns3:cad>
          </ns3:TrackPointExtension>
        </extensions>
      </trkpt>
      <trkpt lat="43.851906247437000274658203125" lon="87.51081280410289764404296875">
        <ele>804</ele>
        <time>2026-07-30T13:55:10.000Z</time>
        <extensions>
          <ns3:TrackPointExtension>
            <ns3:hr>144</ns3:hr>
            <ns3:cad>80</ns3:cad>
          </ns3:TrackPointExtension>
        </extensions>
      </trkpt>
      <trkpt lat="43.8518829457461833953857421875" lon="87.51081070862710475921630859375">
        <ele>804</ele>
        <time>2026-07-30T13:55:11.000Z</time>
        <extensions>
          <ns3:TrackPointExtension>
            <ns3:hr>144</ns3:hr>
            <ns3:cad>80</ns3:cad>
          </ns3:TrackPointExtension>
        </extensions>
      </trkpt>
      <trkpt lat="43.85176383890211582183837890625" lon="87.5107948668301105499267578125">
        <ele>804.4000244140625</ele>
        <time>2026-07-30T13:55:16.000Z</time>
        <extensions>
          <ns3:TrackPointExtension>
            <ns3:hr>147</ns3:hr>
            <ns3:cad>81</ns3:cad>
          </ns3:TrackPointExtension>
        </extensions>
      </trkpt>
      <trkpt lat="43.85174036957323551177978515625" lon="87.5107921846210956573486328125">
        <ele>804.4000244140625</ele>
        <time>2026-07-30T13:55:17.000Z</time>
        <extensions>
          <ns3:TrackPointExtension>
            <ns3:hr>147</ns3:hr>
            <ns3:cad>81</ns3:cad>
          </ns3:TrackPointExtension>
        </extensions>
      </trkpt>
      <trkpt lat="43.8516925089061260223388671875" lon="87.5107895024120807647705078125">
        <ele>804.5999755859375</ele>
        <time>2026-07-30T13:55:19.000Z</time>
        <extensions>
          <ns3:TrackPointExtension>
            <ns3:hr>147</ns3:hr>
            <ns3:cad>81</ns3:cad>
          </ns3:TrackPointExtension>
        </extensions>
      </trkpt>
      <trkpt lat="43.85161983780562877655029296875" lon="87.510781623423099517822265625">
        <ele>804.79998779296875</ele>
        <time>2026-07-30T13:55:22.000Z</time>
        <extensions>
          <ns3:TrackPointExtension>
            <ns3:hr>150</ns3:hr>
            <ns3:cad>80</ns3:cad>
          </ns3:TrackPointExtension>
        </extensions>
      </trkpt>
      <trkpt lat="43.8515775091946125030517578125" lon="87.510774917900562286376953125">
        <ele>805</ele>
        <time>2026-07-30T13:55:25.000Z</time>
        <extensions>
          <ns3:TrackPointExtension>
            <ns3:hr>150</ns3:hr>
            <ns3:cad>80</ns3:cad>
          </ns3:TrackPointExtension>
        </extensions>
      </trkpt>
      <trkpt lat="43.85151523165404796600341796875" lon="87.5107713975012302398681640625">
        <ele>805.4000244140625</ele>
        <time>2026-07-30T13:55:29.000Z</time>
        <extensions>
          <ns3:TrackPointExtension>
            <ns3:hr>153</ns3:hr>
            <ns3:cad>62</ns3:cad>
          </ns3:TrackPointExtension>
        </extensions>
      </trkpt>
      <trkpt lat="43.8514645211398601531982421875" lon="87.51077919267117977142333984375">
        <ele>805.79998779296875</ele>
        <time>2026-07-30T13:55:33.000Z</time>
        <extensions>
          <ns3:TrackPointExtension>
            <ns3:hr>155</ns3:hr>
            <ns3:cad>62</ns3:cad>
          </ns3:TrackPointExtension>
        </extensions>
      </trkpt>
      <trkpt lat="43.8513649441301822662353515625" lon="87.51077592372894287109375">
        <ele>806.5999755859375</ele>
        <time>2026-07-30T13:55:40.000Z</time>
        <extensions>
          <ns3:TrackPointExtension>
            <ns3:hr>153</ns3:hr>
            <ns3:cad>55</ns3:cad>
          </ns3:TrackPointExtension>
        </extensions>
      </trkpt>
      <trkpt lat="43.8513196818530559539794921875" lon="87.510783970355987548828125">
        <ele>807</ele>
        <time>2026-07-30T13:55:43.000Z</time>
        <extensions>
          <ns3:TrackPointExtension>
            <ns3:hr>150</ns3:hr>
            <ns3:cad>55</ns3:cad>
          </ns3:TrackPointExtension>
        </extensions>
      </trkpt>
      <trkpt lat="43.851248435676097869873046875" lon="87.51077265478670597076416015625">
        <ele>807.4000244140625</ele>
        <time>2026-07-30T13:55:46.000Z</time>
        <extensions>
          <ns3:TrackPointExtension>
            <ns3:hr>149</ns3:hr>
            <ns3:cad>55</ns3:cad>
          </ns3:TrackPointExtension>
        </extensions>
      </trkpt>
      <trkpt lat="43.8510583341121673583984375" lon="87.510776929557323455810546875">
        <ele>808.79998779296875</ele>
        <time>2026-07-30T13:55:54.000Z</time>
        <extensions>
          <ns3:TrackPointExtension>
            <ns3:hr>150</ns3:hr>
            <ns3:cad>81</ns3:cad>
          </ns3:TrackPointExtension>
        </extensions>
      </trkpt>
      <trkpt lat="43.8510341942310333251953125" lon="87.5107770971953868865966796875">
        <ele>809</ele>
        <time>2026-07-30T13:55:55.000Z</time>
        <extensions>
          <ns3:TrackPointExtension>
            <ns3:hr>151</ns3:hr>
            <ns3:cad>81</ns3:cad>
          </ns3:TrackPointExtension>
        </extensions>
      </trkpt>
      <trkpt lat="43.85093939490616321563720703125" lon="87.5107750855386257171630859375">
        <ele>809.5999755859375</ele>
        <time>2026-07-30T13:56:00.000Z</time>
        <extensions>
          <ns3:TrackPointExtension>
            <ns3:hr>151</ns3:hr>
            <ns3:cad>81</ns3:cad>
          </ns3:TrackPointExtension>
        </extensions>
      </trkpt>
      <trkpt lat="43.850859515368938446044921875" lon="87.5107824616134166717529296875">
        <ele>810.20001220703125</ele>
        <time>2026-07-30T13:56:06.000Z</time>
        <extensions>
          <ns3:TrackPointExtension>
            <ns3:hr>151</ns3:hr>
            <ns3:cad>56</ns3:cad>
          </ns3:TrackPointExtension>
        </extensions>
      </trkpt>
      <trkpt lat="43.850736133754253387451171875" lon="87.5107663683593273162841796875">
        <ele>810.5999755859375</ele>
        <time>2026-07-30T13:56:15.000Z</time>
        <extensions>
          <ns3:TrackPointExtension>
            <ns3:hr>148</ns3:hr>
            <ns3:cad>56</ns3:cad>
          </ns3:TrackPointExtension>
        </extensions>
      </trkpt>
      <trkpt lat="43.8507218845188617706298828125" lon="87.51076527871191501617431640625">
        <ele>810.5999755859375</ele>
        <time>2026-07-30T13:56:16.000Z</time>
        <extensions>
          <ns3:TrackPointExtension>
            <ns3:hr>146</ns3:hr>
            <ns3:cad>56</ns3:cad>
          </ns3:TrackPointExtension>
        </extensions>
      </trkpt>
      <trkpt lat="43.8506987504661083221435546875" lon="87.51076427288353443145751953125">
        <ele>810.79998779296875</ele>
        <time>2026-07-30T13:56:18.000Z</time>
        <extensions>
          <ns3:TrackPointExtension>
            <ns3:hr>142</ns3:hr>
            <ns3:cad>56</ns3:cad>
          </ns3:TrackPointExtension>
        </extensions>
      </trkpt>
      <trkpt lat="43.850665055215358734130859375" lon="87.51075505279004573822021484375">
        <ele>811</ele>
        <time>2026-07-30T13:56:21.000Z</time>
        <extensions>
          <ns3:TrackPointExtension>
            <ns3:hr>139</ns3:hr>
            <ns3:cad>56</ns3:cad>
          </ns3:TrackPointExtension>
        </extensions>
      </trkpt>
      <trkpt lat="43.85058970190584659576416015625" lon="87.51075890846550464630126953125">
        <ele>811.4000244140625</ele>
        <time>2026-07-30T13:56:25.000Z</time>
        <extensions>
          <ns3:TrackPointExtension>
            <ns3:hr>138</ns3:hr>
            <ns3:cad>56</ns3:cad>
          </ns3:TrackPointExtension>
        </extensions>
      </trkpt>
      <trkpt lat="43.85045710019767284393310546875" lon="87.51074683852493762969970703125">
        <ele>811</ele>
        <time>2026-07-30T13:56:31.000Z</time>
        <extensions>
          <ns3:TrackPointExtension>
            <ns3:hr>139</ns3:hr>
            <ns3:cad>79</ns3:cad>
          </ns3:TrackPointExtension>
        </extensions>
      </trkpt>
      <trkpt lat="43.85029046796262264251708984375" lon="87.51071247272193431854248046875">
        <ele>810.20001220703125</ele>
        <time>2026-07-30T13:56:38.000Z</time>
        <extensions>
          <ns3:TrackPointExtension>
            <ns3:hr>142</ns3:hr>
            <ns3:cad>80</ns3:cad>
          </ns3:TrackPointExtension>
        </extensions>
      </trkpt>
      <trkpt lat="43.85014462284743785858154296875" lon="87.5107016600668430328369140625">
        <ele>811</ele>
        <time>2026-07-30T13:56:44.000Z</time>
        <extensions>
          <ns3:TrackPointExtension>
            <ns3:hr>144</ns3:hr>
            <ns3:cad>81</ns3:cad>
          </ns3:TrackPointExtension>
        </extensions>
      </trkpt>
      <trkpt lat="43.84997463785111904144287109375" lon="87.5106798671185970306396484375">
        <ele>812</ele>
        <time>2026-07-30T13:56:51.000Z</time>
        <extensions>
          <ns3:TrackPointExtension>
            <ns3:hr>147</ns3:hr>
            <ns3:cad>81</ns3:cad>
          </ns3:TrackPointExtension>
        </extensions>
      </trkpt>
      <trkpt lat="43.84992987848818302154541015625" lon="87.5106684677302837371826171875">
        <ele>812.20001220703125</ele>
        <time>2026-07-30T13:56:53.000Z</time>
        <extensions>
          <ns3:TrackPointExtension>
            <ns3:hr>148</ns3:hr>
            <ns3:cad>81</ns3:cad>
          </ns3:TrackPointExtension>
        </extensions>
      </trkpt>
      <trkpt lat="43.8498287089169025421142578125" lon="87.51065480522811412811279296875">
        <ele>812.79998779296875</ele>
        <time>2026-07-30T13:56:58.000Z</time>
        <extensions>
          <ns3:TrackPointExtension>
            <ns3:hr>150</ns3:hr>
            <ns3:cad>80</ns3:cad>
          </ns3:TrackPointExtension>
        </extensions>
      </trkpt>
      <trkpt lat="43.84976886212825775146484375" lon="87.5106470100581645965576171875">
        <ele>813.20001220703125</ele>
        <time>2026-07-30T13:57:04.000Z</time>
        <extensions>
          <ns3:TrackPointExtension>
            <ns3:hr>153</ns3:hr>
            <ns3:cad>0</ns3:cad>
          </ns3:TrackPointExtension>
        </extensions>
      </trkpt>
      <trkpt lat="43.849624693393707275390625" lon="87.5106312520802021026611328125">
        <ele>813.20001220703125</ele>
        <time>2026-07-30T13:57:15.000Z</time>
        <extensions>
          <ns3:TrackPointExtension>
            <ns3:hr>151</ns3:hr>
            <ns3:cad>56</ns3:cad>
          </ns3:TrackPointExtension>
        </extensions>
      </trkpt>
      <trkpt lat="43.84959192015230655670166015625" lon="87.51062597148120403289794921875">
        <ele>813.20001220703125</ele>
        <time>2026-07-30T13:57:18.000Z</time>
        <extensions>
          <ns3:TrackPointExtension>
            <ns3:hr>148</ns3:hr>
            <ns3:cad>56</ns3:cad>
          </ns3:TrackPointExtension>
        </extensions>
      </trkpt>
      <trkpt lat="43.849539197981357574462890625" lon="87.51062865369021892547607421875">
        <ele>813.20001220703125</ele>
        <time>2026-07-30T13:57:22.000Z</time>
        <extensions>
          <ns3:TrackPointExtension>
            <ns3:hr>146</ns3:hr>
            <ns3:cad>56</ns3:cad>
          </ns3:TrackPointExtension>
        </extensions>
      </trkpt>
      <trkpt lat="43.84948211722075939178466796875" lon="87.5106134824454784393310546875">
        <ele>813</ele>
        <time>2026-07-30T13:57:25.000Z</time>
        <extensions>
          <ns3:TrackPointExtension>
            <ns3:hr>143</ns3:hr>
            <ns3:cad>56</ns3:cad>
          </ns3:TrackPointExtension>
        </extensions>
      </trkpt>
      <trkpt lat="43.8493620045483112335205078125" lon="87.51062412746250629425048828125">
        <ele>813</ele>
        <time>2026-07-30T13:57:30.000Z</time>
        <extensions>
          <ns3:TrackPointExtension>
            <ns3:hr>145</ns3:hr>
            <ns3:cad>80</ns3:cad>
          </ns3:TrackPointExtension>
        </extensions>
      </trkpt>
      <trkpt lat="43.84920903481543064117431640625" lon="87.51060250215232372283935546875">
        <ele>813</ele>
        <time>2026-07-30T13:57:37.000Z</time>
        <extensions>
          <ns3:TrackPointExtension>
            <ns3:hr>147</ns3:hr>
            <ns3:cad>82</ns3:cad>
          </ns3:TrackPointExtension>
        </extensions>
      </trkpt>
      <trkpt lat="43.849041648209095001220703125" lon="87.51057811081409454345703125">
        <ele>814</ele>
        <time>2026-07-30T13:57:44.000Z</time>
        <extensions>
          <ns3:TrackPointExtension>
            <ns3:hr>147</ns3:hr>
            <ns3:cad>82</ns3:cad>
          </ns3:TrackPointExtension>
        </extensions>
      </trkpt>
      <trkpt lat="43.84889756329357624053955078125" lon="87.51055841334164142608642578125">
        <ele>814.79998779296875</ele>
        <time>2026-07-30T13:57:50.000Z</time>
        <extensions>
          <ns3:TrackPointExtension>
            <ns3:hr>148</ns3:hr>
            <ns3:cad>82</ns3:cad>
          </ns3:TrackPointExtension>
        </extensions>
      </trkpt>
      <trkpt lat="43.84876563213765621185302734375" lon="87.51054349355399608612060546875">
        <ele>814.79998779296875</ele>
        <time>2026-07-30T13:57:56.000Z</time>
        <extensions>
          <ns3:TrackPointExtension>
            <ns3:hr>150</ns3:hr>
            <ns3:cad>82</ns3:cad>
          </ns3:TrackPointExtension>
        </extensions>
      </trkpt>
      <trkpt lat="43.84871399961411952972412109375" lon="87.5105417333543300628662109375">
        <ele>815</ele>
        <time>2026-07-30T13:58:01.000Z</time>
        <extensions>
          <ns3:TrackPointExtension>
            <ns3:hr>151</ns3:hr>
            <ns3:cad>80</ns3:cad>
          </ns3:TrackPointExtension>
        </extensions>
      </trkpt>
      <trkpt lat="43.8487033545970916748046875" lon="87.51053796149790287017822265625">
        <ele>815</ele>
        <time>2026-07-30T13:58:02.000Z</time>
        <extensions>
          <ns3:TrackPointExtension>
            <ns3:hr>151</ns3:hr>
            <ns3:cad>80</ns3:cad>
          </ns3:TrackPointExtension>
        </extensions>
      </trkpt>
      <trkpt lat="43.84868399240076541900634765625" lon="87.51052907668054103851318359375">
        <ele>815</ele>
        <time>2026-07-30T13:58:04.000Z</time>
        <extensions>
          <ns3:TrackPointExtension>
            <ns3:hr>151</ns3:hr>
            <ns3:cad>80</ns3:cad>
          </ns3:TrackPointExtension>
        </extensions>
      </trkpt>
      <trkpt lat="43.848651386797428131103515625" lon="87.51052555628120899200439453125">
        <ele>815</ele>
        <time>2026-07-30T13:58:07.000Z</time>
        <extensions>
          <ns3:TrackPointExtension>
            <ns3:hr>152</ns3:hr>
            <ns3:cad>0</ns3:cad>
          </ns3:TrackPointExtension>
        </extensions>
      </trkpt>
      <trkpt lat="43.84847628884017467498779296875" lon="87.5104451738297939300537109375">
        <ele>814.20001220703125</ele>
        <time>2026-07-30T13:59:29.000Z</time>
        <extensions>
          <ns3:TrackPointExtension>
            <ns3:hr>106</ns3:hr>
            <ns3:cad>0</ns3:cad>
          </ns3:TrackPointExtension>
        </extensions>
      </trkpt>
      <trkpt lat="43.8484753668308258056640625" lon="87.5104451738297939300537109375">
        <ele>814.20001220703125</ele>
        <time>2026-07-30T13:59:30.000Z</time>
        <extensions>
          <ns3:TrackPointExtension>
            <ns3:hr>107</ns3:hr>
            <ns3:cad>0</ns3:cad>
          </ns3:TrackPointExtension>
        </extensions>
      </trkpt>
      <trkpt lat="43.84839582256972789764404296875" lon="87.51043201424181461334228515625">
        <ele>813.79998779296875</ele>
        <time>2026-07-30T13:59:35.000Z</time>
        <extensions>
          <ns3:TrackPointExtension>
            <ns3:hr>109</ns3:hr>
            <ns3:cad>80</ns3:cad>
          </ns3:TrackPointExtension>
        </extensions>
      </trkpt>
      <trkpt lat="43.848288618028163909912109375" lon="87.5104119814932346343994140625">
        <ele>814</ele>
        <time>2026-07-30T13:59:38.000Z</time>
        <extensions>
          <ns3:TrackPointExtension>
            <ns3:hr>112</ns3:hr>
            <ns3:cad>81</ns3:cad>
          </ns3:TrackPointExtension>
        </extensions>
      </trkpt>
      <trkpt lat="43.8481057249009609222412109375" lon="87.51036345027387142181396484375">
        <ele>815</ele>
        <time>2026-07-30T13:59:43.000Z</time>
        <extensions>
          <ns3:TrackPointExtension>
            <ns3:hr>114</ns3:hr>
            <ns3:cad>82</ns3:cad>
          </ns3:TrackPointExtension>
        </extensions>
      </trkpt>
      <trkpt lat="43.84807446040213108062744140625" lon="87.5103536434471607208251953125">
        <ele>815</ele>
        <time>2026-07-30T13:59:44.000Z</time>
        <extensions>
          <ns3:TrackPointExtension>
            <ns3:hr>115</ns3:hr>
            <ns3:cad>82</ns3:cad>
          </ns3:TrackPointExtension>
        </extensions>
      </trkpt>
      <trkpt lat="43.8479912281036376953125" lon="87.5103140808641910552978515625">
        <ele>815</ele>
        <time>2026-07-30T13:59:47.000Z</time>
        <extensions>
          <ns3:TrackPointExtension>
            <ns3:hr>118</ns3:hr>
            <ns3:cad>82</ns3:cad>
          </ns3:TrackPointExtension>
        </extensions>
      </trkpt>
      <trkpt lat="43.84791235439479351043701171875" lon="87.51032598316669464111328125">
        <ele>815</ele>
        <time>2026-07-30T13:59:50.000Z</time>
        <extensions>
          <ns3:TrackPointExtension>
            <ns3:hr>120</ns3:hr>
            <ns3:cad>81</ns3:cad>
          </ns3:TrackPointExtension>
        </extensions>
      </trkpt>
      <trkpt lat="43.84781378321349620819091796875" lon="87.5103452615439891815185546875">
        <ele>815</ele>
        <time>2026-07-30T13:59:54.000Z</time>
        <extensions>
          <ns3:TrackPointExtension>
            <ns3:hr>123</ns3:hr>
            <ns3:cad>80</ns3:cad>
          </ns3:TrackPointExtension>
        </extensions>
      </trkpt>
      <trkpt lat="43.84773784317076206207275390625" lon="87.5103331916034221649169921875">
        <ele>815.5999755859375</ele>
        <time>2026-07-30T13:59:57.000Z</time>
        <extensions>
          <ns3:TrackPointExtension>
            <ns3:hr>125</ns3:hr>
            <ns3:cad>82</ns3:cad>
          </ns3:TrackPointExtension>
        </extensions>
      </trkpt>
      <trkpt lat="43.8476735539734363555908203125" lon="87.51032036729156970977783203125">
        <ele>816.20001220703125</ele>
        <time>2026-07-30T14:00:00.000Z</time>
        <extensions>
          <ns3:TrackPointExtension>
            <ns3:hr>128</ns3:hr>
            <ns3:cad>82</ns3:cad>
          </ns3:TrackPointExtension>
        </extensions>
      </trkpt>
      <trkpt lat="43.84761060588061809539794921875" lon="87.5103010050952434539794921875">
        <ele>816.79998779296875</ele>
        <time>2026-07-30T14:00:03.000Z</time>
        <extensions>
          <ns3:TrackPointExtension>
            <ns3:hr>131</ns3:hr>
            <ns3:cad>82</ns3:cad>
          </ns3:TrackPointExtension>
        </extensions>
      </trkpt>
      <trkpt lat="43.84758663363754749298095703125" lon="87.51030058600008487701416015625">
        <ele>817.20001220703125</ele>
        <time>2026-07-30T14:00:05.000Z</time>
        <extensions>
          <ns3:TrackPointExtension>
            <ns3:hr>133</ns3:hr>
            <ns3:cad>81</ns3:cad>
          </ns3:TrackPointExtension>
        </extensions>
      </trkpt>
      <trkpt lat="43.847556374967098236083984375" lon="87.5102942995727062225341796875">
        <ele>817.4000244140625</ele>
        <time>2026-07-30T14:00:08.000Z</time>
        <extensions>
          <ns3:TrackPointExtension>
            <ns3:hr>137</ns3:hr>
            <ns3:cad>79</ns3:cad>
          </ns3:TrackPointExtension>
        </extensions>
      </trkpt>
      <trkpt lat="43.84753248654305934906005859375" lon="87.51029052771627902984619140625">
        <ele>817.5999755859375</ele>
        <time>2026-07-30T14:00:10.000Z</time>
        <extensions>
          <ns3:TrackPointExtension>
            <ns3:hr>141</ns3:hr>
            <ns3:cad>79</ns3:cad>
          </ns3:TrackPointExtension>
        </extensions>
      </trkpt>
      <trkpt lat="43.84745235554873943328857421875" lon="87.51026697456836700439453125">
        <ele>818.4000244140625</ele>
        <time>2026-07-30T14:00:14.000Z</time>
        <extensions>
          <ns3:TrackPointExtension>
            <ns3:hr>140</ns3:hr>
            <ns3:cad>78</ns3:cad>
          </ns3:TrackPointExtension>
        </extensions>
      </trkpt>
      <trkpt lat="43.8473580591380596160888671875" lon="87.51024375669658184051513671875">
        <ele>819.4000244140625</ele>
        <time>2026-07-30T14:00:18.000Z</time>
        <extensions>
          <ns3:TrackPointExtension>
            <ns3:hr>145</ns3:hr>
            <ns3:cad>79</ns3:cad>
          </ns3:TrackPointExtension>
        </extensions>
      </trkpt>
      <trkpt lat="43.8473376072943210601806640625" lon="87.51023805700242519378662109375">
        <ele>819.5999755859375</ele>
        <time>2026-07-30T14:00:19.000Z</time>
        <extensions>
          <ns3:TrackPointExtension>
            <ns3:hr>146</ns3:hr>
            <ns3:cad>79</ns3:cad>
          </ns3:TrackPointExtension>
        </extensions>
      </trkpt>
      <trkpt lat="43.84729343466460704803466796875" lon="87.510231770575046539306640625">
        <ele>820</ele>
        <time>2026-07-30T14:00:21.000Z</time>
        <extensions>
          <ns3:TrackPointExtension>
            <ns3:hr>150</ns3:hr>
            <ns3:cad>79</ns3:cad>
          </ns3:TrackPointExtension>
        </extensions>
      </trkpt>
      <trkpt lat="43.84722101502120494842529296875" lon="87.510220371186733245849609375">
        <ele>820.79998779296875</ele>
        <time>2026-07-30T14:00:24.000Z</time>
        <extensions>
          <ns3:TrackPointExtension>
            <ns3:hr>151</ns3:hr>
            <ns3:cad>79</ns3:cad>
          </ns3:TrackPointExtension>
        </extensions>
      </trkpt>
      <trkpt lat="43.8471994735300540924072265625" lon="87.5102141685783863067626953125">
        <ele>820.79998779296875</ele>
        <time>2026-07-30T14:00:25.000Z</time>
        <extensions>
          <ns3:TrackPointExtension>
            <ns3:hr>151</ns3:hr>
            <ns3:cad>79</ns3:cad>
          </ns3:TrackPointExtension>
        </extensions>
      </trkpt>
      <trkpt lat="43.84704449214041233062744140625" lon="87.51018977724015712738037109375">
        <ele>821.79998779296875</ele>
        <time>2026-07-30T14:00:32.000Z</time>
        <extensions>
          <ns3:TrackPointExtension>
            <ns3:hr>150</ns3:hr>
            <ns3:cad>81</ns3:cad>
          </ns3:TrackPointExtension>
        </extensions>
      </trkpt>
      <trkpt lat="43.8469674624502658843994140625" lon="87.51017536036670207977294921875">
        <ele>822</ele>
        <time>2026-07-30T14:00:38.000Z</time>
        <extensions>
          <ns3:TrackPointExtension>
            <ns3:hr>152</ns3:hr>
            <ns3:cad>57</ns3:cad>
          </ns3:TrackPointExtension>
        </extensions>
      </trkpt>
      <trkpt lat="43.84695849381387233734130859375" lon="87.51017971895635128021240234375">
        <ele>822</ele>
        <time>2026-07-30T14:00:39.000Z</time>
        <extensions>
          <ns3:TrackPointExtension>
            <ns3:hr>153</ns3:hr>
            <ns3:cad>54</ns3:cad>
          </ns3:TrackPointExtension>
        </extensions>
      </trkpt>
      <trkpt lat="43.8469097949564456939697265625" lon="87.510174773633480072021484375">
        <ele>822.5999755859375</ele>
        <time>2026-07-30T14:00:43.000Z</time>
        <extensions>
          <ns3:TrackPointExtension>
            <ns3:hr>156</ns3:hr>
            <ns3:cad>54</ns3:cad>
          </ns3:TrackPointExtension>
        </extensions>
      </trkpt>
      <trkpt lat="43.8468933664262294769287109375" lon="87.51017318107187747955322265625">
        <ele>822.79998779296875</ele>
        <time>2026-07-30T14:00:44.000Z</time>
        <extensions>
          <ns3:TrackPointExtension>
            <ns3:hr>157</ns3:hr>
            <ns3:cad>53</ns3:cad>
          </ns3:TrackPointExtension>
        </extensions>
      </trkpt>
      <trkpt lat="43.8468454219400882720947265625" lon="87.51017712056636810302734375">
        <ele>823.20001220703125</ele>
        <time>2026-07-30T14:00:48.000Z</time>
        <extensions>
          <ns3:TrackPointExtension>
            <ns3:hr>160</ns3:hr>
            <ns3:cad>54</ns3:cad>
          </ns3:TrackPointExtension>
        </extensions>
      </trkpt>
      <trkpt lat="43.8467265665531158447265625" lon="87.51017955131828784942626953125">
        <ele>824.5999755859375</ele>
        <time>2026-07-30T14:00:53.000Z</time>
        <extensions>
          <ns3:TrackPointExtension>
            <ns3:hr>160</ns3:hr>
            <ns3:cad>54</ns3:cad>
          </ns3:TrackPointExtension>
        </extensions>
      </trkpt>
      <trkpt lat="43.84658667258918285369873046875" lon="87.51017603091895580291748046875">
        <ele>824.5999755859375</ele>
        <time>2026-07-30T14:00:59.000Z</time>
        <extensions>
          <ns3:TrackPointExtension>
            <ns3:hr>159</ns3:hr>
            <ns3:cad>82</ns3:cad>
          </ns3:TrackPointExtension>
        </extensions>
      </trkpt>
      <trkpt lat="43.84653420187532901763916015625" lon="87.51019195653498172760009765625">
        <ele>824.5999755859375</ele>
        <time>2026-07-30T14:01:04.000Z</time>
        <extensions>
          <ns3:TrackPointExtension>
            <ns3:hr>156</ns3:hr>
            <ns3:cad>82</ns3:cad>
          </ns3:TrackPointExtension>
        </extensions>
      </trkpt>
      <trkpt lat="43.84652179665863513946533203125" lon="87.5101893581449985504150390625">
        <ele>824.5999755859375</ele>
        <time>2026-07-30T14:01:05.000Z</time>
        <extensions>
          <ns3:TrackPointExtension>
            <ns3:hr>156</ns3:hr>
            <ns3:cad>82</ns3:cad>
          </ns3:TrackPointExtension>
        </extensions>
      </trkpt>
      <trkpt lat="43.8464690744876861572265625" lon="87.51017586328089237213134765625">
        <ele>824.5999755859375</ele>
        <time>2026-07-30T14:01:09.000Z</time>
        <extensions>
          <ns3:TrackPointExtension>
            <ns3:hr>153</ns3:hr>
            <ns3:cad>55</ns3:cad>
          </ns3:TrackPointExtension>
        </extensions>
      </trkpt>
      <trkpt lat="43.84637595154345035552978515625" lon="87.5101538188755512237548828125">
        <ele>824.5999755859375</ele>
        <time>2026-07-30T14:01:15.000Z</time>
        <extensions>
          <ns3:TrackPointExtension>
            <ns3:hr>152</ns3:hr>
            <ns3:cad>54</ns3:cad>
          </ns3:TrackPointExtension>
        </extensions>
      </trkpt>
      <trkpt lat="43.84628760628402233123779296875" lon="87.51014619134366512298583984375">
        <ele>824.20001220703125</ele>
        <time>2026-07-30T14:01:19.000Z</time>
        <extensions>
          <ns3:TrackPointExtension>
            <ns3:hr>148</ns3:hr>
            <ns3:cad>79</ns3:cad>
          </ns3:TrackPointExtension>
        </extensions>
      </trkpt>
      <trkpt lat="43.84616707451641559600830078125" lon="87.51012272201478481292724609375">
        <ele>823.4000244140625</ele>
        <time>2026-07-30T14:01:25.000Z</time>
        <extensions>
          <ns3:TrackPointExtension>
            <ns3:hr>149</ns3:hr>
            <ns3:cad>80</ns3:cad>
          </ns3:TrackPointExtension>
        </extensions>
      </trkpt>
      <trkpt lat="43.84608325548470020294189453125" lon="87.510094307363033294677734375">
        <ele>823.20001220703125</ele>
        <time>2026-07-30T14:01:29.000Z</time>
        <extensions>
          <ns3:TrackPointExtension>
            <ns3:hr>152</ns3:hr>
            <ns3:cad>81</ns3:cad>
          </ns3:TrackPointExtension>
        </extensions>
      </trkpt>
      <trkpt lat="43.846043609082698822021484375" lon="87.5100917927920818328857421875">
        <ele>823.4000244140625</ele>
        <time>2026-07-30T14:01:31.000Z</time>
        <extensions>
          <ns3:TrackPointExtension>
            <ns3:hr>152</ns3:hr>
            <ns3:cad>81</ns3:cad>
          </ns3:TrackPointExtension>
        </extensions>
      </trkpt>
      <trkpt lat="43.8458613865077495574951171875" lon="87.51008382998406887054443359375">
        <ele>824</ele>
        <time>2026-07-30T14:01:39.000Z</time>
        <extensions>
          <ns3:TrackPointExtension>
            <ns3:hr>154</ns3:hr>
            <ns3:cad>81</ns3:cad>
          </ns3:TrackPointExtension>
        </extensions>
      </trkpt>
      <trkpt lat="43.8456997834146022796630859375" lon="87.51003605313599109649658203125">
        <ele>825.20001220703125</ele>
        <time>2026-07-30T14:01:47.000Z</time>
        <extensions>
          <ns3:TrackPointExtension>
            <ns3:hr>156</ns3:hr>
            <ns3:cad>80</ns3:cad>
          </ns3:TrackPointExtension>
        </extensions>
      </trkpt>
      <trkpt lat="43.8455893099308013916015625" lon="87.51002850942313671112060546875">
        <ele>826</ele>
        <time>2026-07-30T14:01:55.000Z</time>
        <extensions>
          <ns3:TrackPointExtension>
            <ns3:hr>156</ns3:hr>
            <ns3:cad>56</ns3:cad>
          </ns3:TrackPointExtension>
        </extensions>
      </trkpt>
      <trkpt lat="43.84547531604766845703125" lon="87.51002850942313671112060546875">
        <ele>826.5999755859375</ele>
        <time>2026-07-30T14:02:01.000Z</time>
        <extensions>
          <ns3:TrackPointExtension>
            <ns3:hr>155</ns3:hr>
            <ns3:cad>55</ns3:cad>
          </ns3:TrackPointExtension>
        </extensions>
      </trkpt>
      <trkpt lat="43.84528823196887969970703125" lon="87.509998418390750885009765625">
        <ele>827.79998779296875</ele>
        <time>2026-07-30T14:02:09.000Z</time>
        <extensions>
          <ns3:TrackPointExtension>
            <ns3:hr>156</ns3:hr>
            <ns3:cad>80</ns3:cad>
          </ns3:TrackPointExtension>
        </extensions>
      </trkpt>
      <trkpt lat="43.84526819922029972076416015625" lon="87.509996406733989715576171875">
        <ele>827.79998779296875</ele>
        <time>2026-07-30T14:02:10.000Z</time>
        <extensions>
          <ns3:TrackPointExtension>
            <ns3:hr>156</ns3:hr>
            <ns3:cad>80</ns3:cad>
          </ns3:TrackPointExtension>
        </extensions>
      </trkpt>
      <trkpt lat="43.84520449675619602203369140625" lon="87.5099985860288143157958984375">
        <ele>828</ele>
        <time>2026-07-30T14:02:15.000Z</time>
        <extensions>
          <ns3:TrackPointExtension>
            <ns3:hr>157</ns3:hr>
            <ns3:cad>74</ns3:cad>
          </ns3:TrackPointExtension>
        </extensions>
      </trkpt>
      <trkpt lat="43.8451264612376689910888671875" lon="87.5099690817296504974365234375">
        <ele>828</ele>
        <time>2026-07-30T14:02:22.000Z</time>
        <extensions>
          <ns3:TrackPointExtension>
            <ns3:hr>158</ns3:hr>
            <ns3:cad>54</ns3:cad>
          </ns3:TrackPointExtension>
        </extensions>
      </trkpt>
      <trkpt lat="43.84508631192147731781005859375" lon="87.50994686968624591827392578125">
        <ele>828</ele>
        <time>2026-07-30T14:02:26.000Z</time>
        <extensions>
          <ns3:TrackPointExtension>
            <ns3:hr>158</ns3:hr>
            <ns3:cad>54</ns3:cad>
          </ns3:TrackPointExtension>
        </extensions>
      </trkpt>
      <trkpt lat="43.8450594060122966766357421875" lon="87.5099422596395015716552734375">
        <ele>828</ele>
        <time>2026-07-30T14:02:28.000Z</time>
        <extensions>
          <ns3:TrackPointExtension>
            <ns3:hr>159</ns3:hr>
            <ns3:cad>54</ns3:cad>
          </ns3:TrackPointExtension>
        </extensions>
      </trkpt>
      <trkpt lat="43.844990171492099761962890625" lon="87.5099610351026058197021484375">
        <ele>828</ele>
        <time>2026-07-30T14:02:35.000Z</time>
        <extensions>
          <ns3:TrackPointExtension>
            <ns3:hr>156</ns3:hr>
            <ns3:cad>55</ns3:cad>
          </ns3:TrackPointExtension>
        </extensions>
      </trkpt>
      <trkpt lat="43.8449078612029552459716796875" lon="87.50997100956737995147705078125">
        <ele>828.4000244140625</ele>
        <time>2026-07-30T14:02:41.000Z</time>
        <extensions>
          <ns3:TrackPointExtension>
            <ns3:hr>152</ns3:hr>
            <ns3:cad>55</ns3:cad>
          </ns3:TrackPointExtension>
        </extensions>
      </trkpt>
      <trkpt lat="43.84489151649177074432373046875" lon="87.50997126102447509765625">
        <ele>828.4000244140625</ele>
        <time>2026-07-30T14:02:43.000Z</time>
        <extensions>
          <ns3:TrackPointExtension>
            <ns3:hr>150</ns3:hr>
            <ns3:cad>55</ns3:cad>
          </ns3:TrackPointExtension>
        </extensions>
      </trkpt>
      <trkpt lat="43.844852037727832794189453125" lon="87.50996254384517669677734375">
        <ele>828.5999755859375</ele>
        <time>2026-07-30T14:02:47.000Z</time>
        <extensions>
          <ns3:TrackPointExtension>
            <ns3:hr>146</ns3:hr>
            <ns3:cad>55</ns3:cad>
          </ns3:TrackPointExtension>
        </extensions>
      </trkpt>
      <trkpt lat="43.84481691755354404449462890625" lon="87.50995852053165435791015625">
        <ele>828.79998779296875</ele>
        <time>2026-07-30T14:02:49.000Z</time>
        <extensions>
          <ns3:TrackPointExtension>
            <ns3:hr>145</ns3:hr>
            <ns3:cad>56</ns3:cad>
          </ns3:TrackPointExtension>
        </extensions>
      </trkpt>
      <trkpt lat="43.84468968026340007781982421875" lon="87.50995961017906665802001953125">
        <ele>829.20001220703125</ele>
        <time>2026-07-30T14:02:54.000Z</time>
        <extensions>
          <ns3:TrackPointExtension>
            <ns3:hr>143</ns3:hr>
            <ns3:cad>79</ns3:cad>
          </ns3:TrackPointExtension>
        </extensions>
      </trkpt>
      <trkpt lat="43.84450360201299190521240234375" lon="87.50992926768958568572998046875">
        <ele>829.4000244140625</ele>
        <time>2026-07-30T14:03:01.000Z</time>
        <extensions>
          <ns3:TrackPointExtension>
            <ns3:hr>143</ns3:hr>
            <ns3:cad>82</ns3:cad>
          </ns3:TrackPointExtension>
        </extensions>
      </trkpt>
      <trkpt lat="43.84439782239496707916259765625" lon="87.50990646891295909881591796875">
        <ele>829.4000244140625</ele>
        <time>2026-07-30T14:03:04.000Z</time>
        <extensions>
          <ns3:TrackPointExtension>
            <ns3:hr>144</ns3:hr>
            <ns3:cad>81</ns3:cad>
          </ns3:TrackPointExtension>
        </extensions>
      </trkpt>
      <trkpt lat="43.84432255290448665618896484375" lon="87.50989356078207492828369140625">
        <ele>829</ele>
        <time>2026-07-30T14:03:08.000Z</time>
        <extensions>
          <ns3:TrackPointExtension>
            <ns3:hr>151</ns3:hr>
            <ns3:cad>82</ns3:cad>
          </ns3:TrackPointExtension>
        </extensions>
      </trkpt>
      <trkpt lat="43.84431450627744197845458984375" lon="87.5098899565637111663818359375">
        <ele>829</ele>
        <time>2026-07-30T14:03:09.000Z</time>
        <extensions>
          <ns3:TrackPointExtension>
            <ns3:hr>147</ns3:hr>
            <ns3:cad>82</ns3:cad>
          </ns3:TrackPointExtension>
        </extensions>
      </trkpt>
      <trkpt lat="43.84430528618395328521728515625" lon="87.50988568179309368133544921875">
        <ele>829</ele>
        <time>2026-07-30T14:03:10.000Z</time>
        <extensions>
          <ns3:TrackPointExtension>
            <ns3:hr>147</ns3:hr>
            <ns3:cad>82</ns3:cad>
          </ns3:TrackPointExtension>
        </extensions>
      </trkpt>
      <trkpt lat="43.84426974691450595855712890625" lon="87.5098899565637111663818359375">
        <ele>829</ele>
        <time>2026-07-30T14:03:13.000Z</time>
        <extensions>
          <ns3:TrackPointExtension>
            <ns3:hr>148</ns3:hr>
            <ns3:cad>82</ns3:cad>
          </ns3:TrackPointExtension>
        </extensions>
      </trkpt>
      <trkpt lat="43.8442413322627544403076171875" lon="87.5098975002765655517578125">
        <ele>829.20001220703125</ele>
        <time>2026-07-30T14:03:16.000Z</time>
        <extensions>
          <ns3:TrackPointExtension>
            <ns3:hr>148</ns3:hr>
            <ns3:cad>0</ns3:cad>
          </ns3:TrackPointExtension>
        </extensions>
      </trkpt>
      <trkpt lat="43.844229765236377716064453125" lon="87.50989657826721668243408203125">
        <ele>829.20001220703125</ele>
        <time>2026-07-30T14:03:17.000Z</time>
        <extensions>
          <ns3:TrackPointExtension>
            <ns3:hr>149</ns3:hr>
            <ns3:cad>0</ns3:cad>
          </ns3:TrackPointExtension>
        </extensions>
      </trkpt>
      <trkpt lat="43.84417201392352581024169921875" lon="87.509911246597766876220703125">
        <ele>829.5999755859375</ele>
        <time>2026-07-30T14:04:02.000Z</time>
        <extensions>
          <ns3:TrackPointExtension>
            <ns3:hr>124</ns3:hr>
            <ns3:cad>49</ns3:cad>
          </ns3:TrackPointExtension>
        </extensions>
      </trkpt>
      <trkpt lat="43.84417184628546237945556640625" lon="87.50991158187389373779296875">
        <ele>829.5999755859375</ele>
        <time>2026-07-30T14:04:03.000Z</time>
        <extensions>
          <ns3:TrackPointExtension>
            <ns3:hr>124</ns3:hr>
            <ns3:cad>49</ns3:cad>
          </ns3:TrackPointExtension>
        </extensions>
      </trkpt>
      <trkpt lat="43.84414267726242542266845703125" lon="87.5099114142358303070068359375">
        <ele>829.5999755859375</ele>
        <time>2026-07-30T14:04:05.000Z</time>
        <extensions>
          <ns3:TrackPointExtension>
            <ns3:hr>124</ns3:hr>
            <ns3:cad>0</ns3:cad>
          </ns3:TrackPointExtension>
        </extensions>
      </trkpt>
      <trkpt lat="43.843997083604335784912109375" lon="87.50984092243015766143798828125">
        <ele>829.79998779296875</ele>
        <time>2026-07-30T14:04:10.000Z</time>
        <extensions>
          <ns3:TrackPointExtension>
            <ns3:hr>124</ns3:hr>
            <ns3:cad>80</ns3:cad>
          </ns3:TrackPointExtension>
        </extensions>
      </trkpt>
      <trkpt lat="43.84388518519699573516845703125" lon="87.50977152027189731597900390625">
        <ele>830</ele>
        <time>2026-07-30T14:04:15.000Z</time>
        <extensions>
          <ns3:TrackPointExtension>
            <ns3:hr>127</ns3:hr>
            <ns3:cad>82</ns3:cad>
          </ns3:TrackPointExtension>
        </extensions>
      </trkpt>
      <trkpt lat="43.84384662844240665435791015625" lon="87.50976783223450183868408203125">
        <ele>830.20001220703125</ele>
        <time>2026-07-30T14:04:17.000Z</time>
        <extensions>
          <ns3:TrackPointExtension>
            <ns3:hr>130</ns3:hr>
            <ns3:cad>82</ns3:cad>
          </ns3:TrackPointExtension>
        </extensions>
      </trkpt>
      <trkpt lat="43.84380404837429523468017578125" lon="87.5097620487213134765625">
        <ele>830.4000244140625</ele>
        <time>2026-07-30T14:04:19.000Z</time>
        <extensions>
          <ns3:TrackPointExtension>
            <ns3:hr>134</ns3:hr>
            <ns3:cad>81</ns3:cad>
          </ns3:TrackPointExtension>
        </extensions>
      </trkpt>
      <trkpt lat="43.84373296983540058135986328125" lon="87.50975945033133029937744140625">
        <ele>830.5999755859375</ele>
        <time>2026-07-30T14:04:22.000Z</time>
        <extensions>
          <ns3:TrackPointExtension>
            <ns3:hr>137</ns3:hr>
            <ns3:cad>81</ns3:cad>
          </ns3:TrackPointExtension>
        </extensions>
      </trkpt>
      <trkpt lat="43.8436509110033512115478515625" lon="87.50976464711129665374755859375">
        <ele>831</ele>
        <time>2026-07-30T14:04:25.000Z</time>
        <extensions>
          <ns3:TrackPointExtension>
            <ns3:hr>140</ns3:hr>
            <ns3:cad>81</ns3:cad>
          </ns3:TrackPointExtension>
        </extensions>
      </trkpt>
      <trkpt lat="43.84362819604575634002685546875" lon="87.50976799987256526947021484375">
        <ele>831</ele>
        <time>2026-07-30T14:04:26.000Z</time>
        <extensions>
          <ns3:TrackPointExtension>
            <ns3:hr>141</ns3:hr>
            <ns3:cad>81</ns3:cad>
          </ns3:TrackPointExtension>
        </extensions>
      </trkpt>
      <trkpt lat="43.84355410002171993255615234375" lon="87.509744949638843536376953125">
        <ele>831.5999755859375</ele>
        <time>2026-07-30T14:04:29.000Z</time>
        <extensions>
          <ns3:TrackPointExtension>
            <ns3:hr>144</ns3:hr>
            <ns3:cad>82</ns3:cad>
          </ns3:TrackPointExtension>
        </extensions>
      </trkpt>
      <trkpt lat="43.8434584625065326690673828125" lon="87.50968703068792819976806640625">
        <ele>832.20001220703125</ele>
        <time>2026-07-30T14:04:33.000Z</time>
        <extensions>
          <ns3:TrackPointExtension>
            <ns3:hr>147</ns3:hr>
            <ns3:cad>82</ns3:cad>
          </ns3:TrackPointExtension>
        </extensions>
      </trkpt>
      <trkpt lat="43.8433872163295745849609375" lon="87.5096180476248264312744140625">
        <ele>832.79998779296875</ele>
        <time>2026-07-30T14:04:36.000Z</time>
        <extensions>
          <ns3:TrackPointExtension>
            <ns3:hr>147</ns3:hr>
            <ns3:cad>82</ns3:cad>
          </ns3:TrackPointExtension>
        </extensions>
      </trkpt>
      <trkpt lat="43.8431912474334239959716796875" lon="87.5095701031386852264404296875">
        <ele>834.5999755859375</ele>
        <time>2026-07-30T14:04:44.000Z</time>
        <extensions>
          <ns3:TrackPointExtension>
            <ns3:hr>149</ns3:hr>
            <ns3:cad>82</ns3:cad>
          </ns3:TrackPointExtension>
        </extensions>
      </trkpt>
      <trkpt lat="43.843119330704212188720703125" lon="87.5095945782959461212158203125">
        <ele>835.4000244140625</ele>
        <time>2026-07-30T14:04:47.000Z</time>
        <extensions>
          <ns3:TrackPointExtension>
            <ns3:hr>149</ns3:hr>
            <ns3:cad>82</ns3:cad>
          </ns3:TrackPointExtension>
        </extensions>
      </trkpt>
      <trkpt lat="43.84303157217800617218017578125" lon="87.5095836818218231201171875">
        <ele>836</ele>
        <time>2026-07-30T14:04:54.000Z</time>
        <extensions>
          <ns3:TrackPointExtension>
            <ns3:hr>149</ns3:hr>
            <ns3:cad>76</ns3:cad>
          </ns3:TrackPointExtension>
        </extensions>
      </trkpt>
      <trkpt lat="43.8429062627255916595458984375" lon="87.509593069553375244140625">
        <ele>836</ele>
        <time>2026-07-30T14:05:01.000Z</time>
        <extensions>
          <ns3:TrackPointExtension>
            <ns3:hr>148</ns3:hr>
            <ns3:cad>54</ns3:cad>
          </ns3:TrackPointExtension>
        </extensions>
      </trkpt>
      <trkpt lat="43.8427932746708393096923828125" lon="87.5095778144896030426025390625">
        <ele>836.20001220703125</ele>
        <time>2026-07-30T14:05:09.000Z</time>
        <extensions>
          <ns3:TrackPointExtension>
            <ns3:hr>145</ns3:hr>
            <ns3:cad>78</ns3:cad>
          </ns3:TrackPointExtension>
        </extensions>
      </trkpt>
      <trkpt lat="43.8426440767943859100341796875" lon="87.5095493160188198089599609375">
        <ele>835.5999755859375</ele>
        <time>2026-07-30T14:05:16.000Z</time>
        <extensions>
          <ns3:TrackPointExtension>
            <ns3:hr>146</ns3:hr>
            <ns3:cad>79</ns3:cad>
          </ns3:TrackPointExtension>
        </extensions>
      </trkpt>
      <trkpt lat="43.8425227068364620208740234375" lon="87.50953397713601589202880859375">
        <ele>835.4000244140625</ele>
        <time>2026-07-30T14:05:21.000Z</time>
        <extensions>
          <ns3:TrackPointExtension>
            <ns3:hr>149</ns3:hr>
            <ns3:cad>80</ns3:cad>
          </ns3:TrackPointExtension>
        </extensions>
      </trkpt>
      <trkpt lat="43.842451460659503936767578125" lon="87.50951972790062427520751953125">
        <ele>835.4000244140625</ele>
        <time>2026-07-30T14:05:24.000Z</time>
        <extensions>
          <ns3:TrackPointExtension>
            <ns3:hr>152</ns3:hr>
            <ns3:cad>81</ns3:cad>
          </ns3:TrackPointExtension>
        </extensions>
      </trkpt>
      <trkpt lat="43.8423894345760345458984375" lon="87.50953934155404567718505859375">
        <ele>836</ele>
        <time>2026-07-30T14:05:29.000Z</time>
        <extensions>
          <ns3:TrackPointExtension>
            <ns3:hr>155</ns3:hr>
            <ns3:cad>81</ns3:cad>
          </ns3:TrackPointExtension>
        </extensions>
      </trkpt>
      <trkpt lat="43.842375688254833221435546875" lon="87.50953632406890392303466796875">
        <ele>836</ele>
        <time>2026-07-30T14:05:30.000Z</time>
        <extensions>
          <ns3:TrackPointExtension>
            <ns3:hr>156</ns3:hr>
            <ns3:cad>81</ns3:cad>
          </ns3:TrackPointExtension>
        </extensions>
      </trkpt>
      <trkpt lat="43.8423634506762027740478515625" lon="87.50953380949795246124267578125">
        <ele>836</ele>
        <time>2026-07-30T14:05:31.000Z</time>
        <extensions>
          <ns3:TrackPointExtension>
            <ns3:hr>156</ns3:hr>
            <ns3:cad>81</ns3:cad>
          </ns3:TrackPointExtension>
        </extensions>
      </trkpt>
      <trkpt lat="43.8422990776598453521728515625" lon="87.509511597454547882080078125">
        <ele>836</ele>
        <time>2026-07-30T14:05:37.000Z</time>
        <extensions>
          <ns3:TrackPointExtension>
            <ns3:hr>158</ns3:hr>
            <ns3:cad>54</ns3:cad>
          </ns3:TrackPointExtension>
        </extensions>
      </trkpt>
      <trkpt lat="43.8422675617039203643798828125" lon="87.50949659384787082672119140625">
        <ele>835.79998779296875</ele>
        <time>2026-07-30T14:05:39.000Z</time>
        <extensions>
          <ns3:TrackPointExtension>
            <ns3:hr>158</ns3:hr>
            <ns3:cad>54</ns3:cad>
          </ns3:TrackPointExtension>
        </extensions>
      </trkpt>
      <trkpt lat="43.842176534235477447509765625" lon="87.5095375813543796539306640625">
        <ele>836.79998779296875</ele>
        <time>2026-07-30T14:05:45.000Z</time>
        <extensions>
          <ns3:TrackPointExtension>
            <ns3:hr>157</ns3:hr>
            <ns3:cad>54</ns3:cad>
          </ns3:TrackPointExtension>
        </extensions>
      </trkpt>
      <trkpt lat="43.84210386313498020172119140625" lon="87.5095255114138126373291015625">
        <ele>837.20001220703125</ele>
        <time>2026-07-30T14:05:50.000Z</time>
        <extensions>
          <ns3:TrackPointExtension>
            <ns3:hr>156</ns3:hr>
            <ns3:cad>54</ns3:cad>
          </ns3:TrackPointExtension>
        </extensions>
      </trkpt>
      <trkpt lat="43.84209162555634975433349609375" lon="87.50953230075538158416748046875">
        <ele>837.4000244140625</ele>
        <time>2026-07-30T14:05:51.000Z</time>
        <extensions>
          <ns3:TrackPointExtension>
            <ns3:hr>156</ns3:hr>
            <ns3:cad>54</ns3:cad>
          </ns3:TrackPointExtension>
        </extensions>
      </trkpt>
      <trkpt lat="43.8420466147363185882568359375" lon="87.50955292023718357086181640625">
        <ele>838</ele>
        <time>2026-07-30T14:05:53.000Z</time>
        <extensions>
          <ns3:TrackPointExtension>
            <ns3:hr>153</ns3:hr>
            <ns3:cad>77</ns3:cad>
          </ns3:TrackPointExtension>
        </extensions>
      </trkpt>
      <trkpt lat="43.841943852603435516357421875" lon="87.50955392606556415557861328125">
        <ele>839</ele>
        <time>2026-07-30T14:05:57.000Z</time>
        <extensions>
          <ns3:TrackPointExtension>
            <ns3:hr>150</ns3:hr>
            <ns3:cad>80</ns3:cad>
          </ns3:TrackPointExtension>
        </extensions>
      </trkpt>
      <trkpt lat="43.84191845543682575225830078125" lon="87.50955157913267612457275390625">
        <ele>839.20001220703125</ele>
        <time>2026-07-30T14:05:58.000Z</time>
        <extensions>
          <ns3:TrackPointExtension>
            <ns3:hr>150</ns3:hr>
            <ns3:cad>81</ns3:cad>
          </ns3:TrackPointExtension>
        </extensions>
      </trkpt>
      <trkpt lat="43.841800354421138763427734375" lon="87.50956197269260883331298828125">
        <ele>840.5999755859375</ele>
        <time>2026-07-30T14:06:02.000Z</time>
        <extensions>
          <ns3:TrackPointExtension>
            <ns3:hr>152</ns3:hr>
            <ns3:cad>82</ns3:cad>
          </ns3:TrackPointExtension>
        </extensions>
      </trkpt>
      <trkpt lat="43.841623999178409576416015625" lon="87.50944294966757297515869140625">
        <ele>841.4000244140625</ele>
        <time>2026-07-30T14:06:09.000Z</time>
        <extensions>
          <ns3:TrackPointExtension>
            <ns3:hr>149</ns3:hr>
            <ns3:cad>81</ns3:cad>
          </ns3:TrackPointExtension>
        </extensions>
      </trkpt>
      <trkpt lat="43.841595835983753204345703125" lon="87.50942551530897617340087890625">
        <ele>841.5999755859375</ele>
        <time>2026-07-30T14:06:11.000Z</time>
        <extensions>
          <ns3:TrackPointExtension>
            <ns3:hr>148</ns3:hr>
            <ns3:cad>80</ns3:cad>
          </ns3:TrackPointExtension>
        </extensions>
      </trkpt>
      <trkpt lat="43.841580413281917572021484375" lon="87.50942618586122989654541015625">
        <ele>841.79998779296875</ele>
        <time>2026-07-30T14:06:13.000Z</time>
        <extensions>
          <ns3:TrackPointExtension>
            <ns3:hr>148</ns3:hr>
            <ns3:cad>80</ns3:cad>
          </ns3:TrackPointExtension>
        </extensions>
      </trkpt>
      <trkpt lat="43.84145007468760013580322265625" lon="87.50940598547458648681640625">
        <ele>843.20001220703125</ele>
        <time>2026-07-30T14:06:21.000Z</time>
        <extensions>
          <ns3:TrackPointExtension>
            <ns3:hr>147</ns3:hr>
            <ns3:cad>0</ns3:cad>
          </ns3:TrackPointExtension>
        </extensions>
      </trkpt>
      <trkpt lat="43.84132132865488529205322265625" lon="87.509364075958728790283203125">
        <ele>844</ele>
        <time>2026-07-30T14:06:26.000Z</time>
        <extensions>
          <ns3:TrackPointExtension>
            <ns3:hr>144</ns3:hr>
            <ns3:cad>81</ns3:cad>
          </ns3:TrackPointExtension>
        </extensions>
      </trkpt>
      <trkpt lat="43.84125125594437122344970703125" lon="87.50937958247959613800048828125">
        <ele>844.5999755859375</ele>
        <time>2026-07-30T14:06:29.000Z</time>
        <extensions>
          <ns3:TrackPointExtension>
            <ns3:hr>148</ns3:hr>
            <ns3:cad>80</ns3:cad>
          </ns3:TrackPointExtension>
        </extensions>
      </trkpt>
      <trkpt lat="43.84109619073569774627685546875" lon="87.50933490693569183349609375">
        <ele>845.5999755859375</ele>
        <time>2026-07-30T14:06:35.000Z</time>
        <extensions>
          <ns3:TrackPointExtension>
            <ns3:hr>150</ns3:hr>
            <ns3:cad>80</ns3:cad>
          </ns3:TrackPointExtension>
        </extensions>
      </trkpt>
      <trkpt lat="43.8409807719290256500244140625" lon="87.509335242211818695068359375">
        <ele>847</ele>
        <time>2026-07-30T14:06:41.000Z</time>
        <extensions>
          <ns3:TrackPointExtension>
            <ns3:hr>148</ns3:hr>
            <ns3:cad>81</ns3:cad>
          </ns3:TrackPointExtension>
        </extensions>
      </trkpt>
      <trkpt lat="43.840948082506656646728515625" lon="87.50933649949729442596435546875">
        <ele>847.20001220703125</ele>
        <time>2026-07-30T14:06:43.000Z</time>
        <extensions>
          <ns3:TrackPointExtension>
            <ns3:hr>150</ns3:hr>
            <ns3:cad>57</ns3:cad>
          </ns3:TrackPointExtension>
        </extensions>
      </trkpt>
      <trkpt lat="43.840917237102985382080078125" lon="87.50932694412767887115478515625">
        <ele>847.4000244140625</ele>
        <time>2026-07-30T14:06:47.000Z</time>
        <extensions>
          <ns3:TrackPointExtension>
            <ns3:hr>151</ns3:hr>
            <ns3:cad>57</ns3:cad>
          </ns3:TrackPointExtension>
        </extensions>
      </trkpt>
      <trkpt lat="43.8408369384706020355224609375" lon="87.5093008764088153839111328125">
        <ele>847.79998779296875</ele>
        <time>2026-07-30T14:06:53.000Z</time>
        <extensions>
          <ns3:TrackPointExtension>
            <ns3:hr>150</ns3:hr>
            <ns3:cad>0</ns3:cad>
          </ns3:TrackPointExtension>
        </extensions>
      </trkpt>
      <trkpt lat="43.840812630951404571533203125" lon="87.50929735600948333740234375">
        <ele>847.79998779296875</ele>
        <time>2026-07-30T14:06:55.000Z</time>
        <extensions>
          <ns3:TrackPointExtension>
            <ns3:hr>150</ns3:hr>
            <ns3:cad>0</ns3:cad>
          </ns3:TrackPointExtension>
        </extensions>
      </trkpt>
      <trkpt lat="43.8406800292432308197021484375" lon="87.50927011482417583465576171875">
        <ele>847.79998779296875</ele>
        <time>2026-07-30T14:07:02.000Z</time>
        <extensions>
          <ns3:TrackPointExtension>
            <ns3:hr>147</ns3:hr>
            <ns3:cad>79</ns3:cad>
          </ns3:TrackPointExtension>
        </extensions>
      </trkpt>
      <trkpt lat="43.84066083468496799468994140625" lon="87.5092660076916217803955078125">
        <ele>847.79998779296875</ele>
        <time>2026-07-30T14:07:03.000Z</time>
        <extensions>
          <ns3:TrackPointExtension>
            <ns3:hr>147</ns3:hr>
            <ns3:cad>79</ns3:cad>
          </ns3:TrackPointExtension>
        </extensions>
      </trkpt>
      <trkpt lat="43.840484730899333953857421875" lon="87.509246729314327239990234375">
        <ele>848.20001220703125</ele>
        <time>2026-07-30T14:07:10.000Z</time>
        <extensions>
          <ns3:TrackPointExtension>
            <ns3:hr>144</ns3:hr>
            <ns3:cad>81</ns3:cad>
          </ns3:TrackPointExtension>
        </extensions>
      </trkpt>
      <trkpt lat="43.8403896801173686981201171875" lon="87.5092618167400360107421875">
        <ele>848.5999755859375</ele>
        <time>2026-07-30T14:07:16.000Z</time>
        <extensions>
          <ns3:TrackPointExtension>
            <ns3:hr>145</ns3:hr>
            <ns3:cad>82</ns3:cad>
          </ns3:TrackPointExtension>
        </extensions>
      </trkpt>
      <trkpt lat="43.8403375446796417236328125" lon="87.50928017310798168182373046875">
        <ele>849</ele>
        <time>2026-07-30T14:07:20.000Z</time>
        <extensions>
          <ns3:TrackPointExtension>
            <ns3:hr>148</ns3:hr>
            <ns3:cad>82</ns3:cad>
          </ns3:TrackPointExtension>
        </extensions>
      </trkpt>
      <trkpt lat="43.84031348861753940582275390625" lon="87.50928671099245548248291015625">
        <ele>849.4000244140625</ele>
        <time>2026-07-30T14:07:22.000Z</time>
        <extensions>
          <ns3:TrackPointExtension>
            <ns3:hr>148</ns3:hr>
            <ns3:cad>55</ns3:cad>
          </ns3:TrackPointExtension>
        </extensions>
      </trkpt>
      <trkpt lat="43.84025104343891143798828125" lon="87.50929106958210468292236328125">
        <ele>850.20001220703125</ele>
        <time>2026-07-30T14:07:27.000Z</time>
        <extensions>
          <ns3:TrackPointExtension>
            <ns3:hr>151</ns3:hr>
            <ns3:cad>55</ns3:cad>
          </ns3:TrackPointExtension>
        </extensions>
      </trkpt>
      <trkpt lat="43.840201757848262786865234375" lon="87.50931344926357269287109375">
        <ele>851</ele>
        <time>2026-07-30T14:07:30.000Z</time>
        <extensions>
          <ns3:TrackPointExtension>
            <ns3:hr>153</ns3:hr>
            <ns3:cad>54</ns3:cad>
          </ns3:TrackPointExtension>
        </extensions>
      </trkpt>
      <trkpt lat="43.840164877474308013916015625" lon="87.509330548346042633056640625">
        <ele>851.5999755859375</ele>
        <time>2026-07-30T14:07:33.000Z</time>
        <extensions>
          <ns3:TrackPointExtension>
            <ns3:hr>153</ns3:hr>
            <ns3:cad>55</ns3:cad>
          </ns3:TrackPointExtension>
        </extensions>
      </trkpt>
      <trkpt lat="43.84012858383357524871826171875" lon="87.5093347392976284027099609375">
        <ele>852</ele>
        <time>2026-07-30T14:07:35.000Z</time>
        <extensions>
          <ns3:TrackPointExtension>
            <ns3:hr>153</ns3:hr>
            <ns3:cad>55</ns3:cad>
          </ns3:TrackPointExtension>
        </extensions>
      </trkpt>
      <trkpt lat="43.84011014364659786224365234375" lon="87.509293667972087860107421875">
        <ele>851.79998779296875</ele>
        <time>2026-07-30T14:07:37.000Z</time>
        <extensions>
          <ns3:TrackPointExtension>
            <ns3:hr>153</ns3:hr>
            <ns3:cad>54</ns3:cad>
          </ns3:TrackPointExtension>
        </extensions>
      </trkpt>
      <trkpt lat="43.8400473631918430328369140625" lon="87.50925050117075443267822265625">
        <ele>852</ele>
        <time>2026-07-30T14:07:42.000Z</time>
        <extensions>
          <ns3:TrackPointExtension>
            <ns3:hr>150</ns3:hr>
            <ns3:cad>56</ns3:cad>
          </ns3:TrackPointExtension>
        </extensions>
      </trkpt>
      <trkpt lat="43.83998273871839046478271484375" lon="87.50921965576708316802978515625">
        <ele>852.20001220703125</ele>
        <time>2026-07-30T14:07:46.000Z</time>
        <extensions>
          <ns3:TrackPointExtension>
            <ns3:hr>148</ns3:hr>
            <ns3:cad>56</ns3:cad>
          </ns3:TrackPointExtension>
        </extensions>
      </trkpt>
      <trkpt lat="43.83977922610938549041748046875" lon="87.50919199548661708831787109375">
        <ele>853.5999755859375</ele>
        <time>2026-07-30T14:07:54.000Z</time>
        <extensions>
          <ns3:TrackPointExtension>
            <ns3:hr>146</ns3:hr>
            <ns3:cad>82</ns3:cad>
          </ns3:TrackPointExtension>
        </extensions>
      </trkpt>
      <trkpt lat="43.8397529907524585723876953125" lon="87.5091922469437122344970703125">
        <ele>853.79998779296875</ele>
        <time>2026-07-30T14:07:55.000Z</time>
        <extensions>
          <ns3:TrackPointExtension>
            <ns3:hr>150</ns3:hr>
            <ns3:cad>82</ns3:cad>
          </ns3:TrackPointExtension>
        </extensions>
      </trkpt>
      <trkpt lat="43.83972574956715106964111328125" lon="87.50918805599212646484375">
        <ele>853.79998779296875</ele>
        <time>2026-07-30T14:07:56.000Z</time>
        <extensions>
          <ns3:TrackPointExtension>
            <ns3:hr>147</ns3:hr>
            <ns3:cad>82</ns3:cad>
          </ns3:TrackPointExtension>
        </extensions>
      </trkpt>
      <trkpt lat="43.83957755751907825469970703125" lon="87.50915410928428173065185546875">
        <ele>853.79998779296875</ele>
        <time>2026-07-30T14:08:01.000Z</time>
        <extensions>
          <ns3:TrackPointExtension>
            <ns3:hr>150</ns3:hr>
            <ns3:cad>83</ns3:cad>
          </ns3:TrackPointExtension>
        </extensions>
      </trkpt>
      <trkpt lat="43.83950564078986644744873046875" lon="87.50914455391466617584228515625">
        <ele>853.79998779296875</ele>
        <time>2026-07-30T14:08:04.000Z</time>
        <extensions>
          <ns3:TrackPointExtension>
            <ns3:hr>152</ns3:hr>
            <ns3:cad>82</ns3:cad>
          </ns3:TrackPointExtension>
        </extensions>
      </trkpt>
      <trkpt lat="43.83937940932810306549072265625" lon="87.5091161392629146575927734375">
        <ele>854.20001220703125</ele>
        <time>2026-07-30T14:08:09.000Z</time>
        <extensions>
          <ns3:TrackPointExtension>
            <ns3:hr>155</ns3:hr>
            <ns3:cad>83</ns3:cad>
          </ns3:TrackPointExtension>
        </extensions>
      </trkpt>
      <trkpt lat="43.83932425640523433685302734375" lon="87.5091047398746013641357421875">
        <ele>854.5999755859375</ele>
        <time>2026-07-30T14:08:12.000Z</time>
        <extensions>
          <ns3:TrackPointExtension>
            <ns3:hr>155</ns3:hr>
            <ns3:cad>83</ns3:cad>
          </ns3:TrackPointExtension>
        </extensions>
      </trkpt>
      <trkpt lat="43.8392608053982257843017578125" lon="87.50911622308194637298583984375">
        <ele>855</ele>
        <time>2026-07-30T14:08:17.000Z</time>
        <extensions>
          <ns3:TrackPointExtension>
            <ns3:hr>155</ns3:hr>
            <ns3:cad>77</ns3:cad>
          </ns3:TrackPointExtension>
        </extensions>
      </trkpt>
      <trkpt lat="43.8392487354576587677001953125" lon="87.50912074930965900421142578125">
        <ele>855.20001220703125</ele>
        <time>2026-07-30T14:08:18.000Z</time>
        <extensions>
          <ns3:TrackPointExtension>
            <ns3:hr>154</ns3:hr>
            <ns3:cad>77</ns3:cad>
          </ns3:TrackPointExtension>
        </extensions>
      </trkpt>
      <trkpt lat="43.8392105139791965484619140625" lon="87.5091161392629146575927734375">
        <ele>855.4000244140625</ele>
        <time>2026-07-30T14:08:22.000Z</time>
        <extensions>
          <ns3:TrackPointExtension>
            <ns3:hr>158</ns3:hr>
            <ns3:cad>56</ns3:cad>
          </ns3:TrackPointExtension>
        </extensions>
      </trkpt>
      <trkpt lat="43.8391686044633388519287109375" lon="87.509112618863582611083984375">
        <ele>855.5999755859375</ele>
        <time>2026-07-30T14:08:25.000Z</time>
        <extensions>
          <ns3:TrackPointExtension>
            <ns3:hr>161</ns3:hr>
            <ns3:cad>56</ns3:cad>
          </ns3:TrackPointExtension>
        </extensions>
      </trkpt>
      <trkpt lat="43.839153684675693511962890625" lon="87.50911219976842403411865234375">
        <ele>855.5999755859375</ele>
        <time>2026-07-30T14:08:26.000Z</time>
        <extensions>
          <ns3:TrackPointExtension>
            <ns3:hr>162</ns3:hr>
            <ns3:cad>56</ns3:cad>
          </ns3:TrackPointExtension>
        </extensions>
      </trkpt>
      <trkpt lat="43.83906575851142406463623046875" lon="87.509109266102313995361328125">
        <ele>856</ele>
        <time>2026-07-30T14:08:34.000Z</time>
        <extensions>
          <ns3:TrackPointExtension>
            <ns3:hr>159</ns3:hr>
            <ns3:cad>52</ns3:cad>
          </ns3:TrackPointExtension>
        </extensions>
      </trkpt>
      <trkpt lat="43.83903759531676769256591796875" lon="87.50910247676074504852294921875">
        <ele>856</ele>
        <time>2026-07-30T14:08:36.000Z</time>
        <extensions>
          <ns3:TrackPointExtension>
            <ns3:hr>156</ns3:hr>
            <ns3:cad>52</ns3:cad>
          </ns3:TrackPointExtension>
        </extensions>
      </trkpt>
      <trkpt lat="43.83902921341359615325927734375" lon="87.50909778289496898651123046875">
        <ele>856</ele>
        <time>2026-07-30T14:08:37.000Z</time>
        <extensions>
          <ns3:TrackPointExtension>
            <ns3:hr>154</ns3:hr>
            <ns3:cad>52</ns3:cad>
          </ns3:TrackPointExtension>
        </extensions>
      </trkpt>
      <trkpt lat="43.8390170596539974212646484375" lon="87.50909107737243175506591796875">
        <ele>856</ele>
        <time>2026-07-30T14:08:38.000Z</time>
        <extensions>
          <ns3:TrackPointExtension>
            <ns3:hr>151</ns3:hr>
            <ns3:cad>55</ns3:cad>
          </ns3:TrackPointExtension>
        </extensions>
      </trkpt>
      <trkpt lat="43.8388596475124359130859375" lon="87.50907682813704013824462890625">
        <ele>856.20001220703125</ele>
        <time>2026-07-30T14:09:56.000Z</time>
        <extensions>
          <ns3:TrackPointExtension>
            <ns3:hr>109</ns3:hr>
            <ns3:cad>0</ns3:cad>
          </ns3:TrackPointExtension>
        </extensions>
      </trkpt>
      <trkpt lat="43.83885956369340419769287109375" lon="87.5090765766799449920654296875">
        <ele>856.20001220703125</ele>
        <time>2026-07-30T14:09:57.000Z</time>
        <extensions>
          <ns3:TrackPointExtension>
            <ns3:hr>109</ns3:hr>
            <ns3:cad>0</ns3:cad>
          </ns3:TrackPointExtension>
        </extensions>
      </trkpt>
      <trkpt lat="43.83885956369340419769287109375" lon="87.50907649286091327667236328125">
        <ele>856.20001220703125</ele>
        <time>2026-07-30T14:09:58.000Z</time>
        <extensions>
          <ns3:TrackPointExtension>
            <ns3:hr>106</ns3:hr>
            <ns3:cad>0</ns3:cad>
          </ns3:TrackPointExtension>
        </extensions>
      </trkpt>
      <trkpt lat="43.8388594798743724822998046875" lon="87.509076409041881561279296875">
        <ele>856.20001220703125</ele>
        <time>2026-07-30T14:10:00.000Z</time>
        <extensions>
          <ns3:TrackPointExtension>
            <ns3:hr>104</ns3:hr>
            <ns3:cad>0</ns3:cad>
          </ns3:TrackPointExtension>
        </extensions>
      </trkpt>
      <trkpt lat="43.8387937657535076141357421875" lon="87.50907934270799160003662109375">
        <ele>856.79998779296875</ele>
        <time>2026-07-30T14:10:04.000Z</time>
        <extensions>
          <ns3:TrackPointExtension>
            <ns3:hr>105</ns3:hr>
            <ns3:cad>78</ns3:cad>
          </ns3:TrackPointExtension>
        </extensions>
      </trkpt>
      <trkpt lat="43.838603161275386810302734375" lon="87.50902620144188404083251953125">
        <ele>857.79998779296875</ele>
        <time>2026-07-30T14:10:10.000Z</time>
        <extensions>
          <ns3:TrackPointExtension>
            <ns3:hr>103</ns3:hr>
            <ns3:cad>82</ns3:cad>
          </ns3:TrackPointExtension>
        </extensions>
      </trkpt>
      <trkpt lat="43.83854859508574008941650390625" lon="87.5089997984468936920166015625">
        <ele>858</ele>
        <time>2026-07-30T14:10:12.000Z</time>
        <extensions>
          <ns3:TrackPointExtension>
            <ns3:hr>104</ns3:hr>
            <ns3:cad>82</ns3:cad>
          </ns3:TrackPointExtension>
        </extensions>
      </trkpt>
      <trkpt lat="43.83845605887472629547119140625" lon="87.50897892750799655914306640625">
        <ele>858.4000244140625</ele>
        <time>2026-07-30T14:10:15.000Z</time>
        <extensions>
          <ns3:TrackPointExtension>
            <ns3:hr>107</ns3:hr>
            <ns3:cad>82</ns3:cad>
          </ns3:TrackPointExtension>
        </extensions>
      </trkpt>
      <trkpt lat="43.8383656181395053863525390625" lon="87.508942969143390655517578125">
        <ele>858.79998779296875</ele>
        <time>2026-07-30T14:10:18.000Z</time>
        <extensions>
          <ns3:TrackPointExtension>
            <ns3:hr>113</ns3:hr>
            <ns3:cad>82</ns3:cad>
          </ns3:TrackPointExtension>
        </extensions>
      </trkpt>
      <trkpt lat="43.83833996951580047607421875" lon="87.50893349759280681610107421875">
        <ele>859</ele>
        <time>2026-07-30T14:10:19.000Z</time>
        <extensions>
          <ns3:TrackPointExtension>
            <ns3:hr>113</ns3:hr>
            <ns3:cad>82</ns3:cad>
          </ns3:TrackPointExtension>
        </extensions>
      </trkpt>
      <trkpt lat="43.838298059999942779541015625" lon="87.5089240260422229766845703125">
        <ele>859</ele>
        <time>2026-07-30T14:10:21.000Z</time>
        <extensions>
          <ns3:TrackPointExtension>
            <ns3:hr>115</ns3:hr>
            <ns3:cad>82</ns3:cad>
          </ns3:TrackPointExtension>
        </extensions>
      </trkpt>
      <trkpt lat="43.83822740055620670318603515625" lon="87.50890935771167278289794921875">
        <ele>858.79998779296875</ele>
        <time>2026-07-30T14:10:24.000Z</time>
        <extensions>
          <ns3:TrackPointExtension>
            <ns3:hr>119</ns3:hr>
            <ns3:cad>82</ns3:cad>
          </ns3:TrackPointExtension>
        </extensions>
      </trkpt>
      <trkpt lat="43.8381728343665599822998046875" lon="87.508906759321689605712890625">
        <ele>858.5999755859375</ele>
        <time>2026-07-30T14:10:27.000Z</time>
        <extensions>
          <ns3:TrackPointExtension>
            <ns3:hr>122</ns3:hr>
            <ns3:cad>81</ns3:cad>
          </ns3:TrackPointExtension>
        </extensions>
      </trkpt>
      <trkpt lat="43.838163278996944427490234375" lon="87.50890709459781646728515625">
        <ele>858.4000244140625</ele>
        <time>2026-07-30T14:10:28.000Z</time>
        <extensions>
          <ns3:TrackPointExtension>
            <ns3:hr>123</ns3:hr>
            <ns3:cad>80</ns3:cad>
          </ns3:TrackPointExtension>
        </extensions>
      </trkpt>
      <trkpt lat="43.83808557875454425811767578125" lon="87.5088997185230255126953125">
        <ele>858.20001220703125</ele>
        <time>2026-07-30T14:10:35.000Z</time>
        <extensions>
          <ns3:TrackPointExtension>
            <ns3:hr>126</ns3:hr>
            <ns3:cad>54</ns3:cad>
          </ns3:TrackPointExtension>
        </extensions>
      </trkpt>
      <trkpt lat="43.83807367645204067230224609375" lon="87.50889477320015430450439453125">
        <ele>858.20001220703125</ele>
        <time>2026-07-30T14:10:36.000Z</time>
        <extensions>
          <ns3:TrackPointExtension>
            <ns3:hr>125</ns3:hr>
            <ns3:cad>54</ns3:cad>
          </ns3:TrackPointExtension>
        </extensions>
      </trkpt>
      <trkpt lat="43.83804769255220890045166015625" lon="87.5088908337056636810302734375">
        <ele>858.20001220703125</ele>
        <time>2026-07-30T14:10:38.000Z</time>
        <extensions>
          <ns3:TrackPointExtension>
            <ns3:hr>129</ns3:hr>
            <ns3:cad>53</ns3:cad>
          </ns3:TrackPointExtension>
        </extensions>
      </trkpt>
      <trkpt lat="43.83800662122666835784912109375" lon="87.50888354144990444183349609375">
        <ele>858.4000244140625</ele>
        <time>2026-07-30T14:10:40.000Z</time>
        <extensions>
          <ns3:TrackPointExtension>
            <ns3:hr>126</ns3:hr>
            <ns3:cad>53</ns3:cad>
          </ns3:TrackPointExtension>
        </extensions>
      </trkpt>
      <trkpt lat="43.83795498870313167572021484375" lon="87.50887935049831867218017578125">
        <ele>858.5999755859375</ele>
        <time>2026-07-30T14:10:42.000Z</time>
        <extensions>
          <ns3:TrackPointExtension>
            <ns3:hr>124</ns3:hr>
            <ns3:cad>53</ns3:cad>
          </ns3:TrackPointExtension>
        </extensions>
      </trkpt>
      <trkpt lat="43.8379250653088092803955078125" lon="87.50888622365891933441162109375">
        <ele>858.5999755859375</ele>
        <time>2026-07-30T14:10:43.000Z</time>
        <extensions>
          <ns3:TrackPointExtension>
            <ns3:hr>127</ns3:hr>
            <ns3:cad>78</ns3:cad>
          </ns3:TrackPointExtension>
        </extensions>
      </trkpt>
      <trkpt lat="43.8377772085368633270263671875" lon="87.50887281261384487152099609375">
        <ele>859.20001220703125</ele>
        <time>2026-07-30T14:10:49.000Z</time>
        <extensions>
          <ns3:TrackPointExtension>
            <ns3:hr>130</ns3:hr>
            <ns3:cad>82</ns3:cad>
          </ns3:TrackPointExtension>
        </extensions>
      </trkpt>
      <trkpt lat="43.8377453573048114776611328125" lon="87.5088754110038280487060546875">
        <ele>859.4000244140625</ele>
        <time>2026-07-30T14:10:50.000Z</time>
        <extensions>
          <ns3:TrackPointExtension>
            <ns3:hr>131</ns3:hr>
            <ns3:cad>82</ns3:cad>
          </ns3:TrackPointExtension>
        </extensions>
      </trkpt>
      <trkpt lat="43.83769833482801914215087890625" lon="87.50886945985257625579833984375">
        <ele>859.79998779296875</ele>
        <time>2026-07-30T14:10:52.000Z</time>
        <extensions>
          <ns3:TrackPointExtension>
            <ns3:hr>135</ns3:hr>
            <ns3:cad>82</ns3:cad>
          </ns3:TrackPointExtension>
        </extensions>
      </trkpt>
      <trkpt lat="43.8376021943986415863037109375" lon="87.5088502652943134307861328125">
        <ele>861</ele>
        <time>2026-07-30T14:10:56.000Z</time>
        <extensions>
          <ns3:TrackPointExtension>
            <ns3:hr>138</ns3:hr>
            <ns3:cad>82</ns3:cad>
          </ns3:TrackPointExtension>
        </extensions>
      </trkpt>
      <trkpt lat="43.83755768649280071258544921875" lon="87.5088609941303730010986328125">
        <ele>861.5999755859375</ele>
        <time>2026-07-30T14:10:59.000Z</time>
        <extensions>
          <ns3:TrackPointExtension>
            <ns3:hr>141</ns3:hr>
            <ns3:cad>41</ns3:cad>
          </ns3:TrackPointExtension>
        </extensions>
      </trkpt>
      <trkpt lat="43.83742139674723148345947265625" lon="87.508859820663928985595703125">
        <ele>863.5999755859375</ele>
        <time>2026-07-30T14:11:05.000Z</time>
        <extensions>
          <ns3:TrackPointExtension>
            <ns3:hr>143</ns3:hr>
            <ns3:cad>81</ns3:cad>
          </ns3:TrackPointExtension>
        </extensions>
      </trkpt>
      <trkpt lat="43.83735450915992259979248046875" lon="87.5088123790919780731201171875">
        <ele>864</ele>
        <time>2026-07-30T14:11:08.000Z</time>
        <extensions>
          <ns3:TrackPointExtension>
            <ns3:hr>146</ns3:hr>
            <ns3:cad>81</ns3:cad>
          </ns3:TrackPointExtension>
        </extensions>
      </trkpt>
      <trkpt lat="43.837308995425701141357421875" lon="87.5087728165090084075927734375">
        <ele>864.4000244140625</ele>
        <time>2026-07-30T14:11:10.000Z</time>
        <extensions>
          <ns3:TrackPointExtension>
            <ns3:hr>143</ns3:hr>
            <ns3:cad>82</ns3:cad>
          </ns3:TrackPointExtension>
        </extensions>
      </trkpt>
      <trkpt lat="43.83729231543838977813720703125" lon="87.5087520293891429901123046875">
        <ele>864.5999755859375</ele>
        <time>2026-07-30T14:11:11.000Z</time>
        <extensions>
          <ns3:TrackPointExtension>
            <ns3:hr>146</ns3:hr>
            <ns3:cad>81</ns3:cad>
          </ns3:TrackPointExtension>
        </extensions>
      </trkpt>
      <trkpt lat="43.837245292961597442626953125" lon="87.50873744487762451171875">
        <ele>864.79998779296875</ele>
        <time>2026-07-30T14:11:15.000Z</time>
        <extensions>
          <ns3:TrackPointExtension>
            <ns3:hr>146</ns3:hr>
            <ns3:cad>80</ns3:cad>
          </ns3:TrackPointExtension>
        </extensions>
      </trkpt>
      <trkpt lat="43.83723355829715728759765625" lon="87.50874389894306659698486328125">
        <ele>865</ele>
        <time>2026-07-30T14:11:16.000Z</time>
        <extensions>
          <ns3:TrackPointExtension>
            <ns3:hr>146</ns3:hr>
            <ns3:cad>80</ns3:cad>
          </ns3:TrackPointExtension>
        </extensions>
      </trkpt>
      <trkpt lat="43.83719927631318569183349609375" lon="87.5087587349116802215576171875">
        <ele>865.4000244140625</ele>
        <time>2026-07-30T14:11:21.000Z</time>
        <extensions>
          <ns3:TrackPointExtension>
            <ns3:hr>143</ns3:hr>
            <ns3:cad>53</ns3:cad>
          </ns3:TrackPointExtension>
        </extensions>
      </trkpt>
      <trkpt lat="43.83716113865375518798828125" lon="87.50875831581652164459228515625">
        <ele>866</ele>
        <time>2026-07-30T14:11:24.000Z</time>
        <extensions>
          <ns3:TrackPointExtension>
            <ns3:hr>141</ns3:hr>
            <ns3:cad>54</ns3:cad>
          </ns3:TrackPointExtension>
        </extensions>
      </trkpt>
      <trkpt lat="43.83709953166544437408447265625" lon="87.5087473355233669281005859375">
        <ele>866.79998779296875</ele>
        <time>2026-07-30T14:11:29.000Z</time>
        <extensions>
          <ns3:TrackPointExtension>
            <ns3:hr>140</ns3:hr>
            <ns3:cad>53</ns3:cad>
          </ns3:TrackPointExtension>
        </extensions>
      </trkpt>
      <trkpt lat="43.8370597176253795623779296875" lon="87.508745826780796051025390625">
        <ele>867.4000244140625</ele>
        <time>2026-07-30T14:11:32.000Z</time>
        <extensions>
          <ns3:TrackPointExtension>
            <ns3:hr>139</ns3:hr>
            <ns3:cad>52</ns3:cad>
          </ns3:TrackPointExtension>
        </extensions>
      </trkpt>
      <trkpt lat="43.83692669682204723358154296875" lon="87.50871892087161540985107421875">
        <ele>869.20001220703125</ele>
        <time>2026-07-30T14:11:39.000Z</time>
        <extensions>
          <ns3:TrackPointExtension>
            <ns3:hr>140</ns3:hr>
            <ns3:cad>82</ns3:cad>
          </ns3:TrackPointExtension>
        </extensions>
      </trkpt>
      <trkpt lat="43.83685000240802764892578125" lon="87.50869528390467166900634765625">
        <ele>869.4000244140625</ele>
        <time>2026-07-30T14:11:42.000Z</time>
        <extensions>
          <ns3:TrackPointExtension>
            <ns3:hr>137</ns3:hr>
            <ns3:cad>82</ns3:cad>
          </ns3:TrackPointExtension>
        </extensions>
      </trkpt>
      <trkpt lat="43.83678437210619449615478515625" lon="87.5087111257016658782958984375">
        <ele>869.79998779296875</ele>
        <time>2026-07-30T14:11:47.000Z</time>
        <extensions>
          <ns3:TrackPointExtension>
            <ns3:hr>137</ns3:hr>
            <ns3:cad>82</ns3:cad>
          </ns3:TrackPointExtension>
        </extensions>
      </trkpt>
      <trkpt lat="43.83666752837598323822021484375" lon="87.5086973793804645538330078125">
        <ele>870</ele>
        <time>2026-07-30T14:11:56.000Z</time>
        <extensions>
          <ns3:TrackPointExtension>
            <ns3:hr>140</ns3:hr>
            <ns3:cad>55</ns3:cad>
          </ns3:TrackPointExtension>
        </extensions>
      </trkpt>
      <trkpt lat="43.83665478788316249847412109375" lon="87.5087027437984943389892578125">
        <ele>870</ele>
        <time>2026-07-30T14:11:57.000Z</time>
        <extensions>
          <ns3:TrackPointExtension>
            <ns3:hr>139</ns3:hr>
            <ns3:cad>55</ns3:cad>
          </ns3:TrackPointExtension>
        </extensions>
      </trkpt>
      <trkpt lat="43.83664120920002460479736328125" lon="87.50870668329298496246337890625">
        <ele>869.79998779296875</ele>
        <time>2026-07-30T14:11:58.000Z</time>
        <extensions>
          <ns3:TrackPointExtension>
            <ns3:hr>142</ns3:hr>
            <ns3:cad>56</ns3:cad>
          </ns3:TrackPointExtension>
        </extensions>
      </trkpt>
      <trkpt lat="43.8365977071225643157958984375" lon="87.508693523705005645751953125">
        <ele>869.4000244140625</ele>
        <time>2026-07-30T14:12:02.000Z</time>
        <extensions>
          <ns3:TrackPointExtension>
            <ns3:hr>139</ns3:hr>
            <ns3:cad>55</ns3:cad>
          </ns3:TrackPointExtension>
        </extensions>
      </trkpt>
      <trkpt lat="43.8365454040467739105224609375" lon="87.508684806525707244873046875">
        <ele>868.79998779296875</ele>
        <time>2026-07-30T14:12:05.000Z</time>
        <extensions>
          <ns3:TrackPointExtension>
            <ns3:hr>142</ns3:hr>
            <ns3:cad>55</ns3:cad>
          </ns3:TrackPointExtension>
        </extensions>
      </trkpt>
      <trkpt lat="43.83649528026580810546875" lon="87.50866033136844635009765625">
        <ele>868.20001220703125</ele>
        <time>2026-07-30T14:12:09.000Z</time>
        <extensions>
          <ns3:TrackPointExtension>
            <ns3:hr>144</ns3:hr>
            <ns3:cad>54</ns3:cad>
          </ns3:TrackPointExtension>
        </extensions>
      </trkpt>
      <trkpt lat="43.83639059029519557952880859375" lon="87.5086172483861446380615234375">
        <ele>866.79998779296875</ele>
        <time>2026-07-30T14:12:18.000Z</time>
        <extensions>
          <ns3:TrackPointExtension>
            <ns3:hr>141</ns3:hr>
            <ns3:cad>0</ns3:cad>
          </ns3:TrackPointExtension>
        </extensions>
      </trkpt>
      <trkpt lat="43.83622580207884311676025390625" lon="87.5085947848856449127197265625">
        <ele>867</ele>
        <time>2026-07-30T14:12:26.000Z</time>
        <extensions>
          <ns3:TrackPointExtension>
            <ns3:hr>138</ns3:hr>
            <ns3:cad>80</ns3:cad>
          </ns3:TrackPointExtension>
        </extensions>
      </trkpt>
      <trkpt lat="43.83620099164545536041259765625" lon="87.5085931085050106048583984375">
        <ele>867</ele>
        <time>2026-07-30T14:12:27.000Z</time>
        <extensions>
          <ns3:TrackPointExtension>
            <ns3:hr>138</ns3:hr>
            <ns3:cad>81</ns3:cad>
          </ns3:TrackPointExtension>
        </extensions>
      </trkpt>
      <trkpt lat="43.836131505668163299560546875" lon="87.5085751712322235107421875">
        <ele>867</ele>
        <time>2026-07-30T14:12:30.000Z</time>
        <extensions>
          <ns3:TrackPointExtension>
            <ns3:hr>142</ns3:hr>
            <ns3:cad>82</ns3:cad>
          </ns3:TrackPointExtension>
        </extensions>
      </trkpt>
      <trkpt lat="43.83603989146649837493896484375" lon="87.5085619278252124786376953125">
        <ele>867.20001220703125</ele>
        <time>2026-07-30T14:12:34.000Z</time>
        <extensions>
          <ns3:TrackPointExtension>
            <ns3:hr>145</ns3:hr>
            <ns3:cad>82</ns3:cad>
          </ns3:TrackPointExtension>
        </extensions>
      </trkpt>
      <trkpt lat="43.8360143266618251800537109375" lon="87.50855983234941959381103515625">
        <ele>867.4000244140625</ele>
        <time>2026-07-30T14:12:35.000Z</time>
        <extensions>
          <ns3:TrackPointExtension>
            <ns3:hr>146</ns3:hr>
            <ns3:cad>82</ns3:cad>
          </ns3:TrackPointExtension>
        </extensions>
      </trkpt>
      <trkpt lat="43.8359392248094081878662109375" lon="87.5085481815040111541748046875">
        <ele>867.5999755859375</ele>
        <time>2026-07-30T14:12:39.000Z</time>
        <extensions>
          <ns3:TrackPointExtension>
            <ns3:hr>149</ns3:hr>
            <ns3:cad>82</ns3:cad>
          </ns3:TrackPointExtension>
        </extensions>
      </trkpt>
      <trkpt lat="43.835926987230777740478515625" lon="87.50855228863656520843505859375">
        <ele>867.5999755859375</ele>
        <time>2026-07-30T14:12:40.000Z</time>
        <extensions>
          <ns3:TrackPointExtension>
            <ns3:hr>149</ns3:hr>
            <ns3:cad>80</ns3:cad>
          </ns3:TrackPointExtension>
        </extensions>
      </trkpt>
      <trkpt lat="43.835906200110912322998046875" lon="87.5085548870265483856201171875">
        <ele>867.79998779296875</ele>
        <time>2026-07-30T14:12:42.000Z</time>
        <extensions>
          <ns3:TrackPointExtension>
            <ns3:hr>150</ns3:hr>
            <ns3:cad>78</ns3:cad>
          </ns3:TrackPointExtension>
        </extensions>
      </trkpt>
      <trkpt lat="43.8358305953443050384521484375" lon="87.50855597667396068572998046875">
        <ele>868</ele>
        <time>2026-07-30T14:12:47.000Z</time>
        <extensions>
          <ns3:TrackPointExtension>
            <ns3:hr>153</ns3:hr>
            <ns3:cad>55</ns3:cad>
          </ns3:TrackPointExtension>
        </extensions>
      </trkpt>
      <trkpt lat="43.83577301166951656341552734375" lon="87.50854189507663249969482421875">
        <ele>868.20001220703125</ele>
        <time>2026-07-30T14:12:51.000Z</time>
        <extensions>
          <ns3:TrackPointExtension>
            <ns3:hr>154</ns3:hr>
            <ns3:cad>57</ns3:cad>
          </ns3:TrackPointExtension>
        </extensions>
      </trkpt>
      <trkpt lat="43.83565641939640045166015625" lon="87.50852756202220916748046875">
        <ele>868.5999755859375</ele>
        <time>2026-07-30T14:13:00.000Z</time>
        <extensions>
          <ns3:TrackPointExtension>
            <ns3:hr>151</ns3:hr>
            <ns3:cad>56</ns3:cad>
          </ns3:TrackPointExtension>
        </extensions>
      </trkpt>
      <trkpt lat="43.8355865143239498138427734375" lon="87.50853334553539752960205078125">
        <ele>868.79998779296875</ele>
        <time>2026-07-30T14:13:05.000Z</time>
        <extensions>
          <ns3:TrackPointExtension>
            <ns3:hr>148</ns3:hr>
            <ns3:cad>53</ns3:cad>
          </ns3:TrackPointExtension>
        </extensions>
      </trkpt>
      <trkpt lat="43.83547729812562465667724609375" lon="87.50852127559483051300048828125">
        <ele>869.20001220703125</ele>
        <time>2026-07-30T14:13:10.000Z</time>
        <extensions>
          <ns3:TrackPointExtension>
            <ns3:hr>145</ns3:hr>
            <ns3:cad>0</ns3:cad>
          </ns3:TrackPointExtension>
        </extensions>
      </trkpt>
      <trkpt lat="43.83541502058506011962890625" lon="87.50851339660584926605224609375">
        <ele>869.5999755859375</ele>
        <time>2026-07-30T14:13:13.000Z</time>
        <extensions>
          <ns3:TrackPointExtension>
            <ns3:hr>142</ns3:hr>
            <ns3:cad>80</ns3:cad>
          </ns3:TrackPointExtension>
        </extensions>
      </trkpt>
      <trkpt lat="43.83528887294232845306396484375" lon="87.50849277712404727935791015625">
        <ele>870.4000244140625</ele>
        <time>2026-07-30T14:13:18.000Z</time>
        <extensions>
          <ns3:TrackPointExtension>
            <ns3:hr>141</ns3:hr>
            <ns3:cad>82</ns3:cad>
          </ns3:TrackPointExtension>
        </extensions>
      </trkpt>
      <trkpt lat="43.83517672307789325714111328125" lon="87.5084680505096912384033203125">
        <ele>871.4000244140625</ele>
        <time>2026-07-30T14:13:23.000Z</time>
        <extensions>
          <ns3:TrackPointExtension>
            <ns3:hr>144</ns3:hr>
            <ns3:cad>82</ns3:cad>
          </ns3:TrackPointExtension>
        </extensions>
      </trkpt>
      <trkpt lat="43.835153169929981231689453125" lon="87.50846629031002521514892578125">
        <ele>871.5999755859375</ele>
        <time>2026-07-30T14:13:25.000Z</time>
        <extensions>
          <ns3:TrackPointExtension>
            <ns3:hr>146</ns3:hr>
            <ns3:cad>81</ns3:cad>
          </ns3:TrackPointExtension>
        </extensions>
      </trkpt>
      <trkpt lat="43.835094161331653594970703125" lon="87.5084429048001766204833984375">
        <ele>872.20001220703125</ele>
        <time>2026-07-30T14:13:29.000Z</time>
        <extensions>
          <ns3:TrackPointExtension>
            <ns3:hr>149</ns3:hr>
            <ns3:cad>81</ns3:cad>
          </ns3:TrackPointExtension>
        </extensions>
      </trkpt>
      <trkpt lat="43.835062645375728607177734375" lon="87.50842873938381671905517578125">
        <ele>872.5999755859375</ele>
        <time>2026-07-30T14:13:33.000Z</time>
        <extensions>
          <ns3:TrackPointExtension>
            <ns3:hr>151</ns3:hr>
            <ns3:cad>54</ns3:cad>
          </ns3:TrackPointExtension>
        </extensions>
      </trkpt>
      <trkpt lat="43.83497958071529865264892578125" lon="87.5084169209003448486328125">
        <ele>873.20001220703125</ele>
        <time>2026-07-30T14:13:40.000Z</time>
        <extensions>
          <ns3:TrackPointExtension>
            <ns3:hr>148</ns3:hr>
            <ns3:cad>0</ns3:cad>
          </ns3:TrackPointExtension>
        </extensions>
      </trkpt>
      <trkpt lat="43.8349615596234798431396484375" lon="87.50841683708131313323974609375">
        <ele>873.4000244140625</ele>
        <time>2026-07-30T14:13:41.000Z</time>
        <extensions>
          <ns3:TrackPointExtension>
            <ns3:hr>148</ns3:hr>
            <ns3:cad>54</ns3:cad>
          </ns3:TrackPointExtension>
        </extensions>
      </trkpt>
      <trkpt lat="43.834933228790760040283203125" lon="87.50841759145259857177734375">
        <ele>873.5999755859375</ele>
        <time>2026-07-30T14:13:44.000Z</time>
        <extensions>
          <ns3:TrackPointExtension>
            <ns3:hr>145</ns3:hr>
            <ns3:cad>54</ns3:cad>
          </ns3:TrackPointExtension>
        </extensions>
      </trkpt>
      <trkpt lat="43.834897018969058990478515625" lon="87.50841583125293254852294921875">
        <ele>873.79998779296875</ele>
        <time>2026-07-30T14:13:47.000Z</time>
        <extensions>
          <ns3:TrackPointExtension>
            <ns3:hr>143</ns3:hr>
            <ns3:cad>55</ns3:cad>
          </ns3:TrackPointExtension>
        </extensions>
      </trkpt>
      <trkpt lat="43.83485116995871067047119140625" lon="87.50841197557747364044189453125">
        <ele>874.20001220703125</ele>
        <time>2026-07-30T14:13:50.000Z</time>
        <extensions>
          <ns3:TrackPointExtension>
            <ns3:hr>141</ns3:hr>
            <ns3:cad>54</ns3:cad>
          </ns3:TrackPointExtension>
        </extensions>
      </trkpt>
      <trkpt lat="43.8347500003874301910400390625" lon="87.5084214471280574798583984375">
        <ele>875</ele>
        <time>2026-07-30T14:13:58.000Z</time>
        <extensions>
          <ns3:TrackPointExtension>
            <ns3:hr>140</ns3:hr>
            <ns3:cad>55</ns3:cad>
          </ns3:TrackPointExtension>
        </extensions>
      </trkpt>
      <trkpt lat="43.8346215896308422088623046875" lon="87.50839839689433574676513671875">
        <ele>875</ele>
        <time>2026-07-30T14:14:05.000Z</time>
        <extensions>
          <ns3:TrackPointExtension>
            <ns3:hr>138</ns3:hr>
            <ns3:cad>54</ns3:cad>
          </ns3:TrackPointExtension>
        </extensions>
      </trkpt>
      <trkpt lat="43.83443207480013370513916015625" lon="87.508368976414203643798828125">
        <ele>875</ele>
        <time>2026-07-30T14:14:13.000Z</time>
        <extensions>
          <ns3:TrackPointExtension>
            <ns3:hr>138</ns3:hr>
            <ns3:cad>82</ns3:cad>
          </ns3:TrackPointExtension>
        </extensions>
      </trkpt>
      <trkpt lat="43.83437943644821643829345703125" lon="87.50835916958749294281005859375">
        <ele>875</ele>
        <time>2026-07-30T14:14:15.000Z</time>
        <extensions>
          <ns3:TrackPointExtension>
            <ns3:hr>141</ns3:hr>
            <ns3:cad>81</ns3:cad>
          </ns3:TrackPointExtension>
        </extensions>
      </trkpt>
      <trkpt lat="43.83431791327893733978271484375" lon="87.5083560682833194732666015625">
        <ele>875</ele>
        <time>2026-07-30T14:14:18.000Z</time>
        <extensions>
          <ns3:TrackPointExtension>
            <ns3:hr>144</ns3:hr>
            <ns3:cad>79</ns3:cad>
          </ns3:TrackPointExtension>
        </extensions>
      </trkpt>
      <trkpt lat="43.834297545254230499267578125" lon="87.50835564918816089630126953125">
        <ele>875</ele>
        <time>2026-07-30T14:14:21.000Z</time>
        <extensions>
          <ns3:TrackPointExtension>
            <ns3:hr>146</ns3:hr>
            <ns3:cad>79</ns3:cad>
          </ns3:TrackPointExtension>
        </extensions>
      </trkpt>
      <trkpt lat="43.83419595658779144287109375" lon="87.50834659673273563385009765625">
        <ele>875.20001220703125</ele>
        <time>2026-07-30T14:14:30.000Z</time>
        <extensions>
          <ns3:TrackPointExtension>
            <ns3:hr>150</ns3:hr>
            <ns3:cad>54</ns3:cad>
          </ns3:TrackPointExtension>
        </extensions>
      </trkpt>
      <trkpt lat="43.8341394625604152679443359375" lon="87.50837065279483795166015625">
        <ele>875.20001220703125</ele>
        <time>2026-07-30T14:14:35.000Z</time>
        <extensions>
          <ns3:TrackPointExtension>
            <ns3:hr>147</ns3:hr>
            <ns3:cad>54</ns3:cad>
          </ns3:TrackPointExtension>
        </extensions>
      </trkpt>
      <trkpt lat="43.8340945355594158172607421875" lon="87.50837308354675769805908203125">
        <ele>875.79998779296875</ele>
        <time>2026-07-30T14:14:38.000Z</time>
        <extensions>
          <ns3:TrackPointExtension>
            <ns3:hr>144</ns3:hr>
            <ns3:cad>54</ns3:cad>
          </ns3:TrackPointExtension>
        </extensions>
      </trkpt>
      <trkpt lat="43.833986409008502960205078125" lon="87.50837274827063083648681640625">
        <ele>877</ele>
        <time>2026-07-30T14:14:46.000Z</time>
        <extensions>
          <ns3:TrackPointExtension>
            <ns3:hr>142</ns3:hr>
            <ns3:cad>56</ns3:cad>
          </ns3:TrackPointExtension>
        </extensions>
      </trkpt>
      <trkpt lat="43.83394827134907245635986328125" lon="87.508358918130397796630859375">
        <ele>877.20001220703125</ele>
        <time>2026-07-30T14:14:50.000Z</time>
        <extensions>
          <ns3:TrackPointExtension>
            <ns3:hr>140</ns3:hr>
            <ns3:cad>54</ns3:cad>
          </ns3:TrackPointExtension>
        </extensions>
      </trkpt>
      <trkpt lat="43.83393569849431514739990234375" lon="87.50840443186461925506591796875">
        <ele>877.5999755859375</ele>
        <time>2026-07-30T14:14:52.000Z</time>
        <extensions>
          <ns3:TrackPointExtension>
            <ns3:hr>140</ns3:hr>
            <ns3:cad>54</ns3:cad>
          </ns3:TrackPointExtension>
        </extensions>
      </trkpt>
      <trkpt lat="43.83397123776376247406005859375" lon="87.50860995613038539886474609375">
        <ele>878</ele>
        <time>2026-07-30T14:14:58.000Z</time>
        <extensions>
          <ns3:TrackPointExtension>
            <ns3:hr>137</ns3:hr>
            <ns3:cad>81</ns3:cad>
          </ns3:TrackPointExtension>
        </extensions>
      </trkpt>
      <trkpt lat="43.8340499438345432281494140625" lon="87.50874079763889312744140625">
        <ele>878.20001220703125</ele>
        <time>2026-07-30T14:15:02.000Z</time>
        <extensions>
          <ns3:TrackPointExtension>
            <ns3:hr>140</ns3:hr>
            <ns3:cad>82</ns3:cad>
          </ns3:TrackPointExtension>
        </extensions>
      </trkpt>
      <trkpt lat="43.8341040909290313720703125" lon="87.50878195278346538543701171875">
        <ele>878</ele>
        <time>2026-07-30T14:15:04.000Z</time>
        <extensions>
          <ns3:TrackPointExtension>
            <ns3:hr>142</ns3:hr>
            <ns3:cad>82</ns3:cad>
          </ns3:TrackPointExtension>
        </extensions>
      </trkpt>
      <trkpt lat="43.83424381725490093231201171875" lon="87.50888069160282611846923828125">
        <ele>877.79998779296875</ele>
        <time>2026-07-30T14:15:10.000Z</time>
        <extensions>
          <ns3:TrackPointExtension>
            <ns3:hr>143</ns3:hr>
            <ns3:cad>80</ns3:cad>
          </ns3:TrackPointExtension>
        </extensions>
      </trkpt>
      <trkpt lat="43.83433333598077297210693359375" lon="87.50888966023921966552734375">
        <ele>877.20001220703125</ele>
        <time>2026-07-30T14:15:15.000Z</time>
        <extensions>
          <ns3:TrackPointExtension>
            <ns3:hr>146</ns3:hr>
            <ns3:cad>81</ns3:cad>
          </ns3:TrackPointExtension>
        </extensions>
      </trkpt>
      <trkpt lat="43.83450030349195003509521484375" lon="87.508896701037883758544921875">
        <ele>876.79998779296875</ele>
        <time>2026-07-30T14:15:23.000Z</time>
        <extensions>
          <ns3:TrackPointExtension>
            <ns3:hr>148</ns3:hr>
            <ns3:cad>81</ns3:cad>
          </ns3:TrackPointExtension>
        </extensions>
      </trkpt>
      <trkpt lat="43.83467028848826885223388671875" lon="87.50892260111868381500244140625">
        <ele>877</ele>
        <time>2026-07-30T14:15:30.000Z</time>
        <extensions>
          <ns3:TrackPointExtension>
            <ns3:hr>151</ns3:hr>
            <ns3:cad>82</ns3:cad>
          </ns3:TrackPointExtension>
        </extensions>
      </trkpt>
      <trkpt lat="43.83471957407891750335693359375" lon="87.5089347548782825469970703125">
        <ele>877</ele>
        <time>2026-07-30T14:15:32.000Z</time>
        <extensions>
          <ns3:TrackPointExtension>
            <ns3:hr>151</ns3:hr>
            <ns3:cad>82</ns3:cad>
          </ns3:TrackPointExtension>
        </extensions>
      </trkpt>
      <trkpt lat="43.834754191339015960693359375" lon="87.50894523225724697113037109375">
        <ele>877</ele>
        <time>2026-07-30T14:15:33.000Z</time>
        <extensions>
          <ns3:TrackPointExtension>
            <ns3:hr>151</ns3:hr>
            <ns3:cad>83</ns3:cad>
          </ns3:TrackPointExtension>
        </extensions>
      </trkpt>
      <trkpt lat="43.834915123879909515380859375" lon="87.50897238962352275848388671875">
        <ele>876.4000244140625</ele>
        <time>2026-07-30T14:15:38.000Z</time>
        <extensions>
          <ns3:TrackPointExtension>
            <ns3:hr>152</ns3:hr>
            <ns3:cad>82</ns3:cad>
          </ns3:TrackPointExtension>
        </extensions>
      </trkpt>
      <trkpt lat="43.8350963406264781951904296875" lon="87.5090044923126697540283203125">
        <ele>875.4000244140625</ele>
        <time>2026-07-30T14:15:45.000Z</time>
        <extensions>
          <ns3:TrackPointExtension>
            <ns3:hr>153</ns3:hr>
            <ns3:cad>83</ns3:cad>
          </ns3:TrackPointExtension>
        </extensions>
      </trkpt>
      <trkpt lat="43.83518912829458713531494140625" lon="87.509013377130031585693359375">
        <ele>874.5999755859375</ele>
        <time>2026-07-30T14:15:48.000Z</time>
        <extensions>
          <ns3:TrackPointExtension>
            <ns3:hr>153</ns3:hr>
            <ns3:cad>83</ns3:cad>
          </ns3:TrackPointExtension>
        </extensions>
      </trkpt>
      <trkpt lat="43.8353327102959156036376953125" lon="87.50903693027794361114501953125">
        <ele>873.20001220703125</ele>
        <time>2026-07-30T14:15:56.000Z</time>
        <extensions>
          <ns3:TrackPointExtension>
            <ns3:hr>155</ns3:hr>
            <ns3:cad>83</ns3:cad>
          </ns3:TrackPointExtension>
        </extensions>
      </trkpt>
      <trkpt lat="43.83550227619707584381103515625" lon="87.50902771018445491790771484375">
        <ele>871.20001220703125</ele>
        <time>2026-07-30T14:16:05.000Z</time>
        <extensions>
          <ns3:TrackPointExtension>
            <ns3:hr>157</ns3:hr>
            <ns3:cad>55</ns3:cad>
          </ns3:TrackPointExtension>
        </extensions>
      </trkpt>
      <trkpt lat="43.83556790649890899658203125" lon="87.5090326555073261260986328125">
        <ele>870.5999755859375</ele>
        <time>2026-07-30T14:16:09.000Z</time>
        <extensions>
          <ns3:TrackPointExtension>
            <ns3:hr>160</ns3:hr>
            <ns3:cad>58</ns3:cad>
          </ns3:TrackPointExtension>
        </extensions>
      </trkpt>
      <trkpt lat="43.8356086425483226776123046875" lon="87.50906073488295078277587890625">
        <ele>870.5999755859375</ele>
        <time>2026-07-30T14:16:13.000Z</time>
        <extensions>
          <ns3:TrackPointExtension>
            <ns3:hr>161</ns3:hr>
            <ns3:cad>56</ns3:cad>
          </ns3:TrackPointExtension>
        </extensions>
      </trkpt>
      <trkpt lat="43.83561794646084308624267578125" lon="87.50907598994672298431396484375">
        <ele>870.5999755859375</ele>
        <time>2026-07-30T14:16:14.000Z</time>
        <extensions>
          <ns3:TrackPointExtension>
            <ns3:hr>161</ns3:hr>
            <ns3:cad>56</ns3:cad>
          </ns3:TrackPointExtension>
        </extensions>
      </trkpt>
      <trkpt lat="43.8357769511640071868896484375" lon="87.50911521725356578826904296875">
        <ele>869.79998779296875</ele>
        <time>2026-07-30T14:16:21.000Z</time>
        <extensions>
          <ns3:TrackPointExtension>
            <ns3:hr>164</ns3:hr>
            <ns3:cad>79</ns3:cad>
          </ns3:TrackPointExtension>
        </extensions>
      </trkpt>
      <trkpt lat="43.8358476944267749786376953125" lon="87.50911873765289783477783203125">
        <ele>869.20001220703125</ele>
        <time>2026-07-30T14:16:23.000Z</time>
        <extensions>
          <ns3:TrackPointExtension>
            <ns3:hr>164</ns3:hr>
            <ns3:cad>80</ns3:cad>
          </ns3:TrackPointExtension>
        </extensions>
      </trkpt>
      <trkpt lat="43.83591181598603725433349609375" lon="87.50913650728762149810791015625">
        <ele>869.4000244140625</ele>
        <time>2026-07-30T14:16:26.000Z</time>
        <extensions>
          <ns3:TrackPointExtension>
            <ns3:hr>161</ns3:hr>
            <ns3:cad>81</ns3:cad>
          </ns3:TrackPointExtension>
        </extensions>
      </trkpt>
      <trkpt lat="43.83610258810222148895263671875" lon="87.50913902185857295989990234375">
        <ele>869.20001220703125</ele>
        <time>2026-07-30T14:16:33.000Z</time>
        <extensions>
          <ns3:TrackPointExtension>
            <ns3:hr>159</ns3:hr>
            <ns3:cad>81</ns3:cad>
          </ns3:TrackPointExtension>
        </extensions>
      </trkpt>
      <trkpt lat="43.83620920591056346893310546875" lon="87.50913650728762149810791015625">
        <ele>869.20001220703125</ele>
        <time>2026-07-30T14:16:39.000Z</time>
        <extensions>
          <ns3:TrackPointExtension>
            <ns3:hr>159</ns3:hr>
            <ns3:cad>59</ns3:cad>
          </ns3:TrackPointExtension>
        </extensions>
      </trkpt>
      <trkpt lat="43.83630626834928989410400390625" lon="87.50911295413970947265625">
        <ele>869</ele>
        <time>2026-07-30T14:16:47.000Z</time>
        <extensions>
          <ns3:TrackPointExtension>
            <ns3:hr>155</ns3:hr>
            <ns3:cad>56</ns3:cad>
          </ns3:TrackPointExtension>
        </extensions>
      </trkpt>
      <trkpt lat="43.8363395445048809051513671875" lon="87.50910826027393341064453125">
        <ele>869.20001220703125</ele>
        <time>2026-07-30T14:16:50.000Z</time>
        <extensions>
          <ns3:TrackPointExtension>
            <ns3:hr>152</ns3:hr>
            <ns3:cad>56</ns3:cad>
          </ns3:TrackPointExtension>
        </extensions>
      </trkpt>
      <trkpt lat="43.83640266023576259613037109375" lon="87.5091169774532318115234375">
        <ele>869.79998779296875</ele>
        <time>2026-07-30T14:16:55.000Z</time>
        <extensions>
          <ns3:TrackPointExtension>
            <ns3:hr>149</ns3:hr>
            <ns3:cad>57</ns3:cad>
          </ns3:TrackPointExtension>
        </extensions>
      </trkpt>
      <trkpt lat="43.83641657419502735137939453125" lon="87.5091184861958026885986328125">
        <ele>869.79998779296875</ele>
        <time>2026-07-30T14:16:56.000Z</time>
        <extensions>
          <ns3:TrackPointExtension>
            <ns3:hr>149</ns3:hr>
            <ns3:cad>57</ns3:cad>
          </ns3:TrackPointExtension>
        </extensions>
      </trkpt>
      <trkpt lat="43.83654288947582244873046875" lon="87.509137429296970367431640625">
        <ele>871.4000244140625</ele>
        <time>2026-07-30T14:17:02.000Z</time>
        <extensions>
          <ns3:TrackPointExtension>
            <ns3:hr>147</ns3:hr>
            <ns3:cad>0</ns3:cad>
          </ns3:TrackPointExtension>
        </extensions>
      </trkpt>
      <trkpt lat="43.836618997156620025634765625" lon="87.5091761536896228790283203125">
        <ele>872.20001220703125</ele>
        <time>2026-07-30T14:17:05.000Z</time>
        <extensions>
          <ns3:TrackPointExtension>
            <ns3:hr>147</ns3:hr>
            <ns3:cad>79</ns3:cad>
          </ns3:TrackPointExtension>
        </extensions>
      </trkpt>
      <trkpt lat="43.83664540015161037445068359375" lon="87.50919668935239315032958984375">
        <ele>872.5999755859375</ele>
        <time>2026-07-30T14:17:07.000Z</time>
        <extensions>
          <ns3:TrackPointExtension>
            <ns3:hr>146</ns3:hr>
            <ns3:cad>79</ns3:cad>
          </ns3:TrackPointExtension>
        </extensions>
      </trkpt>
      <trkpt lat="43.83665193803608417510986328125" lon="87.50920473597943782806396484375">
        <ele>872.79998779296875</ele>
        <time>2026-07-30T14:17:08.000Z</time>
        <extensions>
          <ns3:TrackPointExtension>
            <ns3:hr>146</ns3:hr>
            <ns3:cad>79</ns3:cad>
          </ns3:TrackPointExtension>
        </extensions>
      </trkpt>
      <trkpt lat="43.8366721384227275848388671875" lon="87.5092237628996372222900390625">
        <ele>873</ele>
        <time>2026-07-30T14:17:11.000Z</time>
        <extensions>
          <ns3:TrackPointExtension>
            <ns3:hr>147</ns3:hr>
            <ns3:cad>79</ns3:cad>
          </ns3:TrackPointExtension>
        </extensions>
      </trkpt>
      <trkpt lat="43.83667440153658390045166015625" lon="87.5092277862131595611572265625">
        <ele>873</ele>
        <time>2026-07-30T14:17:12.000Z</time>
        <extensions>
          <ns3:TrackPointExtension>
            <ns3:hr>147</ns3:hr>
            <ns3:cad>79</ns3:cad>
          </ns3:TrackPointExtension>
        </extensions>
      </trkpt>
      <trkpt lat="43.83667926304042339324951171875" lon="87.5092344917356967926025390625">
        <ele>873</ele>
        <time>2026-07-30T14:17:19.000Z</time>
        <extensions>
          <ns3:TrackPointExtension>
            <ns3:hr>150</ns3:hr>
            <ns3:cad>0</ns3:cad>
          </ns3:TrackPointExtension>
        </extensions>
      </trkpt>
      <trkpt lat="43.83667859248816967010498046875" lon="87.5092338211834430694580078125">
        <ele>873</ele>
        <time>2026-07-30T14:17:20.000Z</time>
        <extensions>
          <ns3:TrackPointExtension>
            <ns3:hr>151</ns3:hr>
            <ns3:cad>0</ns3:cad>
          </ns3:TrackPointExtension>
        </extensions>
      </trkpt>
      <trkpt lat="43.83672284893691539764404296875" lon="87.5092281214892864227294921875">
        <ele>872.79998779296875</ele>
        <time>2026-07-30T14:17:27.000Z</time>
        <extensions>
          <ns3:TrackPointExtension>
            <ns3:hr>147</ns3:hr>
            <ns3:cad>0</ns3:cad>
          </ns3:TrackPointExtension>
        </extensions>
      </trkpt>
      <trkpt lat="43.83674271404743194580078125" lon="87.50922921113669872283935546875">
        <ele>872.79998779296875</ele>
        <time>2026-07-30T14:17:28.000Z</time>
        <extensions>
          <ns3:TrackPointExtension>
            <ns3:hr>147</ns3:hr>
            <ns3:cad>0</ns3:cad>
          </ns3:TrackPointExtension>
        </extensions>
      </trkpt>
      <trkpt lat="43.836797364056110382080078125" lon="87.5092418678104877471923828125">
        <ele>872.5999755859375</ele>
        <time>2026-07-30T14:17:31.000Z</time>
        <extensions>
          <ns3:TrackPointExtension>
            <ns3:hr>144</ns3:hr>
            <ns3:cad>81</ns3:cad>
          </ns3:TrackPointExtension>
        </extensions>
      </trkpt>
      <trkpt lat="43.83685930632054805755615234375" lon="87.5092613138258457183837890625">
        <ele>872.4000244140625</ele>
        <time>2026-07-30T14:17:34.000Z</time>
        <extensions>
          <ns3:TrackPointExtension>
            <ns3:hr>147</ns3:hr>
            <ns3:cad>81</ns3:cad>
          </ns3:TrackPointExtension>
        </extensions>
      </trkpt>
      <trkpt lat="43.8368991203606128692626953125" lon="87.50927564688026905059814453125">
        <ele>872.4000244140625</ele>
        <time>2026-07-30T14:17:36.000Z</time>
        <extensions>
          <ns3:TrackPointExtension>
            <ns3:hr>148</ns3:hr>
            <ns3:cad>81</ns3:cad>
          </ns3:TrackPointExtension>
        </extensions>
      </trkpt>
      <trkpt lat="43.83705385029315948486328125" lon="87.50931923277676105499267578125">
        <ele>871.20001220703125</ele>
        <time>2026-07-30T14:17:43.000Z</time>
        <extensions>
          <ns3:TrackPointExtension>
            <ns3:hr>151</ns3:hr>
            <ns3:cad>82</ns3:cad>
          </ns3:TrackPointExtension>
        </extensions>
      </trkpt>
      <trkpt lat="43.83707958273589611053466796875" lon="87.5093230046331882476806640625">
        <ele>871</ele>
        <time>2026-07-30T14:17:44.000Z</time>
        <extensions>
          <ns3:TrackPointExtension>
            <ns3:hr>148</ns3:hr>
            <ns3:cad>82</ns3:cad>
          </ns3:TrackPointExtension>
        </extensions>
      </trkpt>
      <trkpt lat="43.83713238872587680816650390625" lon="87.50932526774704456329345703125">
        <ele>870.20001220703125</ele>
        <time>2026-07-30T14:17:46.000Z</time>
        <extensions>
          <ns3:TrackPointExtension>
            <ns3:hr>150</ns3:hr>
            <ns3:cad>82</ns3:cad>
          </ns3:TrackPointExtension>
        </extensions>
      </trkpt>
      <trkpt lat="43.8373356498777866363525390625" lon="87.509317807853221893310546875">
        <ele>867.20001220703125</ele>
        <time>2026-07-30T14:17:53.000Z</time>
        <extensions>
          <ns3:TrackPointExtension>
            <ns3:hr>151</ns3:hr>
            <ns3:cad>81</ns3:cad>
          </ns3:TrackPointExtension>
        </extensions>
      </trkpt>
      <trkpt lat="43.83737479336559772491455078125" lon="87.50932007096707820892333984375">
        <ele>866.5999755859375</ele>
        <time>2026-07-30T14:17:54.000Z</time>
        <extensions>
          <ns3:TrackPointExtension>
            <ns3:hr>152</ns3:hr>
            <ns3:cad>82</ns3:cad>
          </ns3:TrackPointExtension>
        </extensions>
      </trkpt>
      <trkpt lat="43.8375730253756046295166015625" lon="87.50936432741582393646240234375">
        <ele>864.20001220703125</ele>
        <time>2026-07-30T14:17:59.000Z</time>
        <extensions>
          <ns3:TrackPointExtension>
            <ns3:hr>149</ns3:hr>
            <ns3:cad>82</ns3:cad>
          </ns3:TrackPointExtension>
        </extensions>
      </trkpt>
      <trkpt lat="43.83761719800531864166259765625" lon="87.50939316116273403167724609375">
        <ele>863.5999755859375</ele>
        <time>2026-07-30T14:18:01.000Z</time>
        <extensions>
          <ns3:TrackPointExtension>
            <ns3:hr>150</ns3:hr>
            <ns3:cad>81</ns3:cad>
          </ns3:TrackPointExtension>
        </extensions>
      </trkpt>
      <trkpt lat="43.83774393238127231597900390625" lon="87.5094530917704105377197265625">
        <ele>862.20001220703125</ele>
        <time>2026-07-30T14:18:07.000Z</time>
        <extensions>
          <ns3:TrackPointExtension>
            <ns3:hr>149</ns3:hr>
            <ns3:cad>79</ns3:cad>
          </ns3:TrackPointExtension>
        </extensions>
      </trkpt>
      <trkpt lat="43.83777008391916751861572265625" lon="87.50946365296840667724609375">
        <ele>862</ele>
        <time>2026-07-30T14:18:09.000Z</time>
        <extensions>
          <ns3:TrackPointExtension>
            <ns3:hr>146</ns3:hr>
            <ns3:cad>79</ns3:cad>
          </ns3:TrackPointExtension>
        </extensions>
      </trkpt>
      <trkpt lat="43.83778207004070281982421875" lon="87.50947245396673679351806640625">
        <ele>861.79998779296875</ele>
        <time>2026-07-30T14:18:10.000Z</time>
        <extensions>
          <ns3:TrackPointExtension>
            <ns3:hr>149</ns3:hr>
            <ns3:cad>79</ns3:cad>
          </ns3:TrackPointExtension>
        </extensions>
      </trkpt>
      <trkpt lat="43.83784837089478969573974609375" lon="87.509464323520660400390625">
        <ele>861</ele>
        <time>2026-07-30T14:18:15.000Z</time>
        <extensions>
          <ns3:TrackPointExtension>
            <ns3:hr>148</ns3:hr>
            <ns3:cad>55</ns3:cad>
          </ns3:TrackPointExtension>
        </extensions>
      </trkpt>
      <trkpt lat="43.83796982467174530029296875" lon="87.5094524212181568145751953125">
        <ele>859.5999755859375</ele>
        <time>2026-07-30T14:18:24.000Z</time>
        <extensions>
          <ns3:TrackPointExtension>
            <ns3:hr>146</ns3:hr>
            <ns3:cad>55</ns3:cad>
          </ns3:TrackPointExtension>
        </extensions>
      </trkpt>
      <trkpt lat="43.838030509650707244873046875" lon="87.509488128125667572021484375">
        <ele>859.20001220703125</ele>
        <time>2026-07-30T14:18:29.000Z</time>
        <extensions>
          <ns3:TrackPointExtension>
            <ns3:hr>143</ns3:hr>
            <ns3:cad>56</ns3:cad>
          </ns3:TrackPointExtension>
        </extensions>
      </trkpt>
      <trkpt lat="43.8380819745361804962158203125" lon="87.50948267988860607147216796875">
        <ele>858.79998779296875</ele>
        <time>2026-07-30T14:18:32.000Z</time>
        <extensions>
          <ns3:TrackPointExtension>
            <ns3:hr>142</ns3:hr>
            <ns3:cad>56</ns3:cad>
          </ns3:TrackPointExtension>
        </extensions>
      </trkpt>
      <trkpt lat="43.8382221199572086334228515625" lon="87.50948469154536724090576171875">
        <ele>858.4000244140625</ele>
        <time>2026-07-30T14:18:40.000Z</time>
        <extensions>
          <ns3:TrackPointExtension>
            <ns3:hr>138</ns3:hr>
            <ns3:cad>56</ns3:cad>
          </ns3:TrackPointExtension>
        </extensions>
      </trkpt>
      <trkpt lat="43.8382841460406780242919921875" lon="87.50949005596339702606201171875">
        <ele>858.20001220703125</ele>
        <time>2026-07-30T14:18:43.000Z</time>
        <extensions>
          <ns3:TrackPointExtension>
            <ns3:hr>135</ns3:hr>
            <ns3:cad>56</ns3:cad>
          </ns3:TrackPointExtension>
        </extensions>
      </trkpt>
      <trkpt lat="43.83838732726871967315673828125" lon="87.50949827022850513458251953125">
        <ele>858</ele>
        <time>2026-07-30T14:18:47.000Z</time>
        <extensions>
          <ns3:TrackPointExtension>
            <ns3:hr>132</ns3:hr>
            <ns3:cad>80</ns3:cad>
          </ns3:TrackPointExtension>
        </extensions>
      </trkpt>
      <trkpt lat="43.838453628122806549072265625" lon="87.5094953365623950958251953125">
        <ele>858</ele>
        <time>2026-07-30T14:18:49.000Z</time>
        <extensions>
          <ns3:TrackPointExtension>
            <ns3:hr>132</ns3:hr>
            <ns3:cad>81</ns3:cad>
          </ns3:TrackPointExtension>
        </extensions>
      </trkpt>
      <trkpt lat="43.838589079678058624267578125" lon="87.50949189998209476470947265625">
        <ele>858</ele>
        <time>2026-07-30T14:18:55.000Z</time>
        <extensions>
          <ns3:TrackPointExtension>
            <ns3:hr>135</ns3:hr>
            <ns3:cad>82</ns3:cad>
          </ns3:TrackPointExtension>
        </extensions>
      </trkpt>
      <trkpt lat="43.838598467409610748291015625" lon="87.5094976834952831268310546875">
        <ele>858</ele>
        <time>2026-07-30T14:18:56.000Z</time>
        <extensions>
          <ns3:TrackPointExtension>
            <ns3:hr>136</ns3:hr>
            <ns3:cad>79</ns3:cad>
          </ns3:TrackPointExtension>
        </extensions>
      </trkpt>
      <trkpt lat="43.8386308215558528900146484375" lon="87.50952928327023983001708984375">
        <ele>858.4000244140625</ele>
        <time>2026-07-30T14:19:01.000Z</time>
        <extensions>
          <ns3:TrackPointExtension>
            <ns3:hr>138</ns3:hr>
            <ns3:cad>0</ns3:cad>
          </ns3:TrackPointExtension>
        </extensions>
      </trkpt>
      <trkpt lat="43.83861246518790721893310546875" lon="87.50953095965087413787841796875">
        <ele>858.20001220703125</ele>
        <time>2026-07-30T14:19:39.000Z</time>
        <extensions>
          <ns3:TrackPointExtension>
            <ns3:hr>111</ns3:hr>
            <ns3:cad>0</ns3:cad>
          </ns3:TrackPointExtension>
        </extensions>
      </trkpt>
      <trkpt lat="43.83861229754984378814697265625" lon="87.5095308758318424224853515625">
        <ele>858.20001220703125</ele>
        <time>2026-07-30T14:19:40.000Z</time>
        <extensions>
          <ns3:TrackPointExtension>
            <ns3:hr>111</ns3:hr>
            <ns3:cad>0</ns3:cad>
          </ns3:TrackPointExtension>
        </extensions>
      </trkpt>
      <trkpt lat="43.8386777602136135101318359375" lon="87.5095198117196559906005859375">
        <ele>858.5999755859375</ele>
        <time>2026-07-30T14:19:44.000Z</time>
        <extensions>
          <ns3:TrackPointExtension>
            <ns3:hr>111</ns3:hr>
            <ns3:cad>0</ns3:cad>
          </ns3:TrackPointExtension>
        </extensions>
      </trkpt>
      <trkpt lat="43.8388381898403167724609375" lon="87.509517632424831390380859375">
        <ele>859</ele>
        <time>2026-07-30T14:19:49.000Z</time>
        <extensions>
          <ns3:TrackPointExtension>
            <ns3:hr>111</ns3:hr>
            <ns3:cad>82</ns3:cad>
          </ns3:TrackPointExtension>
        </extensions>
      </trkpt>
      <trkpt lat="43.83891798555850982666015625" lon="87.509537078440189361572265625">
        <ele>859.4000244140625</ele>
        <time>2026-07-30T14:19:53.000Z</time>
        <extensions>
          <ns3:TrackPointExtension>
            <ns3:hr>114</ns3:hr>
            <ns3:cad>82</ns3:cad>
          </ns3:TrackPointExtension>
        </extensions>
      </trkpt>
      <trkpt lat="43.8389508426189422607421875" lon="87.5095519982278347015380859375">
        <ele>859.20001220703125</ele>
        <time>2026-07-30T14:19:55.000Z</time>
        <extensions>
          <ns3:TrackPointExtension>
            <ns3:hr>115</ns3:hr>
            <ns3:cad>79</ns3:cad>
          </ns3:TrackPointExtension>
        </extensions>
      </trkpt>
      <trkpt lat="43.839078247547149658203125" lon="87.50960723496973514556884765625">
        <ele>858.79998779296875</ele>
        <time>2026-07-30T14:20:00.000Z</time>
        <extensions>
          <ns3:TrackPointExtension>
            <ns3:hr>114</ns3:hr>
            <ns3:cad>79</ns3:cad>
          </ns3:TrackPointExtension>
        </extensions>
      </trkpt>
      <trkpt lat="43.8392695225775241851806640625" lon="87.50964478589594364166259765625">
        <ele>857.5999755859375</ele>
        <time>2026-07-30T14:20:07.000Z</time>
        <extensions>
          <ns3:TrackPointExtension>
            <ns3:hr>117</ns3:hr>
            <ns3:cad>82</ns3:cad>
          </ns3:TrackPointExtension>
        </extensions>
      </trkpt>
      <trkpt lat="43.83940489031374454498291015625" lon="87.50965685583651065826416015625">
        <ele>856.5999755859375</ele>
        <time>2026-07-30T14:20:12.000Z</time>
        <extensions>
          <ns3:TrackPointExtension>
            <ns3:hr>120</ns3:hr>
            <ns3:cad>83</ns3:cad>
          </ns3:TrackPointExtension>
        </extensions>
      </trkpt>
      <trkpt lat="43.83952424861490726470947265625" lon="87.50967462547123432159423828125">
        <ele>856</ele>
        <time>2026-07-30T14:20:16.000Z</time>
        <extensions>
          <ns3:TrackPointExtension>
            <ns3:hr>122</ns3:hr>
            <ns3:cad>83</ns3:cad>
          </ns3:TrackPointExtension>
        </extensions>
      </trkpt>
      <trkpt lat="43.83960253559052944183349609375" lon="87.50969340093433856964111328125">
        <ele>855.79998779296875</ele>
        <time>2026-07-30T14:20:19.000Z</time>
        <extensions>
          <ns3:TrackPointExtension>
            <ns3:hr>125</ns3:hr>
            <ns3:cad>83</ns3:cad>
          </ns3:TrackPointExtension>
        </extensions>
      </trkpt>
      <trkpt lat="43.8397415913641452789306640625" lon="87.5097193010151386260986328125">
        <ele>855.79998779296875</ele>
        <time>2026-07-30T14:20:24.000Z</time>
        <extensions>
          <ns3:TrackPointExtension>
            <ns3:hr>124</ns3:hr>
            <ns3:cad>84</ns3:cad>
          </ns3:TrackPointExtension>
        </extensions>
      </trkpt>
      <trkpt lat="43.83987092413008213043212890625" lon="87.5097377412021160125732421875">
        <ele>855.79998779296875</ele>
        <time>2026-07-30T14:20:29.000Z</time>
        <extensions>
          <ns3:TrackPointExtension>
            <ns3:hr>128</ns3:hr>
            <ns3:cad>84</ns3:cad>
          </ns3:TrackPointExtension>
        </extensions>
      </trkpt>
      <trkpt lat="43.8400076329708099365234375" lon="87.50975911505520343780517578125">
        <ele>856</ele>
        <time>2026-07-30T14:20:34.000Z</time>
        <extensions>
          <ns3:TrackPointExtension>
            <ns3:hr>127</ns3:hr>
            <ns3:cad>84</ns3:cad>
          </ns3:TrackPointExtension>
        </extensions>
      </trkpt>
      <trkpt lat="43.840071670711040496826171875" lon="87.5097942352294921875">
        <ele>855.5999755859375</ele>
        <time>2026-07-30T14:20:40.000Z</time>
        <extensions>
          <ns3:TrackPointExtension>
            <ns3:hr>131</ns3:hr>
            <ns3:cad>57</ns3:cad>
          </ns3:TrackPointExtension>
        </extensions>
      </trkpt>
      <trkpt lat="43.84023855440318584442138671875" lon="87.5098212249577045440673828125">
        <ele>854.5999755859375</ele>
        <time>2026-07-30T14:20:49.000Z</time>
        <extensions>
          <ns3:TrackPointExtension>
            <ns3:hr>130</ns3:hr>
            <ns3:cad>81</ns3:cad>
          </ns3:TrackPointExtension>
        </extensions>
      </trkpt>
      <trkpt lat="43.8403980620205402374267578125" lon="87.5098403356969356536865234375">
        <ele>852.5999755859375</ele>
        <time>2026-07-30T14:20:55.000Z</time>
        <extensions>
          <ns3:TrackPointExtension>
            <ns3:hr>130</ns3:hr>
            <ns3:cad>82</ns3:cad>
          </ns3:TrackPointExtension>
        </extensions>
      </trkpt>
      <trkpt lat="43.8405133970081806182861328125" lon="87.509866990149021148681640625">
        <ele>851</ele>
        <time>2026-07-30T14:20:59.000Z</time>
        <extensions>
          <ns3:TrackPointExtension>
            <ns3:hr>134</ns3:hr>
            <ns3:cad>83</ns3:cad>
          </ns3:TrackPointExtension>
        </extensions>
      </trkpt>
      <trkpt lat="43.84054734371602535247802734375" lon="87.50986942090094089508056640625">
        <ele>850.5999755859375</ele>
        <time>2026-07-30T14:21:00.000Z</time>
        <extensions>
          <ns3:TrackPointExtension>
            <ns3:hr>131</ns3:hr>
            <ns3:cad>83</ns3:cad>
          </ns3:TrackPointExtension>
        </extensions>
      </trkpt>
      <trkpt lat="43.840577937662601470947265625" lon="87.50987243838608264923095703125">
        <ele>850.20001220703125</ele>
        <time>2026-07-30T14:21:01.000Z</time>
        <extensions>
          <ns3:TrackPointExtension>
            <ns3:hr>134</ns3:hr>
            <ns3:cad>83</ns3:cad>
          </ns3:TrackPointExtension>
        </extensions>
      </trkpt>
      <trkpt lat="43.84067483246326446533203125" lon="87.50988350249826908111572265625">
        <ele>849.5999755859375</ele>
        <time>2026-07-30T14:21:04.000Z</time>
        <extensions>
          <ns3:TrackPointExtension>
            <ns3:hr>137</ns3:hr>
            <ns3:cad>83</ns3:cad>
          </ns3:TrackPointExtension>
        </extensions>
      </trkpt>
      <trkpt lat="43.84070090018212795257568359375" lon="87.50988802872598171234130859375">
        <ele>849.4000244140625</ele>
        <time>2026-07-30T14:21:05.000Z</time>
        <extensions>
          <ns3:TrackPointExtension>
            <ns3:hr>138</ns3:hr>
            <ns3:cad>83</ns3:cad>
          </ns3:TrackPointExtension>
        </extensions>
      </trkpt>
      <trkpt lat="43.84075932204723358154296875" lon="87.50988819636404514312744140625">
        <ele>849</ele>
        <time>2026-07-30T14:21:07.000Z</time>
        <extensions>
          <ns3:TrackPointExtension>
            <ns3:hr>141</ns3:hr>
            <ns3:cad>82</ns3:cad>
          </ns3:TrackPointExtension>
        </extensions>
      </trkpt>
      <trkpt lat="43.84081958793103694915771484375" lon="87.5098943151533603668212890625">
        <ele>848.5999755859375</ele>
        <time>2026-07-30T14:21:10.000Z</time>
        <extensions>
          <ns3:TrackPointExtension>
            <ns3:hr>144</ns3:hr>
            <ns3:cad>83</ns3:cad>
          </ns3:TrackPointExtension>
        </extensions>
      </trkpt>
      <trkpt lat="43.840901814401149749755859375" lon="87.50993714667856693267822265625">
        <ele>848.4000244140625</ele>
        <time>2026-07-30T14:21:13.000Z</time>
        <extensions>
          <ns3:TrackPointExtension>
            <ns3:hr>145</ns3:hr>
            <ns3:cad>83</ns3:cad>
          </ns3:TrackPointExtension>
        </extensions>
      </trkpt>
      <trkpt lat="43.8410169817507266998291015625" lon="87.50994150526821613311767578125">
        <ele>848</ele>
        <time>2026-07-30T14:21:17.000Z</time>
        <extensions>
          <ns3:TrackPointExtension>
            <ns3:hr>148</ns3:hr>
            <ns3:cad>83</ns3:cad>
          </ns3:TrackPointExtension>
        </extensions>
      </trkpt>
      <trkpt lat="43.84106182493269443511962890625" lon="87.50994904898107051849365234375">
        <ele>847.79998779296875</ele>
        <time>2026-07-30T14:21:19.000Z</time>
        <extensions>
          <ns3:TrackPointExtension>
            <ns3:hr>149</ns3:hr>
            <ns3:cad>84</ns3:cad>
          </ns3:TrackPointExtension>
        </extensions>
      </trkpt>
      <trkpt lat="43.8411289639770984649658203125" lon="87.50995558686554431915283203125">
        <ele>847.5999755859375</ele>
        <time>2026-07-30T14:21:23.000Z</time>
        <extensions>
          <ns3:TrackPointExtension>
            <ns3:hr>152</ns3:hr>
            <ns3:cad>62</ns3:cad>
          </ns3:TrackPointExtension>
        </extensions>
      </trkpt>
      <trkpt lat="43.84114262647926807403564453125" lon="87.50996614806354045867919921875">
        <ele>847.79998779296875</ele>
        <time>2026-07-30T14:21:24.000Z</time>
        <extensions>
          <ns3:TrackPointExtension>
            <ns3:hr>152</ns3:hr>
            <ns3:cad>62</ns3:cad>
          </ns3:TrackPointExtension>
        </extensions>
      </trkpt>
      <trkpt lat="43.8412583805620670318603515625" lon="87.5099687464535236358642578125">
        <ele>848.20001220703125</ele>
        <time>2026-07-30T14:21:33.000Z</time>
        <extensions>
          <ns3:TrackPointExtension>
            <ns3:hr>152</ns3:hr>
            <ns3:cad>57</ns3:cad>
          </ns3:TrackPointExtension>
        </extensions>
      </trkpt>
      <trkpt lat="43.84133733808994293212890625" lon="87.50994871370494365692138671875">
        <ele>848.20001220703125</ele>
        <time>2026-07-30T14:21:37.000Z</time>
        <extensions>
          <ns3:TrackPointExtension>
            <ns3:hr>149</ns3:hr>
            <ns3:cad>58</ns3:cad>
          </ns3:TrackPointExtension>
        </extensions>
      </trkpt>
      <trkpt lat="43.8414404354989528656005859375" lon="87.50993882305920124053955078125">
        <ele>848</ele>
        <time>2026-07-30T14:21:41.000Z</time>
        <extensions>
          <ns3:TrackPointExtension>
            <ns3:hr>146</ns3:hr>
            <ns3:cad>81</ns3:cad>
          </ns3:TrackPointExtension>
        </extensions>
      </trkpt>
      <trkpt lat="43.84146348573267459869384765625" lon="87.5099372304975986480712890625">
        <ele>848</ele>
        <time>2026-07-30T14:21:42.000Z</time>
        <extensions>
          <ns3:TrackPointExtension>
            <ns3:hr>146</ns3:hr>
            <ns3:cad>82</ns3:cad>
          </ns3:TrackPointExtension>
        </extensions>
      </trkpt>
      <trkpt lat="43.84150003083050251007080078125" lon="87.50993697904050350189208984375">
        <ele>847.79998779296875</ele>
        <time>2026-07-30T14:21:44.000Z</time>
        <extensions>
          <ns3:TrackPointExtension>
            <ns3:hr>145</ns3:hr>
            <ns3:cad>82</ns3:cad>
          </ns3:TrackPointExtension>
        </extensions>
      </trkpt>
      <trkpt lat="43.8415507413446903228759765625" lon="87.50995843671262264251708984375">
        <ele>847.79998779296875</ele>
        <time>2026-07-30T14:21:48.000Z</time>
        <extensions>
          <ns3:TrackPointExtension>
            <ns3:hr>142</ns3:hr>
            <ns3:cad>81</ns3:cad>
          </ns3:TrackPointExtension>
        </extensions>
      </trkpt>
      <trkpt lat="43.84158133529126644134521484375" lon="87.5099687464535236358642578125">
        <ele>847.79998779296875</ele>
        <time>2026-07-30T14:21:50.000Z</time>
        <extensions>
          <ns3:TrackPointExtension>
            <ns3:hr>142</ns3:hr>
            <ns3:cad>81</ns3:cad>
          </ns3:TrackPointExtension>
        </extensions>
      </trkpt>
      <trkpt lat="43.8417156971991062164306640625" lon="87.5099643878638744354248046875">
        <ele>846.5999755859375</ele>
        <time>2026-07-30T14:21:56.000Z</time>
        <extensions>
          <ns3:TrackPointExtension>
            <ns3:hr>139</ns3:hr>
            <ns3:cad>79</ns3:cad>
          </ns3:TrackPointExtension>
        </extensions>
      </trkpt>
      <trkpt lat="43.84173925034701824188232421875" lon="87.50996598042547702789306640625">
        <ele>846.5999755859375</ele>
        <time>2026-07-30T14:21:57.000Z</time>
        <extensions>
          <ns3:TrackPointExtension>
            <ns3:hr>139</ns3:hr>
            <ns3:cad>81</ns3:cad>
          </ns3:TrackPointExtension>
        </extensions>
      </trkpt>
      <trkpt lat="43.84191074408590793609619140625" lon="87.509986348450183868408203125">
        <ele>846.20001220703125</ele>
        <time>2026-07-30T14:22:04.000Z</time>
        <extensions>
          <ns3:TrackPointExtension>
            <ns3:hr>139</ns3:hr>
            <ns3:cad>82</ns3:cad>
          </ns3:TrackPointExtension>
        </extensions>
      </trkpt>
      <trkpt lat="43.84203965775668621063232421875" lon="87.51008232124149799346923828125">
        <ele>846.79998779296875</ele>
        <time>2026-07-30T14:22:10.000Z</time>
        <extensions>
          <ns3:TrackPointExtension>
            <ns3:hr>141</ns3:hr>
            <ns3:cad>79</ns3:cad>
          </ns3:TrackPointExtension>
        </extensions>
      </trkpt>
      <trkpt lat="43.84223663248121738433837890625" lon="87.51013546250760555267333984375">
        <ele>845.79998779296875</ele>
        <time>2026-07-30T14:22:18.000Z</time>
        <extensions>
          <ns3:TrackPointExtension>
            <ns3:hr>141</ns3:hr>
            <ns3:cad>82</ns3:cad>
          </ns3:TrackPointExtension>
        </extensions>
      </trkpt>
      <trkpt lat="43.84237761609256267547607421875" lon="87.51012590713798999786376953125">
        <ele>843.4000244140625</ele>
        <time>2026-07-30T14:22:25.000Z</time>
        <extensions>
          <ns3:TrackPointExtension>
            <ns3:hr>144</ns3:hr>
            <ns3:cad>83</ns3:cad>
          </ns3:TrackPointExtension>
        </extensions>
      </trkpt>
      <trkpt lat="43.84240410290658473968505859375" lon="87.51013093627989292144775390625">
        <ele>843.20001220703125</ele>
        <time>2026-07-30T14:22:26.000Z</time>
        <extensions>
          <ns3:TrackPointExtension>
            <ns3:hr>144</ns3:hr>
            <ns3:cad>82</ns3:cad>
          </ns3:TrackPointExtension>
        </extensions>
      </trkpt>
      <trkpt lat="43.8424985669553279876708984375" lon="87.510139234364032745361328125">
        <ele>841.79998779296875</ele>
        <time>2026-07-30T14:22:30.000Z</time>
        <extensions>
          <ns3:TrackPointExtension>
            <ns3:hr>147</ns3:hr>
            <ns3:cad>83</ns3:cad>
          </ns3:TrackPointExtension>
        </extensions>
      </trkpt>
      <trkpt lat="43.842560760676860809326171875" lon="87.510156333446502685546875">
        <ele>841.20001220703125</ele>
        <time>2026-07-30T14:22:34.000Z</time>
        <extensions>
          <ns3:TrackPointExtension>
            <ns3:hr>149</ns3:hr>
            <ns3:cad>59</ns3:cad>
          </ns3:TrackPointExtension>
        </extensions>
      </trkpt>
      <trkpt lat="43.84271758608520030975341796875" lon="87.51021760515868663787841796875">
        <ele>840.20001220703125</ele>
        <time>2026-07-30T14:22:41.000Z</time>
        <extensions>
          <ns3:TrackPointExtension>
            <ns3:hr>152</ns3:hr>
            <ns3:cad>56</ns3:cad>
          </ns3:TrackPointExtension>
        </extensions>
      </trkpt>
      <trkpt lat="43.84273384697735309600830078125" lon="87.51022246666252613067626953125">
        <ele>840</ele>
        <time>2026-07-30T14:22:42.000Z</time>
        <extensions>
          <ns3:TrackPointExtension>
            <ns3:hr>153</ns3:hr>
            <ns3:cad>56</ns3:cad>
          </ns3:TrackPointExtension>
        </extensions>
      </trkpt>
      <trkpt lat="43.84281313978135585784912109375" lon="87.51024560071527957916259765625">
        <ele>839.5999755859375</ele>
        <time>2026-07-30T14:22:48.000Z</time>
        <extensions>
          <ns3:TrackPointExtension>
            <ns3:hr>150</ns3:hr>
            <ns3:cad>56</ns3:cad>
          </ns3:TrackPointExtension>
        </extensions>
      </trkpt>
      <trkpt lat="43.84283191524446010589599609375" lon="87.51024727709591388702392578125">
        <ele>839.5999755859375</ele>
        <time>2026-07-30T14:22:49.000Z</time>
        <extensions>
          <ns3:TrackPointExtension>
            <ns3:hr>148</ns3:hr>
            <ns3:cad>56</ns3:cad>
          </ns3:TrackPointExtension>
        </extensions>
      </trkpt>
      <trkpt lat="43.84289301931858062744140625" lon="87.51027074642479419708251953125">
        <ele>839.4000244140625</ele>
        <time>2026-07-30T14:22:52.000Z</time>
        <extensions>
          <ns3:TrackPointExtension>
            <ns3:hr>145</ns3:hr>
            <ns3:cad>56</ns3:cad>
          </ns3:TrackPointExtension>
        </extensions>
      </trkpt>
      <trkpt lat="43.842908106744289398193359375" lon="87.510270662605762481689453125">
        <ele>839.4000244140625</ele>
        <time>2026-07-30T14:22:53.000Z</time>
        <extensions>
          <ns3:TrackPointExtension>
            <ns3:hr>144</ns3:hr>
            <ns3:cad>56</ns3:cad>
          </ns3:TrackPointExtension>
        </extensions>
      </trkpt>
      <trkpt lat="43.84294624440371990203857421875" lon="87.5102634541690349578857421875">
        <ele>839.20001220703125</ele>
        <time>2026-07-30T14:22:55.000Z</time>
        <extensions>
          <ns3:TrackPointExtension>
            <ns3:hr>143</ns3:hr>
            <ns3:cad>56</ns3:cad>
          </ns3:TrackPointExtension>
        </extensions>
      </trkpt>
      <trkpt lat="43.84300877340137958526611328125" lon="87.5102721713483333587646484375">
        <ele>839</ele>
        <time>2026-07-30T14:22:59.000Z</time>
        <extensions>
          <ns3:TrackPointExtension>
            <ns3:hr>140</ns3:hr>
            <ns3:cad>56</ns3:cad>
          </ns3:TrackPointExtension>
        </extensions>
      </trkpt>
      <trkpt lat="43.84305554442107677459716796875" lon="87.51026093959808349609375">
        <ele>838.5999755859375</ele>
        <time>2026-07-30T14:23:01.000Z</time>
        <extensions>
          <ns3:TrackPointExtension>
            <ns3:hr>139</ns3:hr>
            <ns3:cad>0</ns3:cad>
          </ns3:TrackPointExtension>
        </extensions>
      </trkpt>
      <trkpt lat="43.8431084342300891876220703125" lon="87.51027292571961879730224609375">
        <ele>838.20001220703125</ele>
        <time>2026-07-30T14:23:04.000Z</time>
        <extensions>
          <ns3:TrackPointExtension>
            <ns3:hr>136</ns3:hr>
            <ns3:cad>79</ns3:cad>
          </ns3:TrackPointExtension>
        </extensions>
      </trkpt>
      <trkpt lat="43.84325620718300342559814453125" lon="87.510252557694911956787109375">
        <ele>837</ele>
        <time>2026-07-30T14:23:09.000Z</time>
        <extensions>
          <ns3:TrackPointExtension>
            <ns3:hr>135</ns3:hr>
            <ns3:cad>81</ns3:cad>
          </ns3:TrackPointExtension>
        </extensions>
      </trkpt>
      <trkpt lat="43.84344848804175853729248046875" lon="87.51027745194733142852783203125">
        <ele>837</ele>
        <time>2026-07-30T14:23:16.000Z</time>
        <extensions>
          <ns3:TrackPointExtension>
            <ns3:hr>137</ns3:hr>
            <ns3:cad>82</ns3:cad>
          </ns3:TrackPointExtension>
        </extensions>
      </trkpt>
      <trkpt lat="43.84352208115160465240478515625" lon="87.51028575003147125244140625">
        <ele>837.20001220703125</ele>
        <time>2026-07-30T14:23:18.000Z</time>
        <extensions>
          <ns3:TrackPointExtension>
            <ns3:hr>138</ns3:hr>
            <ns3:cad>82</ns3:cad>
          </ns3:TrackPointExtension>
        </extensions>
      </trkpt>
      <trkpt lat="43.84358092211186885833740234375" lon="87.5102849118411540985107421875">
        <ele>837.4000244140625</ele>
        <time>2026-07-30T14:23:20.000Z</time>
        <extensions>
          <ns3:TrackPointExtension>
            <ns3:hr>139</ns3:hr>
            <ns3:cad>82</ns3:cad>
          </ns3:TrackPointExtension>
        </extensions>
      </trkpt>
      <trkpt lat="43.84369793348014354705810546875" lon="87.510360181331634521484375">
        <ele>838.20001220703125</ele>
        <time>2026-07-30T14:23:28.000Z</time>
        <extensions>
          <ns3:TrackPointExtension>
            <ns3:hr>141</ns3:hr>
            <ns3:cad>62</ns3:cad>
          </ns3:TrackPointExtension>
        </extensions>
      </trkpt>
      <trkpt lat="43.84381125681102275848388671875" lon="87.51035322435200214385986328125">
        <ele>838.20001220703125</ele>
        <time>2026-07-30T14:23:36.000Z</time>
        <extensions>
          <ns3:TrackPointExtension>
            <ns3:hr>143</ns3:hr>
            <ns3:cad>56</ns3:cad>
          </ns3:TrackPointExtension>
        </extensions>
      </trkpt>
      <trkpt lat="43.843856267631053924560546875" lon="87.51034836284816265106201171875">
        <ele>838.20001220703125</ele>
        <time>2026-07-30T14:23:39.000Z</time>
        <extensions>
          <ns3:TrackPointExtension>
            <ns3:hr>140</ns3:hr>
            <ns3:cad>56</ns3:cad>
          </ns3:TrackPointExtension>
        </extensions>
      </trkpt>
      <trkpt lat="43.84393237531185150146484375" lon="87.5103586725890636444091796875">
        <ele>837.5999755859375</ele>
        <time>2026-07-30T14:23:42.000Z</time>
        <extensions>
          <ns3:TrackPointExtension>
            <ns3:hr>137</ns3:hr>
            <ns3:cad>56</ns3:cad>
          </ns3:TrackPointExtension>
        </extensions>
      </trkpt>
      <trkpt lat="43.843974955379962921142578125" lon="87.510371245443820953369140625">
        <ele>836.79998779296875</ele>
        <time>2026-07-30T14:23:44.000Z</time>
        <extensions>
          <ns3:TrackPointExtension>
            <ns3:hr>136</ns3:hr>
            <ns3:cad>56</ns3:cad>
          </ns3:TrackPointExtension>
        </extensions>
      </trkpt>
      <trkpt lat="43.84406958706676959991455078125" lon="87.51034534536302089691162109375">
        <ele>834.5999755859375</ele>
        <time>2026-07-30T14:23:52.000Z</time>
        <extensions>
          <ns3:TrackPointExtension>
            <ns3:hr>135</ns3:hr>
            <ns3:cad>54</ns3:cad>
          </ns3:TrackPointExtension>
        </extensions>
      </trkpt>
      <trkpt lat="43.844126164913177490234375" lon="87.510301172733306884765625">
        <ele>832.5999755859375</ele>
        <time>2026-07-30T14:24:08.000Z</time>
        <extensions>
          <ns3:TrackPointExtension>
            <ns3:hr>134</ns3:hr>
            <ns3:cad>0</ns3:cad>
          </ns3:TrackPointExtension>
        </extensions>
      </trkpt>
      <trkpt lat="43.84417503140866756439208984375" lon="87.51031751744449138641357421875">
        <ele>832</ele>
        <time>2026-07-30T14:24:11.000Z</time>
        <extensions>
          <ns3:TrackPointExtension>
            <ns3:hr>134</ns3:hr>
            <ns3:cad>0</ns3:cad>
          </ns3:TrackPointExtension>
        </extensions>
      </trkpt>
      <trkpt lat="43.84432540275156497955322265625" lon="87.51036143861711025238037109375">
        <ele>831.5999755859375</ele>
        <time>2026-07-30T14:24:16.000Z</time>
        <extensions>
          <ns3:TrackPointExtension>
            <ns3:hr>132</ns3:hr>
            <ns3:cad>80</ns3:cad>
          </ns3:TrackPointExtension>
        </extensions>
      </trkpt>
      <trkpt lat="43.8444334454834461212158203125" lon="87.51042312942445278167724609375">
        <ele>831.4000244140625</ele>
        <time>2026-07-30T14:24:21.000Z</time>
        <extensions>
          <ns3:TrackPointExtension>
            <ns3:hr>134</ns3:hr>
            <ns3:cad>81</ns3:cad>
          </ns3:TrackPointExtension>
        </extensions>
      </trkpt>
      <trkpt lat="43.84461072273552417755126953125" lon="87.51048096455633640289306640625">
        <ele>830.4000244140625</ele>
        <time>2026-07-30T14:24:29.000Z</time>
        <extensions>
          <ns3:TrackPointExtension>
            <ns3:hr>134</ns3:hr>
            <ns3:cad>82</ns3:cad>
          </ns3:TrackPointExtension>
        </extensions>
      </trkpt>
      <trkpt lat="43.844755478203296661376953125" lon="87.5105061940848827362060546875">
        <ele>829.5999755859375</ele>
        <time>2026-07-30T14:24:34.000Z</time>
        <extensions>
          <ns3:TrackPointExtension>
            <ns3:hr>137</ns3:hr>
            <ns3:cad>82</ns3:cad>
          </ns3:TrackPointExtension>
        </extensions>
      </trkpt>
      <trkpt lat="43.844808451831340789794921875" lon="87.51051315106451511383056640625">
        <ele>829.4000244140625</ele>
        <time>2026-07-30T14:24:36.000Z</time>
        <extensions>
          <ns3:TrackPointExtension>
            <ns3:hr>138</ns3:hr>
            <ns3:cad>82</ns3:cad>
          </ns3:TrackPointExtension>
        </extensions>
      </trkpt>
      <trkpt lat="43.84492001496255397796630859375" lon="87.5105222873389720916748046875">
        <ele>829</ele>
        <time>2026-07-30T14:24:41.000Z</time>
        <extensions>
          <ns3:TrackPointExtension>
            <ns3:hr>141</ns3:hr>
            <ns3:cad>82</ns3:cad>
          </ns3:TrackPointExtension>
        </extensions>
      </trkpt>
      <trkpt lat="43.8449428975582122802734375" lon="87.51053075306117534637451171875">
        <ele>829</ele>
        <time>2026-07-30T14:24:42.000Z</time>
        <extensions>
          <ns3:TrackPointExtension>
            <ns3:hr>142</ns3:hr>
            <ns3:cad>82</ns3:cad>
          </ns3:TrackPointExtension>
        </extensions>
      </trkpt>
      <trkpt lat="43.8451341725885868072509765625" lon="87.51055271364748477935791015625">
        <ele>829.79998779296875</ele>
        <time>2026-07-30T14:24:49.000Z</time>
        <extensions>
          <ns3:TrackPointExtension>
            <ns3:hr>143</ns3:hr>
            <ns3:cad>82</ns3:cad>
          </ns3:TrackPointExtension>
        </extensions>
      </trkpt>
      <trkpt lat="43.8452969491481781005859375" lon="87.51057132147252559661865234375">
        <ele>831.5999755859375</ele>
        <time>2026-07-30T14:24:55.000Z</time>
        <extensions>
          <ns3:TrackPointExtension>
            <ns3:hr>146</ns3:hr>
            <ns3:cad>82</ns3:cad>
          </ns3:TrackPointExtension>
        </extensions>
      </trkpt>
      <trkpt lat="43.84533676318824291229248046875" lon="87.510588504374027252197265625">
        <ele>831.4000244140625</ele>
        <time>2026-07-30T14:24:57.000Z</time>
        <extensions>
          <ns3:TrackPointExtension>
            <ns3:hr>147</ns3:hr>
            <ns3:cad>82</ns3:cad>
          </ns3:TrackPointExtension>
        </extensions>
      </trkpt>
      <trkpt lat="43.8453953526914119720458984375" lon="87.51058925874531269073486328125">
        <ele>831</ele>
        <time>2026-07-30T14:25:01.000Z</time>
        <extensions>
          <ns3:TrackPointExtension>
            <ns3:hr>150</ns3:hr>
            <ns3:cad>59</ns3:cad>
          </ns3:TrackPointExtension>
        </extensions>
      </trkpt>
      <trkpt lat="43.8454339094460010528564453125" lon="87.51061574555933475494384765625">
        <ele>831</ele>
        <time>2026-07-30T14:25:04.000Z</time>
        <extensions>
          <ns3:TrackPointExtension>
            <ns3:hr>150</ns3:hr>
            <ns3:cad>56</ns3:cad>
          </ns3:TrackPointExtension>
        </extensions>
      </trkpt>
      <trkpt lat="43.84554245509207248687744140625" lon="87.51062898896634578704833984375">
        <ele>830.4000244140625</ele>
        <time>2026-07-30T14:25:09.000Z</time>
        <extensions>
          <ns3:TrackPointExtension>
            <ns3:hr>147</ns3:hr>
            <ns3:cad>56</ns3:cad>
          </ns3:TrackPointExtension>
        </extensions>
      </trkpt>
      <trkpt lat="43.845644630491733551025390625" lon="87.5106339342892169952392578125">
        <ele>829.20001220703125</ele>
        <time>2026-07-30T14:25:13.000Z</time>
        <extensions>
          <ns3:TrackPointExtension>
            <ns3:hr>144</ns3:hr>
            <ns3:cad>81</ns3:cad>
          </ns3:TrackPointExtension>
        </extensions>
      </trkpt>
      <trkpt lat="43.84582475759088993072509765625" lon="87.51064307056367397308349609375">
        <ele>826.79998779296875</ele>
        <time>2026-07-30T14:25:19.000Z</time>
        <extensions>
          <ns3:TrackPointExtension>
            <ns3:hr>143</ns3:hr>
            <ns3:cad>82</ns3:cad>
          </ns3:TrackPointExtension>
        </extensions>
      </trkpt>
      <trkpt lat="43.84596557356417179107666015625" lon="87.5106818787753582000732421875">
        <ele>826.79998779296875</ele>
        <time>2026-07-30T14:25:23.000Z</time>
        <extensions>
          <ns3:TrackPointExtension>
            <ns3:hr>142</ns3:hr>
            <ns3:cad>82</ns3:cad>
          </ns3:TrackPointExtension>
        </extensions>
      </trkpt>
      <trkpt lat="43.84609381668269634246826171875" lon="87.510698474943637847900390625">
        <ele>827</ele>
        <time>2026-07-30T14:25:29.000Z</time>
        <extensions>
          <ns3:TrackPointExtension>
            <ns3:hr>145</ns3:hr>
            <ns3:cad>82</ns3:cad>
          </ns3:TrackPointExtension>
        </extensions>
      </trkpt>
      <trkpt lat="43.8461949862539768218994140625" lon="87.51069621182978153228759765625">
        <ele>827.20001220703125</ele>
        <time>2026-07-30T14:25:35.000Z</time>
        <extensions>
          <ns3:TrackPointExtension>
            <ns3:hr>146</ns3:hr>
            <ns3:cad>58</ns3:cad>
          </ns3:TrackPointExtension>
        </extensions>
      </trkpt>
      <trkpt lat="43.84624619968235492706298828125" lon="87.5106986425817012786865234375">
        <ele>827.4000244140625</ele>
        <time>2026-07-30T14:25:39.000Z</time>
        <extensions>
          <ns3:TrackPointExtension>
            <ns3:hr>147</ns3:hr>
            <ns3:cad>58</ns3:cad>
          </ns3:TrackPointExtension>
        </extensions>
      </trkpt>
      <trkpt lat="43.8462969101965427398681640625" lon="87.51068363897502422332763671875">
        <ele>827.4000244140625</ele>
        <time>2026-07-30T14:25:42.000Z</time>
        <extensions>
          <ns3:TrackPointExtension>
            <ns3:hr>148</ns3:hr>
            <ns3:cad>56</ns3:cad>
          </ns3:TrackPointExtension>
        </extensions>
      </trkpt>
      <trkpt lat="43.84641073644161224365234375" lon="87.51070157624781131744384765625">
        <ele>828</ele>
        <time>2026-07-30T14:25:48.000Z</time>
        <extensions>
          <ns3:TrackPointExtension>
            <ns3:hr>145</ns3:hr>
            <ns3:cad>57</ns3:cad>
          </ns3:TrackPointExtension>
        </extensions>
      </trkpt>
      <trkpt lat="43.84644384495913982391357421875" lon="87.510712556540966033935546875">
        <ele>827.79998779296875</ele>
        <time>2026-07-30T14:25:50.000Z</time>
        <extensions>
          <ns3:TrackPointExtension>
            <ns3:hr>144</ns3:hr>
            <ns3:cad>56</ns3:cad>
          </ns3:TrackPointExtension>
        </extensions>
      </trkpt>
      <trkpt lat="43.8465683162212371826171875" lon="87.51075672917068004608154296875">
        <ele>827.5999755859375</ele>
        <time>2026-07-30T14:25:58.000Z</time>
        <extensions>
          <ns3:TrackPointExtension>
            <ns3:hr>141</ns3:hr>
            <ns3:cad>56</ns3:cad>
          </ns3:TrackPointExtension>
        </extensions>
      </trkpt>
      <trkpt lat="43.846591450273990631103515625" lon="87.51076058484613895416259765625">
        <ele>827.5999755859375</ele>
        <time>2026-07-30T14:25:59.000Z</time>
        <extensions>
          <ns3:TrackPointExtension>
            <ns3:hr>141</ns3:hr>
            <ns3:cad>56</ns3:cad>
          </ns3:TrackPointExtension>
        </extensions>
      </trkpt>
      <trkpt lat="43.8466975651681423187255859375" lon="87.51081506721675395965576171875">
        <ele>827.5999755859375</ele>
        <time>2026-07-30T14:26:04.000Z</time>
        <extensions>
          <ns3:TrackPointExtension>
            <ns3:hr>140</ns3:hr>
            <ns3:cad>79</ns3:cad>
          </ns3:TrackPointExtension>
        </extensions>
      </trkpt>
      <trkpt lat="43.84681281633675098419189453125" lon="87.51084742136299610137939453125">
        <ele>827.4000244140625</ele>
        <time>2026-07-30T14:26:09.000Z</time>
        <extensions>
          <ns3:TrackPointExtension>
            <ns3:hr>136</ns3:hr>
            <ns3:cad>80</ns3:cad>
          </ns3:TrackPointExtension>
        </extensions>
      </trkpt>
      <trkpt lat="43.8468333519995212554931640625" lon="87.51085580326616764068603515625">
        <ele>827.4000244140625</ele>
        <time>2026-07-30T14:26:10.000Z</time>
        <extensions>
          <ns3:TrackPointExtension>
            <ns3:hr>140</ns3:hr>
            <ns3:cad>81</ns3:cad>
          </ns3:TrackPointExtension>
        </extensions>
      </trkpt>
      <trkpt lat="43.84687366895377635955810546875" lon="87.510848008096218109130859375">
        <ele>827.20001220703125</ele>
        <time>2026-07-30T14:26:13.000Z</time>
        <extensions>
          <ns3:TrackPointExtension>
            <ns3:hr>140</ns3:hr>
            <ns3:cad>82</ns3:cad>
          </ns3:TrackPointExtension>
        </extensions>
      </trkpt>
      <trkpt lat="43.846901245415210723876953125" lon="87.5108773447573184967041015625">
        <ele>827.20001220703125</ele>
        <time>2026-07-30T14:26:15.000Z</time>
        <extensions>
          <ns3:TrackPointExtension>
            <ns3:hr>141</ns3:hr>
            <ns3:cad>82</ns3:cad>
          </ns3:TrackPointExtension>
        </extensions>
      </trkpt>
      <trkpt lat="43.846930079162120819091796875" lon="87.51090475358068943023681640625">
        <ele>827.20001220703125</ele>
        <time>2026-07-30T14:26:17.000Z</time>
        <extensions>
          <ns3:TrackPointExtension>
            <ns3:hr>141</ns3:hr>
            <ns3:cad>82</ns3:cad>
          </ns3:TrackPointExtension>
        </extensions>
      </trkpt>
      <trkpt lat="43.84702621959149837493896484375" lon="87.51099376939237117767333984375">
        <ele>827</ele>
        <time>2026-07-30T14:26:21.000Z</time>
        <extensions>
          <ns3:TrackPointExtension>
            <ns3:hr>141</ns3:hr>
            <ns3:cad>80</ns3:cad>
          </ns3:TrackPointExtension>
        </extensions>
      </trkpt>
      <trkpt lat="43.84702764451503753662109375" lon="87.51097683794796466827392578125">
        <ele>826.79998779296875</ele>
        <time>2026-07-30T14:26:22.000Z</time>
        <extensions>
          <ns3:TrackPointExtension>
            <ns3:hr>142</ns3:hr>
            <ns3:cad>80</ns3:cad>
          </ns3:TrackPointExtension>
        </extensions>
      </trkpt>
      <trkpt lat="43.847040720283985137939453125" lon="87.51096610911190509796142578125">
        <ele>826.79998779296875</ele>
        <time>2026-07-30T14:26:24.000Z</time>
        <extensions>
          <ns3:TrackPointExtension>
            <ns3:hr>142</ns3:hr>
            <ns3:cad>71</ns3:cad>
          </ns3:TrackPointExtension>
        </extensions>
      </trkpt>
      <trkpt lat="43.8470475934445858001708984375" lon="87.51095152460038661956787109375">
        <ele>826.5999755859375</ele>
        <time>2026-07-30T14:26:26.000Z</time>
        <extensions>
          <ns3:TrackPointExtension>
            <ns3:hr>142</ns3:hr>
            <ns3:cad>57</ns3:cad>
          </ns3:TrackPointExtension>
        </extensions>
      </trkpt>
      <trkpt lat="43.847089000046253204345703125" lon="87.51094565726816654205322265625">
        <ele>826</ele>
        <time>2026-07-30T14:26:30.000Z</time>
        <extensions>
          <ns3:TrackPointExtension>
            <ns3:hr>139</ns3:hr>
            <ns3:cad>58</ns3:cad>
          </ns3:TrackPointExtension>
        </extensions>
      </trkpt>
      <trkpt lat="43.84712428785860538482666015625" lon="87.5109655223786830902099609375">
        <ele>825.79998779296875</ele>
        <time>2026-07-30T14:26:32.000Z</time>
        <extensions>
          <ns3:TrackPointExtension>
            <ns3:hr>138</ns3:hr>
            <ns3:cad>58</ns3:cad>
          </ns3:TrackPointExtension>
        </extensions>
      </trkpt>
      <trkpt lat="43.8471448235213756561279296875" lon="87.51097063533961772918701171875">
        <ele>825.5999755859375</ele>
        <time>2026-07-30T14:26:33.000Z</time>
        <extensions>
          <ns3:TrackPointExtension>
            <ns3:hr>139</ns3:hr>
            <ns3:cad>78</ns3:cad>
          </ns3:TrackPointExtension>
        </extensions>
      </trkpt>
      <trkpt lat="43.8472279720008373260498046875" lon="87.5109460763633251190185546875">
        <ele>824.5999755859375</ele>
        <time>2026-07-30T14:26:36.000Z</time>
        <extensions>
          <ns3:TrackPointExtension>
            <ns3:hr>139</ns3:hr>
            <ns3:cad>81</ns3:cad>
          </ns3:TrackPointExtension>
        </extensions>
      </trkpt>
      <trkpt lat="43.84741388261318206787109375" lon="87.5109433941543102264404296875">
        <ele>823</ele>
        <time>2026-07-30T14:26:42.000Z</time>
        <extensions>
          <ns3:TrackPointExtension>
            <ns3:hr>141</ns3:hr>
            <ns3:cad>82</ns3:cad>
          </ns3:TrackPointExtension>
        </extensions>
      </trkpt>
      <trkpt lat="43.84748990647494792938232421875" lon="87.51096158288419246673583984375">
        <ele>822.4000244140625</ele>
        <time>2026-07-30T14:26:44.000Z</time>
        <extensions>
          <ns3:TrackPointExtension>
            <ns3:hr>140</ns3:hr>
            <ns3:cad>82</ns3:cad>
          </ns3:TrackPointExtension>
        </extensions>
      </trkpt>
      <trkpt lat="43.84764279238879680633544921875" lon="87.51099511049687862396240234375">
        <ele>821.79998779296875</ele>
        <time>2026-07-30T14:26:50.000Z</time>
        <extensions>
          <ns3:TrackPointExtension>
            <ns3:hr>140</ns3:hr>
            <ns3:cad>82</ns3:cad>
          </ns3:TrackPointExtension>
        </extensions>
      </trkpt>
      <trkpt lat="43.84774186648428440093994140625" lon="87.511014975607395172119140625">
        <ele>821.20001220703125</ele>
        <time>2026-07-30T14:26:57.000Z</time>
        <extensions>
          <ns3:TrackPointExtension>
            <ns3:hr>139</ns3:hr>
            <ns3:cad>54</ns3:cad>
          </ns3:TrackPointExtension>
        </extensions>
      </trkpt>
      <trkpt lat="43.8478432036936283111572265625" lon="87.51104188151657581329345703125">
        <ele>821</ele>
        <time>2026-07-30T14:27:05.000Z</time>
        <extensions>
          <ns3:TrackPointExtension>
            <ns3:hr>140</ns3:hr>
            <ns3:cad>53</ns3:cad>
          </ns3:TrackPointExtension>
        </extensions>
      </trkpt>
      <trkpt lat="43.84785502217710018157958984375" lon="87.51104875467717647552490234375">
        <ele>821.20001220703125</ele>
        <time>2026-07-30T14:27:06.000Z</time>
        <extensions>
          <ns3:TrackPointExtension>
            <ns3:hr>140</ns3:hr>
            <ns3:cad>53</ns3:cad>
          </ns3:TrackPointExtension>
        </extensions>
      </trkpt>
      <trkpt lat="43.8479189760982990264892578125" lon="87.5110862217843532562255859375">
        <ele>821.4000244140625</ele>
        <time>2026-07-30T14:27:54.000Z</time>
        <extensions>
          <ns3:TrackPointExtension>
            <ns3:hr>102</ns3:hr>
            <ns3:cad>0</ns3:cad>
          </ns3:TrackPointExtension>
        </extensions>
      </trkpt>
      <trkpt lat="43.8479189760982990264892578125" lon="87.51108630560338497161865234375">
        <ele>821.4000244140625</ele>
        <time>2026-07-30T14:27:55.000Z</time>
        <extensions>
          <ns3:TrackPointExtension>
            <ns3:hr>102</ns3:hr>
            <ns3:cad>0</ns3:cad>
          </ns3:TrackPointExtension>
        </extensions>
      </trkpt>
      <trkpt lat="43.84795032441616058349609375" lon="87.51108865253627300262451171875">
        <ele>821.4000244140625</ele>
        <time>2026-07-30T14:27:57.000Z</time>
        <extensions>
          <ns3:TrackPointExtension>
            <ns3:hr>102</ns3:hr>
            <ns3:cad>0</ns3:cad>
          </ns3:TrackPointExtension>
        </extensions>
      </trkpt>
      <trkpt lat="43.84809692390263080596923828125" lon="87.51109535805881023406982421875">
        <ele>820.79998779296875</ele>
        <time>2026-07-30T14:28:02.000Z</time>
        <extensions>
          <ns3:TrackPointExtension>
            <ns3:hr>103</ns3:hr>
            <ns3:cad>81</ns3:cad>
          </ns3:TrackPointExtension>
        </extensions>
      </trkpt>
      <trkpt lat="43.8482358120381832122802734375" lon="87.51110860146582126617431640625">
        <ele>820.5999755859375</ele>
        <time>2026-07-30T14:28:06.000Z</time>
        <extensions>
          <ns3:TrackPointExtension>
            <ns3:hr>106</ns3:hr>
            <ns3:cad>83</ns3:cad>
          </ns3:TrackPointExtension>
        </extensions>
      </trkpt>
      <trkpt lat="43.84832574985921382904052734375" lon="87.51113927923142910003662109375">
        <ele>820.5999755859375</ele>
        <time>2026-07-30T14:28:09.000Z</time>
        <extensions>
          <ns3:TrackPointExtension>
            <ns3:hr>109</ns3:hr>
            <ns3:cad>83</ns3:cad>
          </ns3:TrackPointExtension>
        </extensions>
      </trkpt>
      <trkpt lat="43.8483546674251556396484375" lon="87.51114212907850742340087890625">
        <ele>820.79998779296875</ele>
        <time>2026-07-30T14:28:10.000Z</time>
        <extensions>
          <ns3:TrackPointExtension>
            <ns3:hr>110</ns3:hr>
            <ns3:cad>82</ns3:cad>
          </ns3:TrackPointExtension>
        </extensions>
      </trkpt>
      <trkpt lat="43.8484084792435169219970703125" lon="87.51114799641072750091552734375">
        <ele>821</ele>
        <time>2026-07-30T14:28:13.000Z</time>
        <extensions>
          <ns3:TrackPointExtension>
            <ns3:hr>113</ns3:hr>
            <ns3:cad>82</ns3:cad>
          </ns3:TrackPointExtension>
        </extensions>
      </trkpt>
      <trkpt lat="43.8484406657516956329345703125" lon="87.51112452708184719085693359375">
        <ele>821</ele>
        <time>2026-07-30T14:28:15.000Z</time>
        <extensions>
          <ns3:TrackPointExtension>
            <ns3:hr>115</ns3:hr>
            <ns3:cad>82</ns3:cad>
          </ns3:TrackPointExtension>
        </extensions>
      </trkpt>
      <trkpt lat="43.84854669682681560516357421875" lon="87.511046491563320159912109375">
        <ele>820.5999755859375</ele>
        <time>2026-07-30T14:28:20.000Z</time>
        <extensions>
          <ns3:TrackPointExtension>
            <ns3:hr>118</ns3:hr>
            <ns3:cad>80</ns3:cad>
          </ns3:TrackPointExtension>
        </extensions>
      </trkpt>
      <trkpt lat="43.848669491708278656005859375" lon="87.511025033891201019287109375">
        <ele>820.4000244140625</ele>
        <time>2026-07-30T14:28:25.000Z</time>
        <extensions>
          <ns3:TrackPointExtension>
            <ns3:hr>124</ns3:hr>
            <ns3:cad>82</ns3:cad>
          </ns3:TrackPointExtension>
        </extensions>
      </trkpt>
      <trkpt lat="43.848689608275890350341796875" lon="87.51102444715797901153564453125">
        <ele>820.20001220703125</ele>
        <time>2026-07-30T14:28:26.000Z</time>
        <extensions>
          <ns3:TrackPointExtension>
            <ns3:hr>121</ns3:hr>
            <ns3:cad>82</ns3:cad>
          </ns3:TrackPointExtension>
        </extensions>
      </trkpt>
      <trkpt lat="43.84878859855234622955322265625" lon="87.5110362656414508819580078125">
        <ele>820</ele>
        <time>2026-07-30T14:28:30.000Z</time>
        <extensions>
          <ns3:TrackPointExtension>
            <ns3:hr>123</ns3:hr>
            <ns3:cad>82</ns3:cad>
          </ns3:TrackPointExtension>
        </extensions>
      </trkpt>
      <trkpt lat="43.8489727489650249481201171875" lon="87.51104942522943019866943359375">
        <ele>819.20001220703125</ele>
        <time>2026-07-30T14:28:38.000Z</time>
        <extensions>
          <ns3:TrackPointExtension>
            <ns3:hr>125</ns3:hr>
            <ns3:cad>82</ns3:cad>
          </ns3:TrackPointExtension>
        </extensions>
      </trkpt>
      <trkpt lat="43.84916176088154315948486328125" lon="87.51103970222175121307373046875">
        <ele>817.4000244140625</ele>
        <time>2026-07-30T14:28:45.000Z</time>
        <extensions>
          <ns3:TrackPointExtension>
            <ns3:hr>127</ns3:hr>
            <ns3:cad>82</ns3:cad>
          </ns3:TrackPointExtension>
        </extensions>
      </trkpt>
      <trkpt lat="43.8492017425596714019775390625" lon="87.51103299669921398162841796875">
        <ele>817</ele>
        <time>2026-07-30T14:28:47.000Z</time>
        <extensions>
          <ns3:TrackPointExtension>
            <ns3:hr>126</ns3:hr>
            <ns3:cad>82</ns3:cad>
          </ns3:TrackPointExtension>
        </extensions>
      </trkpt>
      <trkpt lat="43.84921724908053874969482421875" lon="87.511028386652469635009765625">
        <ele>816.79998779296875</ele>
        <time>2026-07-30T14:28:48.000Z</time>
        <extensions>
          <ns3:TrackPointExtension>
            <ns3:hr>127</ns3:hr>
            <ns3:cad>82</ns3:cad>
          </ns3:TrackPointExtension>
        </extensions>
      </trkpt>
      <trkpt lat="43.8492889143526554107666015625" lon="87.51105143688619136810302734375">
        <ele>817</ele>
        <time>2026-07-30T14:28:53.000Z</time>
        <extensions>
          <ns3:TrackPointExtension>
            <ns3:hr>128</ns3:hr>
            <ns3:cad>82</ns3:cad>
          </ns3:TrackPointExtension>
        </extensions>
      </trkpt>
      <trkpt lat="43.84947189129889011383056640625" lon="87.51104657538235187530517578125">
        <ele>816.5999755859375</ele>
        <time>2026-07-30T14:29:02.000Z</time>
        <extensions>
          <ns3:TrackPointExtension>
            <ns3:hr>128</ns3:hr>
            <ns3:cad>56</ns3:cad>
          </ns3:TrackPointExtension>
        </extensions>
      </trkpt>
      <trkpt lat="43.84949938394129276275634765625" lon="87.5110389478504657745361328125">
        <ele>816.4000244140625</ele>
        <time>2026-07-30T14:29:03.000Z</time>
        <extensions>
          <ns3:TrackPointExtension>
            <ns3:hr>129</ns3:hr>
            <ns3:cad>78</ns3:cad>
          </ns3:TrackPointExtension>
        </extensions>
      </trkpt>
      <trkpt lat="43.84968143887817859649658203125" lon="87.511049173772335052490234375">
        <ele>816.20001220703125</ele>
        <time>2026-07-30T14:29:10.000Z</time>
        <extensions>
          <ns3:TrackPointExtension>
            <ns3:hr>130</ns3:hr>
            <ns3:cad>82</ns3:cad>
          </ns3:TrackPointExtension>
        </extensions>
      </trkpt>
      <trkpt lat="43.84976349771022796630859375" lon="87.511039115488529205322265625">
        <ele>815.79998779296875</ele>
        <time>2026-07-30T14:29:13.000Z</time>
        <extensions>
          <ns3:TrackPointExtension>
            <ns3:hr>129</ns3:hr>
            <ns3:cad>82</ns3:cad>
          </ns3:TrackPointExtension>
        </extensions>
      </trkpt>
      <trkpt lat="43.84992015548050403594970703125" lon="87.5110624171793460845947265625">
        <ele>814.4000244140625</ele>
        <time>2026-07-30T14:29:19.000Z</time>
        <extensions>
          <ns3:TrackPointExtension>
            <ns3:hr>132</ns3:hr>
            <ns3:cad>82</ns3:cad>
          </ns3:TrackPointExtension>
        </extensions>
      </trkpt>
      <trkpt lat="43.850024007260799407958984375" lon="87.5110620819032192230224609375">
        <ele>814</ele>
        <time>2026-07-30T14:29:23.000Z</time>
        <extensions>
          <ns3:TrackPointExtension>
            <ns3:hr>133</ns3:hr>
            <ns3:cad>83</ns3:cad>
          </ns3:TrackPointExtension>
        </extensions>
      </trkpt>
      <trkpt lat="43.85006658732891082763671875" lon="87.511072643101215362548828125">
        <ele>814</ele>
        <time>2026-07-30T14:29:25.000Z</time>
        <extensions>
          <ns3:TrackPointExtension>
            <ns3:hr>136</ns3:hr>
            <ns3:cad>83</ns3:cad>
          </ns3:TrackPointExtension>
        </extensions>
      </trkpt>
      <trkpt lat="43.8502548448741436004638671875" lon="87.51110457815229892730712890625">
        <ele>813.79998779296875</ele>
        <time>2026-07-30T14:29:32.000Z</time>
        <extensions>
          <ns3:TrackPointExtension>
            <ns3:hr>135</ns3:hr>
            <ns3:cad>82</ns3:cad>
          </ns3:TrackPointExtension>
        </extensions>
      </trkpt>
      <trkpt lat="43.8503601215779781341552734375" lon="87.5111143849790096282958984375">
        <ele>813.4000244140625</ele>
        <time>2026-07-30T14:29:38.000Z</time>
        <extensions>
          <ns3:TrackPointExtension>
            <ns3:hr>135</ns3:hr>
            <ns3:cad>82</ns3:cad>
          </ns3:TrackPointExtension>
        </extensions>
      </trkpt>
      <trkpt lat="43.85052968747913837432861328125" lon="87.51111321151256561279296875">
        <ele>812.79998779296875</ele>
        <time>2026-07-30T14:29:48.000Z</time>
        <extensions>
          <ns3:TrackPointExtension>
            <ns3:hr>136</ns3:hr>
            <ns3:cad>56</ns3:cad>
          </ns3:TrackPointExtension>
        </extensions>
      </trkpt>
      <trkpt lat="43.850717358291149139404296875" lon="87.51112486235797405242919921875">
        <ele>812</ele>
        <time>2026-07-30T14:29:56.000Z</time>
        <extensions>
          <ns3:TrackPointExtension>
            <ns3:hr>136</ns3:hr>
            <ns3:cad>81</ns3:cad>
          </ns3:TrackPointExtension>
        </extensions>
      </trkpt>
      <trkpt lat="43.8507416658103466033935546875" lon="87.5111244432628154754638671875">
        <ele>811.79998779296875</ele>
        <time>2026-07-30T14:29:57.000Z</time>
        <extensions>
          <ns3:TrackPointExtension>
            <ns3:hr>137</ns3:hr>
            <ns3:cad>81</ns3:cad>
          </ns3:TrackPointExtension>
        </extensions>
      </trkpt>
      <trkpt lat="43.85079053230583667755126953125" lon="87.511128969490528106689453125">
        <ele>811.4000244140625</ele>
        <time>2026-07-30T14:29:59.000Z</time>
        <extensions>
          <ns3:TrackPointExtension>
            <ns3:hr>141</ns3:hr>
            <ns3:cad>81</ns3:cad>
          </ns3:TrackPointExtension>
        </extensions>
      </trkpt>
      <trkpt lat="43.85083512403070926666259765625" lon="87.511127628386020660400390625">
        <ele>811.20001220703125</ele>
        <time>2026-07-30T14:30:01.000Z</time>
        <extensions>
          <ns3:TrackPointExtension>
            <ns3:hr>144</ns3:hr>
            <ns3:cad>81</ns3:cad>
          </ns3:TrackPointExtension>
        </extensions>
      </trkpt>
      <trkpt lat="43.85090469382703304290771484375" lon="87.51113475300371646881103515625">
        <ele>810.5999755859375</ele>
        <time>2026-07-30T14:30:05.000Z</time>
        <extensions>
          <ns3:TrackPointExtension>
            <ns3:hr>145</ns3:hr>
            <ns3:cad>81</ns3:cad>
          </ns3:TrackPointExtension>
        </extensions>
      </trkpt>
      <trkpt lat="43.8510422408580780029296875" lon="87.51113978214561939239501953125">
        <ele>809.5999755859375</ele>
        <time>2026-07-30T14:30:13.000Z</time>
        <extensions>
          <ns3:TrackPointExtension>
            <ns3:hr>142</ns3:hr>
            <ns3:cad>81</ns3:cad>
          </ns3:TrackPointExtension>
        </extensions>
      </trkpt>
      <trkpt lat="43.85112547315657138824462890625" lon="87.511148750782012939453125">
        <ele>809</ele>
        <time>2026-07-30T14:30:16.000Z</time>
        <extensions>
          <ns3:TrackPointExtension>
            <ns3:hr>139</ns3:hr>
            <ns3:cad>81</ns3:cad>
          </ns3:TrackPointExtension>
        </extensions>
      </trkpt>
      <trkpt lat="43.8512407243251800537109375" lon="87.51118303276598453521728515625">
        <ele>808.5999755859375</ele>
        <time>2026-07-30T14:30:20.000Z</time>
        <extensions>
          <ns3:TrackPointExtension>
            <ns3:hr>139</ns3:hr>
            <ns3:cad>82</ns3:cad>
          </ns3:TrackPointExtension>
        </extensions>
      </trkpt>
      <trkpt lat="43.85138011537492275238037109375" lon="87.51118387095630168914794921875">
        <ele>808.20001220703125</ele>
        <time>2026-07-30T14:30:25.000Z</time>
        <extensions>
          <ns3:TrackPointExtension>
            <ns3:hr>142</ns3:hr>
            <ns3:cad>82</ns3:cad>
          </ns3:TrackPointExtension>
        </extensions>
      </trkpt>
      <trkpt lat="43.85148690082132816314697265625" lon="87.51117934472858905792236328125">
        <ele>807.5999755859375</ele>
        <time>2026-07-30T14:30:29.000Z</time>
        <extensions>
          <ns3:TrackPointExtension>
            <ns3:hr>143</ns3:hr>
            <ns3:cad>82</ns3:cad>
          </ns3:TrackPointExtension>
        </extensions>
      </trkpt>
      <trkpt lat="43.8515704683959484100341796875" lon="87.5111878104507923126220703125">
        <ele>807</ele>
        <time>2026-07-30T14:30:32.000Z</time>
        <extensions>
          <ns3:TrackPointExtension>
            <ns3:hr>146</ns3:hr>
            <ns3:cad>82</ns3:cad>
          </ns3:TrackPointExtension>
        </extensions>
      </trkpt>
      <trkpt lat="43.851660154759883880615234375" lon="87.51119309104979038238525390625">
        <ele>806.4000244140625</ele>
        <time>2026-07-30T14:30:36.000Z</time>
        <extensions>
          <ns3:TrackPointExtension>
            <ns3:hr>149</ns3:hr>
            <ns3:cad>82</ns3:cad>
          </ns3:TrackPointExtension>
        </extensions>
      </trkpt>
      <trkpt lat="43.85167214088141918182373046875" lon="87.51119476743042469024658203125">
        <ele>806.20001220703125</ele>
        <time>2026-07-30T14:30:37.000Z</time>
        <extensions>
          <ns3:TrackPointExtension>
            <ns3:hr>149</ns3:hr>
            <ns3:cad>79</ns3:cad>
          </ns3:TrackPointExtension>
        </extensions>
      </trkpt>
      <trkpt lat="43.851742632687091827392578125" lon="87.5112099386751651763916015625">
        <ele>805.5999755859375</ele>
        <time>2026-07-30T14:30:42.000Z</time>
        <extensions>
          <ns3:TrackPointExtension>
            <ns3:hr>152</ns3:hr>
            <ns3:cad>57</ns3:cad>
          </ns3:TrackPointExtension>
        </extensions>
      </trkpt>
      <trkpt lat="43.8517756573855876922607421875" lon="87.51121186651289463043212890625">
        <ele>805.20001220703125</ele>
        <time>2026-07-30T14:30:45.000Z</time>
        <extensions>
          <ns3:TrackPointExtension>
            <ns3:hr>152</ns3:hr>
            <ns3:cad>57</ns3:cad>
          </ns3:TrackPointExtension>
        </extensions>
      </trkpt>
      <trkpt lat="43.85183491744101047515869140625" lon="87.51121739856898784637451171875">
        <ele>804.5999755859375</ele>
        <time>2026-07-30T14:30:49.000Z</time>
        <extensions>
          <ns3:TrackPointExtension>
            <ns3:hr>149</ns3:hr>
            <ns3:cad>57</ns3:cad>
          </ns3:TrackPointExtension>
        </extensions>
      </trkpt>
      <trkpt lat="43.85189560241997241973876953125" lon="87.51122343353927135467529296875">
        <ele>804</ele>
        <time>2026-07-30T14:30:53.000Z</time>
        <extensions>
          <ns3:TrackPointExtension>
            <ns3:hr>147</ns3:hr>
            <ns3:cad>58</ns3:cad>
          </ns3:TrackPointExtension>
        </extensions>
      </trkpt>
      <trkpt lat="43.851973302662372589111328125" lon="87.51122360117733478546142578125">
        <ele>803.20001220703125</ele>
        <time>2026-07-30T14:30:58.000Z</time>
        <extensions>
          <ns3:TrackPointExtension>
            <ns3:hr>144</ns3:hr>
            <ns3:cad>58</ns3:cad>
          </ns3:TrackPointExtension>
        </extensions>
      </trkpt>
      <trkpt lat="43.8520468957722187042236328125" lon="87.51122049987316131591796875">
        <ele>802.79998779296875</ele>
        <time>2026-07-30T14:31:01.000Z</time>
        <extensions>
          <ns3:TrackPointExtension>
            <ns3:hr>141</ns3:hr>
            <ns3:cad>80</ns3:cad>
          </ns3:TrackPointExtension>
        </extensions>
      </trkpt>
      <trkpt lat="43.85207782499492168426513671875" lon="87.5112196616828441619873046875">
        <ele>802.5999755859375</ele>
        <time>2026-07-30T14:31:02.000Z</time>
        <extensions>
          <ns3:TrackPointExtension>
            <ns3:hr>141</ns3:hr>
            <ns3:cad>80</ns3:cad>
          </ns3:TrackPointExtension>
        </extensions>
      </trkpt>
      <trkpt lat="43.85227479971945285797119140625" lon="87.51123885624110698699951171875">
        <ele>802</ele>
        <time>2026-07-30T14:31:11.000Z</time>
        <extensions>
          <ns3:TrackPointExtension>
            <ns3:hr>139</ns3:hr>
            <ns3:cad>82</ns3:cad>
          </ns3:TrackPointExtension>
        </extensions>
      </trkpt>
      <trkpt lat="43.85233095847070217132568359375" lon="87.5112454779446125030517578125">
        <ele>802.20001220703125</ele>
        <time>2026-07-30T14:31:13.000Z</time>
        <extensions>
          <ns3:TrackPointExtension>
            <ns3:hr>140</ns3:hr>
            <ns3:cad>82</ns3:cad>
          </ns3:TrackPointExtension>
        </extensions>
      </trkpt>
      <trkpt lat="43.85241192765533924102783203125" lon="87.51124422065913677215576171875">
        <ele>802</ele>
        <time>2026-07-30T14:31:16.000Z</time>
        <extensions>
          <ns3:TrackPointExtension>
            <ns3:hr>143</ns3:hr>
            <ns3:cad>82</ns3:cad>
          </ns3:TrackPointExtension>
        </extensions>
      </trkpt>
      <trkpt lat="43.85252893902361392974853515625" lon="87.51126215793192386627197265625">
        <ele>801.5999755859375</ele>
        <time>2026-07-30T14:31:22.000Z</time>
        <extensions>
          <ns3:TrackPointExtension>
            <ns3:hr>144</ns3:hr>
            <ns3:cad>82</ns3:cad>
          </ns3:TrackPointExtension>
        </extensions>
      </trkpt>
      <trkpt lat="43.85262407362461090087890625" lon="87.5112546980381011962890625">
        <ele>801</ele>
        <time>2026-07-30T14:31:29.000Z</time>
        <extensions>
          <ns3:TrackPointExtension>
            <ns3:hr>144</ns3:hr>
            <ns3:cad>56</ns3:cad>
          </ns3:TrackPointExtension>
        </extensions>
      </trkpt>
      <trkpt lat="43.85271417908370494842529296875" lon="87.51127473078668117523193359375">
        <ele>800.5999755859375</ele>
        <time>2026-07-30T14:31:35.000Z</time>
        <extensions>
          <ns3:TrackPointExtension>
            <ns3:hr>141</ns3:hr>
            <ns3:cad>57</ns3:cad>
          </ns3:TrackPointExtension>
        </extensions>
      </trkpt>
      <trkpt lat="43.85273764841258525848388671875" lon="87.51127280294895172119140625">
        <ele>800.5999755859375</ele>
        <time>2026-07-30T14:31:37.000Z</time>
        <extensions>
          <ns3:TrackPointExtension>
            <ns3:hr>138</ns3:hr>
            <ns3:cad>58</ns3:cad>
          </ns3:TrackPointExtension>
        </extensions>
      </trkpt>
      <trkpt lat="43.8527992554008960723876953125" lon="87.51128277741372585296630859375">
        <ele>800.4000244140625</ele>
        <time>2026-07-30T14:31:41.000Z</time>
        <extensions>
          <ns3:TrackPointExtension>
            <ns3:hr>137</ns3:hr>
            <ns3:cad>57</ns3:cad>
          </ns3:TrackPointExtension>
        </extensions>
      </trkpt>
      <trkpt lat="43.85294585488736629486083984375" lon="87.5112676061689853668212890625">
        <ele>799.20001220703125</ele>
        <time>2026-07-30T14:31:47.000Z</time>
        <extensions>
          <ns3:TrackPointExtension>
            <ns3:hr>135</ns3:hr>
            <ns3:cad>82</ns3:cad>
          </ns3:TrackPointExtension>
        </extensions>
      </trkpt>
      <trkpt lat="43.85311516933143138885498046875" lon="87.51126609742641448974609375">
        <ele>797.4000244140625</ele>
        <time>2026-07-30T14:31:53.000Z</time>
        <extensions>
          <ns3:TrackPointExtension>
            <ns3:hr>136</ns3:hr>
            <ns3:cad>82</ns3:cad>
          </ns3:TrackPointExtension>
        </extensions>
      </trkpt>
      <trkpt lat="43.85332656092941761016845703125" lon="87.511281184852123260498046875">
        <ele>796.5999755859375</ele>
        <time>2026-07-30T14:32:00.000Z</time>
        <extensions>
          <ns3:TrackPointExtension>
            <ns3:hr>136</ns3:hr>
            <ns3:cad>83</ns3:cad>
          </ns3:TrackPointExtension>
        </extensions>
      </trkpt>
      <trkpt lat="43.85351414792239665985107421875" lon="87.51131446100771427154541015625">
        <ele>796</ele>
        <time>2026-07-30T14:32:06.000Z</time>
        <extensions>
          <ns3:TrackPointExtension>
            <ns3:hr>138</ns3:hr>
            <ns3:cad>83</ns3:cad>
          </ns3:TrackPointExtension>
        </extensions>
      </trkpt>
      <trkpt lat="43.85357650928199291229248046875" lon="87.51131848432123661041259765625">
        <ele>795.79998779296875</ele>
        <time>2026-07-30T14:32:08.000Z</time>
        <extensions>
          <ns3:TrackPointExtension>
            <ns3:hr>139</ns3:hr>
            <ns3:cad>83</ns3:cad>
          </ns3:TrackPointExtension>
        </extensions>
      </trkpt>
      <trkpt lat="43.85368530638515949249267578125" lon="87.51131680794060230255126953125">
        <ele>795.5999755859375</ele>
        <time>2026-07-30T14:32:12.000Z</time>
        <extensions>
          <ns3:TrackPointExtension>
            <ns3:hr>143</ns3:hr>
            <ns3:cad>83</ns3:cad>
          </ns3:TrackPointExtension>
        </extensions>
      </trkpt>
      <trkpt lat="43.8537316583096981048583984375" lon="87.51132309436798095703125">
        <ele>795.5999755859375</ele>
        <time>2026-07-30T14:32:14.000Z</time>
        <extensions>
          <ns3:TrackPointExtension>
            <ns3:hr>145</ns3:hr>
            <ns3:cad>82</ns3:cad>
          </ns3:TrackPointExtension>
        </extensions>
      </trkpt>
      <trkpt lat="43.8538439758121967315673828125" lon="87.5113524310290813446044921875">
        <ele>795.5999755859375</ele>
        <time>2026-07-30T14:32:21.000Z</time>
        <extensions>
          <ns3:TrackPointExtension>
            <ns3:hr>146</ns3:hr>
            <ns3:cad>57</ns3:cad>
          </ns3:TrackPointExtension>
        </extensions>
      </trkpt>
      <trkpt lat="43.85393894277513027191162109375" lon="87.51135637052357196807861328125">
        <ele>795.20001220703125</ele>
        <time>2026-07-30T14:32:28.000Z</time>
        <extensions>
          <ns3:TrackPointExtension>
            <ns3:hr>143</ns3:hr>
            <ns3:cad>56</ns3:cad>
          </ns3:TrackPointExtension>
        </extensions>
      </trkpt>
      <trkpt lat="43.85400800965726375579833984375" lon="87.51135804690420627593994140625">
        <ele>795</ele>
        <time>2026-07-30T14:32:34.000Z</time>
        <extensions>
          <ns3:TrackPointExtension>
            <ns3:hr>140</ns3:hr>
            <ns3:cad>57</ns3:cad>
          </ns3:TrackPointExtension>
        </extensions>
      </trkpt>
      <trkpt lat="43.85403919033706188201904296875" lon="87.5113577954471111297607421875">
        <ele>795</ele>
        <time>2026-07-30T14:32:36.000Z</time>
        <extensions>
          <ns3:TrackPointExtension>
            <ns3:hr>139</ns3:hr>
            <ns3:cad>56</ns3:cad>
          </ns3:TrackPointExtension>
        </extensions>
      </trkpt>
      <trkpt lat="43.85411127470433712005615234375" lon="87.51136139966547489166259765625">
        <ele>794.5999755859375</ele>
        <time>2026-07-30T14:32:41.000Z</time>
        <extensions>
          <ns3:TrackPointExtension>
            <ns3:hr>136</ns3:hr>
            <ns3:cad>56</ns3:cad>
          </ns3:TrackPointExtension>
        </extensions>
      </trkpt>
      <trkpt lat="43.85414329357445240020751953125" lon="87.51136860810220241546630859375">
        <ele>794.79998779296875</ele>
        <time>2026-07-30T14:32:44.000Z</time>
        <extensions>
          <ns3:TrackPointExtension>
            <ns3:hr>133</ns3:hr>
            <ns3:cad>56</ns3:cad>
          </ns3:TrackPointExtension>
        </extensions>
      </trkpt>
      <trkpt lat="43.8541643321514129638671875" lon="87.5113727152347564697265625">
        <ele>794.79998779296875</ele>
        <time>2026-07-30T14:32:46.000Z</time>
        <extensions>
          <ns3:TrackPointExtension>
            <ns3:hr>132</ns3:hr>
            <ns3:cad>57</ns3:cad>
          </ns3:TrackPointExtension>
        </extensions>
      </trkpt>
      <trkpt lat="43.85427472181618213653564453125" lon="87.5113888084888458251953125">
        <ele>794.4000244140625</ele>
        <time>2026-07-30T14:32:53.000Z</time>
        <extensions>
          <ns3:TrackPointExtension>
            <ns3:hr>131</ns3:hr>
            <ns3:cad>56</ns3:cad>
          </ns3:TrackPointExtension>
        </extensions>
      </trkpt>
      <trkpt lat="43.85443992912769317626953125" lon="87.51138922758400440216064453125">
        <ele>794</ele>
        <time>2026-07-30T14:32:59.000Z</time>
        <extensions>
          <ns3:TrackPointExtension>
            <ns3:hr>130</ns3:hr>
            <ns3:cad>82</ns3:cad>
          </ns3:TrackPointExtension>
        </extensions>
      </trkpt>
      <trkpt lat="43.8545758835971355438232421875" lon="87.511390149593353271484375">
        <ele>793.5999755859375</ele>
        <time>2026-07-30T14:33:04.000Z</time>
        <extensions>
          <ns3:TrackPointExtension>
            <ns3:hr>133</ns3:hr>
            <ns3:cad>82</ns3:cad>
          </ns3:TrackPointExtension>
        </extensions>
      </trkpt>
      <trkpt lat="43.854696415364742279052734375" lon="87.51141034997999668121337890625">
        <ele>793.20001220703125</ele>
        <time>2026-07-30T14:33:08.000Z</time>
        <extensions>
          <ns3:TrackPointExtension>
            <ns3:hr>135</ns3:hr>
            <ns3:cad>82</ns3:cad>
          </ns3:TrackPointExtension>
        </extensions>
      </trkpt>
      <trkpt lat="43.8548759557306766510009765625" lon="87.51144044101238250732421875">
        <ele>791.5999755859375</ele>
        <time>2026-07-30T14:33:14.000Z</time>
        <extensions>
          <ns3:TrackPointExtension>
            <ns3:hr>138</ns3:hr>
            <ns3:cad>82</ns3:cad>
          </ns3:TrackPointExtension>
        </extensions>
      </trkpt>
      <trkpt lat="43.854910321533679962158203125" lon="87.5114370882511138916015625">
        <ele>791.4000244140625</ele>
        <time>2026-07-30T14:33:15.000Z</time>
        <extensions>
          <ns3:TrackPointExtension>
            <ns3:hr>138</ns3:hr>
            <ns3:cad>82</ns3:cad>
          </ns3:TrackPointExtension>
        </extensions>
      </trkpt>
      <trkpt lat="43.85506161488592624664306640625" lon="87.51143499277532100677490234375">
        <ele>789.5999755859375</ele>
        <time>2026-07-30T14:33:20.000Z</time>
        <extensions>
          <ns3:TrackPointExtension>
            <ns3:hr>141</ns3:hr>
            <ns3:cad>82</ns3:cad>
          </ns3:TrackPointExtension>
        </extensions>
      </trkpt>
      <trkpt lat="43.855161778628826141357421875" lon="87.5114476494491100311279296875">
        <ele>788.5999755859375</ele>
        <time>2026-07-30T14:33:23.000Z</time>
        <extensions>
          <ns3:TrackPointExtension>
            <ns3:hr>142</ns3:hr>
            <ns3:cad>82</ns3:cad>
          </ns3:TrackPointExtension>
        </extensions>
      </trkpt>
      <trkpt lat="43.855305947363376617431640625" lon="87.51145846210420131683349609375">
        <ele>787</ele>
        <time>2026-07-30T14:33:29.000Z</time>
        <extensions>
          <ns3:TrackPointExtension>
            <ns3:hr>145</ns3:hr>
            <ns3:cad>82</ns3:cad>
          </ns3:TrackPointExtension>
        </extensions>
      </trkpt>
      <trkpt lat="43.85531256906688213348388671875" lon="87.51146751455962657928466796875">
        <ele>787.20001220703125</ele>
        <time>2026-07-30T14:33:30.000Z</time>
        <extensions>
          <ns3:TrackPointExtension>
            <ns3:hr>145</ns3:hr>
            <ns3:cad>82</ns3:cad>
          </ns3:TrackPointExtension>
        </extensions>
      </trkpt>
      <trkpt lat="43.85534291155636310577392578125" lon="87.51151344738900661468505859375">
        <ele>787.4000244140625</ele>
        <time>2026-07-30T14:33:33.000Z</time>
        <extensions>
          <ns3:TrackPointExtension>
            <ns3:hr>148</ns3:hr>
            <ns3:cad>57</ns3:cad>
          </ns3:TrackPointExtension>
        </extensions>
      </trkpt>
      <trkpt lat="43.8553741760551929473876953125" lon="87.511570863425731658935546875">
        <ele>787.5999755859375</ele>
        <time>2026-07-30T14:33:37.000Z</time>
        <extensions>
          <ns3:TrackPointExtension>
            <ns3:hr>146</ns3:hr>
            <ns3:cad>56</ns3:cad>
          </ns3:TrackPointExtension>
        </extensions>
      </trkpt>
      <trkpt lat="43.85538012720644474029541015625" lon="87.51165392808616161346435546875">
        <ele>788.20001220703125</ele>
        <time>2026-07-30T14:33:42.000Z</time>
        <extensions>
          <ns3:TrackPointExtension>
            <ns3:hr>143</ns3:hr>
            <ns3:cad>56</ns3:cad>
          </ns3:TrackPointExtension>
        </extensions>
      </trkpt>
      <trkpt lat="43.85537576861679553985595703125" lon="87.51170019619166851043701171875">
        <ele>788.5999755859375</ele>
        <time>2026-07-30T14:33:44.000Z</time>
        <extensions>
          <ns3:TrackPointExtension>
            <ns3:hr>142</ns3:hr>
            <ns3:cad>56</ns3:cad>
          </ns3:TrackPointExtension>
        </extensions>
      </trkpt>
      <trkpt lat="43.85537526570260524749755859375" lon="87.51178250648081302642822265625">
        <ele>789.4000244140625</ele>
        <time>2026-07-30T14:33:47.000Z</time>
        <extensions>
          <ns3:TrackPointExtension>
            <ns3:hr>139</ns3:hr>
            <ns3:cad>54</ns3:cad>
          </ns3:TrackPointExtension>
        </extensions>
      </trkpt>
      <trkpt lat="43.85535581968724727630615234375" lon="87.51193396747112274169921875">
        <ele>790.4000244140625</ele>
        <time>2026-07-30T14:33:52.000Z</time>
        <extensions>
          <ns3:TrackPointExtension>
            <ns3:hr>137</ns3:hr>
            <ns3:cad>79</ns3:cad>
          </ns3:TrackPointExtension>
        </extensions>
      </trkpt>
      <trkpt lat="43.85533536784350872039794921875" lon="87.5121433474123477935791015625">
        <ele>791.79998779296875</ele>
        <time>2026-07-30T14:33:58.000Z</time>
        <extensions>
          <ns3:TrackPointExtension>
            <ns3:hr>137</ns3:hr>
            <ns3:cad>79</ns3:cad>
          </ns3:TrackPointExtension>
        </extensions>
      </trkpt>
      <trkpt lat="43.85531994514167308807373046875" lon="87.51224669627845287322998046875">
        <ele>792.5999755859375</ele>
        <time>2026-07-30T14:34:01.000Z</time>
        <extensions>
          <ns3:TrackPointExtension>
            <ns3:hr>140</ns3:hr>
            <ns3:cad>80</ns3:cad>
          </ns3:TrackPointExtension>
        </extensions>
      </trkpt>
      <trkpt lat="43.85531893931329250335693359375" lon="87.512309812009334564208984375">
        <ele>793.20001220703125</ele>
        <time>2026-07-30T14:34:05.000Z</time>
        <extensions>
          <ns3:TrackPointExtension>
            <ns3:hr>142</ns3:hr>
            <ns3:cad>80</ns3:cad>
          </ns3:TrackPointExtension>
        </extensions>
      </trkpt>
      <trkpt lat="43.855301924049854278564453125" lon="87.5124162621796131134033203125">
        <ele>795</ele>
        <time>2026-07-30T14:34:11.000Z</time>
        <extensions>
          <ns3:TrackPointExtension>
            <ns3:hr>145</ns3:hr>
            <ns3:cad>53</ns3:cad>
          </ns3:TrackPointExtension>
        </extensions>
      </trkpt>
      <trkpt lat="43.85529228486120700836181640625" lon="87.51250393688678741455078125">
        <ele>796.20001220703125</ele>
        <time>2026-07-30T14:34:17.000Z</time>
        <extensions>
          <ns3:TrackPointExtension>
            <ns3:hr>142</ns3:hr>
            <ns3:cad>0</ns3:cad>
          </ns3:TrackPointExtension>
        </extensions>
      </trkpt>
      <trkpt lat="43.85528390295803546905517578125" lon="87.51252539455890655517578125">
        <ele>796.5999755859375</ele>
        <time>2026-07-30T14:34:18.000Z</time>
        <extensions>
          <ns3:TrackPointExtension>
            <ns3:hr>142</ns3:hr>
            <ns3:cad>53</ns3:cad>
          </ns3:TrackPointExtension>
        </extensions>
      </trkpt>
      <trkpt lat="43.85524593293666839599609375" lon="87.5126655399799346923828125">
        <ele>799</ele>
        <time>2026-07-30T14:34:27.000Z</time>
        <extensions>
          <ns3:TrackPointExtension>
            <ns3:hr>139</ns3:hr>
            <ns3:cad>54</ns3:cad>
          </ns3:TrackPointExtension>
        </extensions>
      </trkpt>
      <trkpt lat="43.855235539376735687255859375" lon="87.51275162212550640106201171875">
        <ele>800.20001220703125</ele>
        <time>2026-07-30T14:34:31.000Z</time>
        <extensions>
          <ns3:TrackPointExtension>
            <ns3:hr>136</ns3:hr>
            <ns3:cad>54</ns3:cad>
          </ns3:TrackPointExtension>
        </extensions>
      </trkpt>
      <trkpt lat="43.85523545555770397186279296875" lon="87.51283091492950916290283203125">
        <ele>801</ele>
        <time>2026-07-30T14:34:36.000Z</time>
        <extensions>
          <ns3:TrackPointExtension>
            <ns3:hr>133</ns3:hr>
            <ns3:cad>54</ns3:cad>
          </ns3:TrackPointExtension>
        </extensions>
      </trkpt>
      <trkpt lat="43.85522606782615184783935546875" lon="87.51299075782299041748046875">
        <ele>802</ele>
        <time>2026-07-30T14:34:43.000Z</time>
        <extensions>
          <ns3:TrackPointExtension>
            <ns3:hr>133</ns3:hr>
            <ns3:cad>62</ns3:cad>
          </ns3:TrackPointExtension>
        </extensions>
      </trkpt>
      <trkpt lat="43.8551847450435161590576171875" lon="87.51322888769209384918212890625">
        <ele>802.5999755859375</ele>
        <time>2026-07-30T14:34:50.000Z</time>
        <extensions>
          <ns3:TrackPointExtension>
            <ns3:hr>130</ns3:hr>
            <ns3:cad>81</ns3:cad>
          </ns3:TrackPointExtension>
        </extensions>
      </trkpt>
      <trkpt lat="43.8551495410501956939697265625" lon="87.513410858809947967529296875">
        <ele>802.4000244140625</ele>
        <time>2026-07-30T14:34:55.000Z</time>
        <extensions>
          <ns3:TrackPointExtension>
            <ns3:hr>134</ns3:hr>
            <ns3:cad>82</ns3:cad>
          </ns3:TrackPointExtension>
        </extensions>
      </trkpt>
      <trkpt lat="43.85513864457607269287109375" lon="87.51348520629107952117919921875">
        <ele>802</ele>
        <time>2026-07-30T14:34:57.000Z</time>
        <extensions>
          <ns3:TrackPointExtension>
            <ns3:hr>137</ns3:hr>
            <ns3:cad>82</ns3:cad>
          </ns3:TrackPointExtension>
        </extensions>
      </trkpt>
      <trkpt lat="43.8551371358335018157958984375" lon="87.5135531835258007049560546875">
        <ele>801.79998779296875</ele>
        <time>2026-07-30T14:35:00.000Z</time>
        <extensions>
          <ns3:TrackPointExtension>
            <ns3:hr>140</ns3:hr>
            <ns3:cad>82</ns3:cad>
          </ns3:TrackPointExtension>
        </extensions>
      </trkpt>
      <trkpt lat="43.85513420216739177703857421875" lon="87.51358243636786937713623046875">
        <ele>801.79998779296875</ele>
        <time>2026-07-30T14:35:02.000Z</time>
        <extensions>
          <ns3:TrackPointExtension>
            <ns3:hr>141</ns3:hr>
            <ns3:cad>0</ns3:cad>
          </ns3:TrackPointExtension>
        </extensions>
      </trkpt>
      <trkpt lat="43.85510469786822795867919921875" lon="87.51371386460959911346435546875">
        <ele>800.79998779296875</ele>
        <time>2026-07-30T14:35:10.000Z</time>
        <extensions>
          <ns3:TrackPointExtension>
            <ns3:hr>142</ns3:hr>
            <ns3:cad>52</ns3:cad>
          </ns3:TrackPointExtension>
        </extensions>
      </trkpt>
      <trkpt lat="43.85508441366255283355712890625" lon="87.51383875496685504913330078125">
        <ele>799.79998779296875</ele>
        <time>2026-07-30T14:35:17.000Z</time>
        <extensions>
          <ns3:TrackPointExtension>
            <ns3:hr>143</ns3:hr>
            <ns3:cad>52</ns3:cad>
          </ns3:TrackPointExtension>
        </extensions>
      </trkpt>
      <trkpt lat="43.8550801388919353485107421875" lon="87.51385417766869068145751953125">
        <ele>799.79998779296875</ele>
        <time>2026-07-30T14:35:18.000Z</time>
        <extensions>
          <ns3:TrackPointExtension>
            <ns3:hr>142</ns3:hr>
            <ns3:cad>52</ns3:cad>
          </ns3:TrackPointExtension>
        </extensions>
      </trkpt>
    </trkseg>
  </trk>
</gpx>
