<gpx xmlns:ns3="http://www.garmin.com/xmlschemas/TrackPointExtension/v1" xmlns="http://www.topografix.com/GPX/1/1" xmlns:xsi="http://www.w3.org/2001/XMLSchema-instance" xmlns:ns2="http://www.garmin.com/xmlschemas/GpxExtensions/v3" creator="Garmin Connect" version="1.1" xsi:schemaLocation="http://www.topografix.com/GPX/1/1 http://www.topografix.com/GPX/11.xsd">
  <extensions>
<distance>6537.98</distance>
<average_hr>152.0</average_hr>
<average_speed>2.0810000896453857</average_speed>
<start_time>2026-08-01T14:12:48+00:00</start_time>
<end_time>2026-08-01T15:05:09.811000+00:00</end_time>
<moving_time>2939.405</moving_time>
<elapsed_time>3304.506</elapsed_time>
</extensions>
<metadata>
    <link href="connect.garmin.com">
      <text>Garmin Connect</text>
    </link>
    <time>2026-08-01T14:12:48.000Z</time>
  </metadata>
  <trk>
    <name>乌鲁木齐市 - 乳酸阈值训练</name>
    <type>running</type>
    <trkseg>
      <trkpt lat="43.85575479827821254730224609375" lon="87.51706494949758052825927734375">
        <ele>786.20001220703125</ele>
        <time>2026-08-01T14:13:00.000Z</time>
        <extensions>
          <ns3:TrackPointExtension>
            <ns3:hr>91</ns3:hr>
            <ns3:cad>0</ns3:cad>
          </ns3:TrackPointExtension>
        </extensions>
      </trkpt>
      <trkpt lat="43.85569361038506031036376953125" lon="87.51709520816802978515625">
        <ele>785.5999755859375</ele>
        <time>2026-08-01T14:13:04.000Z</time>
        <extensions>
          <ns3:TrackPointExtension>
            <ns3:hr>94</ns3:hr>
            <ns3:cad>79</ns3:cad>
          </ns3:TrackPointExtension>
        </extensions>
      </trkpt>
      <trkpt lat="43.85567701421678066253662109375" lon="87.51709495671093463897705078125">
        <ele>785.5999755859375</ele>
        <time>2026-08-01T14:13:06.000Z</time>
        <extensions>
          <ns3:TrackPointExtension>
            <ns3:hr>100</ns3:hr>
            <ns3:cad>80</ns3:cad>
          </ns3:TrackPointExtension>
        </extensions>
      </trkpt>
      <trkpt lat="43.85564147494733333587646484375" lon="87.5170643627643585205078125">
        <ele>785.79998779296875</ele>
        <time>2026-08-01T14:13:08.000Z</time>
        <extensions>
          <ns3:TrackPointExtension>
            <ns3:hr>103</ns3:hr>
            <ns3:cad>81</ns3:cad>
          </ns3:TrackPointExtension>
        </extensions>
      </trkpt>
      <trkpt lat="43.855615742504596710205078125" lon="87.5170236267149448394775390625">
        <ele>786</ele>
        <time>2026-08-01T14:13:10.000Z</time>
        <extensions>
          <ns3:TrackPointExtension>
            <ns3:hr>107</ns3:hr>
            <ns3:cad>81</ns3:cad>
          </ns3:TrackPointExtension>
        </extensions>
      </trkpt>
      <trkpt lat="43.8555726595222949981689453125" lon="87.51699638552963733673095703125">
        <ele>786.20001220703125</ele>
        <time>2026-08-01T14:13:12.000Z</time>
        <extensions>
          <ns3:TrackPointExtension>
            <ns3:hr>110</ns3:hr>
            <ns3:cad>81</ns3:cad>
          </ns3:TrackPointExtension>
        </extensions>
      </trkpt>
      <trkpt lat="43.8555310852825641632080078125" lon="87.51697626896202564239501953125">
        <ele>786.4000244140625</ele>
        <time>2026-08-01T14:13:14.000Z</time>
        <extensions>
          <ns3:TrackPointExtension>
            <ns3:hr>114</ns3:hr>
            <ns3:cad>80</ns3:cad>
          </ns3:TrackPointExtension>
        </extensions>
      </trkpt>
      <trkpt lat="43.85550887323915958404541015625" lon="87.51696713268756866455078125">
        <ele>786.5999755859375</ele>
        <time>2026-08-01T14:13:15.000Z</time>
        <extensions>
          <ns3:TrackPointExtension>
            <ns3:hr>116</ns3:hr>
            <ns3:cad>81</ns3:cad>
          </ns3:TrackPointExtension>
        </extensions>
      </trkpt>
      <trkpt lat="43.85545506142079830169677734375" lon="87.51695699058473110198974609375">
        <ele>786.79998779296875</ele>
        <time>2026-08-01T14:13:20.000Z</time>
        <extensions>
          <ns3:TrackPointExtension>
            <ns3:hr>118</ns3:hr>
            <ns3:cad>80</ns3:cad>
          </ns3:TrackPointExtension>
        </extensions>
      </trkpt>
      <trkpt lat="43.85544014163315296173095703125" lon="87.5169418193399906158447265625">
        <ele>786.79998779296875</ele>
        <time>2026-08-01T14:13:22.000Z</time>
        <extensions>
          <ns3:TrackPointExtension>
            <ns3:hr>118</ns3:hr>
            <ns3:cad>80</ns3:cad>
          </ns3:TrackPointExtension>
        </extensions>
      </trkpt>
      <trkpt lat="43.85541046969592571258544921875" lon="87.51692648045718669891357421875">
        <ele>787</ele>
        <time>2026-08-01T14:13:24.000Z</time>
        <extensions>
          <ns3:TrackPointExtension>
            <ns3:hr>119</ns3:hr>
            <ns3:cad>54</ns3:cad>
          </ns3:TrackPointExtension>
        </extensions>
      </trkpt>
      <trkpt lat="43.85527317412197589874267578125" lon="87.5168891809880733489990234375">
        <ele>787.79998779296875</ele>
        <time>2026-08-01T14:13:32.000Z</time>
        <extensions>
          <ns3:TrackPointExtension>
            <ns3:hr>119</ns3:hr>
            <ns3:cad>79</ns3:cad>
          </ns3:TrackPointExtension>
        </extensions>
      </trkpt>
      <trkpt lat="43.85518298484385013580322265625" lon="87.51683981157839298248291015625">
        <ele>788.5999755859375</ele>
        <time>2026-08-01T14:13:38.000Z</time>
        <extensions>
          <ns3:TrackPointExtension>
            <ns3:hr>119</ns3:hr>
            <ns3:cad>77</ns3:cad>
          </ns3:TrackPointExtension>
        </extensions>
      </trkpt>
      <trkpt lat="43.85517175309360027313232421875" lon="87.51682153902947902679443359375">
        <ele>788.79998779296875</ele>
        <time>2026-08-01T14:13:39.000Z</time>
        <extensions>
          <ns3:TrackPointExtension>
            <ns3:hr>122</ns3:hr>
            <ns3:cad>77</ns3:cad>
          </ns3:TrackPointExtension>
        </extensions>
      </trkpt>
      <trkpt lat="43.8550794683396816253662109375" lon="87.51669547520577907562255859375">
        <ele>789.79998779296875</ele>
        <time>2026-08-01T14:13:46.000Z</time>
        <extensions>
          <ns3:TrackPointExtension>
            <ns3:hr>123</ns3:hr>
            <ns3:cad>79</ns3:cad>
          </ns3:TrackPointExtension>
        </extensions>
      </trkpt>
      <trkpt lat="43.85508927516639232635498046875" lon="87.51651358790695667266845703125">
        <ele>789.5999755859375</ele>
        <time>2026-08-01T14:13:53.000Z</time>
        <extensions>
          <ns3:TrackPointExtension>
            <ns3:hr>123</ns3:hr>
            <ns3:cad>0</ns3:cad>
          </ns3:TrackPointExtension>
        </extensions>
      </trkpt>
      <trkpt lat="43.85510033927857875823974609375" lon="87.51624117605388164520263671875">
        <ele>789.79998779296875</ele>
        <time>2026-08-01T14:14:01.000Z</time>
        <extensions>
          <ns3:TrackPointExtension>
            <ns3:hr>121</ns3:hr>
            <ns3:cad>75</ns3:cad>
          </ns3:TrackPointExtension>
        </extensions>
      </trkpt>
      <trkpt lat="43.85513068176805973052978515625" lon="87.51603816635906696319580078125">
        <ele>788.79998779296875</ele>
        <time>2026-08-01T14:14:08.000Z</time>
        <extensions>
          <ns3:TrackPointExtension>
            <ns3:hr>123</ns3:hr>
            <ns3:cad>78</ns3:cad>
          </ns3:TrackPointExtension>
        </extensions>
      </trkpt>
      <trkpt lat="43.85514627210795879364013671875" lon="87.51578427851200103759765625">
        <ele>791.20001220703125</ele>
        <time>2026-08-01T14:14:16.000Z</time>
        <extensions>
          <ns3:TrackPointExtension>
            <ns3:hr>126</ns3:hr>
            <ns3:cad>79</ns3:cad>
          </ns3:TrackPointExtension>
        </extensions>
      </trkpt>
      <trkpt lat="43.85517661459743976593017578125" lon="87.51562443561851978302001953125">
        <ele>793.20001220703125</ele>
        <time>2026-08-01T14:14:22.000Z</time>
        <extensions>
          <ns3:TrackPointExtension>
            <ns3:hr>128</ns3:hr>
            <ns3:cad>79</ns3:cad>
          </ns3:TrackPointExtension>
        </extensions>
      </trkpt>
      <trkpt lat="43.85518491268157958984375" lon="87.51548697240650653839111328125">
        <ele>795</ele>
        <time>2026-08-01T14:14:29.000Z</time>
        <extensions>
          <ns3:TrackPointExtension>
            <ns3:hr>128</ns3:hr>
            <ns3:cad>57</ns3:cad>
          </ns3:TrackPointExtension>
        </extensions>
      </trkpt>
      <trkpt lat="43.85518717579543590545654296875" lon="87.5153395347297191619873046875">
        <ele>797.20001220703125</ele>
        <time>2026-08-01T14:14:37.000Z</time>
        <extensions>
          <ns3:TrackPointExtension>
            <ns3:hr>132</ns3:hr>
            <ns3:cad>56</ns3:cad>
          </ns3:TrackPointExtension>
        </extensions>
      </trkpt>
      <trkpt lat="43.85518901981413364410400390625" lon="87.5153083540499210357666015625">
        <ele>797.4000244140625</ele>
        <time>2026-08-01T14:14:38.000Z</time>
        <extensions>
          <ns3:TrackPointExtension>
            <ns3:hr>129</ns3:hr>
            <ns3:cad>56</ns3:cad>
          </ns3:TrackPointExtension>
        </extensions>
      </trkpt>
      <trkpt lat="43.85519723407924175262451171875" lon="87.515203915536403656005859375">
        <ele>798.4000244140625</ele>
        <time>2026-08-01T14:14:41.000Z</time>
        <extensions>
          <ns3:TrackPointExtension>
            <ns3:hr>125</ns3:hr>
            <ns3:cad>76</ns3:cad>
          </ns3:TrackPointExtension>
        </extensions>
      </trkpt>
      <trkpt lat="43.85521374642848968505859375" lon="87.515115402638912200927734375">
        <ele>798.5999755859375</ele>
        <time>2026-08-01T14:14:44.000Z</time>
        <extensions>
          <ns3:TrackPointExtension>
            <ns3:hr>128</ns3:hr>
            <ns3:cad>78</ns3:cad>
          </ns3:TrackPointExtension>
        </extensions>
      </trkpt>
      <trkpt lat="43.85524593293666839599609375" lon="87.51490510068833827972412109375">
        <ele>798.20001220703125</ele>
        <time>2026-08-01T14:14:51.000Z</time>
        <extensions>
          <ns3:TrackPointExtension>
            <ns3:hr>127</ns3:hr>
            <ns3:cad>77</ns3:cad>
          </ns3:TrackPointExtension>
        </extensions>
      </trkpt>
      <trkpt lat="43.8552548177540302276611328125" lon="87.5148520432412624359130859375">
        <ele>797.79998779296875</ele>
        <time>2026-08-01T14:14:53.000Z</time>
        <extensions>
          <ns3:TrackPointExtension>
            <ns3:hr>130</ns3:hr>
            <ns3:cad>78</ns3:cad>
          </ns3:TrackPointExtension>
        </extensions>
      </trkpt>
      <trkpt lat="43.855286501348018646240234375" lon="87.51465431414544582366943359375">
        <ele>797.20001220703125</ele>
        <time>2026-08-01T14:15:00.000Z</time>
        <extensions>
          <ns3:TrackPointExtension>
            <ns3:hr>130</ns3:hr>
            <ns3:cad>78</ns3:cad>
          </ns3:TrackPointExtension>
        </extensions>
      </trkpt>
      <trkpt lat="43.8553041033446788787841796875" lon="87.51456730999052524566650390625">
        <ele>797</ele>
        <time>2026-08-01T14:15:03.000Z</time>
        <extensions>
          <ns3:TrackPointExtension>
            <ns3:hr>133</ns3:hr>
            <ns3:cad>79</ns3:cad>
          </ns3:TrackPointExtension>
        </extensions>
      </trkpt>
      <trkpt lat="43.85533771477639675140380859375" lon="87.51442330889403820037841796875">
        <ele>796.4000244140625</ele>
        <time>2026-08-01T14:15:08.000Z</time>
        <extensions>
          <ns3:TrackPointExtension>
            <ns3:hr>135</ns3:hr>
            <ns3:cad>79</ns3:cad>
          </ns3:TrackPointExtension>
        </extensions>
      </trkpt>
      <trkpt lat="43.85535196401178836822509765625" lon="87.5143682397902011871337890625">
        <ele>796</ele>
        <time>2026-08-01T14:15:10.000Z</time>
        <extensions>
          <ns3:TrackPointExtension>
            <ns3:hr>132</ns3:hr>
            <ns3:cad>80</ns3:cad>
          </ns3:TrackPointExtension>
        </extensions>
      </trkpt>
      <trkpt lat="43.85536604560911655426025390625" lon="87.51423505134880542755126953125">
        <ele>795.5999755859375</ele>
        <time>2026-08-01T14:15:14.000Z</time>
        <extensions>
          <ns3:TrackPointExtension>
            <ns3:hr>133</ns3:hr>
            <ns3:cad>81</ns3:cad>
          </ns3:TrackPointExtension>
        </extensions>
      </trkpt>
      <trkpt lat="43.85539211332798004150390625" lon="87.5141080655157566070556640625">
        <ele>796.79998779296875</ele>
        <time>2026-08-01T14:15:18.000Z</time>
        <extensions>
          <ns3:TrackPointExtension>
            <ns3:hr>138</ns3:hr>
            <ns3:cad>79</ns3:cad>
          </ns3:TrackPointExtension>
        </extensions>
      </trkpt>
      <trkpt lat="43.85539990849792957305908203125" lon="87.51403145492076873779296875">
        <ele>797.5999755859375</ele>
        <time>2026-08-01T14:15:21.000Z</time>
        <extensions>
          <ns3:TrackPointExtension>
            <ns3:hr>135</ns3:hr>
            <ns3:cad>79</ns3:cad>
          </ns3:TrackPointExtension>
        </extensions>
      </trkpt>
      <trkpt lat="43.85540158487856388092041015625" lon="87.51401410438120365142822265625">
        <ele>797.79998779296875</ele>
        <time>2026-08-01T14:15:22.000Z</time>
        <extensions>
          <ns3:TrackPointExtension>
            <ns3:hr>136</ns3:hr>
            <ns3:cad>79</ns3:cad>
          </ns3:TrackPointExtension>
        </extensions>
      </trkpt>
      <trkpt lat="43.85543058626353740692138671875" lon="87.51385652460157871246337890625">
        <ele>799.20001220703125</ele>
        <time>2026-08-01T14:15:28.000Z</time>
        <extensions>
          <ns3:TrackPointExtension>
            <ns3:hr>136</ns3:hr>
            <ns3:cad>78</ns3:cad>
          </ns3:TrackPointExtension>
        </extensions>
      </trkpt>
      <trkpt lat="43.855444081127643585205078125" lon="87.5138046406209468841552734375">
        <ele>799.5999755859375</ele>
        <time>2026-08-01T14:15:30.000Z</time>
        <extensions>
          <ns3:TrackPointExtension>
            <ns3:hr>135</ns3:hr>
            <ns3:cad>76</ns3:cad>
          </ns3:TrackPointExtension>
        </extensions>
      </trkpt>
      <trkpt lat="43.85545489378273487091064453125" lon="87.5137409381568431854248046875">
        <ele>800</ele>
        <time>2026-08-01T14:15:32.000Z</time>
        <extensions>
          <ns3:TrackPointExtension>
            <ns3:hr>138</ns3:hr>
            <ns3:cad>77</ns3:cad>
          </ns3:TrackPointExtension>
        </extensions>
      </trkpt>
      <trkpt lat="43.85545791126787662506103515625" lon="87.51371051184833049774169921875">
        <ele>800.20001220703125</ele>
        <time>2026-08-01T14:15:33.000Z</time>
        <extensions>
          <ns3:TrackPointExtension>
            <ns3:hr>137</ns3:hr>
            <ns3:cad>78</ns3:cad>
          </ns3:TrackPointExtension>
        </extensions>
      </trkpt>
      <trkpt lat="43.8554732501506805419921875" lon="87.51345268450677394866943359375">
        <ele>801.4000244140625</ele>
        <time>2026-08-01T14:15:40.000Z</time>
        <extensions>
          <ns3:TrackPointExtension>
            <ns3:hr>136</ns3:hr>
            <ns3:cad>78</ns3:cad>
          </ns3:TrackPointExtension>
        </extensions>
      </trkpt>
      <trkpt lat="43.85553569532930850982666015625" lon="87.5132990442216396331787109375">
        <ele>801.20001220703125</ele>
        <time>2026-08-01T14:15:46.000Z</time>
        <extensions>
          <ns3:TrackPointExtension>
            <ns3:hr>139</ns3:hr>
            <ns3:cad>79</ns3:cad>
          </ns3:TrackPointExtension>
        </extensions>
      </trkpt>
      <trkpt lat="43.85553854517638683319091796875" lon="87.51326526515185832977294921875">
        <ele>801</ele>
        <time>2026-08-01T14:15:47.000Z</time>
        <extensions>
          <ns3:TrackPointExtension>
            <ns3:hr>139</ns3:hr>
            <ns3:cad>79</ns3:cad>
          </ns3:TrackPointExtension>
        </extensions>
      </trkpt>
      <trkpt lat="43.855569474399089813232421875" lon="87.51300550997257232666015625">
        <ele>799.4000244140625</ele>
        <time>2026-08-01T14:15:55.000Z</time>
        <extensions>
          <ns3:TrackPointExtension>
            <ns3:hr>139</ns3:hr>
            <ns3:cad>79</ns3:cad>
          </ns3:TrackPointExtension>
        </extensions>
      </trkpt>
      <trkpt lat="43.855589926242828369140625" lon="87.51283829100430011749267578125">
        <ele>798</ele>
        <time>2026-08-01T14:16:00.000Z</time>
        <extensions>
          <ns3:TrackPointExtension>
            <ns3:hr>138</ns3:hr>
            <ns3:cad>79</ns3:cad>
          </ns3:TrackPointExtension>
        </extensions>
      </trkpt>
      <trkpt lat="43.85558917187154293060302734375" lon="87.51271189190447330474853515625">
        <ele>796.5999755859375</ele>
        <time>2026-08-01T14:16:06.000Z</time>
        <extensions>
          <ns3:TrackPointExtension>
            <ns3:hr>138</ns3:hr>
            <ns3:cad>0</ns3:cad>
          </ns3:TrackPointExtension>
        </extensions>
      </trkpt>
      <trkpt lat="43.8555947877466678619384765625" lon="87.51269311644136905670166015625">
        <ele>796.4000244140625</ele>
        <time>2026-08-01T14:16:07.000Z</time>
        <extensions>
          <ns3:TrackPointExtension>
            <ns3:hr>138</ns3:hr>
            <ns3:cad>0</ns3:cad>
          </ns3:TrackPointExtension>
        </extensions>
      </trkpt>
      <trkpt lat="43.85560342110693454742431640625" lon="87.51261499710381031036376953125">
        <ele>795.4000244140625</ele>
        <time>2026-08-01T14:16:11.000Z</time>
        <extensions>
          <ns3:TrackPointExtension>
            <ns3:hr>137</ns3:hr>
            <ns3:cad>0</ns3:cad>
          </ns3:TrackPointExtension>
        </extensions>
      </trkpt>
      <trkpt lat="43.85561113245785236358642578125" lon="87.51253637485206127166748046875">
        <ele>794.5999755859375</ele>
        <time>2026-08-01T14:16:17.000Z</time>
        <extensions>
          <ns3:TrackPointExtension>
            <ns3:hr>133</ns3:hr>
            <ns3:cad>54</ns3:cad>
          </ns3:TrackPointExtension>
        </extensions>
      </trkpt>
      <trkpt lat="43.85561934672296047210693359375" lon="87.51247786916792392730712890625">
        <ele>794</ele>
        <time>2026-08-01T14:16:20.000Z</time>
        <extensions>
          <ns3:TrackPointExtension>
            <ns3:hr>134</ns3:hr>
            <ns3:cad>54</ns3:cad>
          </ns3:TrackPointExtension>
        </extensions>
      </trkpt>
      <trkpt lat="43.8556219451129436492919921875" lon="87.51241542398929595947265625">
        <ele>793.20001220703125</ele>
        <time>2026-08-01T14:16:24.000Z</time>
        <extensions>
          <ns3:TrackPointExtension>
            <ns3:hr>131</ns3:hr>
            <ns3:cad>54</ns3:cad>
          </ns3:TrackPointExtension>
        </extensions>
      </trkpt>
      <trkpt lat="43.8556246273219585418701171875" lon="87.5123297609388828277587890625">
        <ele>792.4000244140625</ele>
        <time>2026-08-01T14:16:27.000Z</time>
        <extensions>
          <ns3:TrackPointExtension>
            <ns3:hr>131</ns3:hr>
            <ns3:cad>54</ns3:cad>
          </ns3:TrackPointExtension>
        </extensions>
      </trkpt>
      <trkpt lat="43.85564566589891910552978515625" lon="87.51220352947711944580078125">
        <ele>791.79998779296875</ele>
        <time>2026-08-01T14:16:31.000Z</time>
        <extensions>
          <ns3:TrackPointExtension>
            <ns3:hr>129</ns3:hr>
            <ns3:cad>80</ns3:cad>
          </ns3:TrackPointExtension>
        </extensions>
      </trkpt>
      <trkpt lat="43.8556749187409877777099609375" lon="87.5119814090430736541748046875">
        <ele>790.4000244140625</ele>
        <time>2026-08-01T14:16:38.000Z</time>
        <extensions>
          <ns3:TrackPointExtension>
            <ns3:hr>127</ns3:hr>
            <ns3:cad>79</ns3:cad>
          </ns3:TrackPointExtension>
        </extensions>
      </trkpt>
      <trkpt lat="43.8556987233459949493408203125" lon="87.511786110699176788330078125">
        <ele>788</ele>
        <time>2026-08-01T14:16:44.000Z</time>
        <extensions>
          <ns3:TrackPointExtension>
            <ns3:hr>130</ns3:hr>
            <ns3:cad>80</ns3:cad>
          </ns3:TrackPointExtension>
        </extensions>
      </trkpt>
      <trkpt lat="43.855707943439483642578125" lon="87.51168259419500827789306640625">
        <ele>786.4000244140625</ele>
        <time>2026-08-01T14:16:47.000Z</time>
        <extensions>
          <ns3:TrackPointExtension>
            <ns3:hr>133</ns3:hr>
            <ns3:cad>81</ns3:cad>
          </ns3:TrackPointExtension>
        </extensions>
      </trkpt>
      <trkpt lat="43.8557205162942409515380859375" lon="87.51163984648883342742919921875">
        <ele>785.79998779296875</ele>
        <time>2026-08-01T14:16:49.000Z</time>
        <extensions>
          <ns3:TrackPointExtension>
            <ns3:hr>136</ns3:hr>
            <ns3:cad>77</ns3:cad>
          </ns3:TrackPointExtension>
        </extensions>
      </trkpt>
      <trkpt lat="43.85574960149824619293212890625" lon="87.51152652315795421600341796875">
        <ele>784.5999755859375</ele>
        <time>2026-08-01T14:17:26.000Z</time>
        <extensions>
          <ns3:TrackPointExtension>
            <ns3:hr>115</ns3:hr>
            <ns3:cad>0</ns3:cad>
          </ns3:TrackPointExtension>
        </extensions>
      </trkpt>
      <trkpt lat="43.8557495176792144775390625" lon="87.51152652315795421600341796875">
        <ele>784.5999755859375</ele>
        <time>2026-08-01T14:17:27.000Z</time>
        <extensions>
          <ns3:TrackPointExtension>
            <ns3:hr>114</ns3:hr>
            <ns3:cad>0</ns3:cad>
          </ns3:TrackPointExtension>
        </extensions>
      </trkpt>
      <trkpt lat="43.855748511850833892822265625" lon="87.51143381930887699127197265625">
        <ele>783.79998779296875</ele>
        <time>2026-08-01T14:17:32.000Z</time>
        <extensions>
          <ns3:TrackPointExtension>
            <ns3:hr>112</ns3:hr>
            <ns3:cad>78</ns3:cad>
          </ns3:TrackPointExtension>
        </extensions>
      </trkpt>
      <trkpt lat="43.85574172250926494598388671875" lon="87.51115637831389904022216796875">
        <ele>782</ele>
        <time>2026-08-01T14:17:37.000Z</time>
        <extensions>
          <ns3:TrackPointExtension>
            <ns3:hr>113</ns3:hr>
            <ns3:cad>82</ns3:cad>
          </ns3:TrackPointExtension>
        </extensions>
      </trkpt>
      <trkpt lat="43.85574390180408954620361328125" lon="87.51109820790588855743408203125">
        <ele>781.79998779296875</ele>
        <time>2026-08-01T14:17:38.000Z</time>
        <extensions>
          <ns3:TrackPointExtension>
            <ns3:hr>115</ns3:hr>
            <ns3:cad>83</ns3:cad>
          </ns3:TrackPointExtension>
        </extensions>
      </trkpt>
      <trkpt lat="43.85573334060609340667724609375" lon="87.51094129867851734161376953125">
        <ele>781.5999755859375</ele>
        <time>2026-08-01T14:17:41.000Z</time>
        <extensions>
          <ns3:TrackPointExtension>
            <ns3:hr>118</ns3:hr>
            <ns3:cad>84</ns3:cad>
          </ns3:TrackPointExtension>
        </extensions>
      </trkpt>
      <trkpt lat="43.85569260455667972564697265625" lon="87.5107316672801971435546875">
        <ele>781.4000244140625</ele>
        <time>2026-08-01T14:17:46.000Z</time>
        <extensions>
          <ns3:TrackPointExtension>
            <ns3:hr>122</ns3:hr>
            <ns3:cad>82</ns3:cad>
          </ns3:TrackPointExtension>
        </extensions>
      </trkpt>
      <trkpt lat="43.85568841360509395599365234375" lon="87.51069084741175174713134765625">
        <ele>781.4000244140625</ele>
        <time>2026-08-01T14:17:47.000Z</time>
        <extensions>
          <ns3:TrackPointExtension>
            <ns3:hr>123</ns3:hr>
            <ns3:cad>82</ns3:cad>
          </ns3:TrackPointExtension>
        </extensions>
      </trkpt>
      <trkpt lat="43.85569252073764801025390625" lon="87.510534189641475677490234375">
        <ele>781.5999755859375</ele>
        <time>2026-08-01T14:17:51.000Z</time>
        <extensions>
          <ns3:TrackPointExtension>
            <ns3:hr>126</ns3:hr>
            <ns3:cad>82</ns3:cad>
          </ns3:TrackPointExtension>
        </extensions>
      </trkpt>
      <trkpt lat="43.855694197118282318115234375" lon="87.5104270689189434051513671875">
        <ele>782</ele>
        <time>2026-08-01T14:17:54.000Z</time>
        <extensions>
          <ns3:TrackPointExtension>
            <ns3:hr>128</ns3:hr>
            <ns3:cad>82</ns3:cad>
          </ns3:TrackPointExtension>
        </extensions>
      </trkpt>
      <trkpt lat="43.8557027466595172882080078125" lon="87.5102165155112743377685546875">
        <ele>782</ele>
        <time>2026-08-01T14:18:00.000Z</time>
        <extensions>
          <ns3:TrackPointExtension>
            <ns3:hr>131</ns3:hr>
            <ns3:cad>82</ns3:cad>
          </ns3:TrackPointExtension>
        </extensions>
      </trkpt>
      <trkpt lat="43.8557134754955768585205078125" lon="87.510113082826137542724609375">
        <ele>782.20001220703125</ele>
        <time>2026-08-01T14:18:03.000Z</time>
        <extensions>
          <ns3:TrackPointExtension>
            <ns3:hr>132</ns3:hr>
            <ns3:cad>81</ns3:cad>
          </ns3:TrackPointExtension>
        </extensions>
      </trkpt>
      <trkpt lat="43.85572361759841442108154296875" lon="87.50985383056104183197021484375">
        <ele>783</ele>
        <time>2026-08-01T14:18:10.000Z</time>
        <extensions>
          <ns3:TrackPointExtension>
            <ns3:hr>134</ns3:hr>
            <ns3:cad>81</ns3:cad>
          </ns3:TrackPointExtension>
        </extensions>
      </trkpt>
      <trkpt lat="43.85571221821010112762451171875" lon="87.50969256274402141571044921875">
        <ele>783.79998779296875</ele>
        <time>2026-08-01T14:18:14.000Z</time>
        <extensions>
          <ns3:TrackPointExtension>
            <ns3:hr>133</ns3:hr>
            <ns3:cad>81</ns3:cad>
          </ns3:TrackPointExtension>
        </extensions>
      </trkpt>
      <trkpt lat="43.855719007551670074462890625" lon="87.50948108732700347900390625">
        <ele>785.79998779296875</ele>
        <time>2026-08-01T14:18:20.000Z</time>
        <extensions>
          <ns3:TrackPointExtension>
            <ns3:hr>136</ns3:hr>
            <ns3:cad>79</ns3:cad>
          </ns3:TrackPointExtension>
        </extensions>
      </trkpt>
      <trkpt lat="43.85572948493063449859619140625" lon="87.5093052349984645843505859375">
        <ele>789</ele>
        <time>2026-08-01T14:18:25.000Z</time>
        <extensions>
          <ns3:TrackPointExtension>
            <ns3:hr>136</ns3:hr>
            <ns3:cad>80</ns3:cad>
          </ns3:TrackPointExtension>
        </extensions>
      </trkpt>
      <trkpt lat="43.8557352684438228607177734375" lon="87.5091785006225109100341796875">
        <ele>791.5999755859375</ele>
        <time>2026-08-01T14:18:31.000Z</time>
        <extensions>
          <ns3:TrackPointExtension>
            <ns3:hr>137</ns3:hr>
            <ns3:cad>80</ns3:cad>
          </ns3:TrackPointExtension>
        </extensions>
      </trkpt>
      <trkpt lat="43.85574859566986560821533203125" lon="87.5090177357196807861328125">
        <ele>793.5999755859375</ele>
        <time>2026-08-01T14:18:40.000Z</time>
        <extensions>
          <ns3:TrackPointExtension>
            <ns3:hr>135</ns3:hr>
            <ns3:cad>56</ns3:cad>
          </ns3:TrackPointExtension>
        </extensions>
      </trkpt>
      <trkpt lat="43.855747170746326446533203125" lon="87.50880324281752109527587890625">
        <ele>796.20001220703125</ele>
        <time>2026-08-01T14:18:48.000Z</time>
        <extensions>
          <ns3:TrackPointExtension>
            <ns3:hr>132</ns3:hr>
            <ns3:cad>79</ns3:cad>
          </ns3:TrackPointExtension>
        </extensions>
      </trkpt>
      <trkpt lat="43.85575630702078342437744140625" lon="87.508718669414520263671875">
        <ele>797</ele>
        <time>2026-08-01T14:18:51.000Z</time>
        <extensions>
          <ns3:TrackPointExtension>
            <ns3:hr>131</ns3:hr>
            <ns3:cad>80</ns3:cad>
          </ns3:TrackPointExtension>
        </extensions>
      </trkpt>
      <trkpt lat="43.8557637669146060943603515625" lon="87.508514821529388427734375">
        <ele>797.79998779296875</ele>
        <time>2026-08-01T14:18:58.000Z</time>
        <extensions>
          <ns3:TrackPointExtension>
            <ns3:hr>134</ns3:hr>
            <ns3:cad>81</ns3:cad>
          </ns3:TrackPointExtension>
        </extensions>
      </trkpt>
      <trkpt lat="43.85575127787888050079345703125" lon="87.508381046354770660400390625">
        <ele>797.4000244140625</ele>
        <time>2026-08-01T14:19:02.000Z</time>
        <extensions>
          <ns3:TrackPointExtension>
            <ns3:hr>134</ns3:hr>
            <ns3:cad>81</ns3:cad>
          </ns3:TrackPointExtension>
        </extensions>
      </trkpt>
      <trkpt lat="43.8557419739663600921630859375" lon="87.5081307627260684967041015625">
        <ele>796.5999755859375</ele>
        <time>2026-08-01T14:19:10.000Z</time>
        <extensions>
          <ns3:TrackPointExtension>
            <ns3:hr>133</ns3:hr>
            <ns3:cad>81</ns3:cad>
          </ns3:TrackPointExtension>
        </extensions>
      </trkpt>
      <trkpt lat="43.85573669336736202239990234375" lon="87.50805943273007869720458984375">
        <ele>796.4000244140625</ele>
        <time>2026-08-01T14:19:12.000Z</time>
        <extensions>
          <ns3:TrackPointExtension>
            <ns3:hr>133</ns3:hr>
            <ns3:cad>81</ns3:cad>
          </ns3:TrackPointExtension>
        </extensions>
      </trkpt>
      <trkpt lat="43.85574524290859699249267578125" lon="87.50782658345997333526611328125">
        <ele>794.5999755859375</ele>
        <time>2026-08-01T14:19:19.000Z</time>
        <extensions>
          <ns3:TrackPointExtension>
            <ns3:hr>135</ns3:hr>
            <ns3:cad>81</ns3:cad>
          </ns3:TrackPointExtension>
        </extensions>
      </trkpt>
      <trkpt lat="43.85577390901744365692138671875" lon="87.50756842084228992462158203125">
        <ele>792.4000244140625</ele>
        <time>2026-08-01T14:19:27.000Z</time>
        <extensions>
          <ns3:TrackPointExtension>
            <ns3:hr>135</ns3:hr>
            <ns3:cad>79</ns3:cad>
          </ns3:TrackPointExtension>
        </extensions>
      </trkpt>
      <trkpt lat="43.855775333940982818603515625" lon="87.50753589905798435211181640625">
        <ele>792.20001220703125</ele>
        <time>2026-08-01T14:19:28.000Z</time>
        <extensions>
          <ns3:TrackPointExtension>
            <ns3:hr>135</ns3:hr>
            <ns3:cad>79</ns3:cad>
          </ns3:TrackPointExtension>
        </extensions>
      </trkpt>
      <trkpt lat="43.8558033294975757598876953125" lon="87.50727899372577667236328125">
        <ele>790.20001220703125</ele>
        <time>2026-08-01T14:19:36.000Z</time>
        <extensions>
          <ns3:TrackPointExtension>
            <ns3:hr>138</ns3:hr>
            <ns3:cad>81</ns3:cad>
          </ns3:TrackPointExtension>
        </extensions>
      </trkpt>
      <trkpt lat="43.85580877773463726043701171875" lon="87.50724814832210540771484375">
        <ele>790</ele>
        <time>2026-08-01T14:19:37.000Z</time>
        <extensions>
          <ns3:TrackPointExtension>
            <ns3:hr>137</ns3:hr>
            <ns3:cad>79</ns3:cad>
          </ns3:TrackPointExtension>
        </extensions>
      </trkpt>
      <trkpt lat="43.855796121060848236083984375" lon="87.50698369927704334259033203125">
        <ele>788.20001220703125</ele>
        <time>2026-08-01T14:19:44.000Z</time>
        <extensions>
          <ns3:TrackPointExtension>
            <ns3:hr>139</ns3:hr>
            <ns3:cad>81</ns3:cad>
          </ns3:TrackPointExtension>
        </extensions>
      </trkpt>
      <trkpt lat="43.8557924330234527587890625" lon="87.50694564543664455413818359375">
        <ele>788</ele>
        <time>2026-08-01T14:19:45.000Z</time>
        <extensions>
          <ns3:TrackPointExtension>
            <ns3:hr>140</ns3:hr>
            <ns3:cad>81</ns3:cad>
          </ns3:TrackPointExtension>
        </extensions>
      </trkpt>
      <trkpt lat="43.85580383241176605224609375" lon="87.50677406787872314453125">
        <ele>787.4000244140625</ele>
        <time>2026-08-01T14:19:50.000Z</time>
        <extensions>
          <ns3:TrackPointExtension>
            <ns3:hr>143</ns3:hr>
            <ns3:cad>81</ns3:cad>
          </ns3:TrackPointExtension>
        </extensions>
      </trkpt>
      <trkpt lat="43.85581062175333499908447265625" lon="87.506703995168209075927734375">
        <ele>787.20001220703125</ele>
        <time>2026-08-01T14:19:52.000Z</time>
        <extensions>
          <ns3:TrackPointExtension>
            <ns3:hr>143</ns3:hr>
            <ns3:cad>81</ns3:cad>
          </ns3:TrackPointExtension>
        </extensions>
      </trkpt>
      <trkpt lat="43.855836354196071624755859375" lon="87.506472654640674591064453125">
        <ele>785.4000244140625</ele>
        <time>2026-08-01T14:19:59.000Z</time>
        <extensions>
          <ns3:TrackPointExtension>
            <ns3:hr>144</ns3:hr>
            <ns3:cad>80</ns3:cad>
          </ns3:TrackPointExtension>
        </extensions>
      </trkpt>
      <trkpt lat="43.855842053890228271484375" lon="87.50639663077890872955322265625">
        <ele>784.5999755859375</ele>
        <time>2026-08-01T14:20:04.000Z</time>
        <extensions>
          <ns3:TrackPointExtension>
            <ns3:hr>143</ns3:hr>
            <ns3:cad>0</ns3:cad>
          </ns3:TrackPointExtension>
        </extensions>
      </trkpt>
      <trkpt lat="43.85582889430224895477294921875" lon="87.50631767325103282928466796875">
        <ele>783.79998779296875</ele>
        <time>2026-08-01T14:20:08.000Z</time>
        <extensions>
          <ns3:TrackPointExtension>
            <ns3:hr>140</ns3:hr>
            <ns3:cad>55</ns3:cad>
          </ns3:TrackPointExtension>
        </extensions>
      </trkpt>
      <trkpt lat="43.855828978121280670166015625" lon="87.50626654364168643951416015625">
        <ele>783.4000244140625</ele>
        <time>2026-08-01T14:20:11.000Z</time>
        <extensions>
          <ns3:TrackPointExtension>
            <ns3:hr>137</ns3:hr>
            <ns3:cad>55</ns3:cad>
          </ns3:TrackPointExtension>
        </extensions>
      </trkpt>
      <trkpt lat="43.8558385334908962249755859375" lon="87.506238631904125213623046875">
        <ele>783</ele>
        <time>2026-08-01T14:20:13.000Z</time>
        <extensions>
          <ns3:TrackPointExtension>
            <ns3:hr>135</ns3:hr>
            <ns3:cad>55</ns3:cad>
          </ns3:TrackPointExtension>
        </extensions>
      </trkpt>
      <trkpt lat="43.8558381982147693634033203125" lon="87.50615992583334445953369140625">
        <ele>782.20001220703125</ele>
        <time>2026-08-01T14:20:18.000Z</time>
        <extensions>
          <ns3:TrackPointExtension>
            <ns3:hr>132</ns3:hr>
            <ns3:cad>55</ns3:cad>
          </ns3:TrackPointExtension>
        </extensions>
      </trkpt>
      <trkpt lat="43.85583543218672275543212890625" lon="87.50610410235822200775146484375">
        <ele>781.79998779296875</ele>
        <time>2026-08-01T14:20:21.000Z</time>
        <extensions>
          <ns3:TrackPointExtension>
            <ns3:hr>131</ns3:hr>
            <ns3:cad>55</ns3:cad>
          </ns3:TrackPointExtension>
        </extensions>
      </trkpt>
      <trkpt lat="43.855867199599742889404296875" lon="87.50592791475355625152587890625">
        <ele>780.4000244140625</ele>
        <time>2026-08-01T14:20:27.000Z</time>
        <extensions>
          <ns3:TrackPointExtension>
            <ns3:hr>129</ns3:hr>
            <ns3:cad>78</ns3:cad>
          </ns3:TrackPointExtension>
        </extensions>
      </trkpt>
      <trkpt lat="43.85583476163446903228759765625" lon="87.5056802295148372650146484375">
        <ele>780.5999755859375</ele>
        <time>2026-08-01T14:20:33.000Z</time>
        <extensions>
          <ns3:TrackPointExtension>
            <ns3:hr>130</ns3:hr>
            <ns3:cad>82</ns3:cad>
          </ns3:TrackPointExtension>
        </extensions>
      </trkpt>
      <trkpt lat="43.85582336224615573883056640625" lon="87.50559079460799694061279296875">
        <ele>781</ele>
        <time>2026-08-01T14:20:35.000Z</time>
        <extensions>
          <ns3:TrackPointExtension>
            <ns3:hr>132</ns3:hr>
            <ns3:cad>82</ns3:cad>
          </ns3:TrackPointExtension>
        </extensions>
      </trkpt>
      <trkpt lat="43.85581062175333499908447265625" lon="87.5055021978914737701416015625">
        <ele>781.79998779296875</ele>
        <time>2026-08-01T14:20:37.000Z</time>
        <extensions>
          <ns3:TrackPointExtension>
            <ns3:hr>133</ns3:hr>
            <ns3:cad>82</ns3:cad>
          </ns3:TrackPointExtension>
        </extensions>
      </trkpt>
      <trkpt lat="43.8558073528110980987548828125" lon="87.50541728921234607696533203125">
        <ele>782.79998779296875</ele>
        <time>2026-08-01T14:20:39.000Z</time>
        <extensions>
          <ns3:TrackPointExtension>
            <ns3:hr>136</ns3:hr>
            <ns3:cad>82</ns3:cad>
          </ns3:TrackPointExtension>
        </extensions>
      </trkpt>
      <trkpt lat="43.855820596218109130859375" lon="87.5053348951041698455810546875">
        <ele>783.5999755859375</ele>
        <time>2026-08-01T14:20:42.000Z</time>
        <extensions>
          <ns3:TrackPointExtension>
            <ns3:hr>140</ns3:hr>
            <ns3:cad>82</ns3:cad>
          </ns3:TrackPointExtension>
        </extensions>
      </trkpt>
      <trkpt lat="43.8558324985206127166748046875" lon="87.50532676465809345245361328125">
        <ele>783.79998779296875</ele>
        <time>2026-08-01T14:20:43.000Z</time>
        <extensions>
          <ns3:TrackPointExtension>
            <ns3:hr>143</ns3:hr>
            <ns3:cad>80</ns3:cad>
          </ns3:TrackPointExtension>
        </extensions>
      </trkpt>
      <trkpt lat="43.85583392344415187835693359375" lon="87.5053057260811328887939453125">
        <ele>784</ele>
        <time>2026-08-01T14:20:45.000Z</time>
        <extensions>
          <ns3:TrackPointExtension>
            <ns3:hr>146</ns3:hr>
            <ns3:cad>80</ns3:cad>
          </ns3:TrackPointExtension>
        </extensions>
      </trkpt>
      <trkpt lat="43.85583333671092987060546875" lon="87.50526691786944866180419921875">
        <ele>784.5999755859375</ele>
        <time>2026-08-01T14:20:48.000Z</time>
        <extensions>
          <ns3:TrackPointExtension>
            <ns3:hr>149</ns3:hr>
            <ns3:cad>0</ns3:cad>
          </ns3:TrackPointExtension>
        </extensions>
      </trkpt>
      <trkpt lat="43.8558214344084262847900390625" lon="87.505252249538898468017578125">
        <ele>784.79998779296875</ele>
        <time>2026-08-01T14:20:49.000Z</time>
        <extensions>
          <ns3:TrackPointExtension>
            <ns3:hr>150</ns3:hr>
            <ns3:cad>0</ns3:cad>
          </ns3:TrackPointExtension>
        </extensions>
      </trkpt>
      <trkpt lat="43.8558036647737026214599609375" lon="87.50524663366377353668212890625">
        <ele>784.79998779296875</ele>
        <time>2026-08-01T14:20:50.000Z</time>
        <extensions>
          <ns3:TrackPointExtension>
            <ns3:hr>150</ns3:hr>
            <ns3:cad>0</ns3:cad>
          </ns3:TrackPointExtension>
        </extensions>
      </trkpt>
      <trkpt lat="43.85572764091193675994873046875" lon="87.50526255927979946136474609375">
        <ele>784.4000244140625</ele>
        <time>2026-08-01T14:20:54.000Z</time>
        <extensions>
          <ns3:TrackPointExtension>
            <ns3:hr>147</ns3:hr>
            <ns3:cad>79</ns3:cad>
          </ns3:TrackPointExtension>
        </extensions>
      </trkpt>
      <trkpt lat="43.85570735670626163482666015625" lon="87.50527077354490756988525390625">
        <ele>784.20001220703125</ele>
        <time>2026-08-01T14:20:55.000Z</time>
        <extensions>
          <ns3:TrackPointExtension>
            <ns3:hr>147</ns3:hr>
            <ns3:cad>79</ns3:cad>
          </ns3:TrackPointExtension>
        </extensions>
      </trkpt>
      <trkpt lat="43.8556742481887340545654296875" lon="87.505308575928211212158203125">
        <ele>783.4000244140625</ele>
        <time>2026-08-01T14:20:57.000Z</time>
        <extensions>
          <ns3:TrackPointExtension>
            <ns3:hr>147</ns3:hr>
            <ns3:cad>79</ns3:cad>
          </ns3:TrackPointExtension>
        </extensions>
      </trkpt>
      <trkpt lat="43.85566259734332561492919921875" lon="87.5053752958774566650390625">
        <ele>782.5999755859375</ele>
        <time>2026-08-01T14:20:59.000Z</time>
        <extensions>
          <ns3:TrackPointExtension>
            <ns3:hr>147</ns3:hr>
            <ns3:cad>80</ns3:cad>
          </ns3:TrackPointExtension>
        </extensions>
      </trkpt>
      <trkpt lat="43.8556749187409877777099609375" lon="87.50564695335924625396728515625">
        <ele>780.79998779296875</ele>
        <time>2026-08-01T14:21:06.000Z</time>
        <extensions>
          <ns3:TrackPointExtension>
            <ns3:hr>149</ns3:hr>
            <ns3:cad>81</ns3:cad>
          </ns3:TrackPointExtension>
        </extensions>
      </trkpt>
      <trkpt lat="43.85567869059741497039794921875" lon="87.50572624616324901580810546875">
        <ele>780.5999755859375</ele>
        <time>2026-08-01T14:21:08.000Z</time>
        <extensions>
          <ns3:TrackPointExtension>
            <ns3:hr>150</ns3:hr>
            <ns3:cad>82</ns3:cad>
          </ns3:TrackPointExtension>
        </extensions>
      </trkpt>
      <trkpt lat="43.8556839711964130401611328125" lon="87.5059984065592288970947265625">
        <ele>781.5999755859375</ele>
        <time>2026-08-01T14:21:15.000Z</time>
        <extensions>
          <ns3:TrackPointExtension>
            <ns3:hr>151</ns3:hr>
            <ns3:cad>82</ns3:cad>
          </ns3:TrackPointExtension>
        </extensions>
      </trkpt>
      <trkpt lat="43.8556806184351444244384765625" lon="87.50610460527241230010986328125">
        <ele>782.20001220703125</ele>
        <time>2026-08-01T14:21:18.000Z</time>
        <extensions>
          <ns3:TrackPointExtension>
            <ns3:hr>152</ns3:hr>
            <ns3:cad>82</ns3:cad>
          </ns3:TrackPointExtension>
        </extensions>
      </trkpt>
      <trkpt lat="43.8556833006441593170166015625" lon="87.506357990205287933349609375">
        <ele>784.79998779296875</ele>
        <time>2026-08-01T14:21:25.000Z</time>
        <extensions>
          <ns3:TrackPointExtension>
            <ns3:hr>152</ns3:hr>
            <ns3:cad>81</ns3:cad>
          </ns3:TrackPointExtension>
        </extensions>
      </trkpt>
      <trkpt lat="43.8556755892932415008544921875" lon="87.50643434934318065643310546875">
        <ele>785.5999755859375</ele>
        <time>2026-08-01T14:21:27.000Z</time>
        <extensions>
          <ns3:TrackPointExtension>
            <ns3:hr>152</ns3:hr>
            <ns3:cad>81</ns3:cad>
          </ns3:TrackPointExtension>
        </extensions>
      </trkpt>
      <trkpt lat="43.8556631840765476226806640625" lon="87.50669368542730808258056640625">
        <ele>787.5999755859375</ele>
        <time>2026-08-01T14:21:34.000Z</time>
        <extensions>
          <ns3:TrackPointExtension>
            <ns3:hr>152</ns3:hr>
            <ns3:cad>81</ns3:cad>
          </ns3:TrackPointExtension>
        </extensions>
      </trkpt>
      <trkpt lat="43.8556638546288013458251953125" lon="87.50677230767905712127685546875">
        <ele>788</ele>
        <time>2026-08-01T14:21:36.000Z</time>
        <extensions>
          <ns3:TrackPointExtension>
            <ns3:hr>152</ns3:hr>
            <ns3:cad>81</ns3:cad>
          </ns3:TrackPointExtension>
        </extensions>
      </trkpt>
      <trkpt lat="43.85563753545284271240234375" lon="87.506981603801250457763671875">
        <ele>788.79998779296875</ele>
        <time>2026-08-01T14:21:43.000Z</time>
        <extensions>
          <ns3:TrackPointExtension>
            <ns3:hr>154</ns3:hr>
            <ns3:cad>80</ns3:cad>
          </ns3:TrackPointExtension>
        </extensions>
      </trkpt>
      <trkpt lat="43.85561683215200901031494140625" lon="87.50706709921360015869140625">
        <ele>789.4000244140625</ele>
        <time>2026-08-01T14:21:50.000Z</time>
        <extensions>
          <ns3:TrackPointExtension>
            <ns3:hr>154</ns3:hr>
            <ns3:cad>0</ns3:cad>
          </ns3:TrackPointExtension>
        </extensions>
      </trkpt>
      <trkpt lat="43.85561917908489704132080078125" lon="87.50718100927770137786865234375">
        <ele>790.20001220703125</ele>
        <time>2026-08-01T14:21:57.000Z</time>
        <extensions>
          <ns3:TrackPointExtension>
            <ns3:hr>151</ns3:hr>
            <ns3:cad>56</ns3:cad>
          </ns3:TrackPointExtension>
        </extensions>
      </trkpt>
      <trkpt lat="43.85561850853264331817626953125" lon="87.507224343717098236083984375">
        <ele>790.5999755859375</ele>
        <time>2026-08-01T14:21:59.000Z</time>
        <extensions>
          <ns3:TrackPointExtension>
            <ns3:hr>150</ns3:hr>
            <ns3:cad>56</ns3:cad>
          </ns3:TrackPointExtension>
        </extensions>
      </trkpt>
      <trkpt lat="43.85562370531260967254638671875" lon="87.50741084106266498565673828125">
        <ele>791.79998779296875</ele>
        <time>2026-08-01T14:22:06.000Z</time>
        <extensions>
          <ns3:TrackPointExtension>
            <ns3:hr>148</ns3:hr>
            <ns3:cad>79</ns3:cad>
          </ns3:TrackPointExtension>
        </extensions>
      </trkpt>
      <trkpt lat="43.85562990792095661163330078125" lon="87.507624328136444091796875">
        <ele>793.4000244140625</ele>
        <time>2026-08-01T14:22:12.000Z</time>
        <extensions>
          <ns3:TrackPointExtension>
            <ns3:hr>147</ns3:hr>
            <ns3:cad>81</ns3:cad>
          </ns3:TrackPointExtension>
        </extensions>
      </trkpt>
      <trkpt lat="43.85562119074165821075439453125" lon="87.50789766199886798858642578125">
        <ele>796.79998779296875</ele>
        <time>2026-08-01T14:22:20.000Z</time>
        <extensions>
          <ns3:TrackPointExtension>
            <ns3:hr>149</ns3:hr>
            <ns3:cad>80</ns3:cad>
          </ns3:TrackPointExtension>
        </extensions>
      </trkpt>
      <trkpt lat="43.8556071929633617401123046875" lon="87.50810905359685420989990234375">
        <ele>798.5999755859375</ele>
        <time>2026-08-01T14:22:26.000Z</time>
        <extensions>
          <ns3:TrackPointExtension>
            <ns3:hr>152</ns3:hr>
            <ns3:cad>81</ns3:cad>
          </ns3:TrackPointExtension>
        </extensions>
      </trkpt>
      <trkpt lat="43.85558246634900569915771484375" lon="87.50824601389467716217041015625">
        <ele>799.4000244140625</ele>
        <time>2026-08-01T14:22:30.000Z</time>
        <extensions>
          <ns3:TrackPointExtension>
            <ns3:hr>152</ns3:hr>
            <ns3:cad>81</ns3:cad>
          </ns3:TrackPointExtension>
        </extensions>
      </trkpt>
      <trkpt lat="43.855568133294582366943359375" lon="87.5084258057177066802978515625">
        <ele>799.79998779296875</ele>
        <time>2026-08-01T14:22:36.000Z</time>
        <extensions>
          <ns3:TrackPointExtension>
            <ns3:hr>152</ns3:hr>
            <ns3:cad>80</ns3:cad>
          </ns3:TrackPointExtension>
        </extensions>
      </trkpt>
      <trkpt lat="43.85557995177805423736572265625" lon="87.5084812939167022705078125">
        <ele>799.5999755859375</ele>
        <time>2026-08-01T14:22:41.000Z</time>
        <extensions>
          <ns3:TrackPointExtension>
            <ns3:hr>151</ns3:hr>
            <ns3:cad>53</ns3:cad>
          </ns3:TrackPointExtension>
        </extensions>
      </trkpt>
      <trkpt lat="43.8555840589106082916259765625" lon="87.50849914737045764923095703125">
        <ele>799.5999755859375</ele>
        <time>2026-08-01T14:22:42.000Z</time>
        <extensions>
          <ns3:TrackPointExtension>
            <ns3:hr>151</ns3:hr>
            <ns3:cad>53</ns3:cad>
          </ns3:TrackPointExtension>
        </extensions>
      </trkpt>
      <trkpt lat="43.8555897586047649383544921875" lon="87.50856838189065456390380859375">
        <ele>799.20001220703125</ele>
        <time>2026-08-01T14:22:46.000Z</time>
        <extensions>
          <ns3:TrackPointExtension>
            <ns3:hr>148</ns3:hr>
            <ns3:cad>53</ns3:cad>
          </ns3:TrackPointExtension>
        </extensions>
      </trkpt>
      <trkpt lat="43.85557358153164386749267578125" lon="87.508638538420200347900390625">
        <ele>799</ele>
        <time>2026-08-01T14:22:50.000Z</time>
        <extensions>
          <ns3:TrackPointExtension>
            <ns3:hr>147</ns3:hr>
            <ns3:cad>53</ns3:cad>
          </ns3:TrackPointExtension>
        </extensions>
      </trkpt>
      <trkpt lat="43.85557257570326328277587890625" lon="87.50882235355675220489501953125">
        <ele>796.5999755859375</ele>
        <time>2026-08-01T14:22:56.000Z</time>
        <extensions>
          <ns3:TrackPointExtension>
            <ns3:hr>149</ns3:hr>
            <ns3:cad>79</ns3:cad>
          </ns3:TrackPointExtension>
        </extensions>
      </trkpt>
      <trkpt lat="43.85555815882980823516845703125" lon="87.50909023918211460113525390625">
        <ele>792.79998779296875</ele>
        <time>2026-08-01T14:23:05.000Z</time>
        <extensions>
          <ns3:TrackPointExtension>
            <ns3:hr>147</ns3:hr>
            <ns3:cad>80</ns3:cad>
          </ns3:TrackPointExtension>
        </extensions>
      </trkpt>
      <trkpt lat="43.85555438697338104248046875" lon="87.5091204978525638580322265625">
        <ele>792.4000244140625</ele>
        <time>2026-08-01T14:23:06.000Z</time>
        <extensions>
          <ns3:TrackPointExtension>
            <ns3:hr>147</ns3:hr>
            <ns3:cad>80</ns3:cad>
          </ns3:TrackPointExtension>
        </extensions>
      </trkpt>
      <trkpt lat="43.855519853532314300537109375" lon="87.50938511453568935394287109375">
        <ele>788.20001220703125</ele>
        <time>2026-08-01T14:23:14.000Z</time>
        <extensions>
          <ns3:TrackPointExtension>
            <ns3:hr>148</ns3:hr>
            <ns3:cad>79</ns3:cad>
          </ns3:TrackPointExtension>
        </extensions>
      </trkpt>
      <trkpt lat="43.8555129803717136383056640625" lon="87.50941595993936061859130859375">
        <ele>787.5999755859375</ele>
        <time>2026-08-01T14:23:15.000Z</time>
        <extensions>
          <ns3:TrackPointExtension>
            <ns3:hr>149</ns3:hr>
            <ns3:cad>79</ns3:cad>
          </ns3:TrackPointExtension>
        </extensions>
      </trkpt>
      <trkpt lat="43.855493701994419097900390625" lon="87.50966674648225307464599609375">
        <ele>785</ele>
        <time>2026-08-01T14:23:23.000Z</time>
        <extensions>
          <ns3:TrackPointExtension>
            <ns3:hr>151</ns3:hr>
            <ns3:cad>80</ns3:cad>
          </ns3:TrackPointExtension>
        </extensions>
      </trkpt>
      <trkpt lat="43.855492360889911651611328125" lon="87.509702034294605255126953125">
        <ele>784.79998779296875</ele>
        <time>2026-08-01T14:23:24.000Z</time>
        <extensions>
          <ns3:TrackPointExtension>
            <ns3:hr>151</ns3:hr>
            <ns3:cad>80</ns3:cad>
          </ns3:TrackPointExtension>
        </extensions>
      </trkpt>
      <trkpt lat="43.85548607446253299713134765625" lon="87.5097739510238170623779296875">
        <ele>784</ele>
        <time>2026-08-01T14:23:26.000Z</time>
        <extensions>
          <ns3:TrackPointExtension>
            <ns3:hr>152</ns3:hr>
            <ns3:cad>81</ns3:cad>
          </ns3:TrackPointExtension>
        </extensions>
      </trkpt>
      <trkpt lat="43.8554690591990947723388671875" lon="87.5099868513643741607666015625">
        <ele>783.20001220703125</ele>
        <time>2026-08-01T14:23:32.000Z</time>
        <extensions>
          <ns3:TrackPointExtension>
            <ns3:hr>154</ns3:hr>
            <ns3:cad>81</ns3:cad>
          </ns3:TrackPointExtension>
        </extensions>
      </trkpt>
      <trkpt lat="43.85544299148023128509521484375" lon="87.51024778001010417938232421875">
        <ele>782.79998779296875</ele>
        <time>2026-08-01T14:23:40.000Z</time>
        <extensions>
          <ns3:TrackPointExtension>
            <ns3:hr>156</ns3:hr>
            <ns3:cad>82</ns3:cad>
          </ns3:TrackPointExtension>
        </extensions>
      </trkpt>
      <trkpt lat="43.85544701479375362396240234375" lon="87.5102815590798854827880859375">
        <ele>782.5999755859375</ele>
        <time>2026-08-01T14:23:41.000Z</time>
        <extensions>
          <ns3:TrackPointExtension>
            <ns3:hr>156</ns3:hr>
            <ns3:cad>82</ns3:cad>
          </ns3:TrackPointExtension>
        </extensions>
      </trkpt>
      <trkpt lat="43.855448104441165924072265625" lon="87.510528154671192169189453125">
        <ele>781.79998779296875</ele>
        <time>2026-08-01T14:23:48.000Z</time>
        <extensions>
          <ns3:TrackPointExtension>
            <ns3:hr>158</ns3:hr>
            <ns3:cad>82</ns3:cad>
          </ns3:TrackPointExtension>
        </extensions>
      </trkpt>
      <trkpt lat="43.85541767813265323638916015625" lon="87.51079738140106201171875">
        <ele>781.79998779296875</ele>
        <time>2026-08-01T14:23:55.000Z</time>
        <extensions>
          <ns3:TrackPointExtension>
            <ns3:hr>160</ns3:hr>
            <ns3:cad>82</ns3:cad>
          </ns3:TrackPointExtension>
        </extensions>
      </trkpt>
      <trkpt lat="43.8553875871002674102783203125" lon="87.5108951143920421600341796875">
        <ele>782.4000244140625</ele>
        <time>2026-08-01T14:23:58.000Z</time>
        <extensions>
          <ns3:TrackPointExtension>
            <ns3:hr>161</ns3:hr>
            <ns3:cad>82</ns3:cad>
          </ns3:TrackPointExtension>
        </extensions>
      </trkpt>
      <trkpt lat="43.8552950508892536163330078125" lon="87.51097030006349086761474609375">
        <ele>783.79998779296875</ele>
        <time>2026-08-01T14:24:03.000Z</time>
        <extensions>
          <ns3:TrackPointExtension>
            <ns3:hr>161</ns3:hr>
            <ns3:cad>80</ns3:cad>
          </ns3:TrackPointExtension>
        </extensions>
      </trkpt>
      <trkpt lat="43.85526546277105808258056640625" lon="87.5109725631773471832275390625">
        <ele>784.4000244140625</ele>
        <time>2026-08-01T14:24:04.000Z</time>
        <extensions>
          <ns3:TrackPointExtension>
            <ns3:hr>161</ns3:hr>
            <ns3:cad>80</ns3:cad>
          </ns3:TrackPointExtension>
        </extensions>
      </trkpt>
      <trkpt lat="43.85521366260945796966552734375" lon="87.51097583211958408355712890625">
        <ele>785.5999755859375</ele>
        <time>2026-08-01T14:24:06.000Z</time>
        <extensions>
          <ns3:TrackPointExtension>
            <ns3:hr>158</ns3:hr>
            <ns3:cad>81</ns3:cad>
          </ns3:TrackPointExtension>
        </extensions>
      </trkpt>
      <trkpt lat="43.85518801398575305938720703125" lon="87.51097650267183780670166015625">
        <ele>786.20001220703125</ele>
        <time>2026-08-01T14:24:07.000Z</time>
        <extensions>
          <ns3:TrackPointExtension>
            <ns3:hr>161</ns3:hr>
            <ns3:cad>81</ns3:cad>
          </ns3:TrackPointExtension>
        </extensions>
      </trkpt>
      <trkpt lat="43.8551062904298305511474609375" lon="87.51098622567951679229736328125">
        <ele>788</ele>
        <time>2026-08-01T14:24:10.000Z</time>
        <extensions>
          <ns3:TrackPointExtension>
            <ns3:hr>162</ns3:hr>
            <ns3:cad>79</ns3:cad>
          </ns3:TrackPointExtension>
        </extensions>
      </trkpt>
      <trkpt lat="43.85492675006389617919921875" lon="87.5109829567372798919677734375">
        <ele>790.79998779296875</ele>
        <time>2026-08-01T14:24:17.000Z</time>
        <extensions>
          <ns3:TrackPointExtension>
            <ns3:hr>163</ns3:hr>
            <ns3:cad>81</ns3:cad>
          </ns3:TrackPointExtension>
        </extensions>
      </trkpt>
      <trkpt lat="43.8547539152204990386962890625" lon="87.51097331754863262176513671875">
        <ele>793.20001220703125</ele>
        <time>2026-08-01T14:24:24.000Z</time>
        <extensions>
          <ns3:TrackPointExtension>
            <ns3:hr>165</ns3:hr>
            <ns3:cad>80</ns3:cad>
          </ns3:TrackPointExtension>
        </extensions>
      </trkpt>
      <trkpt lat="43.85472617112100124359130859375" lon="87.51096929423511028289794921875">
        <ele>793.4000244140625</ele>
        <time>2026-08-01T14:24:25.000Z</time>
        <extensions>
          <ns3:TrackPointExtension>
            <ns3:hr>166</ns3:hr>
            <ns3:cad>80</ns3:cad>
          </ns3:TrackPointExtension>
        </extensions>
      </trkpt>
      <trkpt lat="43.85457278229296207427978515625" lon="87.510959990322589874267578125">
        <ele>793.79998779296875</ele>
        <time>2026-08-01T14:24:31.000Z</time>
        <extensions>
          <ns3:TrackPointExtension>
            <ns3:hr>169</ns3:hr>
            <ns3:cad>81</ns3:cad>
          </ns3:TrackPointExtension>
        </extensions>
      </trkpt>
      <trkpt lat="43.85450907982885837554931640625" lon="87.5109477527439594268798828125">
        <ele>794</ele>
        <time>2026-08-01T14:24:34.000Z</time>
        <extensions>
          <ns3:TrackPointExtension>
            <ns3:hr>169</ns3:hr>
            <ns3:cad>80</ns3:cad>
          </ns3:TrackPointExtension>
        </extensions>
      </trkpt>
      <trkpt lat="43.85449432767927646636962890625" lon="87.51094431616365909576416015625">
        <ele>794</ele>
        <time>2026-08-01T14:24:35.000Z</time>
        <extensions>
          <ns3:TrackPointExtension>
            <ns3:hr>170</ns3:hr>
            <ns3:cad>80</ns3:cad>
          </ns3:TrackPointExtension>
        </extensions>
      </trkpt>
      <trkpt lat="43.85435217060148715972900390625" lon="87.51093685626983642578125">
        <ele>793.5999755859375</ele>
        <time>2026-08-01T14:24:42.000Z</time>
        <extensions>
          <ns3:TrackPointExtension>
            <ns3:hr>171</ns3:hr>
            <ns3:cad>80</ns3:cad>
          </ns3:TrackPointExtension>
        </extensions>
      </trkpt>
      <trkpt lat="43.854169361293315887451171875" lon="87.51091539859771728515625">
        <ele>793</ele>
        <time>2026-08-01T14:24:49.000Z</time>
        <extensions>
          <ns3:TrackPointExtension>
            <ns3:hr>172</ns3:hr>
            <ns3:cad>82</ns3:cad>
          </ns3:TrackPointExtension>
        </extensions>
      </trkpt>
      <trkpt lat="43.8539804331958293914794921875" lon="87.51089436002075672149658203125">
        <ele>793</ele>
        <time>2026-08-01T14:24:56.000Z</time>
        <extensions>
          <ns3:TrackPointExtension>
            <ns3:hr>172</ns3:hr>
            <ns3:cad>82</ns3:cad>
          </ns3:TrackPointExtension>
        </extensions>
      </trkpt>
      <trkpt lat="43.853791840374469757080078125" lon="87.5108937732875347137451171875">
        <ele>793</ele>
        <time>2026-08-01T14:25:03.000Z</time>
        <extensions>
          <ns3:TrackPointExtension>
            <ns3:hr>173</ns3:hr>
            <ns3:cad>82</ns3:cad>
          </ns3:TrackPointExtension>
        </extensions>
      </trkpt>
      <trkpt lat="43.853742890059947967529296875" lon="87.51089251600205898284912109375">
        <ele>793</ele>
        <time>2026-08-01T14:25:05.000Z</time>
        <extensions>
          <ns3:TrackPointExtension>
            <ns3:hr>174</ns3:hr>
            <ns3:cad>82</ns3:cad>
          </ns3:TrackPointExtension>
        </extensions>
      </trkpt>
      <trkpt lat="43.8536066003143787384033203125" lon="87.510898970067501068115234375">
        <ele>793.20001220703125</ele>
        <time>2026-08-01T14:25:10.000Z</time>
        <extensions>
          <ns3:TrackPointExtension>
            <ns3:hr>175</ns3:hr>
            <ns3:cad>82</ns3:cad>
          </ns3:TrackPointExtension>
        </extensions>
      </trkpt>
      <trkpt lat="43.85344591923058032989501953125" lon="87.51090995036065578460693359375">
        <ele>794.5999755859375</ele>
        <time>2026-08-01T14:25:16.000Z</time>
        <extensions>
          <ns3:TrackPointExtension>
            <ns3:hr>177</ns3:hr>
            <ns3:cad>82</ns3:cad>
          </ns3:TrackPointExtension>
        </extensions>
      </trkpt>
      <trkpt lat="43.85339445434510707855224609375" lon="87.51090676523745059967041015625">
        <ele>794.79998779296875</ele>
        <time>2026-08-01T14:25:19.000Z</time>
        <extensions>
          <ns3:TrackPointExtension>
            <ns3:hr>178</ns3:hr>
            <ns3:cad>82</ns3:cad>
          </ns3:TrackPointExtension>
        </extensions>
      </trkpt>
      <trkpt lat="43.8533561490476131439208984375" lon="87.5109112076461315155029296875">
        <ele>795</ele>
        <time>2026-08-01T14:25:22.000Z</time>
        <extensions>
          <ns3:TrackPointExtension>
            <ns3:hr>179</ns3:hr>
            <ns3:cad>41</ns3:cad>
          </ns3:TrackPointExtension>
        </extensions>
      </trkpt>
      <trkpt lat="43.85322396643459796905517578125" lon="87.51089595258235931396484375">
        <ele>796</ele>
        <time>2026-08-01T14:25:30.000Z</time>
        <extensions>
          <ns3:TrackPointExtension>
            <ns3:hr>176</ns3:hr>
            <ns3:cad>0</ns3:cad>
          </ns3:TrackPointExtension>
        </extensions>
      </trkpt>
      <trkpt lat="43.853094466030597686767578125" lon="87.5108646042644977569580078125">
        <ele>796.79998779296875</ele>
        <time>2026-08-01T14:25:35.000Z</time>
        <extensions>
          <ns3:TrackPointExtension>
            <ns3:hr>173</ns3:hr>
            <ns3:cad>82</ns3:cad>
          </ns3:TrackPointExtension>
        </extensions>
      </trkpt>
      <trkpt lat="43.85301567614078521728515625" lon="87.51085060648620128631591796875">
        <ele>797.4000244140625</ele>
        <time>2026-08-01T14:25:38.000Z</time>
        <extensions>
          <ns3:TrackPointExtension>
            <ns3:hr>174</ns3:hr>
            <ns3:cad>82</ns3:cad>
          </ns3:TrackPointExtension>
        </extensions>
      </trkpt>
      <trkpt lat="43.85296362452208995819091796875" lon="87.5108421407639980316162109375">
        <ele>797.79998779296875</ele>
        <time>2026-08-01T14:25:40.000Z</time>
        <extensions>
          <ns3:TrackPointExtension>
            <ns3:hr>171</ns3:hr>
            <ns3:cad>82</ns3:cad>
          </ns3:TrackPointExtension>
        </extensions>
      </trkpt>
      <trkpt lat="43.8528130017220973968505859375" lon="87.5108066014945507049560546875">
        <ele>799</ele>
        <time>2026-08-01T14:25:46.000Z</time>
        <extensions>
          <ns3:TrackPointExtension>
            <ns3:hr>172</ns3:hr>
            <ns3:cad>82</ns3:cad>
          </ns3:TrackPointExtension>
        </extensions>
      </trkpt>
      <trkpt lat="43.852689452469348907470703125" lon="87.510791011154651641845703125">
        <ele>800.20001220703125</ele>
        <time>2026-08-01T14:25:51.000Z</time>
        <extensions>
          <ns3:TrackPointExtension>
            <ns3:hr>175</ns3:hr>
            <ns3:cad>82</ns3:cad>
          </ns3:TrackPointExtension>
        </extensions>
      </trkpt>
      <trkpt lat="43.85258258320391178131103515625" lon="87.51079277135431766510009765625">
        <ele>801</ele>
        <time>2026-08-01T14:25:55.000Z</time>
        <extensions>
          <ns3:TrackPointExtension>
            <ns3:hr>176</ns3:hr>
            <ns3:cad>82</ns3:cad>
          </ns3:TrackPointExtension>
        </extensions>
      </trkpt>
      <trkpt lat="43.85254955850541591644287109375" lon="87.510797046124935150146484375">
        <ele>801.20001220703125</ele>
        <time>2026-08-01T14:25:57.000Z</time>
        <extensions>
          <ns3:TrackPointExtension>
            <ns3:hr>176</ns3:hr>
            <ns3:cad>81</ns3:cad>
          </ns3:TrackPointExtension>
        </extensions>
      </trkpt>
      <trkpt lat="43.852507062256336212158203125" lon="87.510802745819091796875">
        <ele>801.4000244140625</ele>
        <time>2026-08-01T14:26:00.000Z</time>
        <extensions>
          <ns3:TrackPointExtension>
            <ns3:hr>177</ns3:hr>
            <ns3:cad>79</ns3:cad>
          </ns3:TrackPointExtension>
        </extensions>
      </trkpt>
      <trkpt lat="43.8523900508880615234375" lon="87.510777600109577178955078125">
        <ele>802.4000244140625</ele>
        <time>2026-08-01T14:26:06.000Z</time>
        <extensions>
          <ns3:TrackPointExtension>
            <ns3:hr>175</ns3:hr>
            <ns3:cad>79</ns3:cad>
          </ns3:TrackPointExtension>
        </extensions>
      </trkpt>
      <trkpt lat="43.8521719537675380706787109375" lon="87.51078941859304904937744140625">
        <ele>803.4000244140625</ele>
        <time>2026-08-01T14:26:14.000Z</time>
        <extensions>
          <ns3:TrackPointExtension>
            <ns3:hr>177</ns3:hr>
            <ns3:cad>82</ns3:cad>
          </ns3:TrackPointExtension>
        </extensions>
      </trkpt>
      <trkpt lat="43.85212006978690624237060546875" lon="87.51079075969755649566650390625">
        <ele>803.4000244140625</ele>
        <time>2026-08-01T14:26:16.000Z</time>
        <extensions>
          <ns3:TrackPointExtension>
            <ns3:hr>177</ns3:hr>
            <ns3:cad>82</ns3:cad>
          </ns3:TrackPointExtension>
        </extensions>
      </trkpt>
      <trkpt lat="43.85192678309977054595947265625" lon="87.51076611690223217010498046875">
        <ele>804</ele>
        <time>2026-08-01T14:26:23.000Z</time>
        <extensions>
          <ns3:TrackPointExtension>
            <ns3:hr>177</ns3:hr>
            <ns3:cad>82</ns3:cad>
          </ns3:TrackPointExtension>
        </extensions>
      </trkpt>
      <trkpt lat="43.85188872925937175750732421875" lon="87.51076075248420238494873046875">
        <ele>804</ele>
        <time>2026-08-01T14:26:25.000Z</time>
        <extensions>
          <ns3:TrackPointExtension>
            <ns3:hr>177</ns3:hr>
            <ns3:cad>82</ns3:cad>
          </ns3:TrackPointExtension>
        </extensions>
      </trkpt>
      <trkpt lat="43.85180591605603694915771484375" lon="87.5107673741877079010009765625">
        <ele>804.20001220703125</ele>
        <time>2026-08-01T14:26:31.000Z</time>
        <extensions>
          <ns3:TrackPointExtension>
            <ns3:hr>179</ns3:hr>
            <ns3:cad>59</ns3:cad>
          </ns3:TrackPointExtension>
        </extensions>
      </trkpt>
      <trkpt lat="43.85171891190111637115478515625" lon="87.51076586544513702392578125">
        <ele>804.4000244140625</ele>
        <time>2026-08-01T14:26:37.000Z</time>
        <extensions>
          <ns3:TrackPointExtension>
            <ns3:hr>176</ns3:hr>
            <ns3:cad>74</ns3:cad>
          </ns3:TrackPointExtension>
        </extensions>
      </trkpt>
      <trkpt lat="43.8516422174870967864990234375" lon="87.5107665359973907470703125">
        <ele>804.79998779296875</ele>
        <time>2026-08-01T14:26:40.000Z</time>
        <extensions>
          <ns3:TrackPointExtension>
            <ns3:hr>173</ns3:hr>
            <ns3:cad>81</ns3:cad>
          </ns3:TrackPointExtension>
        </extensions>
      </trkpt>
      <trkpt lat="43.8514621742069721221923828125" lon="87.510764859616756439208984375">
        <ele>805.79998779296875</ele>
        <time>2026-08-01T14:26:47.000Z</time>
        <extensions>
          <ns3:TrackPointExtension>
            <ns3:hr>175</ns3:hr>
            <ns3:cad>82</ns3:cad>
          </ns3:TrackPointExtension>
        </extensions>
      </trkpt>
      <trkpt lat="43.85126017034053802490234375" lon="87.5107422284781932830810546875">
        <ele>807</ele>
        <time>2026-08-01T14:26:55.000Z</time>
        <extensions>
          <ns3:TrackPointExtension>
            <ns3:hr>176</ns3:hr>
            <ns3:cad>82</ns3:cad>
          </ns3:TrackPointExtension>
        </extensions>
      </trkpt>
      <trkpt lat="43.85120526887476444244384765625" lon="87.5107405520975589752197265625">
        <ele>807.4000244140625</ele>
        <time>2026-08-01T14:26:57.000Z</time>
        <extensions>
          <ns3:TrackPointExtension>
            <ns3:hr>176</ns3:hr>
            <ns3:cad>82</ns3:cad>
          </ns3:TrackPointExtension>
        </extensions>
      </trkpt>
      <trkpt lat="43.85100158862769603729248046875" lon="87.510730661451816558837890625">
        <ele>808.79998779296875</ele>
        <time>2026-08-01T14:27:04.000Z</time>
        <extensions>
          <ns3:TrackPointExtension>
            <ns3:hr>176</ns3:hr>
            <ns3:cad>83</ns3:cad>
          </ns3:TrackPointExtension>
        </extensions>
      </trkpt>
      <trkpt lat="43.8508643768727779388427734375" lon="87.51071800477802753448486328125">
        <ele>809.79998779296875</ele>
        <time>2026-08-01T14:27:09.000Z</time>
        <extensions>
          <ns3:TrackPointExtension>
            <ns3:hr>176</ns3:hr>
            <ns3:cad>83</ns3:cad>
          </ns3:TrackPointExtension>
        </extensions>
      </trkpt>
      <trkpt lat="43.85068416595458984375" lon="87.51067911274731159210205078125">
        <ele>810.20001220703125</ele>
        <time>2026-08-01T14:27:16.000Z</time>
        <extensions>
          <ns3:TrackPointExtension>
            <ns3:hr>178</ns3:hr>
            <ns3:cad>83</ns3:cad>
          </ns3:TrackPointExtension>
        </extensions>
      </trkpt>
      <trkpt lat="43.8506508059799671173095703125" lon="87.51067626290023326873779296875">
        <ele>810.20001220703125</ele>
        <time>2026-08-01T14:27:19.000Z</time>
        <extensions>
          <ns3:TrackPointExtension>
            <ns3:hr>177</ns3:hr>
            <ns3:cad>83</ns3:cad>
          </ns3:TrackPointExtension>
        </extensions>
      </trkpt>
      <trkpt lat="43.850641585886478424072265625" lon="87.51067777164280414581298828125">
        <ele>810.20001220703125</ele>
        <time>2026-08-01T14:27:20.000Z</time>
        <extensions>
          <ns3:TrackPointExtension>
            <ns3:hr>177</ns3:hr>
            <ns3:cad>83</ns3:cad>
          </ns3:TrackPointExtension>
        </extensions>
      </trkpt>
      <trkpt lat="43.8505475409328937530517578125" lon="87.51066771335899829864501953125">
        <ele>810.4000244140625</ele>
        <time>2026-08-01T14:27:27.000Z</time>
        <extensions>
          <ns3:TrackPointExtension>
            <ns3:hr>176</ns3:hr>
            <ns3:cad>58</ns3:cad>
          </ns3:TrackPointExtension>
        </extensions>
      </trkpt>
      <trkpt lat="43.85053220205008983612060546875" lon="87.51066838391125202178955078125">
        <ele>810.4000244140625</ele>
        <time>2026-08-01T14:27:28.000Z</time>
        <extensions>
          <ns3:TrackPointExtension>
            <ns3:hr>176</ns3:hr>
            <ns3:cad>58</ns3:cad>
          </ns3:TrackPointExtension>
        </extensions>
      </trkpt>
      <trkpt lat="43.85037495754659175872802734375" lon="87.51066301949322223663330078125">
        <ele>809.79998779296875</ele>
        <time>2026-08-01T14:27:37.000Z</time>
        <extensions>
          <ns3:TrackPointExtension>
            <ns3:hr>174</ns3:hr>
            <ns3:cad>19</ns3:cad>
          </ns3:TrackPointExtension>
        </extensions>
      </trkpt>
      <trkpt lat="43.85019960813224315643310546875" lon="87.51064407639205455780029296875">
        <ele>810</ele>
        <time>2026-08-01T14:27:44.000Z</time>
        <extensions>
          <ns3:TrackPointExtension>
            <ns3:hr>173</ns3:hr>
            <ns3:cad>82</ns3:cad>
          </ns3:TrackPointExtension>
        </extensions>
      </trkpt>
      <trkpt lat="43.85000489652156829833984375" lon="87.51063150353729724884033203125">
        <ele>811.4000244140625</ele>
        <time>2026-08-01T14:27:51.000Z</time>
        <extensions>
          <ns3:TrackPointExtension>
            <ns3:hr>175</ns3:hr>
            <ns3:cad>83</ns3:cad>
          </ns3:TrackPointExtension>
        </extensions>
      </trkpt>
      <trkpt lat="43.8499477319419384002685546875" lon="87.5106309168040752410888671875">
        <ele>811.79998779296875</ele>
        <time>2026-08-01T14:27:53.000Z</time>
        <extensions>
          <ns3:TrackPointExtension>
            <ns3:hr>176</ns3:hr>
            <ns3:cad>82</ns3:cad>
          </ns3:TrackPointExtension>
        </extensions>
      </trkpt>
      <trkpt lat="43.8497475720942020416259765625" lon="87.51060484908521175384521484375">
        <ele>813</ele>
        <time>2026-08-01T14:28:00.000Z</time>
        <extensions>
          <ns3:TrackPointExtension>
            <ns3:hr>178</ns3:hr>
            <ns3:cad>82</ns3:cad>
          </ns3:TrackPointExtension>
        </extensions>
      </trkpt>
      <trkpt lat="43.84971647523343563079833984375" lon="87.51060334034264087677001953125">
        <ele>813</ele>
        <time>2026-08-01T14:28:01.000Z</time>
        <extensions>
          <ns3:TrackPointExtension>
            <ns3:hr>178</ns3:hr>
            <ns3:cad>82</ns3:cad>
          </ns3:TrackPointExtension>
        </extensions>
      </trkpt>
      <trkpt lat="43.84951095096766948699951171875" lon="87.51059646718204021453857421875">
        <ele>812.79998779296875</ele>
        <time>2026-08-01T14:28:08.000Z</time>
        <extensions>
          <ns3:TrackPointExtension>
            <ns3:hr>177</ns3:hr>
            <ns3:cad>84</ns3:cad>
          </ns3:TrackPointExtension>
        </extensions>
      </trkpt>
      <trkpt lat="43.849328644573688507080078125" lon="87.51057534478604793548583984375">
        <ele>812.79998779296875</ele>
        <time>2026-08-01T14:28:14.000Z</time>
        <extensions>
          <ns3:TrackPointExtension>
            <ns3:hr>180</ns3:hr>
            <ns3:cad>84</ns3:cad>
          </ns3:TrackPointExtension>
        </extensions>
      </trkpt>
      <trkpt lat="43.8492711447179317474365234375" lon="87.51056377775967121124267578125">
        <ele>812.79998779296875</ele>
        <time>2026-08-01T14:28:16.000Z</time>
        <extensions>
          <ns3:TrackPointExtension>
            <ns3:hr>180</ns3:hr>
            <ns3:cad>83</ns3:cad>
          </ns3:TrackPointExtension>
        </extensions>
      </trkpt>
      <trkpt lat="43.8490842282772064208984375" lon="87.510549612343311309814453125">
        <ele>813.5999755859375</ele>
        <time>2026-08-01T14:28:22.000Z</time>
        <extensions>
          <ns3:TrackPointExtension>
            <ns3:hr>180</ns3:hr>
            <ns3:cad>83</ns3:cad>
          </ns3:TrackPointExtension>
        </extensions>
      </trkpt>
      <trkpt lat="43.84889043867588043212890625" lon="87.51054097898304462432861328125">
        <ele>814.5999755859375</ele>
        <time>2026-08-01T14:28:28.000Z</time>
        <extensions>
          <ns3:TrackPointExtension>
            <ns3:hr>181</ns3:hr>
            <ns3:cad>84</ns3:cad>
          </ns3:TrackPointExtension>
        </extensions>
      </trkpt>
      <trkpt lat="43.84886001236736774444580078125" lon="87.5105367042124271392822265625">
        <ele>814.5999755859375</ele>
        <time>2026-08-01T14:28:29.000Z</time>
        <extensions>
          <ns3:TrackPointExtension>
            <ns3:hr>181</ns3:hr>
            <ns3:cad>84</ns3:cad>
          </ns3:TrackPointExtension>
        </extensions>
      </trkpt>
      <trkpt lat="43.8486927933990955352783203125" lon="87.51052237115800380706787109375">
        <ele>814.79998779296875</ele>
        <time>2026-08-01T14:28:36.000Z</time>
        <extensions>
          <ns3:TrackPointExtension>
            <ns3:hr>180</ns3:hr>
            <ns3:cad>83</ns3:cad>
          </ns3:TrackPointExtension>
        </extensions>
      </trkpt>
      <trkpt lat="43.84862221777439117431640625" lon="87.510517425835132598876953125">
        <ele>815</ele>
        <time>2026-08-01T14:28:42.000Z</time>
        <extensions>
          <ns3:TrackPointExtension>
            <ns3:hr>180</ns3:hr>
            <ns3:cad>47</ns3:cad>
          </ns3:TrackPointExtension>
        </extensions>
      </trkpt>
      <trkpt lat="43.84856714867055416107177734375" lon="87.5104880891740322113037109375">
        <ele>814.5999755859375</ele>
        <time>2026-08-01T14:28:46.000Z</time>
        <extensions>
          <ns3:TrackPointExtension>
            <ns3:hr>177</ns3:hr>
            <ns3:cad>47</ns3:cad>
          </ns3:TrackPointExtension>
        </extensions>
      </trkpt>
      <trkpt lat="43.8485342077910900115966796875" lon="87.51042916439473628997802734375">
        <ele>814</ele>
        <time>2026-08-01T14:28:51.000Z</time>
        <extensions>
          <ns3:TrackPointExtension>
            <ns3:hr>175</ns3:hr>
            <ns3:cad>47</ns3:cad>
          </ns3:TrackPointExtension>
        </extensions>
      </trkpt>
      <trkpt lat="43.848498165607452392578125" lon="87.51038993708789348602294921875">
        <ele>813.5999755859375</ele>
        <time>2026-08-01T14:29:40.000Z</time>
        <extensions>
          <ns3:TrackPointExtension>
            <ns3:hr>145</ns3:hr>
            <ns3:cad>49</ns3:cad>
          </ns3:TrackPointExtension>
        </extensions>
      </trkpt>
      <trkpt lat="43.84847343899309635162353515625" lon="87.5103861652314662933349609375">
        <ele>813.5999755859375</ele>
        <time>2026-08-01T14:29:42.000Z</time>
        <extensions>
          <ns3:TrackPointExtension>
            <ns3:hr>144</ns3:hr>
            <ns3:cad>49</ns3:cad>
          </ns3:TrackPointExtension>
        </extensions>
      </trkpt>
      <trkpt lat="43.8483095727860927581787109375" lon="87.510379292070865631103515625">
        <ele>813.5999755859375</ele>
        <time>2026-08-01T14:29:47.000Z</time>
        <extensions>
          <ns3:TrackPointExtension>
            <ns3:hr>144</ns3:hr>
            <ns3:cad>84</ns3:cad>
          </ns3:TrackPointExtension>
        </extensions>
      </trkpt>
      <trkpt lat="43.84819700382649898529052734375" lon="87.5103580020368099212646484375">
        <ele>814.20001220703125</ele>
        <time>2026-08-01T14:29:50.000Z</time>
        <extensions>
          <ns3:TrackPointExtension>
            <ns3:hr>148</ns3:hr>
            <ns3:cad>84</ns3:cad>
          </ns3:TrackPointExtension>
        </extensions>
      </trkpt>
      <trkpt lat="43.8480735383927822113037109375" lon="87.5103258155286312103271484375">
        <ele>815</ele>
        <time>2026-08-01T14:29:54.000Z</time>
        <extensions>
          <ns3:TrackPointExtension>
            <ns3:hr>151</ns3:hr>
            <ns3:cad>83</ns3:cad>
          </ns3:TrackPointExtension>
        </extensions>
      </trkpt>
      <trkpt lat="43.8480433635413646697998046875" lon="87.51031617633998394012451171875">
        <ele>815</ele>
        <time>2026-08-01T14:29:55.000Z</time>
        <extensions>
          <ns3:TrackPointExtension>
            <ns3:hr>151</ns3:hr>
            <ns3:cad>83</ns3:cad>
          </ns3:TrackPointExtension>
        </extensions>
      </trkpt>
      <trkpt lat="43.8479229994118213653564453125" lon="87.5103227980434894561767578125">
        <ele>815</ele>
        <time>2026-08-01T14:29:59.000Z</time>
        <extensions>
          <ns3:TrackPointExtension>
            <ns3:hr>154</ns3:hr>
            <ns3:cad>82</ns3:cad>
          </ns3:TrackPointExtension>
        </extensions>
      </trkpt>
      <trkpt lat="43.84786977432668209075927734375" lon="87.51034232787787914276123046875">
        <ele>815</ele>
        <time>2026-08-01T14:30:01.000Z</time>
        <extensions>
          <ns3:TrackPointExtension>
            <ns3:hr>154</ns3:hr>
            <ns3:cad>82</ns3:cad>
          </ns3:TrackPointExtension>
        </extensions>
      </trkpt>
      <trkpt lat="43.8477868773043155670166015625" lon="87.5103580020368099212646484375">
        <ele>815.4000244140625</ele>
        <time>2026-08-01T14:30:04.000Z</time>
        <extensions>
          <ns3:TrackPointExtension>
            <ns3:hr>157</ns3:hr>
            <ns3:cad>82</ns3:cad>
          </ns3:TrackPointExtension>
        </extensions>
      </trkpt>
      <trkpt lat="43.847705237567424774169921875" lon="87.51034785993397235870361328125">
        <ele>816.20001220703125</ele>
        <time>2026-08-01T14:30:07.000Z</time>
        <extensions>
          <ns3:TrackPointExtension>
            <ns3:hr>158</ns3:hr>
            <ns3:cad>82</ns3:cad>
          </ns3:TrackPointExtension>
        </extensions>
      </trkpt>
      <trkpt lat="43.8475206680595874786376953125" lon="87.51030729152262210845947265625">
        <ele>817.79998779296875</ele>
        <time>2026-08-01T14:30:14.000Z</time>
        <extensions>
          <ns3:TrackPointExtension>
            <ns3:hr>160</ns3:hr>
            <ns3:cad>82</ns3:cad>
          </ns3:TrackPointExtension>
        </extensions>
      </trkpt>
      <trkpt lat="43.84748890064656734466552734375" lon="87.51030628569424152374267578125">
        <ele>818.20001220703125</ele>
        <time>2026-08-01T14:30:16.000Z</time>
        <extensions>
          <ns3:TrackPointExtension>
            <ns3:hr>159</ns3:hr>
            <ns3:cad>0</ns3:cad>
          </ns3:TrackPointExtension>
        </extensions>
      </trkpt>
      <trkpt lat="43.847451768815517425537109375" lon="87.510308213531970977783203125">
        <ele>818.5999755859375</ele>
        <time>2026-08-01T14:30:21.000Z</time>
        <extensions>
          <ns3:TrackPointExtension>
            <ns3:hr>161</ns3:hr>
            <ns3:cad>0</ns3:cad>
          </ns3:TrackPointExtension>
        </extensions>
      </trkpt>
      <trkpt lat="43.8473729789257049560546875" lon="87.5102845765650272369384765625">
        <ele>819.4000244140625</ele>
        <time>2026-08-01T14:30:27.000Z</time>
        <extensions>
          <ns3:TrackPointExtension>
            <ns3:hr>164</ns3:hr>
            <ns3:cad>53</ns3:cad>
          </ns3:TrackPointExtension>
        </extensions>
      </trkpt>
      <trkpt lat="43.8473537005484104156494140625" lon="87.51027166843414306640625">
        <ele>819.5999755859375</ele>
        <time>2026-08-01T14:30:29.000Z</time>
        <extensions>
          <ns3:TrackPointExtension>
            <ns3:hr>165</ns3:hr>
            <ns3:cad>54</ns3:cad>
          </ns3:TrackPointExtension>
        </extensions>
      </trkpt>
      <trkpt lat="43.8472839631140232086181640625" lon="87.51027074642479419708251953125">
        <ele>820.4000244140625</ele>
        <time>2026-08-01T14:30:37.000Z</time>
        <extensions>
          <ns3:TrackPointExtension>
            <ns3:hr>165</ns3:hr>
            <ns3:cad>54</ns3:cad>
          </ns3:TrackPointExtension>
        </extensions>
      </trkpt>
      <trkpt lat="43.84725085459649562835693359375" lon="87.5102634541690349578857421875">
        <ele>820.5999755859375</ele>
        <time>2026-08-01T14:30:41.000Z</time>
        <extensions>
          <ns3:TrackPointExtension>
            <ns3:hr>164</ns3:hr>
            <ns3:cad>54</ns3:cad>
          </ns3:TrackPointExtension>
        </extensions>
      </trkpt>
      <trkpt lat="43.8472195900976657867431640625" lon="87.5102788768708705902099609375">
        <ele>821</ele>
        <time>2026-08-01T14:30:44.000Z</time>
        <extensions>
          <ns3:TrackPointExtension>
            <ns3:hr>163</ns3:hr>
            <ns3:cad>49</ns3:cad>
          </ns3:TrackPointExtension>
        </extensions>
      </trkpt>
      <trkpt lat="43.84720995090901851654052734375" lon="87.5102932937443256378173828125">
        <ele>821</ele>
        <time>2026-08-01T14:30:45.000Z</time>
        <extensions>
          <ns3:TrackPointExtension>
            <ns3:hr>163</ns3:hr>
            <ns3:cad>52</ns3:cad>
          </ns3:TrackPointExtension>
        </extensions>
      </trkpt>
      <trkpt lat="43.84719301946461200714111328125" lon="87.5103199481964111328125">
        <ele>821.20001220703125</ele>
        <time>2026-08-01T14:30:47.000Z</time>
        <extensions>
          <ns3:TrackPointExtension>
            <ns3:hr>163</ns3:hr>
            <ns3:cad>52</ns3:cad>
          </ns3:TrackPointExtension>
        </extensions>
      </trkpt>
      <trkpt lat="43.8471719808876514434814453125" lon="87.5103159248828887939453125">
        <ele>821.20001220703125</ele>
        <time>2026-08-01T14:30:48.000Z</time>
        <extensions>
          <ns3:TrackPointExtension>
            <ns3:hr>163</ns3:hr>
            <ns3:cad>52</ns3:cad>
          </ns3:TrackPointExtension>
        </extensions>
      </trkpt>
      <trkpt lat="43.84705991484224796295166015625" lon="87.51030427403748035430908203125">
        <ele>821.5999755859375</ele>
        <time>2026-08-01T14:30:53.000Z</time>
        <extensions>
          <ns3:TrackPointExtension>
            <ns3:hr>161</ns3:hr>
            <ns3:cad>53</ns3:cad>
          </ns3:TrackPointExtension>
        </extensions>
      </trkpt>
      <trkpt lat="43.84701532311737537384033203125" lon="87.51027560792863368988037109375">
        <ele>821.79998779296875</ele>
        <time>2026-08-01T14:30:58.000Z</time>
        <extensions>
          <ns3:TrackPointExtension>
            <ns3:hr>158</ns3:hr>
            <ns3:cad>54</ns3:cad>
          </ns3:TrackPointExtension>
        </extensions>
      </trkpt>
      <trkpt lat="43.84700618684291839599609375" lon="87.5102721713483333587646484375">
        <ele>821.79998779296875</ele>
        <time>2026-08-01T14:30:59.000Z</time>
        <extensions>
          <ns3:TrackPointExtension>
            <ns3:hr>157</ns3:hr>
            <ns3:cad>54</ns3:cad>
          </ns3:TrackPointExtension>
        </extensions>
      </trkpt>
      <trkpt lat="43.8469594158232212066650390625" lon="87.51024358905851840972900390625">
        <ele>822</ele>
        <time>2026-08-01T14:31:03.000Z</time>
        <extensions>
          <ns3:TrackPointExtension>
            <ns3:hr>154</ns3:hr>
            <ns3:cad>54</ns3:cad>
          </ns3:TrackPointExtension>
        </extensions>
      </trkpt>
      <trkpt lat="43.8469416461884975433349609375" lon="87.51023235730826854705810546875">
        <ele>822.20001220703125</ele>
        <time>2026-08-01T14:31:05.000Z</time>
        <extensions>
          <ns3:TrackPointExtension>
            <ns3:hr>151</ns3:hr>
            <ns3:cad>54</ns3:cad>
          </ns3:TrackPointExtension>
        </extensions>
      </trkpt>
      <trkpt lat="43.8469198532402515411376953125" lon="87.5102265737950801849365234375">
        <ele>822.4000244140625</ele>
        <time>2026-08-01T14:31:07.000Z</time>
        <extensions>
          <ns3:TrackPointExtension>
            <ns3:hr>148</ns3:hr>
            <ns3:cad>54</ns3:cad>
          </ns3:TrackPointExtension>
        </extensions>
      </trkpt>
      <trkpt lat="43.846885152161121368408203125" lon="87.5102158449590206146240234375">
        <ele>822.79998779296875</ele>
        <time>2026-08-01T14:31:10.000Z</time>
        <extensions>
          <ns3:TrackPointExtension>
            <ns3:hr>145</ns3:hr>
            <ns3:cad>54</ns3:cad>
          </ns3:TrackPointExtension>
        </extensions>
      </trkpt>
      <trkpt lat="43.846878446638584136962890625" lon="87.5102158449590206146240234375">
        <ele>823</ele>
        <time>2026-08-01T14:31:11.000Z</time>
        <extensions>
          <ns3:TrackPointExtension>
            <ns3:hr>144</ns3:hr>
            <ns3:cad>54</ns3:cad>
          </ns3:TrackPointExtension>
        </extensions>
      </trkpt>
      <trkpt lat="43.8467696495354175567626953125" lon="87.51018608920276165008544921875">
        <ele>824</ele>
        <time>2026-08-01T14:31:19.000Z</time>
        <extensions>
          <ns3:TrackPointExtension>
            <ns3:hr>144</ns3:hr>
            <ns3:cad>55</ns3:cad>
          </ns3:TrackPointExtension>
        </extensions>
      </trkpt>
      <trkpt lat="43.84663344360888004302978515625" lon="87.51015122048556804656982421875">
        <ele>824.79998779296875</ele>
        <time>2026-08-01T14:31:28.000Z</time>
        <extensions>
          <ns3:TrackPointExtension>
            <ns3:hr>145</ns3:hr>
            <ns3:cad>56</ns3:cad>
          </ns3:TrackPointExtension>
        </extensions>
      </trkpt>
      <trkpt lat="43.846534453332424163818359375" lon="87.5101903639733791351318359375">
        <ele>824.5999755859375</ele>
        <time>2026-08-01T14:31:37.000Z</time>
        <extensions>
          <ns3:TrackPointExtension>
            <ns3:hr>143</ns3:hr>
            <ns3:cad>55</ns3:cad>
          </ns3:TrackPointExtension>
        </extensions>
      </trkpt>
      <trkpt lat="43.84643931873142719268798828125" lon="87.510183155536651611328125">
        <ele>824.79998779296875</ele>
        <time>2026-08-01T14:31:46.000Z</time>
        <extensions>
          <ns3:TrackPointExtension>
            <ns3:hr>144</ns3:hr>
            <ns3:cad>52</ns3:cad>
          </ns3:TrackPointExtension>
        </extensions>
      </trkpt>
      <trkpt lat="43.84637746028602123260498046875" lon="87.5101675651967525482177734375">
        <ele>824.79998779296875</ele>
        <time>2026-08-01T14:31:52.000Z</time>
        <extensions>
          <ns3:TrackPointExtension>
            <ns3:hr>141</ns3:hr>
            <ns3:cad>53</ns3:cad>
          </ns3:TrackPointExtension>
        </extensions>
      </trkpt>
      <trkpt lat="43.84631660766899585723876953125" lon="87.5101679004728794097900390625">
        <ele>824.4000244140625</ele>
        <time>2026-08-01T14:31:57.000Z</time>
        <extensions>
          <ns3:TrackPointExtension>
            <ns3:hr>139</ns3:hr>
            <ns3:cad>53</ns3:cad>
          </ns3:TrackPointExtension>
        </extensions>
      </trkpt>
      <trkpt lat="43.84624837897717952728271484375" lon="87.51015792600810527801513671875">
        <ele>824.20001220703125</ele>
        <time>2026-08-01T14:32:04.000Z</time>
        <extensions>
          <ns3:TrackPointExtension>
            <ns3:hr>138</ns3:hr>
            <ns3:cad>54</ns3:cad>
          </ns3:TrackPointExtension>
        </extensions>
      </trkpt>
      <trkpt lat="43.8461084850132465362548828125" lon="87.51010243780910968780517578125">
        <ele>823</ele>
        <time>2026-08-01T14:32:14.000Z</time>
        <extensions>
          <ns3:TrackPointExtension>
            <ns3:hr>137</ns3:hr>
            <ns3:cad>54</ns3:cad>
          </ns3:TrackPointExtension>
        </extensions>
      </trkpt>
      <trkpt lat="43.84595165960490703582763671875" lon="87.5100974924862384796142578125">
        <ele>823.5999755859375</ele>
        <time>2026-08-01T14:32:21.000Z</time>
        <extensions>
          <ns3:TrackPointExtension>
            <ns3:hr>136</ns3:hr>
            <ns3:cad>82</ns3:cad>
          </ns3:TrackPointExtension>
        </extensions>
      </trkpt>
      <trkpt lat="43.845788128674030303955078125" lon="87.51004376448690891265869140625">
        <ele>824.4000244140625</ele>
        <time>2026-08-01T14:32:27.000Z</time>
        <extensions>
          <ns3:TrackPointExtension>
            <ns3:hr>138</ns3:hr>
            <ns3:cad>83</ns3:cad>
          </ns3:TrackPointExtension>
        </extensions>
      </trkpt>
      <trkpt lat="43.845605067908763885498046875" lon="87.51004627905786037445068359375">
        <ele>825.79998779296875</ele>
        <time>2026-08-01T14:32:33.000Z</time>
        <extensions>
          <ns3:TrackPointExtension>
            <ns3:hr>139</ns3:hr>
            <ns3:cad>83</ns3:cad>
          </ns3:TrackPointExtension>
        </extensions>
      </trkpt>
      <trkpt lat="43.8455760665237903594970703125" lon="87.5100388191640377044677734375">
        <ele>826</ele>
        <time>2026-08-01T14:32:34.000Z</time>
        <extensions>
          <ns3:TrackPointExtension>
            <ns3:hr>141</ns3:hr>
            <ns3:cad>83</ns3:cad>
          </ns3:TrackPointExtension>
        </extensions>
      </trkpt>
      <trkpt lat="43.84552250616252422332763671875" lon="87.51001141034066677093505859375">
        <ele>826.20001220703125</ele>
        <time>2026-08-01T14:32:36.000Z</time>
        <extensions>
          <ns3:TrackPointExtension>
            <ns3:hr>146</ns3:hr>
            <ns3:cad>83</ns3:cad>
          </ns3:TrackPointExtension>
        </extensions>
      </trkpt>
      <trkpt lat="43.84535738267004489898681640625" lon="87.50995290465652942657470703125">
        <ele>827.20001220703125</ele>
        <time>2026-08-01T14:32:42.000Z</time>
        <extensions>
          <ns3:TrackPointExtension>
            <ns3:hr>149</ns3:hr>
            <ns3:cad>82</ns3:cad>
          </ns3:TrackPointExtension>
        </extensions>
      </trkpt>
      <trkpt lat="43.84518689475953578948974609375" lon="87.50996866263449192047119140625">
        <ele>828</ele>
        <time>2026-08-01T14:32:47.000Z</time>
        <extensions>
          <ns3:TrackPointExtension>
            <ns3:hr>152</ns3:hr>
            <ns3:cad>83</ns3:cad>
          </ns3:TrackPointExtension>
        </extensions>
      </trkpt>
      <trkpt lat="43.84508916176855564117431640625" lon="87.50995743088424205780029296875">
        <ele>828</ele>
        <time>2026-08-01T14:32:50.000Z</time>
        <extensions>
          <ns3:TrackPointExtension>
            <ns3:hr>153</ns3:hr>
            <ns3:cad>83</ns3:cad>
          </ns3:TrackPointExtension>
        </extensions>
      </trkpt>
      <trkpt lat="43.84496963582932949066162109375" lon="87.5099332071840763092041015625">
        <ele>828.20001220703125</ele>
        <time>2026-08-01T14:32:54.000Z</time>
        <extensions>
          <ns3:TrackPointExtension>
            <ns3:hr>154</ns3:hr>
            <ns3:cad>84</ns3:cad>
          </ns3:TrackPointExtension>
        </extensions>
      </trkpt>
      <trkpt lat="43.8448676280677318572998046875" lon="87.509909234941005706787109375">
        <ele>828.5999755859375</ele>
        <time>2026-08-01T14:32:58.000Z</time>
        <extensions>
          <ns3:TrackPointExtension>
            <ns3:hr>157</ns3:hr>
            <ns3:cad>83</ns3:cad>
          </ns3:TrackPointExtension>
        </extensions>
      </trkpt>
      <trkpt lat="43.84472371079027652740478515625" lon="87.5098835863173007965087890625">
        <ele>829</ele>
        <time>2026-08-01T14:33:03.000Z</time>
        <extensions>
          <ns3:TrackPointExtension>
            <ns3:hr>160</ns3:hr>
            <ns3:cad>83</ns3:cad>
          </ns3:TrackPointExtension>
        </extensions>
      </trkpt>
      <trkpt lat="43.844619691371917724609375" lon="87.50988735817372798919677734375">
        <ele>829.4000244140625</ele>
        <time>2026-08-01T14:33:06.000Z</time>
        <extensions>
          <ns3:TrackPointExtension>
            <ns3:hr>162</ns3:hr>
            <ns3:cad>83</ns3:cad>
          </ns3:TrackPointExtension>
        </extensions>
      </trkpt>
      <trkpt lat="43.84444425813853740692138671875" lon="87.50985852442681789398193359375">
        <ele>829.5999755859375</ele>
        <time>2026-08-01T14:33:12.000Z</time>
        <extensions>
          <ns3:TrackPointExtension>
            <ns3:hr>165</ns3:hr>
            <ns3:cad>82</ns3:cad>
          </ns3:TrackPointExtension>
        </extensions>
      </trkpt>
      <trkpt lat="43.844361864030361175537109375" lon="87.509850226342678070068359375">
        <ele>829.4000244140625</ele>
        <time>2026-08-01T14:33:15.000Z</time>
        <extensions>
          <ns3:TrackPointExtension>
            <ns3:hr>166</ns3:hr>
            <ns3:cad>82</ns3:cad>
          </ns3:TrackPointExtension>
        </extensions>
      </trkpt>
      <trkpt lat="43.8441813178360462188720703125" lon="87.50986992381513118743896484375">
        <ele>829.4000244140625</ele>
        <time>2026-08-01T14:33:21.000Z</time>
        <extensions>
          <ns3:TrackPointExtension>
            <ns3:hr>167</ns3:hr>
            <ns3:cad>82</ns3:cad>
          </ns3:TrackPointExtension>
        </extensions>
      </trkpt>
      <trkpt lat="43.844111748039722442626953125" lon="87.50987092964351177215576171875">
        <ele>829.5999755859375</ele>
        <time>2026-08-01T14:33:23.000Z</time>
        <extensions>
          <ns3:TrackPointExtension>
            <ns3:hr>168</ns3:hr>
            <ns3:cad>82</ns3:cad>
          </ns3:TrackPointExtension>
        </extensions>
      </trkpt>
      <trkpt lat="43.84404796175658702850341796875" lon="87.50985668040812015533447265625">
        <ele>829.79998779296875</ele>
        <time>2026-08-01T14:33:25.000Z</time>
        <extensions>
          <ns3:TrackPointExtension>
            <ns3:hr>171</ns3:hr>
            <ns3:cad>82</ns3:cad>
          </ns3:TrackPointExtension>
        </extensions>
      </trkpt>
      <trkpt lat="43.84399180300533771514892578125" lon="87.50982382334768772125244140625">
        <ele>829.79998779296875</ele>
        <time>2026-08-01T14:33:27.000Z</time>
        <extensions>
          <ns3:TrackPointExtension>
            <ns3:hr>174</ns3:hr>
            <ns3:cad>82</ns3:cad>
          </ns3:TrackPointExtension>
        </extensions>
      </trkpt>
      <trkpt lat="43.8439328782260417938232421875" lon="87.50979281030595302581787109375">
        <ele>830</ele>
        <time>2026-08-01T14:33:29.000Z</time>
        <extensions>
          <ns3:TrackPointExtension>
            <ns3:hr>175</ns3:hr>
            <ns3:cad>82</ns3:cad>
          </ns3:TrackPointExtension>
        </extensions>
      </trkpt>
      <trkpt lat="43.84380522184073925018310546875" lon="87.50974687747657299041748046875">
        <ele>830.4000244140625</ele>
        <time>2026-08-01T14:33:34.000Z</time>
        <extensions>
          <ns3:TrackPointExtension>
            <ns3:hr>178</ns3:hr>
            <ns3:cad>81</ns3:cad>
          </ns3:TrackPointExtension>
        </extensions>
      </trkpt>
      <trkpt lat="43.84376834146678447723388671875" lon="87.5097374059259891510009765625">
        <ele>830.4000244140625</ele>
        <time>2026-08-01T14:33:36.000Z</time>
        <extensions>
          <ns3:TrackPointExtension>
            <ns3:hr>180</ns3:hr>
            <ns3:cad>82</ns3:cad>
          </ns3:TrackPointExtension>
        </extensions>
      </trkpt>
      <trkpt lat="43.84368385188281536102294921875" lon="87.50974436290562152862548828125">
        <ele>830.79998779296875</ele>
        <time>2026-08-01T14:33:43.000Z</time>
        <extensions>
          <ns3:TrackPointExtension>
            <ns3:hr>181</ns3:hr>
            <ns3:cad>0</ns3:cad>
          </ns3:TrackPointExtension>
        </extensions>
      </trkpt>
      <trkpt lat="43.8435258530080318450927734375" lon="87.50969088636338710784912109375">
        <ele>831.79998779296875</ele>
        <time>2026-08-01T14:33:50.000Z</time>
        <extensions>
          <ns3:TrackPointExtension>
            <ns3:hr>179</ns3:hr>
            <ns3:cad>81</ns3:cad>
          </ns3:TrackPointExtension>
        </extensions>
      </trkpt>
      <trkpt lat="43.843338601291179656982421875" lon="87.509616874158382415771484375">
        <ele>833</ele>
        <time>2026-08-01T14:33:57.000Z</time>
        <extensions>
          <ns3:TrackPointExtension>
            <ns3:hr>178</ns3:hr>
            <ns3:cad>82</ns3:cad>
          </ns3:TrackPointExtension>
        </extensions>
      </trkpt>
      <trkpt lat="43.84331538341939449310302734375" lon="87.5096078217029571533203125">
        <ele>833.4000244140625</ele>
        <time>2026-08-01T14:33:58.000Z</time>
        <extensions>
          <ns3:TrackPointExtension>
            <ns3:hr>181</ns3:hr>
            <ns3:cad>82</ns3:cad>
          </ns3:TrackPointExtension>
        </extensions>
      </trkpt>
      <trkpt lat="43.84315855801105499267578125" lon="87.50958435237407684326171875">
        <ele>835</ele>
        <time>2026-08-01T14:34:04.000Z</time>
        <extensions>
          <ns3:TrackPointExtension>
            <ns3:hr>182</ns3:hr>
            <ns3:cad>83</ns3:cad>
          </ns3:TrackPointExtension>
        </extensions>
      </trkpt>
      <trkpt lat="43.84296267293393611907958984375" lon="87.5095442868769168853759765625">
        <ele>836</ele>
        <time>2026-08-01T14:34:10.000Z</time>
        <extensions>
          <ns3:TrackPointExtension>
            <ns3:hr>183</ns3:hr>
            <ns3:cad>83</ns3:cad>
          </ns3:TrackPointExtension>
        </extensions>
      </trkpt>
      <trkpt lat="43.84292394854128360748291015625" lon="87.50953062437474727630615234375">
        <ele>836</ele>
        <time>2026-08-01T14:34:12.000Z</time>
        <extensions>
          <ns3:TrackPointExtension>
            <ns3:hr>183</ns3:hr>
            <ns3:cad>83</ns3:cad>
          </ns3:TrackPointExtension>
        </extensions>
      </trkpt>
      <trkpt lat="43.8428480923175811767578125" lon="87.5095023773610591888427734375">
        <ele>836</ele>
        <time>2026-08-01T14:34:18.000Z</time>
        <extensions>
          <ns3:TrackPointExtension>
            <ns3:hr>183</ns3:hr>
            <ns3:cad>56</ns3:cad>
          </ns3:TrackPointExtension>
        </extensions>
      </trkpt>
      <trkpt lat="43.8428063504397869110107421875" lon="87.5094802491366863250732421875">
        <ele>836</ele>
        <time>2026-08-01T14:34:20.000Z</time>
        <extensions>
          <ns3:TrackPointExtension>
            <ns3:hr>180</ns3:hr>
            <ns3:cad>57</ns3:cad>
          </ns3:TrackPointExtension>
        </extensions>
      </trkpt>
      <trkpt lat="43.84272948838770389556884765625" lon="87.509517632424831390380859375">
        <ele>835.79998779296875</ele>
        <time>2026-08-01T14:34:25.000Z</time>
        <extensions>
          <ns3:TrackPointExtension>
            <ns3:hr>177</ns3:hr>
            <ns3:cad>57</ns3:cad>
          </ns3:TrackPointExtension>
        </extensions>
      </trkpt>
      <trkpt lat="43.842719011008739471435546875" lon="87.50952090136706829071044921875">
        <ele>835.79998779296875</ele>
        <time>2026-08-01T14:34:26.000Z</time>
        <extensions>
          <ns3:TrackPointExtension>
            <ns3:hr>177</ns3:hr>
            <ns3:cad>58</ns3:cad>
          </ns3:TrackPointExtension>
        </extensions>
      </trkpt>
      <trkpt lat="43.8426437415182590484619140625" lon="87.5095345638692378997802734375">
        <ele>835.5999755859375</ele>
        <time>2026-08-01T14:34:31.000Z</time>
        <extensions>
          <ns3:TrackPointExtension>
            <ns3:hr>174</ns3:hr>
            <ns3:cad>114</ns3:cad>
          </ns3:TrackPointExtension>
        </extensions>
      </trkpt>
      <trkpt lat="43.84258867241442203521728515625" lon="87.509523332118988037109375">
        <ele>835.4000244140625</ele>
        <time>2026-08-01T14:34:34.000Z</time>
        <extensions>
          <ns3:TrackPointExtension>
            <ns3:hr>173</ns3:hr>
            <ns3:cad>79</ns3:cad>
          </ns3:TrackPointExtension>
        </extensions>
      </trkpt>
      <trkpt lat="43.84241734631359577178955078125" lon="87.50949743203818798065185546875">
        <ele>835.4000244140625</ele>
        <time>2026-08-01T14:34:41.000Z</time>
        <extensions>
          <ns3:TrackPointExtension>
            <ns3:hr>176</ns3:hr>
            <ns3:cad>82</ns3:cad>
          </ns3:TrackPointExtension>
        </extensions>
      </trkpt>
      <trkpt lat="43.84239018894731998443603515625" lon="87.5094909779727458953857421875">
        <ele>835.4000244140625</ele>
        <time>2026-08-01T14:34:42.000Z</time>
        <extensions>
          <ns3:TrackPointExtension>
            <ns3:hr>176</ns3:hr>
            <ns3:cad>82</ns3:cad>
          </ns3:TrackPointExtension>
        </extensions>
      </trkpt>
      <trkpt lat="43.84223520755767822265625" lon="87.509475387632846832275390625">
        <ele>836</ele>
        <time>2026-08-01T14:34:47.000Z</time>
        <extensions>
          <ns3:TrackPointExtension>
            <ns3:hr>180</ns3:hr>
            <ns3:cad>83</ns3:cad>
          </ns3:TrackPointExtension>
        </extensions>
      </trkpt>
      <trkpt lat="43.84218089282512664794921875" lon="87.509469687938690185546875">
        <ele>836.20001220703125</ele>
        <time>2026-08-01T14:34:49.000Z</time>
        <extensions>
          <ns3:TrackPointExtension>
            <ns3:hr>177</ns3:hr>
            <ns3:cad>83</ns3:cad>
          </ns3:TrackPointExtension>
        </extensions>
      </trkpt>
      <trkpt lat="43.84215147234499454498291015625" lon="87.5094792433083057403564453125">
        <ele>836.5999755859375</ele>
        <time>2026-08-01T14:34:50.000Z</time>
        <extensions>
          <ns3:TrackPointExtension>
            <ns3:hr>178</ns3:hr>
            <ns3:cad>83</ns3:cad>
          </ns3:TrackPointExtension>
        </extensions>
      </trkpt>
      <trkpt lat="43.84196220897138118743896484375" lon="87.50950933434069156646728515625">
        <ele>838.20001220703125</ele>
        <time>2026-08-01T14:34:56.000Z</time>
        <extensions>
          <ns3:TrackPointExtension>
            <ns3:hr>180</ns3:hr>
            <ns3:cad>84</ns3:cad>
          </ns3:TrackPointExtension>
        </extensions>
      </trkpt>
      <trkpt lat="43.8417535834014415740966796875" lon="87.50949776731431484222412109375">
        <ele>840.20001220703125</ele>
        <time>2026-08-01T14:35:02.000Z</time>
        <extensions>
          <ns3:TrackPointExtension>
            <ns3:hr>181</ns3:hr>
            <ns3:cad>82</ns3:cad>
          </ns3:TrackPointExtension>
        </extensions>
      </trkpt>
      <trkpt lat="43.84165274910628795623779296875" lon="87.50947446562349796295166015625">
        <ele>841.20001220703125</ele>
        <time>2026-08-01T14:35:06.000Z</time>
        <extensions>
          <ns3:TrackPointExtension>
            <ns3:hr>181</ns3:hr>
            <ns3:cad>81</ns3:cad>
          </ns3:TrackPointExtension>
        </extensions>
      </trkpt>
      <trkpt lat="43.841457031667232513427734375" lon="87.509386874735355377197265625">
        <ele>843</ele>
        <time>2026-08-01T14:35:13.000Z</time>
        <extensions>
          <ns3:TrackPointExtension>
            <ns3:hr>182</ns3:hr>
            <ns3:cad>82</ns3:cad>
          </ns3:TrackPointExtension>
        </extensions>
      </trkpt>
      <trkpt lat="43.84143113158643245697021484375" lon="87.50937690027058124542236328125">
        <ele>843.20001220703125</ele>
        <time>2026-08-01T14:35:14.000Z</time>
        <extensions>
          <ns3:TrackPointExtension>
            <ns3:hr>182</ns3:hr>
            <ns3:cad>82</ns3:cad>
          </ns3:TrackPointExtension>
        </extensions>
      </trkpt>
      <trkpt lat="43.84126047603785991668701171875" lon="87.50935862772166728973388671875">
        <ele>844.5999755859375</ele>
        <time>2026-08-01T14:35:20.000Z</time>
        <extensions>
          <ns3:TrackPointExtension>
            <ns3:hr>183</ns3:hr>
            <ns3:cad>82</ns3:cad>
          </ns3:TrackPointExtension>
        </extensions>
      </trkpt>
      <trkpt lat="43.84116433560848236083984375" lon="87.50934739597141742706298828125">
        <ele>845.20001220703125</ele>
        <time>2026-08-01T14:35:26.000Z</time>
        <extensions>
          <ns3:TrackPointExtension>
            <ns3:hr>184</ns3:hr>
            <ns3:cad>81</ns3:cad>
          </ns3:TrackPointExtension>
        </extensions>
      </trkpt>
      <trkpt lat="43.84105729870498180389404296875" lon="87.509369440376758575439453125">
        <ele>846.20001220703125</ele>
        <time>2026-08-01T14:35:33.000Z</time>
        <extensions>
          <ns3:TrackPointExtension>
            <ns3:hr>183</ns3:hr>
            <ns3:cad>54</ns3:cad>
          </ns3:TrackPointExtension>
        </extensions>
      </trkpt>
      <trkpt lat="43.840921260416507720947265625" lon="87.5093769840896129608154296875">
        <ele>847.20001220703125</ele>
        <time>2026-08-01T14:35:42.000Z</time>
        <extensions>
          <ns3:TrackPointExtension>
            <ns3:hr>181</ns3:hr>
            <ns3:cad>56</ns3:cad>
          </ns3:TrackPointExtension>
        </extensions>
      </trkpt>
      <trkpt lat="43.84090256877243518829345703125" lon="87.5093910656869411468505859375">
        <ele>847.20001220703125</ele>
        <time>2026-08-01T14:35:43.000Z</time>
        <extensions>
          <ns3:TrackPointExtension>
            <ns3:hr>180</ns3:hr>
            <ns3:cad>56</ns3:cad>
          </ns3:TrackPointExtension>
        </extensions>
      </trkpt>
      <trkpt lat="43.84079041890799999237060546875" lon="87.50937337987124919891357421875">
        <ele>847.4000244140625</ele>
        <time>2026-08-01T14:35:51.000Z</time>
        <extensions>
          <ns3:TrackPointExtension>
            <ns3:hr>178</ns3:hr>
            <ns3:cad>55</ns3:cad>
          </ns3:TrackPointExtension>
        </extensions>
      </trkpt>
      <trkpt lat="43.840635605156421661376953125" lon="87.5093055702745914459228515625">
        <ele>847.79998779296875</ele>
        <time>2026-08-01T14:36:02.000Z</time>
        <extensions>
          <ns3:TrackPointExtension>
            <ns3:hr>177</ns3:hr>
            <ns3:cad>80</ns3:cad>
          </ns3:TrackPointExtension>
        </extensions>
      </trkpt>
      <trkpt lat="43.840476684272289276123046875" lon="87.50927682034671306610107421875">
        <ele>848.4000244140625</ele>
        <time>2026-08-01T14:36:09.000Z</time>
        <extensions>
          <ns3:TrackPointExtension>
            <ns3:hr>177</ns3:hr>
            <ns3:cad>82</ns3:cad>
          </ns3:TrackPointExtension>
        </extensions>
      </trkpt>
      <trkpt lat="43.84027359075844287872314453125" lon="87.50925301574170589447021484375">
        <ele>849.5999755859375</ele>
        <time>2026-08-01T14:36:17.000Z</time>
        <extensions>
          <ns3:TrackPointExtension>
            <ns3:hr>178</ns3:hr>
            <ns3:cad>82</ns3:cad>
          </ns3:TrackPointExtension>
        </extensions>
      </trkpt>
      <trkpt lat="43.8401238061487674713134765625" lon="87.50921043567359447479248046875">
        <ele>850.79998779296875</ele>
        <time>2026-08-01T14:36:23.000Z</time>
        <extensions>
          <ns3:TrackPointExtension>
            <ns3:hr>180</ns3:hr>
            <ns3:cad>83</ns3:cad>
          </ns3:TrackPointExtension>
        </extensions>
      </trkpt>
      <trkpt lat="43.83998475037515163421630859375" lon="87.5091878883540630340576171875">
        <ele>852</ele>
        <time>2026-08-01T14:36:29.000Z</time>
        <extensions>
          <ns3:TrackPointExtension>
            <ns3:hr>180</ns3:hr>
            <ns3:cad>82</ns3:cad>
          </ns3:TrackPointExtension>
        </extensions>
      </trkpt>
      <trkpt lat="43.83990931324660778045654296875" lon="87.50917556695640087127685546875">
        <ele>852.5999755859375</ele>
        <time>2026-08-01T14:36:34.000Z</time>
        <extensions>
          <ns3:TrackPointExtension>
            <ns3:hr>179</ns3:hr>
            <ns3:cad>71</ns3:cad>
          </ns3:TrackPointExtension>
        </extensions>
      </trkpt>
      <trkpt lat="43.83979951031506061553955078125" lon="87.50916190445423126220703125">
        <ele>853.4000244140625</ele>
        <time>2026-08-01T14:36:43.000Z</time>
        <extensions>
          <ns3:TrackPointExtension>
            <ns3:hr>179</ns3:hr>
            <ns3:cad>54</ns3:cad>
          </ns3:TrackPointExtension>
        </extensions>
      </trkpt>
      <trkpt lat="43.83967797271907329559326171875" lon="87.5091513432562351226806640625">
        <ele>853.79998779296875</ele>
        <time>2026-08-01T14:36:52.000Z</time>
        <extensions>
          <ns3:TrackPointExtension>
            <ns3:hr>177</ns3:hr>
            <ns3:cad>55</ns3:cad>
          </ns3:TrackPointExtension>
        </extensions>
      </trkpt>
      <trkpt lat="43.83955392055213451385498046875" lon="87.50913516618311405181884765625">
        <ele>853.79998779296875</ele>
        <time>2026-08-01T14:36:56.000Z</time>
        <extensions>
          <ns3:TrackPointExtension>
            <ns3:hr>175</ns3:hr>
            <ns3:cad>85</ns3:cad>
          </ns3:TrackPointExtension>
        </extensions>
      </trkpt>
      <trkpt lat="43.83939248509705066680908203125" lon="87.5091151334345340728759765625">
        <ele>854</ele>
        <time>2026-08-01T14:37:01.000Z</time>
        <extensions>
          <ns3:TrackPointExtension>
            <ns3:hr>176</ns3:hr>
            <ns3:cad>84</ns3:cad>
          </ns3:TrackPointExtension>
        </extensions>
      </trkpt>
      <trkpt lat="43.839203305542469024658203125" lon="87.5090913288295269012451171875">
        <ele>855.4000244140625</ele>
        <time>2026-08-01T14:37:07.000Z</time>
        <extensions>
          <ns3:TrackPointExtension>
            <ns3:hr>177</ns3:hr>
            <ns3:cad>85</ns3:cad>
          </ns3:TrackPointExtension>
        </extensions>
      </trkpt>
      <trkpt lat="43.8391391001641750335693359375" lon="87.50907565467059612274169921875">
        <ele>855.5999755859375</ele>
        <time>2026-08-01T14:37:09.000Z</time>
        <extensions>
          <ns3:TrackPointExtension>
            <ns3:hr>178</ns3:hr>
            <ns3:cad>85</ns3:cad>
          </ns3:TrackPointExtension>
        </extensions>
      </trkpt>
      <trkpt lat="43.8390787504613399505615234375" lon="87.50904925167560577392578125">
        <ele>855.79998779296875</ele>
        <time>2026-08-01T14:37:12.000Z</time>
        <extensions>
          <ns3:TrackPointExtension>
            <ns3:hr>182</ns3:hr>
            <ns3:cad>83</ns3:cad>
          </ns3:TrackPointExtension>
        </extensions>
      </trkpt>
      <trkpt lat="43.83906089700758457183837890625" lon="87.509043551981449127197265625">
        <ele>855.79998779296875</ele>
        <time>2026-08-01T14:37:14.000Z</time>
        <extensions>
          <ns3:TrackPointExtension>
            <ns3:hr>181</ns3:hr>
            <ns3:cad>83</ns3:cad>
          </ns3:TrackPointExtension>
        </extensions>
      </trkpt>
      <trkpt lat="43.838969953358173370361328125" lon="87.50904447399079799652099609375">
        <ele>856</ele>
        <time>2026-08-01T14:37:22.000Z</time>
        <extensions>
          <ns3:TrackPointExtension>
            <ns3:hr>179</ns3:hr>
            <ns3:cad>51</ns3:cad>
          </ns3:TrackPointExtension>
        </extensions>
      </trkpt>
      <trkpt lat="43.83894145488739013671875" lon="87.5090524367988109588623046875">
        <ele>856</ele>
        <time>2026-08-01T14:37:25.000Z</time>
        <extensions>
          <ns3:TrackPointExtension>
            <ns3:hr>178</ns3:hr>
            <ns3:cad>52</ns3:cad>
          </ns3:TrackPointExtension>
        </extensions>
      </trkpt>
      <trkpt lat="43.8388829492032527923583984375" lon="87.509060315787792205810546875">
        <ele>856</ele>
        <time>2026-08-01T14:37:30.000Z</time>
        <extensions>
          <ns3:TrackPointExtension>
            <ns3:hr>177</ns3:hr>
            <ns3:cad>51</ns3:cad>
          </ns3:TrackPointExtension>
        </extensions>
      </trkpt>
      <trkpt lat="43.8388671912252902984619140625" lon="87.50905369408428668975830078125">
        <ele>856.20001220703125</ele>
        <time>2026-08-01T14:37:31.000Z</time>
        <extensions>
          <ns3:TrackPointExtension>
            <ns3:hr>177</ns3:hr>
            <ns3:cad>51</ns3:cad>
          </ns3:TrackPointExtension>
        </extensions>
      </trkpt>
      <trkpt lat="43.83873065002262592315673828125" lon="87.50904397107660770416259765625">
        <ele>857.20001220703125</ele>
        <time>2026-08-01T14:37:36.000Z</time>
        <extensions>
          <ns3:TrackPointExtension>
            <ns3:hr>177</ns3:hr>
            <ns3:cad>81</ns3:cad>
          </ns3:TrackPointExtension>
        </extensions>
      </trkpt>
      <trkpt lat="43.8385423086583614349365234375" lon="87.50898420810699462890625">
        <ele>858.20001220703125</ele>
        <time>2026-08-01T14:37:43.000Z</time>
        <extensions>
          <ns3:TrackPointExtension>
            <ns3:hr>178</ns3:hr>
            <ns3:cad>82</ns3:cad>
          </ns3:TrackPointExtension>
        </extensions>
      </trkpt>
      <trkpt lat="43.838352374732494354248046875" lon="87.50891723670065402984619140625">
        <ele>859</ele>
        <time>2026-08-01T14:37:50.000Z</time>
        <extensions>
          <ns3:TrackPointExtension>
            <ns3:hr>178</ns3:hr>
            <ns3:cad>82</ns3:cad>
          </ns3:TrackPointExtension>
        </extensions>
      </trkpt>
      <trkpt lat="43.83832798339426517486572265625" lon="87.50891237519681453704833984375">
        <ele>859</ele>
        <time>2026-08-01T14:37:51.000Z</time>
        <extensions>
          <ns3:TrackPointExtension>
            <ns3:hr>177</ns3:hr>
            <ns3:cad>82</ns3:cad>
          </ns3:TrackPointExtension>
        </extensions>
      </trkpt>
      <trkpt lat="43.8381456770002841949462890625" lon="87.50889728777110576629638671875">
        <ele>858.4000244140625</ele>
        <time>2026-08-01T14:37:57.000Z</time>
        <extensions>
          <ns3:TrackPointExtension>
            <ns3:hr>179</ns3:hr>
            <ns3:cad>82</ns3:cad>
          </ns3:TrackPointExtension>
        </extensions>
      </trkpt>
      <trkpt lat="43.837946355342864990234375" lon="87.5088586471974849700927734375">
        <ele>858.79998779296875</ele>
        <time>2026-08-01T14:38:05.000Z</time>
        <extensions>
          <ns3:TrackPointExtension>
            <ns3:hr>181</ns3:hr>
            <ns3:cad>82</ns3:cad>
          </ns3:TrackPointExtension>
        </extensions>
      </trkpt>
      <trkpt lat="43.83775348775088787078857421875" lon="87.5088321603834629058837890625">
        <ele>859.4000244140625</ele>
        <time>2026-08-01T14:38:12.000Z</time>
        <extensions>
          <ns3:TrackPointExtension>
            <ns3:hr>181</ns3:hr>
            <ns3:cad>82</ns3:cad>
          </ns3:TrackPointExtension>
        </extensions>
      </trkpt>
      <trkpt lat="43.83771836757659912109375" lon="87.5088318251073360443115234375">
        <ele>859.5999755859375</ele>
        <time>2026-08-01T14:38:14.000Z</time>
        <extensions>
          <ns3:TrackPointExtension>
            <ns3:hr>182</ns3:hr>
            <ns3:cad>82</ns3:cad>
          </ns3:TrackPointExtension>
        </extensions>
      </trkpt>
      <trkpt lat="43.837691210210323333740234375" lon="87.50883467495441436767578125">
        <ele>859.79998779296875</ele>
        <time>2026-08-01T14:38:17.000Z</time>
        <extensions>
          <ns3:TrackPointExtension>
            <ns3:hr>182</ns3:hr>
            <ns3:cad>74</ns3:cad>
          </ns3:TrackPointExtension>
        </extensions>
      </trkpt>
      <trkpt lat="43.83761971257627010345458984375" lon="87.50883677043020725250244140625">
        <ele>860.5999755859375</ele>
        <time>2026-08-01T14:38:24.000Z</time>
        <extensions>
          <ns3:TrackPointExtension>
            <ns3:hr>183</ns3:hr>
            <ns3:cad>53</ns3:cad>
          </ns3:TrackPointExtension>
        </extensions>
      </trkpt>
      <trkpt lat="43.83752482943236827850341796875" lon="87.50886728055775165557861328125">
        <ele>862.20001220703125</ele>
        <time>2026-08-01T14:38:30.000Z</time>
        <extensions>
          <ns3:TrackPointExtension>
            <ns3:hr>181</ns3:hr>
            <ns3:cad>54</ns3:cad>
          </ns3:TrackPointExtension>
        </extensions>
      </trkpt>
      <trkpt lat="43.8374774716794490814208984375" lon="87.508853115141391754150390625">
        <ele>862.79998779296875</ele>
        <time>2026-08-01T14:38:37.000Z</time>
        <extensions>
          <ns3:TrackPointExtension>
            <ns3:hr>179</ns3:hr>
            <ns3:cad>0</ns3:cad>
          </ns3:TrackPointExtension>
        </extensions>
      </trkpt>
      <trkpt lat="43.83747470565140247344970703125" lon="87.5088546238839626312255859375">
        <ele>862.79998779296875</ele>
        <time>2026-08-01T14:38:46.000Z</time>
        <extensions>
          <ns3:TrackPointExtension>
            <ns3:hr>178</ns3:hr>
            <ns3:cad>0</ns3:cad>
          </ns3:TrackPointExtension>
        </extensions>
      </trkpt>
      <trkpt lat="43.83747495710849761962890625" lon="87.5088633410632610321044921875">
        <ele>863</ele>
        <time>2026-08-01T14:38:52.000Z</time>
        <extensions>
          <ns3:TrackPointExtension>
            <ns3:hr>175</ns3:hr>
            <ns3:cad>0</ns3:cad>
          </ns3:TrackPointExtension>
        </extensions>
      </trkpt>
      <trkpt lat="43.83747495710849761962890625" lon="87.50886174850165843963623046875">
        <ele>862.79998779296875</ele>
        <time>2026-08-01T14:39:02.000Z</time>
        <extensions>
          <ns3:TrackPointExtension>
            <ns3:hr>173</ns3:hr>
            <ns3:cad>0</ns3:cad>
          </ns3:TrackPointExtension>
        </extensions>
      </trkpt>
      <trkpt lat="43.8374751247465610504150390625" lon="87.50886091031134128570556640625">
        <ele>862.79998779296875</ele>
        <time>2026-08-01T14:39:05.000Z</time>
        <extensions>
          <ns3:TrackPointExtension>
            <ns3:hr>169</ns3:hr>
            <ns3:cad>0</ns3:cad>
          </ns3:TrackPointExtension>
        </extensions>
      </trkpt>
      <trkpt lat="43.83747571147978305816650390625" lon="87.50885923393070697784423828125">
        <ele>862.79998779296875</ele>
        <time>2026-08-01T14:39:10.000Z</time>
        <extensions>
          <ns3:TrackPointExtension>
            <ns3:hr>166</ns3:hr>
            <ns3:cad>0</ns3:cad>
          </ns3:TrackPointExtension>
        </extensions>
      </trkpt>
      <trkpt lat="43.83746129460632801055908203125" lon="87.50885353423655033111572265625">
        <ele>863</ele>
        <time>2026-08-01T14:39:35.000Z</time>
        <extensions>
          <ns3:TrackPointExtension>
            <ns3:hr>163</ns3:hr>
            <ns3:cad>0</ns3:cad>
          </ns3:TrackPointExtension>
        </extensions>
      </trkpt>
      <trkpt lat="43.83743849582970142364501953125" lon="87.508861832320690155029296875">
        <ele>863.4000244140625</ele>
        <time>2026-08-01T14:39:40.000Z</time>
        <extensions>
          <ns3:TrackPointExtension>
            <ns3:hr>160</ns3:hr>
            <ns3:cad>51</ns3:cad>
          </ns3:TrackPointExtension>
        </extensions>
      </trkpt>
      <trkpt lat="43.8374033756554126739501953125" lon="87.50886845402419567108154296875">
        <ele>863.79998779296875</ele>
        <time>2026-08-01T14:39:42.000Z</time>
        <extensions>
          <ns3:TrackPointExtension>
            <ns3:hr>160</ns3:hr>
            <ns3:cad>54</ns3:cad>
          </ns3:TrackPointExtension>
        </extensions>
      </trkpt>
      <trkpt lat="43.83729650638997554779052734375" lon="87.50884406268596649169921875">
        <ele>864.5999755859375</ele>
        <time>2026-08-01T14:39:49.000Z</time>
        <extensions>
          <ns3:TrackPointExtension>
            <ns3:hr>158</ns3:hr>
            <ns3:cad>55</ns3:cad>
          </ns3:TrackPointExtension>
        </extensions>
      </trkpt>
      <trkpt lat="43.8372149504721164703369140625" lon="87.50880944542586803436279296875">
        <ele>865.20001220703125</ele>
        <time>2026-08-01T14:39:57.000Z</time>
        <extensions>
          <ns3:TrackPointExtension>
            <ns3:hr>159</ns3:hr>
            <ns3:cad>52</ns3:cad>
          </ns3:TrackPointExtension>
        </extensions>
      </trkpt>
      <trkpt lat="43.837163150310516357421875" lon="87.50880827195942401885986328125">
        <ele>866</ele>
        <time>2026-08-01T14:40:02.000Z</time>
        <extensions>
          <ns3:TrackPointExtension>
            <ns3:hr>156</ns3:hr>
            <ns3:cad>52</ns3:cad>
          </ns3:TrackPointExtension>
        </extensions>
      </trkpt>
      <trkpt lat="43.8371334783732891082763671875" lon="87.5088060088455677032470703125">
        <ele>866.4000244140625</ele>
        <time>2026-08-01T14:40:05.000Z</time>
        <extensions>
          <ns3:TrackPointExtension>
            <ns3:hr>157</ns3:hr>
            <ns3:cad>52</ns3:cad>
          </ns3:TrackPointExtension>
        </extensions>
      </trkpt>
      <trkpt lat="43.83709148503839969635009765625" lon="87.50881598331034183502197265625">
        <ele>867</ele>
        <time>2026-08-01T14:40:08.000Z</time>
        <extensions>
          <ns3:TrackPointExtension>
            <ns3:hr>154</ns3:hr>
            <ns3:cad>52</ns3:cad>
          </ns3:TrackPointExtension>
        </extensions>
      </trkpt>
      <trkpt lat="43.83705175481736660003662109375" lon="87.50879175961017608642578125">
        <ele>867.5999755859375</ele>
        <time>2026-08-01T14:40:13.000Z</time>
        <extensions>
          <ns3:TrackPointExtension>
            <ns3:hr>152</ns3:hr>
            <ns3:cad>52</ns3:cad>
          </ns3:TrackPointExtension>
        </extensions>
      </trkpt>
      <trkpt lat="43.83703549392521381378173828125" lon="87.50878614373505115509033203125">
        <ele>868</ele>
        <time>2026-08-01T14:40:14.000Z</time>
        <extensions>
          <ns3:TrackPointExtension>
            <ns3:hr>151</ns3:hr>
            <ns3:cad>52</ns3:cad>
          </ns3:TrackPointExtension>
        </extensions>
      </trkpt>
      <trkpt lat="43.83700967766344547271728515625" lon="87.50874037854373455047607421875">
        <ele>868.20001220703125</ele>
        <time>2026-08-01T14:40:18.000Z</time>
        <extensions>
          <ns3:TrackPointExtension>
            <ns3:hr>149</ns3:hr>
            <ns3:cad>0</ns3:cad>
          </ns3:TrackPointExtension>
        </extensions>
      </trkpt>
      <trkpt lat="43.83698017336428165435791015625" lon="87.50873903743922710418701171875">
        <ele>868.79998779296875</ele>
        <time>2026-08-01T14:40:20.000Z</time>
        <extensions>
          <ns3:TrackPointExtension>
            <ns3:hr>146</ns3:hr>
            <ns3:cad>0</ns3:cad>
          </ns3:TrackPointExtension>
        </extensions>
      </trkpt>
      <trkpt lat="43.8369587995111942291259765625" lon="87.5087414681911468505859375">
        <ele>869.20001220703125</ele>
        <time>2026-08-01T14:40:21.000Z</time>
        <extensions>
          <ns3:TrackPointExtension>
            <ns3:hr>145</ns3:hr>
            <ns3:cad>0</ns3:cad>
          </ns3:TrackPointExtension>
        </extensions>
      </trkpt>
      <trkpt lat="43.83693323470652103424072265625" lon="87.5087379477918148040771484375">
        <ele>869.4000244140625</ele>
        <time>2026-08-01T14:40:22.000Z</time>
        <extensions>
          <ns3:TrackPointExtension>
            <ns3:hr>148</ns3:hr>
            <ns3:cad>0</ns3:cad>
          </ns3:TrackPointExtension>
        </extensions>
      </trkpt>
      <trkpt lat="43.8368612341582775115966796875" lon="87.50872093252837657928466796875">
        <ele>869.5999755859375</ele>
        <time>2026-08-01T14:40:25.000Z</time>
        <extensions>
          <ns3:TrackPointExtension>
            <ns3:hr>145</ns3:hr>
            <ns3:cad>84</ns3:cad>
          </ns3:TrackPointExtension>
        </extensions>
      </trkpt>
      <trkpt lat="43.8367381878197193145751953125" lon="87.50869578681886196136474609375">
        <ele>869.79998779296875</ele>
        <time>2026-08-01T14:40:30.000Z</time>
        <extensions>
          <ns3:TrackPointExtension>
            <ns3:hr>147</ns3:hr>
            <ns3:cad>84</ns3:cad>
          </ns3:TrackPointExtension>
        </extensions>
      </trkpt>
      <trkpt lat="43.83663366548717021942138671875" lon="87.50867751426994800567626953125">
        <ele>869.5999755859375</ele>
        <time>2026-08-01T14:40:34.000Z</time>
        <extensions>
          <ns3:TrackPointExtension>
            <ns3:hr>150</ns3:hr>
            <ns3:cad>85</ns3:cad>
          </ns3:TrackPointExtension>
        </extensions>
      </trkpt>
      <trkpt lat="43.8365824520587921142578125" lon="87.50866946764290332794189453125">
        <ele>869</ele>
        <time>2026-08-01T14:40:36.000Z</time>
        <extensions>
          <ns3:TrackPointExtension>
            <ns3:hr>153</ns3:hr>
            <ns3:cad>85</ns3:cad>
          </ns3:TrackPointExtension>
        </extensions>
      </trkpt>
      <trkpt lat="43.83653006516396999359130859375" lon="87.50866058282554149627685546875">
        <ele>868.4000244140625</ele>
        <time>2026-08-01T14:40:38.000Z</time>
        <extensions>
          <ns3:TrackPointExtension>
            <ns3:hr>155</ns3:hr>
            <ns3:cad>84</ns3:cad>
          </ns3:TrackPointExtension>
        </extensions>
      </trkpt>
      <trkpt lat="43.8364488445222377777099609375" lon="87.50865169800817966461181640625">
        <ele>867.5999755859375</ele>
        <time>2026-08-01T14:40:41.000Z</time>
        <extensions>
          <ns3:TrackPointExtension>
            <ns3:hr>158</ns3:hr>
            <ns3:cad>84</ns3:cad>
          </ns3:TrackPointExtension>
        </extensions>
      </trkpt>
      <trkpt lat="43.8363133929669857025146484375" lon="87.5086309947073459625244140625">
        <ele>867</ele>
        <time>2026-08-01T14:40:46.000Z</time>
        <extensions>
          <ns3:TrackPointExtension>
            <ns3:hr>161</ns3:hr>
            <ns3:cad>85</ns3:cad>
          </ns3:TrackPointExtension>
        </extensions>
      </trkpt>
      <trkpt lat="43.83628682233393192291259765625" lon="87.50862839631736278533935546875">
        <ele>867</ele>
        <time>2026-08-01T14:40:47.000Z</time>
        <extensions>
          <ns3:TrackPointExtension>
            <ns3:hr>162</ns3:hr>
            <ns3:cad>84</ns3:cad>
          </ns3:TrackPointExtension>
        </extensions>
      </trkpt>
      <trkpt lat="43.83620820008218288421630859375" lon="87.5086236186325550079345703125">
        <ele>867</ele>
        <time>2026-08-01T14:40:50.000Z</time>
        <extensions>
          <ns3:TrackPointExtension>
            <ns3:hr>165</ns3:hr>
            <ns3:cad>84</ns3:cad>
          </ns3:TrackPointExtension>
        </extensions>
      </trkpt>
      <trkpt lat="43.83610971271991729736328125" lon="87.50860744155943393707275390625">
        <ele>867</ele>
        <time>2026-08-01T14:40:54.000Z</time>
        <extensions>
          <ns3:TrackPointExtension>
            <ns3:hr>167</ns3:hr>
            <ns3:cad>84</ns3:cad>
          </ns3:TrackPointExtension>
        </extensions>
      </trkpt>
      <trkpt lat="43.83590846322476863861083984375" lon="87.50858925282955169677734375">
        <ele>867.79998779296875</ele>
        <time>2026-08-01T14:41:02.000Z</time>
        <extensions>
          <ns3:TrackPointExtension>
            <ns3:hr>168</ns3:hr>
            <ns3:cad>83</ns3:cad>
          </ns3:TrackPointExtension>
        </extensions>
      </trkpt>
      <trkpt lat="43.83582497946918010711669921875" lon="87.50857450067996978759765625">
        <ele>868</ele>
        <time>2026-08-01T14:41:05.000Z</time>
        <extensions>
          <ns3:TrackPointExtension>
            <ns3:hr>169</ns3:hr>
            <ns3:cad>83</ns3:cad>
          </ns3:TrackPointExtension>
        </extensions>
      </trkpt>
      <trkpt lat="43.83572858758270740509033203125" lon="87.50855815596878528594970703125">
        <ele>868.4000244140625</ele>
        <time>2026-08-01T14:41:11.000Z</time>
        <extensions>
          <ns3:TrackPointExtension>
            <ns3:hr>172</ns3:hr>
            <ns3:cad>41</ns3:cad>
          </ns3:TrackPointExtension>
        </extensions>
      </trkpt>
      <trkpt lat="43.83564946241676807403564453125" lon="87.50855362974107265472412109375">
        <ele>868.5999755859375</ele>
        <time>2026-08-01T14:41:18.000Z</time>
        <extensions>
          <ns3:TrackPointExtension>
            <ns3:hr>170</ns3:hr>
            <ns3:cad>54</ns3:cad>
          </ns3:TrackPointExtension>
        </extensions>
      </trkpt>
      <trkpt lat="43.83551786653697490692138671875" lon="87.50853233970701694488525390625">
        <ele>869.20001220703125</ele>
        <time>2026-08-01T14:41:27.000Z</time>
        <extensions>
          <ns3:TrackPointExtension>
            <ns3:hr>167</ns3:hr>
            <ns3:cad>55</ns3:cad>
          </ns3:TrackPointExtension>
        </extensions>
      </trkpt>
      <trkpt lat="43.83549858815968036651611328125" lon="87.5085260532796382904052734375">
        <ele>869.20001220703125</ele>
        <time>2026-08-01T14:41:28.000Z</time>
        <extensions>
          <ns3:TrackPointExtension>
            <ns3:hr>166</ns3:hr>
            <ns3:cad>74</ns3:cad>
          </ns3:TrackPointExtension>
        </extensions>
      </trkpt>
      <trkpt lat="43.83539767004549503326416015625" lon="87.5085294060409069061279296875">
        <ele>869.5999755859375</ele>
        <time>2026-08-01T14:41:32.000Z</time>
        <extensions>
          <ns3:TrackPointExtension>
            <ns3:hr>163</ns3:hr>
            <ns3:cad>81</ns3:cad>
          </ns3:TrackPointExtension>
        </extensions>
      </trkpt>
      <trkpt lat="43.835377134382724761962890625" lon="87.50852764584124088287353515625">
        <ele>869.79998779296875</ele>
        <time>2026-08-01T14:41:33.000Z</time>
        <extensions>
          <ns3:TrackPointExtension>
            <ns3:hr>162</ns3:hr>
            <ns3:cad>82</ns3:cad>
          </ns3:TrackPointExtension>
        </extensions>
      </trkpt>
      <trkpt lat="43.83520689792931079864501953125" lon="87.50850568525493144989013671875">
        <ele>871.20001220703125</ele>
        <time>2026-08-01T14:41:40.000Z</time>
        <extensions>
          <ns3:TrackPointExtension>
            <ns3:hr>165</ns3:hr>
            <ns3:cad>82</ns3:cad>
          </ns3:TrackPointExtension>
        </extensions>
      </trkpt>
      <trkpt lat="43.8351157866418361663818359375" lon="87.5084839761257171630859375">
        <ele>872.20001220703125</ele>
        <time>2026-08-01T14:41:44.000Z</time>
        <extensions>
          <ns3:TrackPointExtension>
            <ns3:hr>167</ns3:hr>
            <ns3:cad>82</ns3:cad>
          </ns3:TrackPointExtension>
        </extensions>
      </trkpt>
      <trkpt lat="43.834921829402446746826171875" lon="87.5084502808749675750732421875">
        <ele>873.79998779296875</ele>
        <time>2026-08-01T14:41:51.000Z</time>
        <extensions>
          <ns3:TrackPointExtension>
            <ns3:hr>170</ns3:hr>
            <ns3:cad>83</ns3:cad>
          </ns3:TrackPointExtension>
        </extensions>
      </trkpt>
      <trkpt lat="43.8348395191133022308349609375" lon="87.5084358640015125274658203125">
        <ele>874.4000244140625</ele>
        <time>2026-08-01T14:41:54.000Z</time>
        <extensions>
          <ns3:TrackPointExtension>
            <ns3:hr>170</ns3:hr>
            <ns3:cad>83</ns3:cad>
          </ns3:TrackPointExtension>
        </extensions>
      </trkpt>
      <trkpt lat="43.83467364124953746795654296875" lon="87.50841851346194744110107421875">
        <ele>875.20001220703125</ele>
        <time>2026-08-01T14:42:00.000Z</time>
        <extensions>
          <ns3:TrackPointExtension>
            <ns3:hr>174</ns3:hr>
            <ns3:cad>82</ns3:cad>
          </ns3:TrackPointExtension>
        </extensions>
      </trkpt>
      <trkpt lat="43.8346427120268344879150390625" lon="87.5084063597023487091064453125">
        <ele>875</ele>
        <time>2026-08-01T14:42:02.000Z</time>
        <extensions>
          <ns3:TrackPointExtension>
            <ns3:hr>173</ns3:hr>
            <ns3:cad>82</ns3:cad>
          </ns3:TrackPointExtension>
        </extensions>
      </trkpt>
      <trkpt lat="43.83454238064587116241455078125" lon="87.50838833861052989959716796875">
        <ele>875</ele>
        <time>2026-08-01T14:42:09.000Z</time>
        <extensions>
          <ns3:TrackPointExtension>
            <ns3:hr>175</ns3:hr>
            <ns3:cad>57</ns3:cad>
          </ns3:TrackPointExtension>
        </extensions>
      </trkpt>
      <trkpt lat="43.83434926159679889678955078125" lon="87.508389763534069061279296875">
        <ele>875</ele>
        <time>2026-08-01T14:42:22.000Z</time>
        <extensions>
          <ns3:TrackPointExtension>
            <ns3:hr>176</ns3:hr>
            <ns3:cad>55</ns3:cad>
          </ns3:TrackPointExtension>
        </extensions>
      </trkpt>
      <trkpt lat="43.83425354026257991790771484375" lon="87.50834475271403789520263671875">
        <ele>875.20001220703125</ele>
        <time>2026-08-01T14:42:32.000Z</time>
        <extensions>
          <ns3:TrackPointExtension>
            <ns3:hr>174</ns3:hr>
            <ns3:cad>54</ns3:cad>
          </ns3:TrackPointExtension>
        </extensions>
      </trkpt>
      <trkpt lat="43.8341622613370418548583984375" lon="87.5083805434405803680419921875">
        <ele>875</ele>
        <time>2026-08-01T14:42:39.000Z</time>
        <extensions>
          <ns3:TrackPointExtension>
            <ns3:hr>171</ns3:hr>
            <ns3:cad>56</ns3:cad>
          </ns3:TrackPointExtension>
        </extensions>
      </trkpt>
      <trkpt lat="43.8341522030532360076904296875" lon="87.50838951207697391510009765625">
        <ele>875.20001220703125</ele>
        <time>2026-08-01T14:42:40.000Z</time>
        <extensions>
          <ns3:TrackPointExtension>
            <ns3:hr>171</ns3:hr>
            <ns3:cad>56</ns3:cad>
          </ns3:TrackPointExtension>
        </extensions>
      </trkpt>
      <trkpt lat="43.83408472873270511627197265625" lon="87.5083942897617816925048828125">
        <ele>876</ele>
        <time>2026-08-01T14:42:45.000Z</time>
        <extensions>
          <ns3:TrackPointExtension>
            <ns3:hr>168</ns3:hr>
            <ns3:cad>54</ns3:cad>
          </ns3:TrackPointExtension>
        </extensions>
      </trkpt>
      <trkpt lat="43.8340341858565807342529296875" lon="87.50837693922221660614013671875">
        <ele>876.4000244140625</ele>
        <time>2026-08-01T14:42:48.000Z</time>
        <extensions>
          <ns3:TrackPointExtension>
            <ns3:hr>168</ns3:hr>
            <ns3:cad>54</ns3:cad>
          </ns3:TrackPointExtension>
        </extensions>
      </trkpt>
      <trkpt lat="43.83401465602219104766845703125" lon="87.50836771912872791290283203125">
        <ele>876.5999755859375</ele>
        <time>2026-08-01T14:42:50.000Z</time>
        <extensions>
          <ns3:TrackPointExtension>
            <ns3:hr>166</ns3:hr>
            <ns3:cad>53</ns3:cad>
          </ns3:TrackPointExtension>
        </extensions>
      </trkpt>
      <trkpt lat="43.8338900171220302581787109375" lon="87.50838247127830982208251953125">
        <ele>878</ele>
        <time>2026-08-01T14:44:07.000Z</time>
        <extensions>
          <ns3:TrackPointExtension>
            <ns3:hr>144</ns3:hr>
            <ns3:cad>0</ns3:cad>
          </ns3:TrackPointExtension>
        </extensions>
      </trkpt>
      <trkpt lat="43.8338916935026645660400390625" lon="87.5083895958960056304931640625">
        <ele>878</ele>
        <time>2026-08-01T14:44:08.000Z</time>
        <extensions>
          <ns3:TrackPointExtension>
            <ns3:hr>144</ns3:hr>
            <ns3:cad>0</ns3:cad>
          </ns3:TrackPointExtension>
        </extensions>
      </trkpt>
      <trkpt lat="43.83389462716877460479736328125" lon="87.508412897586822509765625">
        <ele>878</ele>
        <time>2026-08-01T14:44:09.000Z</time>
        <extensions>
          <ns3:TrackPointExtension>
            <ns3:hr>145</ns3:hr>
            <ns3:cad>0</ns3:cad>
          </ns3:TrackPointExtension>
        </extensions>
      </trkpt>
      <trkpt lat="43.8339483551681041717529296875" lon="87.50865018926560878753662109375">
        <ele>878.4000244140625</ele>
        <time>2026-08-01T14:44:15.000Z</time>
        <extensions>
          <ns3:TrackPointExtension>
            <ns3:hr>142</ns3:hr>
            <ns3:cad>82</ns3:cad>
          </ns3:TrackPointExtension>
        </extensions>
      </trkpt>
      <trkpt lat="43.834047429263591766357421875" lon="87.50878295861184597015380859375">
        <ele>878.5999755859375</ele>
        <time>2026-08-01T14:44:20.000Z</time>
        <extensions>
          <ns3:TrackPointExtension>
            <ns3:hr>146</ns3:hr>
            <ns3:cad>82</ns3:cad>
          </ns3:TrackPointExtension>
        </extensions>
      </trkpt>
      <trkpt lat="43.83406142704188823699951171875" lon="87.508796788752079010009765625">
        <ele>878.5999755859375</ele>
        <time>2026-08-01T14:44:21.000Z</time>
        <extensions>
          <ns3:TrackPointExtension>
            <ns3:hr>147</ns3:hr>
            <ns3:cad>82</ns3:cad>
          </ns3:TrackPointExtension>
        </extensions>
      </trkpt>
      <trkpt lat="43.8341052643954753875732421875" lon="87.5088452361524105072021484375">
        <ele>878.5999755859375</ele>
        <time>2026-08-01T14:44:23.000Z</time>
        <extensions>
          <ns3:TrackPointExtension>
            <ns3:hr>150</ns3:hr>
            <ns3:cad>81</ns3:cad>
          </ns3:TrackPointExtension>
        </extensions>
      </trkpt>
      <trkpt lat="43.834142647683620452880859375" lon="87.5088881514966487884521484375">
        <ele>878.79998779296875</ele>
        <time>2026-08-01T14:44:25.000Z</time>
        <extensions>
          <ns3:TrackPointExtension>
            <ns3:hr>153</ns3:hr>
            <ns3:cad>80</ns3:cad>
          </ns3:TrackPointExtension>
        </extensions>
      </trkpt>
      <trkpt lat="43.83417927660048007965087890625" lon="87.50891740433871746063232421875">
        <ele>878.5999755859375</ele>
        <time>2026-08-01T14:44:27.000Z</time>
        <extensions>
          <ns3:TrackPointExtension>
            <ns3:hr>155</ns3:hr>
            <ns3:cad>81</ns3:cad>
          </ns3:TrackPointExtension>
        </extensions>
      </trkpt>
      <trkpt lat="43.83437097072601318359375" lon="87.50893886201083660125732421875">
        <ele>877.5999755859375</ele>
        <time>2026-08-01T14:44:35.000Z</time>
        <extensions>
          <ns3:TrackPointExtension>
            <ns3:hr>154</ns3:hr>
            <ns3:cad>82</ns3:cad>
          </ns3:TrackPointExtension>
        </extensions>
      </trkpt>
      <trkpt lat="43.8344475813210010528564453125" lon="87.5089303962886333465576171875">
        <ele>877</ele>
        <time>2026-08-01T14:44:38.000Z</time>
        <extensions>
          <ns3:TrackPointExtension>
            <ns3:hr>154</ns3:hr>
            <ns3:cad>82</ns3:cad>
          </ns3:TrackPointExtension>
        </extensions>
      </trkpt>
      <trkpt lat="43.83448136039078235626220703125" lon="87.50890038907527923583984375">
        <ele>876.79998779296875</ele>
        <time>2026-08-01T14:44:40.000Z</time>
        <extensions>
          <ns3:TrackPointExtension>
            <ns3:hr>155</ns3:hr>
            <ns3:cad>82</ns3:cad>
          </ns3:TrackPointExtension>
        </extensions>
      </trkpt>
      <trkpt lat="43.83457154966890811920166015625" lon="87.50892763026058673858642578125">
        <ele>877</ele>
        <time>2026-08-01T14:44:46.000Z</time>
        <extensions>
          <ns3:TrackPointExtension>
            <ns3:hr>157</ns3:hr>
            <ns3:cad>53</ns3:cad>
          </ns3:TrackPointExtension>
        </extensions>
      </trkpt>
      <trkpt lat="43.83465821854770183563232421875" lon="87.50895378179848194122314453125">
        <ele>877</ele>
        <time>2026-08-01T14:44:52.000Z</time>
        <extensions>
          <ns3:TrackPointExtension>
            <ns3:hr>154</ns3:hr>
            <ns3:cad>53</ns3:cad>
          </ns3:TrackPointExtension>
        </extensions>
      </trkpt>
      <trkpt lat="43.83470163680613040924072265625" lon="87.50895009376108646392822265625">
        <ele>877</ele>
        <time>2026-08-01T14:44:54.000Z</time>
        <extensions>
          <ns3:TrackPointExtension>
            <ns3:hr>153</ns3:hr>
            <ns3:cad>82</ns3:cad>
          </ns3:TrackPointExtension>
        </extensions>
      </trkpt>
      <trkpt lat="43.8347888924181461334228515625" lon="87.50894892029464244842529296875">
        <ele>876.79998779296875</ele>
        <time>2026-08-01T14:44:57.000Z</time>
        <extensions>
          <ns3:TrackPointExtension>
            <ns3:hr>150</ns3:hr>
            <ns3:cad>82</ns3:cad>
          </ns3:TrackPointExtension>
        </extensions>
      </trkpt>
      <trkpt lat="43.83488855324685573577880859375" lon="87.50896384008228778839111328125">
        <ele>876.5999755859375</ele>
        <time>2026-08-01T14:45:00.000Z</time>
        <extensions>
          <ns3:TrackPointExtension>
            <ns3:hr>153</ns3:hr>
            <ns3:cad>83</ns3:cad>
          </ns3:TrackPointExtension>
        </extensions>
      </trkpt>
      <trkpt lat="43.83491336368024349212646484375" lon="87.50896769575774669647216796875">
        <ele>876.4000244140625</ele>
        <time>2026-08-01T14:45:01.000Z</time>
        <extensions>
          <ns3:TrackPointExtension>
            <ns3:hr>154</ns3:hr>
            <ns3:cad>83</ns3:cad>
          </ns3:TrackPointExtension>
        </extensions>
      </trkpt>
      <trkpt lat="43.8350363261997699737548828125" lon="87.50899451784789562225341796875">
        <ele>876</ele>
        <time>2026-08-01T14:45:06.000Z</time>
        <extensions>
          <ns3:TrackPointExtension>
            <ns3:hr>157</ns3:hr>
            <ns3:cad>84</ns3:cad>
          </ns3:TrackPointExtension>
        </extensions>
      </trkpt>
      <trkpt lat="43.83506239391863346099853515625" lon="87.50899652950465679168701171875">
        <ele>875.79998779296875</ele>
        <time>2026-08-01T14:45:07.000Z</time>
        <extensions>
          <ns3:TrackPointExtension>
            <ns3:hr>157</ns3:hr>
            <ns3:cad>84</ns3:cad>
          </ns3:TrackPointExtension>
        </extensions>
      </trkpt>
      <trkpt lat="43.83525065146386623382568359375" lon="87.5090554542839527130126953125">
        <ele>874.20001220703125</ele>
        <time>2026-08-01T14:45:14.000Z</time>
        <extensions>
          <ns3:TrackPointExtension>
            <ns3:hr>158</ns3:hr>
            <ns3:cad>84</ns3:cad>
          </ns3:TrackPointExtension>
        </extensions>
      </trkpt>
      <trkpt lat="43.835276551544666290283203125" lon="87.509061992168426513671875">
        <ele>874</ele>
        <time>2026-08-01T14:45:15.000Z</time>
        <extensions>
          <ns3:TrackPointExtension>
            <ns3:hr>159</ns3:hr>
            <ns3:cad>84</ns3:cad>
          </ns3:TrackPointExtension>
        </extensions>
      </trkpt>
      <trkpt lat="43.835378475487232208251953125" lon="87.50907934270799160003662109375">
        <ele>873</ele>
        <time>2026-08-01T14:45:20.000Z</time>
        <extensions>
          <ns3:TrackPointExtension>
            <ns3:hr>159</ns3:hr>
            <ns3:cad>80</ns3:cad>
          </ns3:TrackPointExtension>
        </extensions>
      </trkpt>
      <trkpt lat="43.83552893064916133880615234375" lon="87.50904480926692485809326171875">
        <ele>871</ele>
        <time>2026-08-01T14:45:29.000Z</time>
        <extensions>
          <ns3:TrackPointExtension>
            <ns3:hr>159</ns3:hr>
            <ns3:cad>56</ns3:cad>
          </ns3:TrackPointExtension>
        </extensions>
      </trkpt>
      <trkpt lat="43.83563286624848842620849609375" lon="87.5090856291353702545166015625">
        <ele>870.5999755859375</ele>
        <time>2026-08-01T14:45:36.000Z</time>
        <extensions>
          <ns3:TrackPointExtension>
            <ns3:hr>160</ns3:hr>
            <ns3:cad>57</ns3:cad>
          </ns3:TrackPointExtension>
        </extensions>
      </trkpt>
      <trkpt lat="43.83579849265515804290771484375" lon="87.509094513952732086181640625">
        <ele>869.4000244140625</ele>
        <time>2026-08-01T14:45:43.000Z</time>
        <extensions>
          <ns3:TrackPointExtension>
            <ns3:hr>160</ns3:hr>
            <ns3:cad>82</ns3:cad>
          </ns3:TrackPointExtension>
        </extensions>
      </trkpt>
      <trkpt lat="43.83598633110523223876953125" lon="87.509119994938373565673828125">
        <ele>869.20001220703125</ele>
        <time>2026-08-01T14:45:50.000Z</time>
        <extensions>
          <ns3:TrackPointExtension>
            <ns3:hr>158</ns3:hr>
            <ns3:cad>83</ns3:cad>
          </ns3:TrackPointExtension>
        </extensions>
      </trkpt>
      <trkpt lat="43.83601541630923748016357421875" lon="87.5091258622705936431884765625">
        <ele>869.4000244140625</ele>
        <time>2026-08-01T14:45:51.000Z</time>
        <extensions>
          <ns3:TrackPointExtension>
            <ns3:hr>158</ns3:hr>
            <ns3:cad>83</ns3:cad>
          </ns3:TrackPointExtension>
        </extensions>
      </trkpt>
      <trkpt lat="43.83619596250355243682861328125" lon="87.5091439671814441680908203125">
        <ele>869.20001220703125</ele>
        <time>2026-08-01T14:45:57.000Z</time>
        <extensions>
          <ns3:TrackPointExtension>
            <ns3:hr>158</ns3:hr>
            <ns3:cad>83</ns3:cad>
          </ns3:TrackPointExtension>
        </extensions>
      </trkpt>
      <trkpt lat="43.836224041879177093505859375" lon="87.509137094020843505859375">
        <ele>869.20001220703125</ele>
        <time>2026-08-01T14:45:59.000Z</time>
        <extensions>
          <ns3:TrackPointExtension>
            <ns3:hr>159</ns3:hr>
            <ns3:cad>83</ns3:cad>
          </ns3:TrackPointExtension>
        </extensions>
      </trkpt>
      <trkpt lat="43.836308531463146209716796875" lon="87.50913768075406551361083984375">
        <ele>869.20001220703125</ele>
        <time>2026-08-01T14:46:05.000Z</time>
        <extensions>
          <ns3:TrackPointExtension>
            <ns3:hr>162</ns3:hr>
            <ns3:cad>57</ns3:cad>
          </ns3:TrackPointExtension>
        </extensions>
      </trkpt>
      <trkpt lat="43.8363385386765003204345703125" lon="87.5091272033751010894775390625">
        <ele>869.20001220703125</ele>
        <time>2026-08-01T14:46:08.000Z</time>
        <extensions>
          <ns3:TrackPointExtension>
            <ns3:hr>164</ns3:hr>
            <ns3:cad>56</ns3:cad>
          </ns3:TrackPointExtension>
        </extensions>
      </trkpt>
      <trkpt lat="43.83640383370220661163330078125" lon="87.5091409496963024139404296875">
        <ele>869.79998779296875</ele>
        <time>2026-08-01T14:46:12.000Z</time>
        <extensions>
          <ns3:TrackPointExtension>
            <ns3:hr>164</ns3:hr>
            <ns3:cad>56</ns3:cad>
          </ns3:TrackPointExtension>
        </extensions>
      </trkpt>
      <trkpt lat="43.8364763371646404266357421875" lon="87.50910289585590362548828125">
        <ele>870.4000244140625</ele>
        <time>2026-08-01T14:46:19.000Z</time>
        <extensions>
          <ns3:TrackPointExtension>
            <ns3:hr>167</ns3:hr>
            <ns3:cad>57</ns3:cad>
          </ns3:TrackPointExtension>
        </extensions>
      </trkpt>
      <trkpt lat="43.8365058414638042449951171875" lon="87.50909375958144664764404296875">
        <ele>870.79998779296875</ele>
        <time>2026-08-01T14:46:22.000Z</time>
        <extensions>
          <ns3:TrackPointExtension>
            <ns3:hr>166</ns3:hr>
            <ns3:cad>56</ns3:cad>
          </ns3:TrackPointExtension>
        </extensions>
      </trkpt>
      <trkpt lat="43.8365329988300800323486328125" lon="87.50911957584321498870849609375">
        <ele>871.20001220703125</ele>
        <time>2026-08-01T14:46:25.000Z</time>
        <extensions>
          <ns3:TrackPointExtension>
            <ns3:hr>164</ns3:hr>
            <ns3:cad>56</ns3:cad>
          </ns3:TrackPointExtension>
        </extensions>
      </trkpt>
      <trkpt lat="43.83657096885144710540771484375" lon="87.50914237461984157562255859375">
        <ele>871.5999755859375</ele>
        <time>2026-08-01T14:46:28.000Z</time>
        <extensions>
          <ns3:TrackPointExtension>
            <ns3:hr>161</ns3:hr>
            <ns3:cad>56</ns3:cad>
          </ns3:TrackPointExtension>
        </extensions>
      </trkpt>
      <trkpt lat="43.8365985453128814697265625" lon="87.5091540254652500152587890625">
        <ele>872</ele>
        <time>2026-08-01T14:46:30.000Z</time>
        <extensions>
          <ns3:TrackPointExtension>
            <ns3:hr>157</ns3:hr>
            <ns3:cad>57</ns3:cad>
          </ns3:TrackPointExtension>
        </extensions>
      </trkpt>
      <trkpt lat="43.83664104156196117401123046875" lon="87.50916701741516590118408203125">
        <ele>872.4000244140625</ele>
        <time>2026-08-01T14:46:32.000Z</time>
        <extensions>
          <ns3:TrackPointExtension>
            <ns3:hr>154</ns3:hr>
            <ns3:cad>57</ns3:cad>
          </ns3:TrackPointExtension>
        </extensions>
      </trkpt>
      <trkpt lat="43.83669443428516387939453125" lon="87.5091952644288539886474609375">
        <ele>872.79998779296875</ele>
        <time>2026-08-01T14:46:34.000Z</time>
        <extensions>
          <ns3:TrackPointExtension>
            <ns3:hr>152</ns3:hr>
            <ns3:cad>56</ns3:cad>
          </ns3:TrackPointExtension>
        </extensions>
      </trkpt>
      <trkpt lat="43.8367640040814876556396484375" lon="87.5092234276235103607177734375">
        <ele>872.5999755859375</ele>
        <time>2026-08-01T14:46:37.000Z</time>
        <extensions>
          <ns3:TrackPointExtension>
            <ns3:hr>149</ns3:hr>
            <ns3:cad>81</ns3:cad>
          </ns3:TrackPointExtension>
        </extensions>
      </trkpt>
      <trkpt lat="43.83683935739099979400634765625" lon="87.5092401914298534393310546875">
        <ele>872.4000244140625</ele>
        <time>2026-08-01T14:46:40.000Z</time>
        <extensions>
          <ns3:TrackPointExtension>
            <ns3:hr>148</ns3:hr>
            <ns3:cad>82</ns3:cad>
          </ns3:TrackPointExtension>
        </extensions>
      </trkpt>
      <trkpt lat="43.83703633211553096771240234375" lon="87.50926692970097064971923828125">
        <ele>871.20001220703125</ele>
        <time>2026-08-01T14:46:47.000Z</time>
        <extensions>
          <ns3:TrackPointExtension>
            <ns3:hr>149</ns3:hr>
            <ns3:cad>83</ns3:cad>
          </ns3:TrackPointExtension>
        </extensions>
      </trkpt>
      <trkpt lat="43.83705644868314266204833984375" lon="87.509264163672924041748046875">
        <ele>870.79998779296875</ele>
        <time>2026-08-01T14:46:48.000Z</time>
        <extensions>
          <ns3:TrackPointExtension>
            <ns3:hr>149</ns3:hr>
            <ns3:cad>83</ns3:cad>
          </ns3:TrackPointExtension>
        </extensions>
      </trkpt>
      <trkpt lat="43.8371683470904827117919921875" lon="87.50930028967559337615966796875">
        <ele>869.4000244140625</ele>
        <time>2026-08-01T14:46:53.000Z</time>
        <extensions>
          <ns3:TrackPointExtension>
            <ns3:hr>150</ns3:hr>
            <ns3:cad>82</ns3:cad>
          </ns3:TrackPointExtension>
        </extensions>
      </trkpt>
      <trkpt lat="43.83720413781702518463134765625" lon="87.5093082524836063385009765625">
        <ele>869</ele>
        <time>2026-08-01T14:46:56.000Z</time>
        <extensions>
          <ns3:TrackPointExtension>
            <ns3:hr>153</ns3:hr>
            <ns3:cad>59</ns3:cad>
          </ns3:TrackPointExtension>
        </extensions>
      </trkpt>
      <trkpt lat="43.83728108368813991546630859375" lon="87.50930448062717914581298828125">
        <ele>867.79998779296875</ele>
        <time>2026-08-01T14:47:00.000Z</time>
        <extensions>
          <ns3:TrackPointExtension>
            <ns3:hr>156</ns3:hr>
            <ns3:cad>78</ns3:cad>
          </ns3:TrackPointExtension>
        </extensions>
      </trkpt>
      <trkpt lat="43.83745375089347362518310546875" lon="87.509324513375759124755859375">
        <ele>865.5999755859375</ele>
        <time>2026-08-01T14:47:06.000Z</time>
        <extensions>
          <ns3:TrackPointExtension>
            <ns3:hr>157</ns3:hr>
            <ns3:cad>82</ns3:cad>
          </ns3:TrackPointExtension>
        </extensions>
      </trkpt>
      <trkpt lat="43.83757285773754119873046875" lon="87.50935628078877925872802734375">
        <ele>864</ele>
        <time>2026-08-01T14:47:10.000Z</time>
        <extensions>
          <ns3:TrackPointExtension>
            <ns3:hr>161</ns3:hr>
            <ns3:cad>82</ns3:cad>
          </ns3:TrackPointExtension>
        </extensions>
      </trkpt>
      <trkpt lat="43.83763027377426624298095703125" lon="87.50938360579311847686767578125">
        <ele>863.4000244140625</ele>
        <time>2026-08-01T14:47:12.000Z</time>
        <extensions>
          <ns3:TrackPointExtension>
            <ns3:hr>159</ns3:hr>
            <ns3:cad>82</ns3:cad>
          </ns3:TrackPointExtension>
        </extensions>
      </trkpt>
      <trkpt lat="43.83773379027843475341796875" lon="87.50941696576774120330810546875">
        <ele>862.20001220703125</ele>
        <time>2026-08-01T14:47:16.000Z</time>
        <extensions>
          <ns3:TrackPointExtension>
            <ns3:hr>162</ns3:hr>
            <ns3:cad>82</ns3:cad>
          </ns3:TrackPointExtension>
        </extensions>
      </trkpt>
      <trkpt lat="43.83780327625572681427001953125" lon="87.50942903570830821990966796875">
        <ele>861.4000244140625</ele>
        <time>2026-08-01T14:47:19.000Z</time>
        <extensions>
          <ns3:TrackPointExtension>
            <ns3:hr>160</ns3:hr>
            <ns3:cad>82</ns3:cad>
          </ns3:TrackPointExtension>
        </extensions>
      </trkpt>
      <trkpt lat="43.83788801729679107666015625" lon="87.50944144092500209808349609375">
        <ele>860.4000244140625</ele>
        <time>2026-08-01T14:47:22.000Z</time>
        <extensions>
          <ns3:TrackPointExtension>
            <ns3:hr>163</ns3:hr>
            <ns3:cad>83</ns3:cad>
          </ns3:TrackPointExtension>
        </extensions>
      </trkpt>
      <trkpt lat="43.838012404739856719970703125" lon="87.5094817578792572021484375">
        <ele>859.4000244140625</ele>
        <time>2026-08-01T14:47:28.000Z</time>
        <extensions>
          <ns3:TrackPointExtension>
            <ns3:hr>165</ns3:hr>
            <ns3:cad>0</ns3:cad>
          </ns3:TrackPointExtension>
        </extensions>
      </trkpt>
      <trkpt lat="43.838045261800289154052734375" lon="87.50947731547057628631591796875">
        <ele>859</ele>
        <time>2026-08-01T14:47:31.000Z</time>
        <extensions>
          <ns3:TrackPointExtension>
            <ns3:hr>166</ns3:hr>
            <ns3:cad>0</ns3:cad>
          </ns3:TrackPointExtension>
        </extensions>
      </trkpt>
      <trkpt lat="43.8380913622677326202392578125" lon="87.50948200933635234832763671875">
        <ele>858.79998779296875</ele>
        <time>2026-08-01T14:47:35.000Z</time>
        <extensions>
          <ns3:TrackPointExtension>
            <ns3:hr>165</ns3:hr>
            <ns3:cad>55</ns3:cad>
          </ns3:TrackPointExtension>
        </extensions>
      </trkpt>
      <trkpt lat="43.83823125623166561126708984375" lon="87.50948184169828891754150390625">
        <ele>858.4000244140625</ele>
        <time>2026-08-01T14:47:47.000Z</time>
        <extensions>
          <ns3:TrackPointExtension>
            <ns3:hr>163</ns3:hr>
            <ns3:cad>54</ns3:cad>
          </ns3:TrackPointExtension>
        </extensions>
      </trkpt>
      <trkpt lat="43.8382814638316631317138671875" lon="87.5094725377857685089111328125">
        <ele>858.20001220703125</ele>
        <time>2026-08-01T14:47:52.000Z</time>
        <extensions>
          <ns3:TrackPointExtension>
            <ns3:hr>160</ns3:hr>
            <ns3:cad>55</ns3:cad>
          </ns3:TrackPointExtension>
        </extensions>
      </trkpt>
      <trkpt lat="43.83832010440528392791748046875" lon="87.5094685144722461700439453125">
        <ele>858</ele>
        <time>2026-08-01T14:47:56.000Z</time>
        <extensions>
          <ns3:TrackPointExtension>
            <ns3:hr>157</ns3:hr>
            <ns3:cad>55</ns3:cad>
          </ns3:TrackPointExtension>
        </extensions>
      </trkpt>
      <trkpt lat="43.8383776880800724029541015625" lon="87.5094698555767536163330078125">
        <ele>858</ele>
        <time>2026-08-01T14:48:00.000Z</time>
        <extensions>
          <ns3:TrackPointExtension>
            <ns3:hr>154</ns3:hr>
            <ns3:cad>55</ns3:cad>
          </ns3:TrackPointExtension>
        </extensions>
      </trkpt>
      <trkpt lat="43.8384269736707210540771484375" lon="87.50947345979511737823486328125">
        <ele>858</ele>
        <time>2026-08-01T14:48:04.000Z</time>
        <extensions>
          <ns3:TrackPointExtension>
            <ns3:hr>151</ns3:hr>
            <ns3:cad>55</ns3:cad>
          </ns3:TrackPointExtension>
        </extensions>
      </trkpt>
      <trkpt lat="43.83844859898090362548828125" lon="87.50947161577641963958740234375">
        <ele>858</ele>
        <time>2026-08-01T14:48:07.000Z</time>
        <extensions>
          <ns3:TrackPointExtension>
            <ns3:hr>147</ns3:hr>
            <ns3:cad>54</ns3:cad>
          </ns3:TrackPointExtension>
        </extensions>
      </trkpt>
      <trkpt lat="43.83852914907038211822509765625" lon="87.5095288641750812530517578125">
        <ele>858.20001220703125</ele>
        <time>2026-08-01T14:48:14.000Z</time>
        <extensions>
          <ns3:TrackPointExtension>
            <ns3:hr>145</ns3:hr>
            <ns3:cad>54</ns3:cad>
          </ns3:TrackPointExtension>
        </extensions>
      </trkpt>
      <trkpt lat="43.83853174746036529541015625" lon="87.50953875482082366943359375">
        <ele>858.4000244140625</ele>
        <time>2026-08-01T14:48:20.000Z</time>
        <extensions>
          <ns3:TrackPointExtension>
            <ns3:hr>144</ns3:hr>
            <ns3:cad>0</ns3:cad>
          </ns3:TrackPointExtension>
        </extensions>
      </trkpt>
      <trkpt lat="43.838537447154521942138671875" lon="87.50953112728893756866455078125">
        <ele>858.20001220703125</ele>
        <time>2026-08-01T14:48:30.000Z</time>
        <extensions>
          <ns3:TrackPointExtension>
            <ns3:hr>142</ns3:hr>
            <ns3:cad>0</ns3:cad>
          </ns3:TrackPointExtension>
        </extensions>
      </trkpt>
      <trkpt lat="43.838537447154521942138671875" lon="87.5095369108021259307861328125">
        <ele>858.20001220703125</ele>
        <time>2026-08-01T14:48:40.000Z</time>
        <extensions>
          <ns3:TrackPointExtension>
            <ns3:hr>145</ns3:hr>
            <ns3:cad>0</ns3:cad>
          </ns3:TrackPointExtension>
        </extensions>
      </trkpt>
      <trkpt lat="43.83854188956320285797119140625" lon="87.50953766517341136932373046875">
        <ele>858.20001220703125</ele>
        <time>2026-08-01T14:48:48.000Z</time>
        <extensions>
          <ns3:TrackPointExtension>
            <ns3:hr>142</ns3:hr>
            <ns3:cad>0</ns3:cad>
          </ns3:TrackPointExtension>
        </extensions>
      </trkpt>
      <trkpt lat="43.83854339830577373504638671875" lon="87.5095402635633945465087890625">
        <ele>858.4000244140625</ele>
        <time>2026-08-01T14:48:58.000Z</time>
        <extensions>
          <ns3:TrackPointExtension>
            <ns3:hr>139</ns3:hr>
            <ns3:cad>0</ns3:cad>
          </ns3:TrackPointExtension>
        </extensions>
      </trkpt>
      <trkpt lat="43.83863476105034351348876953125" lon="87.50953607261180877685546875">
        <ele>858.4000244140625</ele>
        <time>2026-08-01T14:49:04.000Z</time>
        <extensions>
          <ns3:TrackPointExtension>
            <ns3:hr>138</ns3:hr>
            <ns3:cad>82</ns3:cad>
          </ns3:TrackPointExtension>
        </extensions>
      </trkpt>
      <trkpt lat="43.83881161920726299285888671875" lon="87.50954353250563144683837890625">
        <ele>859.4000244140625</ele>
        <time>2026-08-01T14:49:09.000Z</time>
        <extensions>
          <ns3:TrackPointExtension>
            <ns3:hr>141</ns3:hr>
            <ns3:cad>83</ns3:cad>
          </ns3:TrackPointExtension>
        </extensions>
      </trkpt>
      <trkpt lat="43.83886375464498996734619140625" lon="87.5095583684742450714111328125">
        <ele>859.79998779296875</ele>
        <time>2026-08-01T14:49:11.000Z</time>
        <extensions>
          <ns3:TrackPointExtension>
            <ns3:hr>144</ns3:hr>
            <ns3:cad>82</ns3:cad>
          </ns3:TrackPointExtension>
        </extensions>
      </trkpt>
      <trkpt lat="43.8389241881668567657470703125" lon="87.50959650613367557525634765625">
        <ele>860.20001220703125</ele>
        <time>2026-08-01T14:49:13.000Z</time>
        <extensions>
          <ns3:TrackPointExtension>
            <ns3:hr>147</ns3:hr>
            <ns3:cad>82</ns3:cad>
          </ns3:TrackPointExtension>
        </extensions>
      </trkpt>
      <trkpt lat="43.8390049897134304046630859375" lon="87.5096237473189830780029296875">
        <ele>859.5999755859375</ele>
        <time>2026-08-01T14:49:16.000Z</time>
        <extensions>
          <ns3:TrackPointExtension>
            <ns3:hr>150</ns3:hr>
            <ns3:cad>82</ns3:cad>
          </ns3:TrackPointExtension>
        </extensions>
      </trkpt>
      <trkpt lat="43.8390648365020751953125" lon="87.50963455997407436370849609375">
        <ele>859.20001220703125</ele>
        <time>2026-08-01T14:49:18.000Z</time>
        <extensions>
          <ns3:TrackPointExtension>
            <ns3:hr>152</ns3:hr>
            <ns3:cad>82</ns3:cad>
          </ns3:TrackPointExtension>
        </extensions>
      </trkpt>
      <trkpt lat="43.8391746394336223602294921875" lon="87.50965517945587635040283203125">
        <ele>858.79998779296875</ele>
        <time>2026-08-01T14:49:22.000Z</time>
        <extensions>
          <ns3:TrackPointExtension>
            <ns3:hr>155</ns3:hr>
            <ns3:cad>82</ns3:cad>
          </ns3:TrackPointExtension>
        </extensions>
      </trkpt>
      <trkpt lat="43.8393697701394557952880859375" lon="87.5097015313804149627685546875">
        <ele>857.20001220703125</ele>
        <time>2026-08-01T14:49:29.000Z</time>
        <extensions>
          <ns3:TrackPointExtension>
            <ns3:hr>158</ns3:hr>
            <ns3:cad>84</ns3:cad>
          </ns3:TrackPointExtension>
        </extensions>
      </trkpt>
      <trkpt lat="43.83949843235313892364501953125" lon="87.5097518227994441986083984375">
        <ele>856.5999755859375</ele>
        <time>2026-08-01T14:49:35.000Z</time>
        <extensions>
          <ns3:TrackPointExtension>
            <ns3:hr>158</ns3:hr>
            <ns3:cad>84</ns3:cad>
          </ns3:TrackPointExtension>
        </extensions>
      </trkpt>
      <trkpt lat="43.83956029079854488372802734375" lon="87.50976464711129665374755859375">
        <ele>856.5999755859375</ele>
        <time>2026-08-01T14:49:40.000Z</time>
        <extensions>
          <ns3:TrackPointExtension>
            <ns3:hr>158</ns3:hr>
            <ns3:cad>0</ns3:cad>
          </ns3:TrackPointExtension>
        </extensions>
      </trkpt>
      <trkpt lat="43.839607648551464080810546875" lon="87.50978426076471805572509765625">
        <ele>856.4000244140625</ele>
        <time>2026-08-01T14:49:43.000Z</time>
        <extensions>
          <ns3:TrackPointExtension>
            <ns3:hr>155</ns3:hr>
            <ns3:cad>56</ns3:cad>
          </ns3:TrackPointExtension>
        </extensions>
      </trkpt>
      <trkpt lat="43.8397221453487873077392578125" lon="87.509800605475902557373046875">
        <ele>856.20001220703125</ele>
        <time>2026-08-01T14:49:49.000Z</time>
        <extensions>
          <ns3:TrackPointExtension>
            <ns3:hr>153</ns3:hr>
            <ns3:cad>56</ns3:cad>
          </ns3:TrackPointExtension>
        </extensions>
      </trkpt>
      <trkpt lat="43.8398693315684795379638671875" lon="87.50980488024652004241943359375">
        <ele>856.20001220703125</ele>
        <time>2026-08-01T14:49:55.000Z</time>
        <extensions>
          <ns3:TrackPointExtension>
            <ns3:hr>154</ns3:hr>
            <ns3:cad>82</ns3:cad>
          </ns3:TrackPointExtension>
        </extensions>
      </trkpt>
      <trkpt lat="43.8399953953921794891357421875" lon="87.50980890356004238128662109375">
        <ele>856.20001220703125</ele>
        <time>2026-08-01T14:50:01.000Z</time>
        <extensions>
          <ns3:TrackPointExtension>
            <ns3:hr>153</ns3:hr>
            <ns3:cad>82</ns3:cad>
          </ns3:TrackPointExtension>
        </extensions>
      </trkpt>
      <trkpt lat="43.84019781835377216339111328125" lon="87.50982441008090972900390625">
        <ele>855</ele>
        <time>2026-08-01T14:50:09.000Z</time>
        <extensions>
          <ns3:TrackPointExtension>
            <ns3:hr>154</ns3:hr>
            <ns3:cad>82</ns3:cad>
          </ns3:TrackPointExtension>
        </extensions>
      </trkpt>
      <trkpt lat="43.8402227126061916351318359375" lon="87.5098259188234806060791015625">
        <ele>854.79998779296875</ele>
        <time>2026-08-01T14:50:10.000Z</time>
        <extensions>
          <ns3:TrackPointExtension>
            <ns3:hr>154</ns3:hr>
            <ns3:cad>82</ns3:cad>
          </ns3:TrackPointExtension>
        </extensions>
      </trkpt>
      <trkpt lat="43.840419352054595947265625" lon="87.50985198654234409332275390625">
        <ele>852.4000244140625</ele>
        <time>2026-08-01T14:50:17.000Z</time>
        <extensions>
          <ns3:TrackPointExtension>
            <ns3:hr>156</ns3:hr>
            <ns3:cad>82</ns3:cad>
          </ns3:TrackPointExtension>
        </extensions>
      </trkpt>
      <trkpt lat="43.84060149081051349639892578125" lon="87.50985718332231044769287109375">
        <ele>850</ele>
        <time>2026-08-01T14:50:24.000Z</time>
        <extensions>
          <ns3:TrackPointExtension>
            <ns3:hr>158</ns3:hr>
            <ns3:cad>82</ns3:cad>
          </ns3:TrackPointExtension>
        </extensions>
      </trkpt>
      <trkpt lat="43.840694613754749298095703125" lon="87.50986556522548198699951171875">
        <ele>849.4000244140625</ele>
        <time>2026-08-01T14:50:29.000Z</time>
        <extensions>
          <ns3:TrackPointExtension>
            <ns3:hr>161</ns3:hr>
            <ns3:cad>80</ns3:cad>
          </ns3:TrackPointExtension>
        </extensions>
      </trkpt>
      <trkpt lat="43.84070643223822116851806640625" lon="87.50987143255770206451416015625">
        <ele>849.4000244140625</ele>
        <time>2026-08-01T14:50:30.000Z</time>
        <extensions>
          <ns3:TrackPointExtension>
            <ns3:hr>161</ns3:hr>
            <ns3:cad>80</ns3:cad>
          </ns3:TrackPointExtension>
        </extensions>
      </trkpt>
      <trkpt lat="43.84079561568796634674072265625" lon="87.509891800582408905029296875">
        <ele>848.79998779296875</ele>
        <time>2026-08-01T14:50:37.000Z</time>
        <extensions>
          <ns3:TrackPointExtension>
            <ns3:hr>158</ns3:hr>
            <ns3:cad>62</ns3:cad>
          </ns3:TrackPointExtension>
        </extensions>
      </trkpt>
      <trkpt lat="43.8409063406288623809814453125" lon="87.50989473424851894378662109375">
        <ele>848.20001220703125</ele>
        <time>2026-08-01T14:50:45.000Z</time>
        <extensions>
          <ns3:TrackPointExtension>
            <ns3:hr>157</ns3:hr>
            <ns3:cad>56</ns3:cad>
          </ns3:TrackPointExtension>
        </extensions>
      </trkpt>
      <trkpt lat="43.840983621776103973388671875" lon="87.50991468317806720733642578125">
        <ele>848</ele>
        <time>2026-08-01T14:50:52.000Z</time>
        <extensions>
          <ns3:TrackPointExtension>
            <ns3:hr>158</ns3:hr>
            <ns3:cad>57</ns3:cad>
          </ns3:TrackPointExtension>
        </extensions>
      </trkpt>
      <trkpt lat="43.841070793569087982177734375" lon="87.509941756725311279296875">
        <ele>847.79998779296875</ele>
        <time>2026-08-01T14:50:58.000Z</time>
        <extensions>
          <ns3:TrackPointExtension>
            <ns3:hr>155</ns3:hr>
            <ns3:cad>56</ns3:cad>
          </ns3:TrackPointExtension>
        </extensions>
      </trkpt>
      <trkpt lat="43.84111982770264148712158203125" lon="87.50993907451629638671875">
        <ele>847.5999755859375</ele>
        <time>2026-08-01T14:51:01.000Z</time>
        <extensions>
          <ns3:TrackPointExtension>
            <ns3:hr>152</ns3:hr>
            <ns3:cad>57</ns3:cad>
          </ns3:TrackPointExtension>
        </extensions>
      </trkpt>
      <trkpt lat="43.841236419975757598876953125" lon="87.50995583832263946533203125">
        <ele>848</ele>
        <time>2026-08-01T14:51:06.000Z</time>
        <extensions>
          <ns3:TrackPointExtension>
            <ns3:hr>149</ns3:hr>
            <ns3:cad>80</ns3:cad>
          </ns3:TrackPointExtension>
        </extensions>
      </trkpt>
      <trkpt lat="43.841342031955718994140625" lon="87.50995743088424205780029296875">
        <ele>848.4000244140625</ele>
        <time>2026-08-01T14:51:10.000Z</time>
        <extensions>
          <ns3:TrackPointExtension>
            <ns3:hr>146</ns3:hr>
            <ns3:cad>82</ns3:cad>
          </ns3:TrackPointExtension>
        </extensions>
      </trkpt>
      <trkpt lat="43.84149014018476009368896484375" lon="87.50996983610093593597412109375">
        <ele>848</ele>
        <time>2026-08-01T14:51:15.000Z</time>
        <extensions>
          <ns3:TrackPointExtension>
            <ns3:hr>145</ns3:hr>
            <ns3:cad>82</ns3:cad>
          </ns3:TrackPointExtension>
        </extensions>
      </trkpt>
      <trkpt lat="43.8416607119143009185791015625" lon="87.51000219024717807769775390625">
        <ele>847.4000244140625</ele>
        <time>2026-08-01T14:51:21.000Z</time>
        <extensions>
          <ns3:TrackPointExtension>
            <ns3:hr>149</ns3:hr>
            <ns3:cad>83</ns3:cad>
          </ns3:TrackPointExtension>
        </extensions>
      </trkpt>
      <trkpt lat="43.84171678684651851654052734375" lon="87.509989030659198760986328125">
        <ele>847</ele>
        <time>2026-08-01T14:51:23.000Z</time>
        <extensions>
          <ns3:TrackPointExtension>
            <ns3:hr>152</ns3:hr>
            <ns3:cad>83</ns3:cad>
          </ns3:TrackPointExtension>
        </extensions>
      </trkpt>
      <trkpt lat="43.8418042100965976715087890625" lon="87.5099794752895832061767578125">
        <ele>846.4000244140625</ele>
        <time>2026-08-01T14:51:26.000Z</time>
        <extensions>
          <ns3:TrackPointExtension>
            <ns3:hr>155</ns3:hr>
            <ns3:cad>82</ns3:cad>
          </ns3:TrackPointExtension>
        </extensions>
      </trkpt>
      <trkpt lat="43.8418984226882457733154296875" lon="87.51001107506453990936279296875">
        <ele>846.5999755859375</ele>
        <time>2026-08-01T14:51:29.000Z</time>
        <extensions>
          <ns3:TrackPointExtension>
            <ns3:hr>155</ns3:hr>
            <ns3:cad>82</ns3:cad>
          </ns3:TrackPointExtension>
        </extensions>
      </trkpt>
      <trkpt lat="43.8420352153480052947998046875" lon="87.51005885191261768341064453125">
        <ele>846.4000244140625</ele>
        <time>2026-08-01T14:51:34.000Z</time>
        <extensions>
          <ns3:TrackPointExtension>
            <ns3:hr>158</ns3:hr>
            <ns3:cad>82</ns3:cad>
          </ns3:TrackPointExtension>
        </extensions>
      </trkpt>
      <trkpt lat="43.8420881889760494232177734375" lon="87.51007259823381900787353515625">
        <ele>846.20001220703125</ele>
        <time>2026-08-01T14:51:36.000Z</time>
        <extensions>
          <ns3:TrackPointExtension>
            <ns3:hr>158</ns3:hr>
            <ns3:cad>82</ns3:cad>
          </ns3:TrackPointExtension>
        </extensions>
      </trkpt>
      <trkpt lat="43.84224233217537403106689453125" lon="87.5101223029196262359619140625">
        <ele>845.5999755859375</ele>
        <time>2026-08-01T14:51:42.000Z</time>
        <extensions>
          <ns3:TrackPointExtension>
            <ns3:hr>158</ns3:hr>
            <ns3:cad>83</ns3:cad>
          </ns3:TrackPointExtension>
        </extensions>
      </trkpt>
      <trkpt lat="43.84231030941009521484375" lon="87.51010847277939319610595703125">
        <ele>844.4000244140625</ele>
        <time>2026-08-01T14:51:45.000Z</time>
        <extensions>
          <ns3:TrackPointExtension>
            <ns3:hr>161</ns3:hr>
            <ns3:cad>82</ns3:cad>
          </ns3:TrackPointExtension>
        </extensions>
      </trkpt>
      <trkpt lat="43.842355906963348388671875" lon="87.5101159326732158660888671875">
        <ele>843.79998779296875</ele>
        <time>2026-08-01T14:51:48.000Z</time>
        <extensions>
          <ns3:TrackPointExtension>
            <ns3:hr>162</ns3:hr>
            <ns3:cad>82</ns3:cad>
          </ns3:TrackPointExtension>
        </extensions>
      </trkpt>
      <trkpt lat="43.8424323499202728271484375" lon="87.51014568842947483062744140625">
        <ele>842.79998779296875</ele>
        <time>2026-08-01T14:51:55.000Z</time>
        <extensions>
          <ns3:TrackPointExtension>
            <ns3:hr>163</ns3:hr>
            <ns3:cad>57</ns3:cad>
          </ns3:TrackPointExtension>
        </extensions>
      </trkpt>
      <trkpt lat="43.842470906674861907958984375" lon="87.51013127155601978302001953125">
        <ele>842.20001220703125</ele>
        <time>2026-08-01T14:51:59.000Z</time>
        <extensions>
          <ns3:TrackPointExtension>
            <ns3:hr>166</ns3:hr>
            <ns3:cad>56</ns3:cad>
          </ns3:TrackPointExtension>
        </extensions>
      </trkpt>
      <trkpt lat="43.84255413897335529327392578125" lon="87.5101323612034320831298828125">
        <ele>841.20001220703125</ele>
        <time>2026-08-01T14:52:05.000Z</time>
        <extensions>
          <ns3:TrackPointExtension>
            <ns3:hr>165</ns3:hr>
            <ns3:cad>56</ns3:cad>
          </ns3:TrackPointExtension>
        </extensions>
      </trkpt>
      <trkpt lat="43.8427104614675045013427734375" lon="87.51013814471662044525146484375">
        <ele>839.79998779296875</ele>
        <time>2026-08-01T14:52:13.000Z</time>
        <extensions>
          <ns3:TrackPointExtension>
            <ns3:hr>163</ns3:hr>
            <ns3:cad>81</ns3:cad>
          </ns3:TrackPointExtension>
        </extensions>
      </trkpt>
      <trkpt lat="43.842887319624423980712890625" lon="87.51020452938973903656005859375">
        <ele>839.20001220703125</ele>
        <time>2026-08-01T14:52:20.000Z</time>
        <extensions>
          <ns3:TrackPointExtension>
            <ns3:hr>165</ns3:hr>
            <ns3:cad>82</ns3:cad>
          </ns3:TrackPointExtension>
        </extensions>
      </trkpt>
      <trkpt lat="43.84291238151490688323974609375" lon="87.5102118216454982757568359375">
        <ele>839.20001220703125</ele>
        <time>2026-08-01T14:52:21.000Z</time>
        <extensions>
          <ns3:TrackPointExtension>
            <ns3:hr>165</ns3:hr>
            <ns3:cad>82</ns3:cad>
          </ns3:TrackPointExtension>
        </extensions>
      </trkpt>
      <trkpt lat="43.84304531849920749664306640625" lon="87.51024140976369380950927734375">
        <ele>838.5999755859375</ele>
        <time>2026-08-01T14:52:27.000Z</time>
        <extensions>
          <ns3:TrackPointExtension>
            <ns3:hr>162</ns3:hr>
            <ns3:cad>83</ns3:cad>
          </ns3:TrackPointExtension>
        </extensions>
      </trkpt>
      <trkpt lat="43.843056298792362213134765625" lon="87.51024425961077213287353515625">
        <ele>838.4000244140625</ele>
        <time>2026-08-01T14:52:28.000Z</time>
        <extensions>
          <ns3:TrackPointExtension>
            <ns3:hr>161</ns3:hr>
            <ns3:cad>83</ns3:cad>
          </ns3:TrackPointExtension>
        </extensions>
      </trkpt>
      <trkpt lat="43.84311421774327754974365234375" lon="87.5102637894451618194580078125">
        <ele>838.20001220703125</ele>
        <time>2026-08-01T14:52:32.000Z</time>
        <extensions>
          <ns3:TrackPointExtension>
            <ns3:hr>160</ns3:hr>
            <ns3:cad>56</ns3:cad>
          </ns3:TrackPointExtension>
        </extensions>
      </trkpt>
      <trkpt lat="43.84314405731856822967529296875" lon="87.51027594320476055145263671875">
        <ele>838</ele>
        <time>2026-08-01T14:52:34.000Z</time>
        <extensions>
          <ns3:TrackPointExtension>
            <ns3:hr>159</ns3:hr>
            <ns3:cad>56</ns3:cad>
          </ns3:TrackPointExtension>
        </extensions>
      </trkpt>
      <trkpt lat="43.84326291270554065704345703125" lon="87.5103199481964111328125">
        <ele>837.5999755859375</ele>
        <time>2026-08-01T14:52:41.000Z</time>
        <extensions>
          <ns3:TrackPointExtension>
            <ns3:hr>158</ns3:hr>
            <ns3:cad>56</ns3:cad>
          </ns3:TrackPointExtension>
        </extensions>
      </trkpt>
      <trkpt lat="43.84329945780336856842041015625" lon="87.5103305093944072723388671875">
        <ele>837.4000244140625</ele>
        <time>2026-08-01T14:52:44.000Z</time>
        <extensions>
          <ns3:TrackPointExtension>
            <ns3:hr>158</ns3:hr>
            <ns3:cad>56</ns3:cad>
          </ns3:TrackPointExtension>
        </extensions>
      </trkpt>
      <trkpt lat="43.84331856854259967803955078125" lon="87.51031885854899883270263671875">
        <ele>837.20001220703125</ele>
        <time>2026-08-01T14:52:46.000Z</time>
        <extensions>
          <ns3:TrackPointExtension>
            <ns3:hr>158</ns3:hr>
            <ns3:cad>56</ns3:cad>
          </ns3:TrackPointExtension>
        </extensions>
      </trkpt>
      <trkpt lat="43.84335326962172985076904296875" lon="87.51031835563480854034423828125">
        <ele>837</ele>
        <time>2026-08-01T14:52:48.000Z</time>
        <extensions>
          <ns3:TrackPointExtension>
            <ns3:hr>157</ns3:hr>
            <ns3:cad>0</ns3:cad>
          </ns3:TrackPointExtension>
        </extensions>
      </trkpt>
      <trkpt lat="43.8434018008410930633544921875" lon="87.51032824628055095672607421875">
        <ele>837.20001220703125</ele>
        <time>2026-08-01T14:52:51.000Z</time>
        <extensions>
          <ns3:TrackPointExtension>
            <ns3:hr>154</ns3:hr>
            <ns3:cad>52</ns3:cad>
          </ns3:TrackPointExtension>
        </extensions>
      </trkpt>
      <trkpt lat="43.84343440644443035125732421875" lon="87.51032070256769657135009765625">
        <ele>837.20001220703125</ele>
        <time>2026-08-01T14:52:53.000Z</time>
        <extensions>
          <ns3:TrackPointExtension>
            <ns3:hr>152</ns3:hr>
            <ns3:cad>55</ns3:cad>
          </ns3:TrackPointExtension>
        </extensions>
      </trkpt>
      <trkpt lat="43.84347698651254177093505859375" lon="87.510322630405426025390625">
        <ele>837.4000244140625</ele>
        <time>2026-08-01T14:52:56.000Z</time>
        <extensions>
          <ns3:TrackPointExtension>
            <ns3:hr>149</ns3:hr>
            <ns3:cad>55</ns3:cad>
          </ns3:TrackPointExtension>
        </extensions>
      </trkpt>
      <trkpt lat="43.843523003160953521728515625" lon="87.51031215302646160125732421875">
        <ele>837.4000244140625</ele>
        <time>2026-08-01T14:53:00.000Z</time>
        <extensions>
          <ns3:TrackPointExtension>
            <ns3:hr>148</ns3:hr>
            <ns3:cad>56</ns3:cad>
          </ns3:TrackPointExtension>
        </extensions>
      </trkpt>
      <trkpt lat="43.84360288269817829132080078125" lon="87.5103486143052577972412109375">
        <ele>838.20001220703125</ele>
        <time>2026-08-01T14:53:06.000Z</time>
        <extensions>
          <ns3:TrackPointExtension>
            <ns3:hr>147</ns3:hr>
            <ns3:cad>57</ns3:cad>
          </ns3:TrackPointExtension>
        </extensions>
      </trkpt>
      <trkpt lat="43.84373581968247890472412109375" lon="87.510367892682552337646484375">
        <ele>838.4000244140625</ele>
        <time>2026-08-01T14:53:12.000Z</time>
        <extensions>
          <ns3:TrackPointExtension>
            <ns3:hr>144</ns3:hr>
            <ns3:cad>81</ns3:cad>
          </ns3:TrackPointExtension>
        </extensions>
      </trkpt>
      <trkpt lat="43.8437997736036777496337890625" lon="87.5103734247386455535888671875">
        <ele>838.4000244140625</ele>
        <time>2026-08-01T14:53:15.000Z</time>
        <extensions>
          <ns3:TrackPointExtension>
            <ns3:hr>144</ns3:hr>
            <ns3:cad>82</ns3:cad>
          </ns3:TrackPointExtension>
        </extensions>
      </trkpt>
      <trkpt lat="43.8439070619642734527587890625" lon="87.51038440503180027008056640625">
        <ele>838.4000244140625</ele>
        <time>2026-08-01T14:53:21.000Z</time>
        <extensions>
          <ns3:TrackPointExtension>
            <ns3:hr>147</ns3:hr>
            <ns3:cad>82</ns3:cad>
          </ns3:TrackPointExtension>
        </extensions>
      </trkpt>
      <trkpt lat="43.84392022155225276947021484375" lon="87.51038691960275173187255859375">
        <ele>838.20001220703125</ele>
        <time>2026-08-01T14:53:23.000Z</time>
        <extensions>
          <ns3:TrackPointExtension>
            <ns3:hr>148</ns3:hr>
            <ns3:cad>0</ns3:cad>
          </ns3:TrackPointExtension>
        </extensions>
      </trkpt>
      <trkpt lat="43.84402583353221416473388671875" lon="87.51033880747854709625244140625">
        <ele>835.4000244140625</ele>
        <time>2026-08-01T14:53:30.000Z</time>
        <extensions>
          <ns3:TrackPointExtension>
            <ns3:hr>145</ns3:hr>
            <ns3:cad>56</ns3:cad>
          </ns3:TrackPointExtension>
        </extensions>
      </trkpt>
      <trkpt lat="43.844066821038722991943359375" lon="87.5103328563272953033447265625">
        <ele>834.4000244140625</ele>
        <time>2026-08-01T14:53:33.000Z</time>
        <extensions>
          <ns3:TrackPointExtension>
            <ns3:hr>148</ns3:hr>
            <ns3:cad>57</ns3:cad>
          </ns3:TrackPointExtension>
        </extensions>
      </trkpt>
      <trkpt lat="43.8440800644457340240478515625" lon="87.51033511944115161895751953125">
        <ele>834.20001220703125</ele>
        <time>2026-08-01T14:53:34.000Z</time>
        <extensions>
          <ns3:TrackPointExtension>
            <ns3:hr>148</ns3:hr>
            <ns3:cad>57</ns3:cad>
          </ns3:TrackPointExtension>
        </extensions>
      </trkpt>
      <trkpt lat="43.84417536668479442596435546875" lon="87.51036076806485652923583984375">
        <ele>832.4000244140625</ele>
        <time>2026-08-01T14:53:41.000Z</time>
        <extensions>
          <ns3:TrackPointExtension>
            <ns3:hr>145</ns3:hr>
            <ns3:cad>57</ns3:cad>
          </ns3:TrackPointExtension>
        </extensions>
      </trkpt>
      <trkpt lat="43.84421593509614467620849609375" lon="87.5103861652314662933349609375">
        <ele>832.20001220703125</ele>
        <time>2026-08-01T14:53:44.000Z</time>
        <extensions>
          <ns3:TrackPointExtension>
            <ns3:hr>144</ns3:hr>
            <ns3:cad>57</ns3:cad>
          </ns3:TrackPointExtension>
        </extensions>
      </trkpt>
      <trkpt lat="43.84425918571650981903076171875" lon="87.51040737144649028778076171875">
        <ele>832</ele>
        <time>2026-08-01T14:53:47.000Z</time>
        <extensions>
          <ns3:TrackPointExtension>
            <ns3:hr>141</ns3:hr>
            <ns3:cad>57</ns3:cad>
          </ns3:TrackPointExtension>
        </extensions>
      </trkpt>
      <trkpt lat="43.84435390122234821319580078125" lon="87.5104419887065887451171875">
        <ele>831.79998779296875</ele>
        <time>2026-08-01T14:53:52.000Z</time>
        <extensions>
          <ns3:TrackPointExtension>
            <ns3:hr>139</ns3:hr>
            <ns3:cad>81</ns3:cad>
          </ns3:TrackPointExtension>
        </extensions>
      </trkpt>
      <trkpt lat="43.8444481976330280303955078125" lon="87.51041793264448642730712890625">
        <ele>831.4000244140625</ele>
        <time>2026-08-01T14:53:58.000Z</time>
        <extensions>
          <ns3:TrackPointExtension>
            <ns3:hr>140</ns3:hr>
            <ns3:cad>81</ns3:cad>
          </ns3:TrackPointExtension>
        </extensions>
      </trkpt>
      <trkpt lat="43.8446268998086452484130859375" lon="87.510446347296237945556640625">
        <ele>830.20001220703125</ele>
        <time>2026-08-01T14:54:06.000Z</time>
        <extensions>
          <ns3:TrackPointExtension>
            <ns3:hr>142</ns3:hr>
            <ns3:cad>82</ns3:cad>
          </ns3:TrackPointExtension>
        </extensions>
      </trkpt>
      <trkpt lat="43.8447278179228305816650390625" lon="87.51047358848154544830322265625">
        <ele>829.5999755859375</ele>
        <time>2026-08-01T14:54:09.000Z</time>
        <extensions>
          <ns3:TrackPointExtension>
            <ns3:hr>145</ns3:hr>
            <ns3:cad>82</ns3:cad>
          </ns3:TrackPointExtension>
        </extensions>
      </trkpt>
      <trkpt lat="43.84480099193751811981201171875" lon="87.5104847364127635955810546875">
        <ele>829.4000244140625</ele>
        <time>2026-08-01T14:54:12.000Z</time>
        <extensions>
          <ns3:TrackPointExtension>
            <ns3:hr>148</ns3:hr>
            <ns3:cad>82</ns3:cad>
          </ns3:TrackPointExtension>
        </extensions>
      </trkpt>
      <trkpt lat="43.84491314180195331573486328125" lon="87.51050912775099277496337890625">
        <ele>829</ele>
        <time>2026-08-01T14:54:19.000Z</time>
        <extensions>
          <ns3:TrackPointExtension>
            <ns3:hr>149</ns3:hr>
            <ns3:cad>60</ns3:cad>
          </ns3:TrackPointExtension>
        </extensions>
      </trkpt>
      <trkpt lat="43.8450010679662227630615234375" lon="87.51054533757269382476806640625">
        <ele>828.5999755859375</ele>
        <time>2026-08-01T14:54:25.000Z</time>
        <extensions>
          <ns3:TrackPointExtension>
            <ns3:hr>150</ns3:hr>
            <ns3:cad>56</ns3:cad>
          </ns3:TrackPointExtension>
        </extensions>
      </trkpt>
      <trkpt lat="43.8450154848396778106689453125" lon="87.5105447508394718170166015625">
        <ele>828.5999755859375</ele>
        <time>2026-08-01T14:54:26.000Z</time>
        <extensions>
          <ns3:TrackPointExtension>
            <ns3:hr>150</ns3:hr>
            <ns3:cad>55</ns3:cad>
          </ns3:TrackPointExtension>
        </extensions>
      </trkpt>
      <trkpt lat="43.84512998163700103759765625" lon="87.510560341179370880126953125">
        <ele>829.79998779296875</ele>
        <time>2026-08-01T14:54:35.000Z</time>
        <extensions>
          <ns3:TrackPointExtension>
            <ns3:hr>148</ns3:hr>
            <ns3:cad>57</ns3:cad>
          </ns3:TrackPointExtension>
        </extensions>
      </trkpt>
      <trkpt lat="43.84526140987873077392578125" lon="87.510581798851490020751953125">
        <ele>831.4000244140625</ele>
        <time>2026-08-01T14:54:41.000Z</time>
        <extensions>
          <ns3:TrackPointExtension>
            <ns3:hr>145</ns3:hr>
            <ns3:cad>81</ns3:cad>
          </ns3:TrackPointExtension>
        </extensions>
      </trkpt>
      <trkpt lat="43.8452862203121185302734375" lon="87.5105886720120906829833984375">
        <ele>831.5999755859375</ele>
        <time>2026-08-01T14:54:42.000Z</time>
        <extensions>
          <ns3:TrackPointExtension>
            <ns3:hr>145</ns3:hr>
            <ns3:cad>82</ns3:cad>
          </ns3:TrackPointExtension>
        </extensions>
      </trkpt>
      <trkpt lat="43.84549384005367755889892578125" lon="87.51060451380908489227294921875">
        <ele>830.4000244140625</ele>
        <time>2026-08-01T14:54:49.000Z</time>
        <extensions>
          <ns3:TrackPointExtension>
            <ns3:hr>144</ns3:hr>
            <ns3:cad>83</ns3:cad>
          </ns3:TrackPointExtension>
        </extensions>
      </trkpt>
      <trkpt lat="43.84564538486301898956298828125" lon="87.51063644886016845703125">
        <ele>829.20001220703125</ele>
        <time>2026-08-01T14:54:56.000Z</time>
        <extensions>
          <ns3:TrackPointExtension>
            <ns3:hr>147</ns3:hr>
            <ns3:cad>83</ns3:cad>
          </ns3:TrackPointExtension>
        </extensions>
      </trkpt>
      <trkpt lat="43.84572098962962627410888671875" lon="87.51065363176167011260986328125">
        <ele>828.4000244140625</ele>
        <time>2026-08-01T14:54:59.000Z</time>
        <extensions>
          <ns3:TrackPointExtension>
            <ns3:hr>148</ns3:hr>
            <ns3:cad>83</ns3:cad>
          </ns3:TrackPointExtension>
        </extensions>
      </trkpt>
      <trkpt lat="43.845813274383544921875" lon="87.51068062148988246917724609375">
        <ele>827.20001220703125</ele>
        <time>2026-08-01T14:55:05.000Z</time>
        <extensions>
          <ns3:TrackPointExtension>
            <ns3:hr>151</ns3:hr>
            <ns3:cad>0</ns3:cad>
          </ns3:TrackPointExtension>
        </extensions>
      </trkpt>
      <trkpt lat="43.84586733765900135040283203125" lon="87.510689757764339447021484375">
        <ele>826.79998779296875</ele>
        <time>2026-08-01T14:55:09.000Z</time>
        <extensions>
          <ns3:TrackPointExtension>
            <ns3:hr>154</ns3:hr>
            <ns3:cad>56</ns3:cad>
          </ns3:TrackPointExtension>
        </extensions>
      </trkpt>
      <trkpt lat="43.8459029607474803924560546875" lon="87.5106946192681789398193359375">
        <ele>826.79998779296875</ele>
        <time>2026-08-01T14:55:12.000Z</time>
        <extensions>
          <ns3:TrackPointExtension>
            <ns3:hr>153</ns3:hr>
            <ns3:cad>56</ns3:cad>
          </ns3:TrackPointExtension>
        </extensions>
      </trkpt>
      <trkpt lat="43.846006728708744049072265625" lon="87.510658241808414459228515625">
        <ele>826.4000244140625</ele>
        <time>2026-08-01T14:55:19.000Z</time>
        <extensions>
          <ns3:TrackPointExtension>
            <ns3:hr>153</ns3:hr>
            <ns3:cad>58</ns3:cad>
          </ns3:TrackPointExtension>
        </extensions>
      </trkpt>
      <trkpt lat="43.8460307009518146514892578125" lon="87.51064826734364032745361328125">
        <ele>826.4000244140625</ele>
        <time>2026-08-01T14:55:21.000Z</time>
        <extensions>
          <ns3:TrackPointExtension>
            <ns3:hr>154</ns3:hr>
            <ns3:cad>58</ns3:cad>
          </ns3:TrackPointExtension>
        </extensions>
      </trkpt>
      <trkpt lat="43.84607621468603610992431640625" lon="87.51064877025783061981201171875">
        <ele>826.4000244140625</ele>
        <time>2026-08-01T14:55:24.000Z</time>
        <extensions>
          <ns3:TrackPointExtension>
            <ns3:hr>152</ns3:hr>
            <ns3:cad>57</ns3:cad>
          </ns3:TrackPointExtension>
        </extensions>
      </trkpt>
      <trkpt lat="43.84611594490706920623779296875" lon="87.51063284464180469512939453125">
        <ele>826.20001220703125</ele>
        <time>2026-08-01T14:55:28.000Z</time>
        <extensions>
          <ns3:TrackPointExtension>
            <ns3:hr>149</ns3:hr>
            <ns3:cad>57</ns3:cad>
          </ns3:TrackPointExtension>
        </extensions>
      </trkpt>
      <trkpt lat="43.846130780875682830810546875" lon="87.51063887961208820343017578125">
        <ele>826.20001220703125</ele>
        <time>2026-08-01T14:55:29.000Z</time>
        <extensions>
          <ns3:TrackPointExtension>
            <ns3:hr>148</ns3:hr>
            <ns3:cad>57</ns3:cad>
          </ns3:TrackPointExtension>
        </extensions>
      </trkpt>
      <trkpt lat="43.8461483828723430633544921875" lon="87.51064793206751346588134765625">
        <ele>826.4000244140625</ele>
        <time>2026-08-01T14:55:30.000Z</time>
        <extensions>
          <ns3:TrackPointExtension>
            <ns3:hr>147</ns3:hr>
            <ns3:cad>57</ns3:cad>
          </ns3:TrackPointExtension>
        </extensions>
      </trkpt>
      <trkpt lat="43.846215270459651947021484375" lon="87.51069218851625919342041015625">
        <ele>827.20001220703125</ele>
        <time>2026-08-01T14:55:33.000Z</time>
        <extensions>
          <ns3:TrackPointExtension>
            <ns3:hr>144</ns3:hr>
            <ns3:cad>57</ns3:cad>
          </ns3:TrackPointExtension>
        </extensions>
      </trkpt>
      <trkpt lat="43.846297077834606170654296875" lon="87.5107026658952236175537109375">
        <ele>827.5999755859375</ele>
        <time>2026-08-01T14:55:36.000Z</time>
        <extensions>
          <ns3:TrackPointExtension>
            <ns3:hr>142</ns3:hr>
            <ns3:cad>81</ns3:cad>
          </ns3:TrackPointExtension>
        </extensions>
      </trkpt>
      <trkpt lat="43.84631811641156673431396484375" lon="87.51069788821041584014892578125">
        <ele>827.5999755859375</ele>
        <time>2026-08-01T14:55:37.000Z</time>
        <extensions>
          <ns3:TrackPointExtension>
            <ns3:hr>142</ns3:hr>
            <ns3:cad>82</ns3:cad>
          </ns3:TrackPointExtension>
        </extensions>
      </trkpt>
      <trkpt lat="43.8463770411908626556396484375" lon="87.5107100419700145721435546875">
        <ele>828</ele>
        <time>2026-08-01T14:55:40.000Z</time>
        <extensions>
          <ns3:TrackPointExtension>
            <ns3:hr>141</ns3:hr>
            <ns3:cad>82</ns3:cad>
          </ns3:TrackPointExtension>
        </extensions>
      </trkpt>
      <trkpt lat="43.84645557962357997894287109375" lon="87.5107418932020664215087890625">
        <ele>828</ele>
        <time>2026-08-01T14:55:45.000Z</time>
        <extensions>
          <ns3:TrackPointExtension>
            <ns3:hr>144</ns3:hr>
            <ns3:cad>59</ns3:cad>
          </ns3:TrackPointExtension>
        </extensions>
      </trkpt>
      <trkpt lat="43.84646547026932239532470703125" lon="87.5107445754110813140869140625">
        <ele>828</ele>
        <time>2026-08-01T14:55:46.000Z</time>
        <extensions>
          <ns3:TrackPointExtension>
            <ns3:hr>145</ns3:hr>
            <ns3:cad>59</ns3:cad>
          </ns3:TrackPointExtension>
        </extensions>
      </trkpt>
      <trkpt lat="43.8465305976569652557373046875" lon="87.51077257096767425537109375">
        <ele>827.79998779296875</ele>
        <time>2026-08-01T14:55:51.000Z</time>
        <extensions>
          <ns3:TrackPointExtension>
            <ns3:hr>146</ns3:hr>
            <ns3:cad>58</ns3:cad>
          </ns3:TrackPointExtension>
        </extensions>
      </trkpt>
      <trkpt lat="43.8466623611748218536376953125" lon="87.510814480483531951904296875">
        <ele>827.79998779296875</ele>
        <time>2026-08-01T14:55:58.000Z</time>
        <extensions>
          <ns3:TrackPointExtension>
            <ns3:hr>145</ns3:hr>
            <ns3:cad>78</ns3:cad>
          </ns3:TrackPointExtension>
        </extensions>
      </trkpt>
      <trkpt lat="43.846863694489002227783203125" lon="87.51085731200873851776123046875">
        <ele>827.20001220703125</ele>
        <time>2026-08-01T14:56:05.000Z</time>
        <extensions>
          <ns3:TrackPointExtension>
            <ns3:hr>143</ns3:hr>
            <ns3:cad>82</ns3:cad>
          </ns3:TrackPointExtension>
        </extensions>
      </trkpt>
      <trkpt lat="43.84689747355878353118896484375" lon="87.5108857266604900360107421875">
        <ele>827.20001220703125</ele>
        <time>2026-08-01T14:56:07.000Z</time>
        <extensions>
          <ns3:TrackPointExtension>
            <ns3:hr>144</ns3:hr>
            <ns3:cad>82</ns3:cad>
          </ns3:TrackPointExtension>
        </extensions>
      </trkpt>
      <trkpt lat="43.8469158299267292022705078125" lon="87.51090140081942081451416015625">
        <ele>827.20001220703125</ele>
        <time>2026-08-01T14:56:08.000Z</time>
        <extensions>
          <ns3:TrackPointExtension>
            <ns3:hr>144</ns3:hr>
            <ns3:cad>82</ns3:cad>
          </ns3:TrackPointExtension>
        </extensions>
      </trkpt>
      <trkpt lat="43.84699202142655849456787109375" lon="87.51095906831324100494384765625">
        <ele>827</ele>
        <time>2026-08-01T14:56:12.000Z</time>
        <extensions>
          <ns3:TrackPointExtension>
            <ns3:hr>145</ns3:hr>
            <ns3:cad>82</ns3:cad>
          </ns3:TrackPointExtension>
        </extensions>
      </trkpt>
      <trkpt lat="43.84700526483356952667236328125" lon="87.5109665282070636749267578125">
        <ele>827</ele>
        <time>2026-08-01T14:56:13.000Z</time>
        <extensions>
          <ns3:TrackPointExtension>
            <ns3:hr>145</ns3:hr>
            <ns3:cad>82</ns3:cad>
          </ns3:TrackPointExtension>
        </extensions>
      </trkpt>
      <trkpt lat="43.84704172611236572265625" lon="87.5109735690057277679443359375">
        <ele>826.79998779296875</ele>
        <time>2026-08-01T14:56:15.000Z</time>
        <extensions>
          <ns3:TrackPointExtension>
            <ns3:hr>146</ns3:hr>
            <ns3:cad>82</ns3:cad>
          </ns3:TrackPointExtension>
        </extensions>
      </trkpt>
      <trkpt lat="43.847072906792163848876953125" lon="87.5109651871025562286376953125">
        <ele>826.4000244140625</ele>
        <time>2026-08-01T14:56:17.000Z</time>
        <extensions>
          <ns3:TrackPointExtension>
            <ns3:hr>147</ns3:hr>
            <ns3:cad>82</ns3:cad>
          </ns3:TrackPointExtension>
        </extensions>
      </trkpt>
      <trkpt lat="43.84708807803690433502197265625" lon="87.51096032559871673583984375">
        <ele>826.20001220703125</ele>
        <time>2026-08-01T14:56:18.000Z</time>
        <extensions>
          <ns3:TrackPointExtension>
            <ns3:hr>147</ns3:hr>
            <ns3:cad>82</ns3:cad>
          </ns3:TrackPointExtension>
        </extensions>
      </trkpt>
      <trkpt lat="43.84717424400150775909423828125" lon="87.51097935251891613006591796875">
        <ele>825.4000244140625</ele>
        <time>2026-08-01T14:56:25.000Z</time>
        <extensions>
          <ns3:TrackPointExtension>
            <ns3:hr>148</ns3:hr>
            <ns3:cad>56</ns3:cad>
          </ns3:TrackPointExtension>
        </extensions>
      </trkpt>
      <trkpt lat="43.8472953625023365020751953125" lon="87.51093124039471149444580078125">
        <ele>823.79998779296875</ele>
        <time>2026-08-01T14:56:33.000Z</time>
        <extensions>
          <ns3:TrackPointExtension>
            <ns3:hr>148</ns3:hr>
            <ns3:cad>57</ns3:cad>
          </ns3:TrackPointExtension>
        </extensions>
      </trkpt>
      <trkpt lat="43.847427628934383392333984375" lon="87.510929144918918609619140625">
        <ele>822.79998779296875</ele>
        <time>2026-08-01T14:56:42.000Z</time>
        <extensions>
          <ns3:TrackPointExtension>
            <ns3:hr>145</ns3:hr>
            <ns3:cad>57</ns3:cad>
          </ns3:TrackPointExtension>
        </extensions>
      </trkpt>
      <trkpt lat="43.8474700413644313812255859375" lon="87.51094096340239048004150390625">
        <ele>822.5999755859375</ele>
        <time>2026-08-01T14:56:45.000Z</time>
        <extensions>
          <ns3:TrackPointExtension>
            <ns3:hr>142</ns3:hr>
            <ns3:cad>0</ns3:cad>
          </ns3:TrackPointExtension>
        </extensions>
      </trkpt>
      <trkpt lat="43.84755964390933513641357421875" lon="87.5109511055052280426025390625">
        <ele>822</ele>
        <time>2026-08-01T14:56:51.000Z</time>
        <extensions>
          <ns3:TrackPointExtension>
            <ns3:hr>141</ns3:hr>
            <ns3:cad>57</ns3:cad>
          </ns3:TrackPointExtension>
        </extensions>
      </trkpt>
      <trkpt lat="43.84767732582986354827880859375" lon="87.51098823733627796173095703125">
        <ele>821.5999755859375</ele>
        <time>2026-08-01T14:56:59.000Z</time>
        <extensions>
          <ns3:TrackPointExtension>
            <ns3:hr>138</ns3:hr>
            <ns3:cad>56</ns3:cad>
          </ns3:TrackPointExtension>
        </extensions>
      </trkpt>
      <trkpt lat="43.84772242046892642974853515625" lon="87.51100114546716213226318359375">
        <ele>821.4000244140625</ele>
        <time>2026-08-01T14:57:04.000Z</time>
        <extensions>
          <ns3:TrackPointExtension>
            <ns3:hr>138</ns3:hr>
            <ns3:cad>56</ns3:cad>
          </ns3:TrackPointExtension>
        </extensions>
      </trkpt>
      <trkpt lat="43.8477624021470546722412109375" lon="87.5110205076634883880615234375">
        <ele>821.20001220703125</ele>
        <time>2026-08-01T14:57:07.000Z</time>
        <extensions>
          <ns3:TrackPointExtension>
            <ns3:hr>137</ns3:hr>
            <ns3:cad>56</ns3:cad>
          </ns3:TrackPointExtension>
        </extensions>
      </trkpt>
      <trkpt lat="43.8478056527674198150634765625" lon="87.5110309012234210968017578125">
        <ele>821</ele>
        <time>2026-08-01T14:57:10.000Z</time>
        <extensions>
          <ns3:TrackPointExtension>
            <ns3:hr>134</ns3:hr>
            <ns3:cad>56</ns3:cad>
          </ns3:TrackPointExtension>
        </extensions>
      </trkpt>
      <trkpt lat="43.84788067080080509185791015625" lon="87.51106468029320240020751953125">
        <ele>821.20001220703125</ele>
        <time>2026-08-01T14:57:17.000Z</time>
        <extensions>
          <ns3:TrackPointExtension>
            <ns3:hr>134</ns3:hr>
            <ns3:cad>55</ns3:cad>
          </ns3:TrackPointExtension>
        </extensions>
      </trkpt>
      <trkpt lat="43.84790430776774883270263671875" lon="87.511079013347625732421875">
        <ele>821.4000244140625</ele>
        <time>2026-08-01T14:57:24.000Z</time>
        <extensions>
          <ns3:TrackPointExtension>
            <ns3:hr>135</ns3:hr>
            <ns3:cad>0</ns3:cad>
          </ns3:TrackPointExtension>
        </extensions>
      </trkpt>
      <trkpt lat="43.8479062356054782867431640625" lon="87.51107968389987945556640625">
        <ele>821.4000244140625</ele>
        <time>2026-08-01T14:57:31.000Z</time>
        <extensions>
          <ns3:TrackPointExtension>
            <ns3:hr>134</ns3:hr>
            <ns3:cad>0</ns3:cad>
          </ns3:TrackPointExtension>
        </extensions>
      </trkpt>
      <trkpt lat="43.8479053974151611328125" lon="87.51107876189053058624267578125">
        <ele>821.4000244140625</ele>
        <time>2026-08-01T14:57:32.000Z</time>
        <extensions>
          <ns3:TrackPointExtension>
            <ns3:hr>134</ns3:hr>
            <ns3:cad>0</ns3:cad>
          </ns3:TrackPointExtension>
        </extensions>
      </trkpt>
      <trkpt lat="43.84796532802283763885498046875" lon="87.51109334640204906463623046875">
        <ele>821.4000244140625</ele>
        <time>2026-08-01T14:58:09.000Z</time>
        <extensions>
          <ns3:TrackPointExtension>
            <ns3:hr>132</ns3:hr>
            <ns3:cad>56</ns3:cad>
          </ns3:TrackPointExtension>
        </extensions>
      </trkpt>
      <trkpt lat="43.848096169531345367431640625" lon="87.51110156066715717315673828125">
        <ele>821</ele>
        <time>2026-08-01T14:58:14.000Z</time>
        <extensions>
          <ns3:TrackPointExtension>
            <ns3:hr>131</ns3:hr>
            <ns3:cad>82</ns3:cad>
          </ns3:TrackPointExtension>
        </extensions>
      </trkpt>
      <trkpt lat="43.84828954003751277923583984375" lon="87.51112117432057857513427734375">
        <ele>820.5999755859375</ele>
        <time>2026-08-01T14:58:21.000Z</time>
        <extensions>
          <ns3:TrackPointExtension>
            <ns3:hr>135</ns3:hr>
            <ns3:cad>82</ns3:cad>
          </ns3:TrackPointExtension>
        </extensions>
      </trkpt>
      <trkpt lat="43.84831652976572513580322265625" lon="87.51112720929086208343505859375">
        <ele>820.5999755859375</ele>
        <time>2026-08-01T14:58:22.000Z</time>
        <extensions>
          <ns3:TrackPointExtension>
            <ns3:hr>136</ns3:hr>
            <ns3:cad>82</ns3:cad>
          </ns3:TrackPointExtension>
        </extensions>
      </trkpt>
      <trkpt lat="43.848365060985088348388671875" lon="87.5111328251659870147705078125">
        <ele>820.79998779296875</ele>
        <time>2026-08-01T14:58:24.000Z</time>
        <extensions>
          <ns3:TrackPointExtension>
            <ns3:hr>139</ns3:hr>
            <ns3:cad>82</ns3:cad>
          </ns3:TrackPointExtension>
        </extensions>
      </trkpt>
      <trkpt lat="43.84844024665653705596923828125" lon="87.5111150555312633514404296875">
        <ele>821</ele>
        <time>2026-08-01T14:58:29.000Z</time>
        <extensions>
          <ns3:TrackPointExtension>
            <ns3:hr>143</ns3:hr>
            <ns3:cad>82</ns3:cad>
          </ns3:TrackPointExtension>
        </extensions>
      </trkpt>
      <trkpt lat="43.84845189750194549560546875" lon="87.51109602861106395721435546875">
        <ele>820.79998779296875</ele>
        <time>2026-08-01T14:58:31.000Z</time>
        <extensions>
          <ns3:TrackPointExtension>
            <ns3:hr>147</ns3:hr>
            <ns3:cad>53</ns3:cad>
          </ns3:TrackPointExtension>
        </extensions>
      </trkpt>
      <trkpt lat="43.84846790693700313568115234375" lon="87.51106468029320240020751953125">
        <ele>820.5999755859375</ele>
        <time>2026-08-01T14:58:33.000Z</time>
        <extensions>
          <ns3:TrackPointExtension>
            <ns3:hr>148</ns3:hr>
            <ns3:cad>55</ns3:cad>
          </ns3:TrackPointExtension>
        </extensions>
      </trkpt>
      <trkpt lat="43.8485665619373321533203125" lon="87.511010952293872833251953125">
        <ele>820.20001220703125</ele>
        <time>2026-08-01T14:58:41.000Z</time>
        <extensions>
          <ns3:TrackPointExtension>
            <ns3:hr>148</ns3:hr>
            <ns3:cad>56</ns3:cad>
          </ns3:TrackPointExtension>
        </extensions>
      </trkpt>
      <trkpt lat="43.8486056216061115264892578125" lon="87.51100684516131877899169921875">
        <ele>820.20001220703125</ele>
        <time>2026-08-01T14:58:44.000Z</time>
        <extensions>
          <ns3:TrackPointExtension>
            <ns3:hr>145</ns3:hr>
            <ns3:cad>55</ns3:cad>
          </ns3:TrackPointExtension>
        </extensions>
      </trkpt>
      <trkpt lat="43.84869840927422046661376953125" lon="87.511011622846126556396484375">
        <ele>820</ele>
        <time>2026-08-01T14:58:50.000Z</time>
        <extensions>
          <ns3:TrackPointExtension>
            <ns3:hr>144</ns3:hr>
            <ns3:cad>55</ns3:cad>
          </ns3:TrackPointExtension>
        </extensions>
      </trkpt>
      <trkpt lat="43.84883704595267772674560546875" lon="87.51101288013160228729248046875">
        <ele>819.5999755859375</ele>
        <time>2026-08-01T14:58:56.000Z</time>
        <extensions>
          <ns3:TrackPointExtension>
            <ns3:hr>146</ns3:hr>
            <ns3:cad>81</ns3:cad>
          </ns3:TrackPointExtension>
        </extensions>
      </trkpt>
      <trkpt lat="43.8489335216581821441650390625" lon="87.5110322423279285430908203125">
        <ele>819.4000244140625</ele>
        <time>2026-08-01T14:59:00.000Z</time>
        <extensions>
          <ns3:TrackPointExtension>
            <ns3:hr>149</ns3:hr>
            <ns3:cad>82</ns3:cad>
          </ns3:TrackPointExtension>
        </extensions>
      </trkpt>
      <trkpt lat="43.849038966000080108642578125" lon="87.51106065697968006134033203125">
        <ele>819</ele>
        <time>2026-08-01T14:59:04.000Z</time>
        <extensions>
          <ns3:TrackPointExtension>
            <ns3:hr>150</ns3:hr>
            <ns3:cad>83</ns3:cad>
          </ns3:TrackPointExtension>
        </extensions>
      </trkpt>
      <trkpt lat="43.84923535399138927459716796875" lon="87.511076666414737701416015625">
        <ele>817.4000244140625</ele>
        <time>2026-08-01T14:59:12.000Z</time>
        <extensions>
          <ns3:TrackPointExtension>
            <ns3:hr>151</ns3:hr>
            <ns3:cad>83</ns3:cad>
          </ns3:TrackPointExtension>
        </extensions>
      </trkpt>
      <trkpt lat="43.84938220493495464324951171875" lon="87.5110697932541370391845703125">
        <ele>817</ele>
        <time>2026-08-01T14:59:19.000Z</time>
        <extensions>
          <ns3:TrackPointExtension>
            <ns3:hr>152</ns3:hr>
            <ns3:cad>83</ns3:cad>
          </ns3:TrackPointExtension>
        </extensions>
      </trkpt>
      <trkpt lat="43.84946937672793865203857421875" lon="87.51108597032725811004638671875">
        <ele>817</ele>
        <time>2026-08-01T14:59:25.000Z</time>
        <extensions>
          <ns3:TrackPointExtension>
            <ns3:hr>155</ns3:hr>
            <ns3:cad>82</ns3:cad>
          </ns3:TrackPointExtension>
        </extensions>
      </trkpt>
      <trkpt lat="43.8496228493750095367431640625" lon="87.51107121817767620086669921875">
        <ele>816.4000244140625</ele>
        <time>2026-08-01T14:59:35.000Z</time>
        <extensions>
          <ns3:TrackPointExtension>
            <ns3:hr>154</ns3:hr>
            <ns3:cad>57</ns3:cad>
          </ns3:TrackPointExtension>
        </extensions>
      </trkpt>
      <trkpt lat="43.84972393512725830078125" lon="87.5110696256160736083984375">
        <ele>816.20001220703125</ele>
        <time>2026-08-01T14:59:43.000Z</time>
        <extensions>
          <ns3:TrackPointExtension>
            <ns3:hr>153</ns3:hr>
            <ns3:cad>57</ns3:cad>
          </ns3:TrackPointExtension>
        </extensions>
      </trkpt>
      <trkpt lat="43.84984890930354595184326171875" lon="87.5110667757689952850341796875">
        <ele>815.20001220703125</ele>
        <time>2026-08-01T14:59:49.000Z</time>
        <extensions>
          <ns3:TrackPointExtension>
            <ns3:hr>150</ns3:hr>
            <ns3:cad>80</ns3:cad>
          </ns3:TrackPointExtension>
        </extensions>
      </trkpt>
      <trkpt lat="43.8498957641422748565673828125" lon="87.51108102500438690185546875">
        <ele>814.79998779296875</ele>
        <time>2026-08-01T14:59:51.000Z</time>
        <extensions>
          <ns3:TrackPointExtension>
            <ns3:hr>150</ns3:hr>
            <ns3:cad>81</ns3:cad>
          </ns3:TrackPointExtension>
        </extensions>
      </trkpt>
      <trkpt lat="43.8500077463686466217041015625" lon="87.5111076794564723968505859375">
        <ele>814</ele>
        <time>2026-08-01T14:59:58.000Z</time>
        <extensions>
          <ns3:TrackPointExtension>
            <ns3:hr>148</ns3:hr>
            <ns3:cad>0</ns3:cad>
          </ns3:TrackPointExtension>
        </extensions>
      </trkpt>
      <trkpt lat="43.8501115143299102783203125" lon="87.51111530698835849761962890625">
        <ele>814</ele>
        <time>2026-08-01T15:00:05.000Z</time>
        <extensions>
          <ns3:TrackPointExtension>
            <ns3:hr>147</ns3:hr>
            <ns3:cad>54</ns3:cad>
          </ns3:TrackPointExtension>
        </extensions>
      </trkpt>
      <trkpt lat="43.8501948304474353790283203125" lon="87.5111106969416141510009765625">
        <ele>814</ele>
        <time>2026-08-01T15:00:12.000Z</time>
        <extensions>
          <ns3:TrackPointExtension>
            <ns3:hr>147</ns3:hr>
            <ns3:cad>56</ns3:cad>
          </ns3:TrackPointExtension>
        </extensions>
      </trkpt>
      <trkpt lat="43.8502897135913372039794921875" lon="87.511109523475170135498046875">
        <ele>813.5999755859375</ele>
        <time>2026-08-01T15:00:19.000Z</time>
        <extensions>
          <ns3:TrackPointExtension>
            <ns3:hr>144</ns3:hr>
            <ns3:cad>56</ns3:cad>
          </ns3:TrackPointExtension>
        </extensions>
      </trkpt>
      <trkpt lat="43.85033346712589263916015625" lon="87.51111480407416820526123046875">
        <ele>813.4000244140625</ele>
        <time>2026-08-01T15:00:22.000Z</time>
        <extensions>
          <ns3:TrackPointExtension>
            <ns3:hr>142</ns3:hr>
            <ns3:cad>56</ns3:cad>
          </ns3:TrackPointExtension>
        </extensions>
      </trkpt>
      <trkpt lat="43.850400857627391815185546875" lon="87.51111446879804134368896484375">
        <ele>813.20001220703125</ele>
        <time>2026-08-01T15:00:29.000Z</time>
        <extensions>
          <ns3:TrackPointExtension>
            <ns3:hr>143</ns3:hr>
            <ns3:cad>56</ns3:cad>
          </ns3:TrackPointExtension>
        </extensions>
      </trkpt>
      <trkpt lat="43.8505106605589389801025390625" lon="87.51113332808017730712890625">
        <ele>813</ele>
        <time>2026-08-01T15:00:36.000Z</time>
        <extensions>
          <ns3:TrackPointExtension>
            <ns3:hr>140</ns3:hr>
            <ns3:cad>55</ns3:cad>
          </ns3:TrackPointExtension>
        </extensions>
      </trkpt>
      <trkpt lat="43.85055449791252613067626953125" lon="87.51113064587116241455078125">
        <ele>813</ele>
        <time>2026-08-01T15:00:39.000Z</time>
        <extensions>
          <ns3:TrackPointExtension>
            <ns3:hr>138</ns3:hr>
            <ns3:cad>57</ns3:cad>
          </ns3:TrackPointExtension>
        </extensions>
      </trkpt>
      <trkpt lat="43.8506424240767955780029296875" lon="87.51113274134695529937744140625">
        <ele>812.5999755859375</ele>
        <time>2026-08-01T15:00:46.000Z</time>
        <extensions>
          <ns3:TrackPointExtension>
            <ns3:hr>135</ns3:hr>
            <ns3:cad>57</ns3:cad>
          </ns3:TrackPointExtension>
        </extensions>
      </trkpt>
      <trkpt lat="43.85066178627312183380126953125" lon="87.5111237727105617523193359375">
        <ele>812.4000244140625</ele>
        <time>2026-08-01T15:00:48.000Z</time>
        <extensions>
          <ns3:TrackPointExtension>
            <ns3:hr>135</ns3:hr>
            <ns3:cad>57</ns3:cad>
          </ns3:TrackPointExtension>
        </extensions>
      </trkpt>
      <trkpt lat="43.8506855070590972900390625" lon="87.51112083904445171356201171875">
        <ele>812.20001220703125</ele>
        <time>2026-08-01T15:00:50.000Z</time>
        <extensions>
          <ns3:TrackPointExtension>
            <ns3:hr>134</ns3:hr>
            <ns3:cad>57</ns3:cad>
          </ns3:TrackPointExtension>
        </extensions>
      </trkpt>
      <trkpt lat="43.85076488368213176727294921875" lon="87.5111355073750019073486328125">
        <ele>811.5999755859375</ele>
        <time>2026-08-01T15:00:55.000Z</time>
        <extensions>
          <ns3:TrackPointExtension>
            <ns3:hr>133</ns3:hr>
            <ns3:cad>56</ns3:cad>
          </ns3:TrackPointExtension>
        </extensions>
      </trkpt>
      <trkpt lat="43.85083210654556751251220703125" lon="87.5111502595245838165283203125">
        <ele>811.20001220703125</ele>
        <time>2026-08-01T15:01:00.000Z</time>
        <extensions>
          <ns3:TrackPointExtension>
            <ns3:hr>132</ns3:hr>
            <ns3:cad>56</ns3:cad>
          </ns3:TrackPointExtension>
        </extensions>
      </trkpt>
      <trkpt lat="43.8509376347064971923828125" lon="87.5111646763980388641357421875">
        <ele>810.4000244140625</ele>
        <time>2026-08-01T15:01:09.000Z</time>
        <extensions>
          <ns3:TrackPointExtension>
            <ns3:hr>133</ns3:hr>
            <ns3:cad>57</ns3:cad>
          </ns3:TrackPointExtension>
        </extensions>
      </trkpt>
      <trkpt lat="43.851094543933868408203125" lon="87.51117900945246219635009765625">
        <ele>809.20001220703125</ele>
        <time>2026-08-01T15:01:20.000Z</time>
        <extensions>
          <ns3:TrackPointExtension>
            <ns3:hr>131</ns3:hr>
            <ns3:cad>56</ns3:cad>
          </ns3:TrackPointExtension>
        </extensions>
      </trkpt>
      <trkpt lat="43.851217925548553466796875" lon="87.5111894868314266204833984375">
        <ele>808.79998779296875</ele>
        <time>2026-08-01T15:01:26.000Z</time>
        <extensions>
          <ns3:TrackPointExtension>
            <ns3:hr>128</ns3:hr>
            <ns3:cad>80</ns3:cad>
          </ns3:TrackPointExtension>
        </extensions>
      </trkpt>
      <trkpt lat="43.85130350477993488311767578125" lon="87.51118563115596771240234375">
        <ele>808.4000244140625</ele>
        <time>2026-08-01T15:01:30.000Z</time>
        <extensions>
          <ns3:TrackPointExtension>
            <ns3:hr>130</ns3:hr>
            <ns3:cad>82</ns3:cad>
          </ns3:TrackPointExtension>
        </extensions>
      </trkpt>
      <trkpt lat="43.85145127773284912109375" lon="87.511194683611392974853515625">
        <ele>807.79998779296875</ele>
        <time>2026-08-01T15:01:39.000Z</time>
        <extensions>
          <ns3:TrackPointExtension>
            <ns3:hr>130</ns3:hr>
            <ns3:cad>81</ns3:cad>
          </ns3:TrackPointExtension>
        </extensions>
      </trkpt>
      <trkpt lat="43.85155923664569854736328125" lon="87.5112008862197399139404296875">
        <ele>807</ele>
        <time>2026-08-01T15:01:47.000Z</time>
        <extensions>
          <ns3:TrackPointExtension>
            <ns3:hr>133</ns3:hr>
            <ns3:cad>56</ns3:cad>
          </ns3:TrackPointExtension>
        </extensions>
      </trkpt>
      <trkpt lat="43.85156728327274322509765625" lon="87.51120449043810367584228515625">
        <ele>807</ele>
        <time>2026-08-01T15:01:48.000Z</time>
        <extensions>
          <ns3:TrackPointExtension>
            <ns3:hr>134</ns3:hr>
            <ns3:cad>56</ns3:cad>
          </ns3:TrackPointExtension>
        </extensions>
      </trkpt>
      <trkpt lat="43.8516459055244922637939453125" lon="87.51119711436331272125244140625">
        <ele>806.4000244140625</ele>
        <time>2026-08-01T15:01:55.000Z</time>
        <extensions>
          <ns3:TrackPointExtension>
            <ns3:hr>136</ns3:hr>
            <ns3:cad>56</ns3:cad>
          </ns3:TrackPointExtension>
        </extensions>
      </trkpt>
      <trkpt lat="43.8517545349895954132080078125" lon="87.5112069211900234222412109375">
        <ele>805.4000244140625</ele>
        <time>2026-08-01T15:02:02.000Z</time>
        <extensions>
          <ns3:TrackPointExtension>
            <ns3:hr>133</ns3:hr>
            <ns3:cad>56</ns3:cad>
          </ns3:TrackPointExtension>
        </extensions>
      </trkpt>
      <trkpt lat="43.85181597433984279632568359375" lon="87.511204741895198822021484375">
        <ele>804.79998779296875</ele>
        <time>2026-08-01T15:02:07.000Z</time>
        <extensions>
          <ns3:TrackPointExtension>
            <ns3:hr>132</ns3:hr>
            <ns3:cad>56</ns3:cad>
          </ns3:TrackPointExtension>
        </extensions>
      </trkpt>
      <trkpt lat="43.85190783999860286712646484375" lon="87.51119208522140979766845703125">
        <ele>803.79998779296875</ele>
        <time>2026-08-01T15:02:15.000Z</time>
        <extensions>
          <ns3:TrackPointExtension>
            <ns3:hr>132</ns3:hr>
            <ns3:cad>56</ns3:cad>
          </ns3:TrackPointExtension>
        </extensions>
      </trkpt>
      <trkpt lat="43.8520817644894123077392578125" lon="87.51122326590120792388916015625">
        <ele>802.5999755859375</ele>
        <time>2026-08-01T15:02:25.000Z</time>
        <extensions>
          <ns3:TrackPointExtension>
            <ns3:hr>130</ns3:hr>
            <ns3:cad>80</ns3:cad>
          </ns3:TrackPointExtension>
        </extensions>
      </trkpt>
      <trkpt lat="43.85221847333014011383056640625" lon="87.51123785041272640228271484375">
        <ele>802.20001220703125</ele>
        <time>2026-08-01T15:02:32.000Z</time>
        <extensions>
          <ns3:TrackPointExtension>
            <ns3:hr>128</ns3:hr>
            <ns3:cad>0</ns3:cad>
          </ns3:TrackPointExtension>
        </extensions>
      </trkpt>
      <trkpt lat="43.85226105339825153350830078125" lon="87.51124732196331024169921875">
        <ele>802</ele>
        <time>2026-08-01T15:02:36.000Z</time>
        <extensions>
          <ns3:TrackPointExtension>
            <ns3:hr>130</ns3:hr>
            <ns3:cad>56</ns3:cad>
          </ns3:TrackPointExtension>
        </extensions>
      </trkpt>
      <trkpt lat="43.85229282081127166748046875" lon="87.5112454779446125030517578125">
        <ele>802.20001220703125</ele>
        <time>2026-08-01T15:02:39.000Z</time>
        <extensions>
          <ns3:TrackPointExtension>
            <ns3:hr>129</ns3:hr>
            <ns3:cad>55</ns3:cad>
          </ns3:TrackPointExtension>
        </extensions>
      </trkpt>
      <trkpt lat="43.8523737899959087371826171875" lon="87.51125377602875232696533203125">
        <ele>802.20001220703125</ele>
        <time>2026-08-01T15:02:45.000Z</time>
        <extensions>
          <ns3:TrackPointExtension>
            <ns3:hr>132</ns3:hr>
            <ns3:cad>56</ns3:cad>
          </ns3:TrackPointExtension>
        </extensions>
      </trkpt>
      <trkpt lat="43.8524069823324680328369140625" lon="87.5112568773329257965087890625">
        <ele>802</ele>
        <time>2026-08-01T15:02:48.000Z</time>
        <extensions>
          <ns3:TrackPointExtension>
            <ns3:hr>133</ns3:hr>
            <ns3:cad>56</ns3:cad>
          </ns3:TrackPointExtension>
        </extensions>
      </trkpt>
      <trkpt lat="43.85241762734949588775634765625" lon="87.51125670969486236572265625">
        <ele>802</ele>
        <time>2026-08-01T15:02:49.000Z</time>
        <extensions>
          <ns3:TrackPointExtension>
            <ns3:hr>133</ns3:hr>
            <ns3:cad>56</ns3:cad>
          </ns3:TrackPointExtension>
        </extensions>
      </trkpt>
      <trkpt lat="43.8525303639471530914306640625" lon="87.511269785463809967041015625">
        <ele>801.5999755859375</ele>
        <time>2026-08-01T15:02:57.000Z</time>
        <extensions>
          <ns3:TrackPointExtension>
            <ns3:hr>131</ns3:hr>
            <ns3:cad>56</ns3:cad>
          </ns3:TrackPointExtension>
        </extensions>
      </trkpt>
      <trkpt lat="43.85256866924464702606201171875" lon="87.5112830288708209991455078125">
        <ele>801.5999755859375</ele>
        <time>2026-08-01T15:03:00.000Z</time>
        <extensions>
          <ns3:TrackPointExtension>
            <ns3:hr>128</ns3:hr>
            <ns3:cad>56</ns3:cad>
          </ns3:TrackPointExtension>
        </extensions>
      </trkpt>
      <trkpt lat="43.85263421572744846343994140625" lon="87.5112868845462799072265625">
        <ele>801</ele>
        <time>2026-08-01T15:03:06.000Z</time>
        <extensions>
          <ns3:TrackPointExtension>
            <ns3:hr>128</ns3:hr>
            <ns3:cad>56</ns3:cad>
          </ns3:TrackPointExtension>
        </extensions>
      </trkpt>
      <trkpt lat="43.85277536697685718536376953125" lon="87.51128881238400936126708984375">
        <ele>800.5999755859375</ele>
        <time>2026-08-01T15:03:15.000Z</time>
        <extensions>
          <ns3:TrackPointExtension>
            <ns3:hr>128</ns3:hr>
            <ns3:cad>56</ns3:cad>
          </ns3:TrackPointExtension>
        </extensions>
      </trkpt>
      <trkpt lat="43.8528347946703433990478515625" lon="87.51129669137299060821533203125">
        <ele>800.20001220703125</ele>
        <time>2026-08-01T15:03:21.000Z</time>
        <extensions>
          <ns3:TrackPointExtension>
            <ns3:hr>128</ns3:hr>
            <ns3:cad>56</ns3:cad>
          </ns3:TrackPointExtension>
        </extensions>
      </trkpt>
      <trkpt lat="43.852963037788867950439453125" lon="87.51129291951656341552734375">
        <ele>799.20001220703125</ele>
        <time>2026-08-01T15:03:30.000Z</time>
        <extensions>
          <ns3:TrackPointExtension>
            <ns3:hr>128</ns3:hr>
            <ns3:cad>56</ns3:cad>
          </ns3:TrackPointExtension>
        </extensions>
      </trkpt>
      <trkpt lat="43.8530453480780124664306640625" lon="87.51129266805946826934814453125">
        <ele>798.20001220703125</ele>
        <time>2026-08-01T15:03:35.000Z</time>
        <extensions>
          <ns3:TrackPointExtension>
            <ns3:hr>126</ns3:hr>
            <ns3:cad>71</ns3:cad>
          </ns3:TrackPointExtension>
        </extensions>
      </trkpt>
      <trkpt lat="43.853054903447628021240234375" lon="87.511297948658466339111328125">
        <ele>798.20001220703125</ele>
        <time>2026-08-01T15:03:36.000Z</time>
        <extensions>
          <ns3:TrackPointExtension>
            <ns3:hr>126</ns3:hr>
            <ns3:cad>71</ns3:cad>
          </ns3:TrackPointExtension>
        </extensions>
      </trkpt>
      <trkpt lat="43.8530544005334377288818359375" lon="87.511297278106212615966796875">
        <ele>798.20001220703125</ele>
        <time>2026-08-01T15:03:39.000Z</time>
        <extensions>
          <ns3:TrackPointExtension>
            <ns3:hr>126</ns3:hr>
            <ns3:cad>0</ns3:cad>
          </ns3:TrackPointExtension>
        </extensions>
      </trkpt>
      <trkpt lat="43.85305322706699371337890625" lon="87.51129535026848316192626953125">
        <ele>798.20001220703125</ele>
        <time>2026-08-01T15:03:43.000Z</time>
        <extensions>
          <ns3:TrackPointExtension>
            <ns3:hr>123</ns3:hr>
            <ns3:cad>0</ns3:cad>
          </ns3:TrackPointExtension>
        </extensions>
      </trkpt>
      <trkpt lat="43.8530487008392810821533203125" lon="87.51129568554461002349853515625">
        <ele>798.20001220703125</ele>
        <time>2026-08-01T15:03:48.000Z</time>
        <extensions>
          <ns3:TrackPointExtension>
            <ns3:hr>122</ns3:hr>
            <ns3:cad>0</ns3:cad>
          </ns3:TrackPointExtension>
        </extensions>
      </trkpt>
      <trkpt lat="43.85311382822692394256591796875" lon="87.51129350624978542327880859375">
        <ele>797.5999755859375</ele>
        <time>2026-08-01T15:03:54.000Z</time>
        <extensions>
          <ns3:TrackPointExtension>
            <ns3:hr>119</ns3:hr>
            <ns3:cad>55</ns3:cad>
          </ns3:TrackPointExtension>
        </extensions>
      </trkpt>
      <trkpt lat="43.853140063583850860595703125" lon="87.51129291951656341552734375">
        <ele>797.4000244140625</ele>
        <time>2026-08-01T15:03:56.000Z</time>
        <extensions>
          <ns3:TrackPointExtension>
            <ns3:hr>116</ns3:hr>
            <ns3:cad>55</ns3:cad>
          </ns3:TrackPointExtension>
        </extensions>
      </trkpt>
      <trkpt lat="43.85323201306164264678955078125" lon="87.51129266805946826934814453125">
        <ele>797</ele>
        <time>2026-08-01T15:04:01.000Z</time>
        <extensions>
          <ns3:TrackPointExtension>
            <ns3:hr>116</ns3:hr>
            <ns3:cad>82</ns3:cad>
          </ns3:TrackPointExtension>
        </extensions>
      </trkpt>
      <trkpt lat="43.8532874174416065216064453125" lon="87.511298954486846923828125">
        <ele>796.79998779296875</ele>
        <time>2026-08-01T15:04:03.000Z</time>
        <extensions>
          <ns3:TrackPointExtension>
            <ns3:hr>119</ns3:hr>
            <ns3:cad>83</ns3:cad>
          </ns3:TrackPointExtension>
        </extensions>
      </trkpt>
      <trkpt lat="43.8533413968980312347412109375" lon="87.51130096614360809326171875">
        <ele>796.5999755859375</ele>
        <time>2026-08-01T15:04:05.000Z</time>
        <extensions>
          <ns3:TrackPointExtension>
            <ns3:hr>123</ns3:hr>
            <ns3:cad>83</ns3:cad>
          </ns3:TrackPointExtension>
        </extensions>
      </trkpt>
      <trkpt lat="43.8533990643918514251708984375" lon="87.5113024748861789703369140625">
        <ele>796.4000244140625</ele>
        <time>2026-08-01T15:04:07.000Z</time>
        <extensions>
          <ns3:TrackPointExtension>
            <ns3:hr>126</ns3:hr>
            <ns3:cad>83</ns3:cad>
          </ns3:TrackPointExtension>
        </extensions>
      </trkpt>
      <trkpt lat="43.85348229669034481048583984375" lon="87.51130373217165470123291015625">
        <ele>796</ele>
        <time>2026-08-01T15:04:10.000Z</time>
        <extensions>
          <ns3:TrackPointExtension>
            <ns3:hr>129</ns3:hr>
            <ns3:cad>82</ns3:cad>
          </ns3:TrackPointExtension>
        </extensions>
      </trkpt>
      <trkpt lat="43.8535321690142154693603515625" lon="87.51131630502641201019287109375">
        <ele>796</ele>
        <time>2026-08-01T15:04:12.000Z</time>
        <extensions>
          <ns3:TrackPointExtension>
            <ns3:hr>132</ns3:hr>
            <ns3:cad>83</ns3:cad>
          </ns3:TrackPointExtension>
        </extensions>
      </trkpt>
      <trkpt lat="43.85358774103224277496337890625" lon="87.51132150180637836456298828125">
        <ele>795.79998779296875</ele>
        <time>2026-08-01T15:04:14.000Z</time>
        <extensions>
          <ns3:TrackPointExtension>
            <ns3:hr>134</ns3:hr>
            <ns3:cad>83</ns3:cad>
          </ns3:TrackPointExtension>
        </extensions>
      </trkpt>
      <trkpt lat="43.8537152297794818878173828125" lon="87.51134119927883148193359375">
        <ele>795.5999755859375</ele>
        <time>2026-08-01T15:04:19.000Z</time>
        <extensions>
          <ns3:TrackPointExtension>
            <ns3:hr>137</ns3:hr>
            <ns3:cad>84</ns3:cad>
          </ns3:TrackPointExtension>
        </extensions>
      </trkpt>
      <trkpt lat="43.8537417165935039520263671875" lon="87.51135134138166904449462890625">
        <ele>795.5999755859375</ele>
        <time>2026-08-01T15:04:20.000Z</time>
        <extensions>
          <ns3:TrackPointExtension>
            <ns3:hr>138</ns3:hr>
            <ns3:cad>83</ns3:cad>
          </ns3:TrackPointExtension>
        </extensions>
      </trkpt>
      <trkpt lat="43.8537953607738018035888671875" lon="87.51135922037065029144287109375">
        <ele>795.5999755859375</ele>
        <time>2026-08-01T15:04:22.000Z</time>
        <extensions>
          <ns3:TrackPointExtension>
            <ns3:hr>141</ns3:hr>
            <ns3:cad>83</ns3:cad>
          </ns3:TrackPointExtension>
        </extensions>
      </trkpt>
      <trkpt lat="43.85388177819550037384033203125" lon="87.51137766055762767791748046875">
        <ele>795.5999755859375</ele>
        <time>2026-08-01T15:04:25.000Z</time>
        <extensions>
          <ns3:TrackPointExtension>
            <ns3:hr>142</ns3:hr>
            <ns3:cad>83</ns3:cad>
          </ns3:TrackPointExtension>
        </extensions>
      </trkpt>
      <trkpt lat="43.85399996303021907806396484375" lon="87.51139207743108272552490234375">
        <ele>795.20001220703125</ele>
        <time>2026-08-01T15:04:29.000Z</time>
        <extensions>
          <ns3:TrackPointExtension>
            <ns3:hr>145</ns3:hr>
            <ns3:cad>83</ns3:cad>
          </ns3:TrackPointExtension>
        </extensions>
      </trkpt>
      <trkpt lat="43.8541453890502452850341796875" lon="87.51137967221438884735107421875">
        <ele>794.79998779296875</ele>
        <time>2026-08-01T15:04:34.000Z</time>
        <extensions>
          <ns3:TrackPointExtension>
            <ns3:hr>148</ns3:hr>
            <ns3:cad>83</ns3:cad>
          </ns3:TrackPointExtension>
        </extensions>
      </trkpt>
      <trkpt lat="43.85433197021484375" lon="87.51139325089752674102783203125">
        <ele>794.4000244140625</ele>
        <time>2026-08-01T15:04:40.000Z</time>
        <extensions>
          <ns3:TrackPointExtension>
            <ns3:hr>151</ns3:hr>
            <ns3:cad>84</ns3:cad>
          </ns3:TrackPointExtension>
        </extensions>
      </trkpt>
      <trkpt lat="43.8543971814215183258056640625" lon="87.5114054046571254730224609375">
        <ele>794.20001220703125</ele>
        <time>2026-08-01T15:04:42.000Z</time>
        <extensions>
          <ns3:TrackPointExtension>
            <ns3:hr>151</ns3:hr>
            <ns3:cad>83</ns3:cad>
          </ns3:TrackPointExtension>
        </extensions>
      </trkpt>
      <trkpt lat="43.85458208620548248291015625" lon="87.51142526976764202117919921875">
        <ele>793.5999755859375</ele>
        <time>2026-08-01T15:04:48.000Z</time>
        <extensions>
          <ns3:TrackPointExtension>
            <ns3:hr>154</ns3:hr>
            <ns3:cad>83</ns3:cad>
          </ns3:TrackPointExtension>
        </extensions>
      </trkpt>
      <trkpt lat="43.85477143339812755584716796875" lon="87.5114236772060394287109375">
        <ele>792.79998779296875</ele>
        <time>2026-08-01T15:04:54.000Z</time>
        <extensions>
          <ns3:TrackPointExtension>
            <ns3:hr>156</ns3:hr>
            <ns3:cad>83</ns3:cad>
          </ns3:TrackPointExtension>
        </extensions>
      </trkpt>
      <trkpt lat="43.8547971658408641815185546875" lon="87.5114295445382595062255859375">
        <ele>792.5999755859375</ele>
        <time>2026-08-01T15:04:55.000Z</time>
        <extensions>
          <ns3:TrackPointExtension>
            <ns3:hr>156</ns3:hr>
            <ns3:cad>83</ns3:cad>
          </ns3:TrackPointExtension>
        </extensions>
      </trkpt>
      <trkpt lat="43.8549993373453617095947265625" lon="87.51144857145845890045166015625">
        <ele>790.4000244140625</ele>
        <time>2026-08-01T15:05:02.000Z</time>
        <extensions>
          <ns3:TrackPointExtension>
            <ns3:hr>158</ns3:hr>
            <ns3:cad>84</ns3:cad>
          </ns3:TrackPointExtension>
        </extensions>
      </trkpt>
      <trkpt lat="43.85501618497073650360107421875" lon="87.51144848763942718505859375">
        <ele>790.20001220703125</ele>
        <time>2026-08-01T15:05:03.000Z</time>
        <extensions>
          <ns3:TrackPointExtension>
            <ns3:hr>158</ns3:hr>
            <ns3:cad>84</ns3:cad>
          </ns3:TrackPointExtension>
        </extensions>
      </trkpt>
      <trkpt lat="43.8551746867597103118896484375" lon="87.5114697776734828948974609375">
        <ele>788.5999755859375</ele>
        <time>2026-08-01T15:05:10.000Z</time>
        <extensions>
          <ns3:TrackPointExtension>
            <ns3:hr>159</ns3:hr>
            <ns3:cad>84</ns3:cad>
          </ns3:TrackPointExtension>
        </extensions>
      </trkpt>
      <trkpt lat="43.855210058391094207763671875" lon="87.51146617345511913299560546875">
        <ele>788.20001220703125</ele>
        <time>2026-08-01T15:05:14.000Z</time>
        <extensions>
          <ns3:TrackPointExtension>
            <ns3:hr>162</ns3:hr>
            <ns3:cad>78</ns3:cad>
          </ns3:TrackPointExtension>
        </extensions>
      </trkpt>
      <trkpt lat="43.85523461736738681793212890625" lon="87.5114664249122142791748046875">
        <ele>788</ele>
        <time>2026-08-01T15:05:16.000Z</time>
        <extensions>
          <ns3:TrackPointExtension>
            <ns3:hr>161</ns3:hr>
            <ns3:cad>55</ns3:cad>
          </ns3:TrackPointExtension>
        </extensions>
      </trkpt>
      <trkpt lat="43.85527887381613254547119140625" lon="87.51148746348917484283447265625">
        <ele>787.5999755859375</ele>
        <time>2026-08-01T15:05:20.000Z</time>
        <extensions>
          <ns3:TrackPointExtension>
            <ns3:hr>158</ns3:hr>
            <ns3:cad>54</ns3:cad>
          </ns3:TrackPointExtension>
        </extensions>
      </trkpt>
      <trkpt lat="43.8552973978221416473388671875" lon="87.51153767108917236328125">
        <ele>787.79998779296875</ele>
        <time>2026-08-01T15:05:24.000Z</time>
        <extensions>
          <ns3:TrackPointExtension>
            <ns3:hr>156</ns3:hr>
            <ns3:cad>51</ns3:cad>
          </ns3:TrackPointExtension>
        </extensions>
      </trkpt>
      <trkpt lat="43.8553453423082828521728515625" lon="87.51167052425444126129150390625">
        <ele>788.4000244140625</ele>
        <time>2026-08-01T15:05:33.000Z</time>
        <extensions>
          <ns3:TrackPointExtension>
            <ns3:hr>157</ns3:hr>
            <ns3:cad>54</ns3:cad>
          </ns3:TrackPointExtension>
        </extensions>
      </trkpt>
      <trkpt lat="43.855356909334659576416015625" lon="87.51179440878331661224365234375">
        <ele>789.4000244140625</ele>
        <time>2026-08-01T15:05:41.000Z</time>
        <extensions>
          <ns3:TrackPointExtension>
            <ns3:hr>156</ns3:hr>
            <ns3:cad>52</ns3:cad>
          </ns3:TrackPointExtension>
        </extensions>
      </trkpt>
      <trkpt lat="43.8553470186889171600341796875" lon="87.5119130127131938934326171875">
        <ele>790.4000244140625</ele>
        <time>2026-08-01T15:05:49.000Z</time>
        <extensions>
          <ns3:TrackPointExtension>
            <ns3:hr>154</ns3:hr>
            <ns3:cad>51</ns3:cad>
          </ns3:TrackPointExtension>
        </extensions>
      </trkpt>
      <trkpt lat="43.85534810833632946014404296875" lon="87.511963807046413421630859375">
        <ele>790.5999755859375</ele>
        <time>2026-08-01T15:05:52.000Z</time>
        <extensions>
          <ns3:TrackPointExtension>
            <ns3:hr>151</ns3:hr>
            <ns3:cad>51</ns3:cad>
          </ns3:TrackPointExtension>
        </extensions>
      </trkpt>
      <trkpt lat="43.855344839394092559814453125" lon="87.5119896233081817626953125">
        <ele>790.79998779296875</ele>
        <time>2026-08-01T15:05:54.000Z</time>
        <extensions>
          <ns3:TrackPointExtension>
            <ns3:hr>149</ns3:hr>
            <ns3:cad>51</ns3:cad>
          </ns3:TrackPointExtension>
        </extensions>
      </trkpt>
      <trkpt lat="43.85534517467021942138671875" lon="87.5120243243873119354248046875">
        <ele>791</ele>
        <time>2026-08-01T15:05:56.000Z</time>
        <extensions>
          <ns3:TrackPointExtension>
            <ns3:hr>146</ns3:hr>
            <ns3:cad>51</ns3:cad>
          </ns3:TrackPointExtension>
        </extensions>
      </trkpt>
      <trkpt lat="43.85533788241446018218994140625" lon="87.51206849701702594757080078125">
        <ele>791.4000244140625</ele>
        <time>2026-08-01T15:05:59.000Z</time>
        <extensions>
          <ns3:TrackPointExtension>
            <ns3:hr>142</ns3:hr>
            <ns3:cad>51</ns3:cad>
          </ns3:TrackPointExtension>
        </extensions>
      </trkpt>
      <trkpt lat="43.85533520020544528961181640625" lon="87.51214460469782352447509765625">
        <ele>791.79998779296875</ele>
        <time>2026-08-01T15:06:04.000Z</time>
        <extensions>
          <ns3:TrackPointExtension>
            <ns3:hr>140</ns3:hr>
            <ns3:cad>52</ns3:cad>
          </ns3:TrackPointExtension>
        </extensions>
      </trkpt>
      <trkpt lat="43.8553188554942607879638671875" lon="87.51226522028446197509765625">
        <ele>792.79998779296875</ele>
        <time>2026-08-01T15:06:12.000Z</time>
        <extensions>
          <ns3:TrackPointExtension>
            <ns3:hr>137</ns3:hr>
            <ns3:cad>53</ns3:cad>
          </ns3:TrackPointExtension>
        </extensions>
      </trkpt>
      <trkpt lat="43.8553148321807384490966796875" lon="87.512306459248065948486328125">
        <ele>793.20001220703125</ele>
        <time>2026-08-01T15:06:14.000Z</time>
        <extensions>
          <ns3:TrackPointExtension>
            <ns3:hr>137</ns3:hr>
            <ns3:cad>53</ns3:cad>
          </ns3:TrackPointExtension>
        </extensions>
      </trkpt>
      <trkpt lat="43.8552984036505222320556640625" lon="87.51239798963069915771484375">
        <ele>794.5999755859375</ele>
        <time>2026-08-01T15:06:21.000Z</time>
        <extensions>
          <ns3:TrackPointExtension>
            <ns3:hr>136</ns3:hr>
            <ns3:cad>52</ns3:cad>
          </ns3:TrackPointExtension>
        </extensions>
      </trkpt>
      <trkpt lat="43.85530318133533000946044921875" lon="87.51252933405339717864990234375">
        <ele>796.5999755859375</ele>
        <time>2026-08-01T15:06:29.000Z</time>
        <extensions>
          <ns3:TrackPointExtension>
            <ns3:hr>135</ns3:hr>
            <ns3:cad>54</ns3:cad>
          </ns3:TrackPointExtension>
        </extensions>
      </trkpt>
      <trkpt lat="43.85529966093599796295166015625" lon="87.51257677562534809112548828125">
        <ele>797.20001220703125</ele>
        <time>2026-08-01T15:06:33.000Z</time>
        <extensions>
          <ns3:TrackPointExtension>
            <ns3:hr>133</ns3:hr>
            <ns3:cad>53</ns3:cad>
          </ns3:TrackPointExtension>
        </extensions>
      </trkpt>
      <trkpt lat="43.855291195213794708251953125" lon="87.51261767931282520294189453125">
        <ele>798</ele>
        <time>2026-08-01T15:06:36.000Z</time>
        <extensions>
          <ns3:TrackPointExtension>
            <ns3:hr>132</ns3:hr>
            <ns3:cad>52</ns3:cad>
          </ns3:TrackPointExtension>
        </extensions>
      </trkpt>
      <trkpt lat="43.8552534766495227813720703125" lon="87.51275262795388698577880859375">
        <ele>800.20001220703125</ele>
        <time>2026-08-01T15:06:45.000Z</time>
        <extensions>
          <ns3:TrackPointExtension>
            <ns3:hr>130</ns3:hr>
            <ns3:cad>52</ns3:cad>
          </ns3:TrackPointExtension>
        </extensions>
      </trkpt>
      <trkpt lat="43.85521768592298030853271484375" lon="87.5128853134810924530029296875">
        <ele>801.4000244140625</ele>
        <time>2026-08-01T15:06:53.000Z</time>
        <extensions>
          <ns3:TrackPointExtension>
            <ns3:hr>128</ns3:hr>
            <ns3:cad>52</ns3:cad>
          </ns3:TrackPointExtension>
        </extensions>
      </trkpt>
      <trkpt lat="43.8551961444318294525146484375" lon="87.51301833428442478179931640625">
        <ele>802.20001220703125</ele>
        <time>2026-08-01T15:07:00.000Z</time>
        <extensions>
          <ns3:TrackPointExtension>
            <ns3:hr>125</ns3:hr>
            <ns3:cad>54</ns3:cad>
          </ns3:TrackPointExtension>
        </extensions>
      </trkpt>
      <trkpt lat="43.85519237257540225982666015625" lon="87.513046078383922576904296875">
        <ele>802.4000244140625</ele>
        <time>2026-08-01T15:07:02.000Z</time>
        <extensions>
          <ns3:TrackPointExtension>
            <ns3:hr>125</ns3:hr>
            <ns3:cad>54</ns3:cad>
          </ns3:TrackPointExtension>
        </extensions>
      </trkpt>
      <trkpt lat="43.85519203729927539825439453125" lon="87.51317641697824001312255859375">
        <ele>802.5999755859375</ele>
        <time>2026-08-01T15:07:09.000Z</time>
        <extensions>
          <ns3:TrackPointExtension>
            <ns3:hr>128</ns3:hr>
            <ns3:cad>54</ns3:cad>
          </ns3:TrackPointExtension>
        </extensions>
      </trkpt>
      <trkpt lat="43.85519103147089481353759765625" lon="87.5131917558610439300537109375">
        <ele>802.5999755859375</ele>
        <time>2026-08-01T15:07:10.000Z</time>
        <extensions>
          <ns3:TrackPointExtension>
            <ns3:hr>129</ns3:hr>
            <ns3:cad>54</ns3:cad>
          </ns3:TrackPointExtension>
        </extensions>
      </trkpt>
      <trkpt lat="43.85517887771129608154296875" lon="87.5132510997354984283447265625">
        <ele>802.5999755859375</ele>
        <time>2026-08-01T15:07:14.000Z</time>
        <extensions>
          <ns3:TrackPointExtension>
            <ns3:hr>132</ns3:hr>
            <ns3:cad>55</ns3:cad>
          </ns3:TrackPointExtension>
        </extensions>
      </trkpt>
      <trkpt lat="43.85517979972064495086669921875" lon="87.513363920152187347412109375">
        <ele>802.5999755859375</ele>
        <time>2026-08-01T15:07:20.000Z</time>
        <extensions>
          <ns3:TrackPointExtension>
            <ns3:hr>132</ns3:hr>
            <ns3:cad>55</ns3:cad>
          </ns3:TrackPointExtension>
        </extensions>
      </trkpt>
      <trkpt lat="43.8551646284759044647216796875" lon="87.51350917853415012359619140625">
        <ele>802</ele>
        <time>2026-08-01T15:07:29.000Z</time>
        <extensions>
          <ns3:TrackPointExtension>
            <ns3:hr>133</ns3:hr>
            <ns3:cad>55</ns3:cad>
          </ns3:TrackPointExtension>
        </extensions>
      </trkpt>
      <trkpt lat="43.8551666401326656341552734375" lon="87.51354387961328029632568359375">
        <ele>802</ele>
        <time>2026-08-01T15:07:31.000Z</time>
        <extensions>
          <ns3:TrackPointExtension>
            <ns3:hr>134</ns3:hr>
            <ns3:cad>54</ns3:cad>
          </ns3:TrackPointExtension>
        </extensions>
      </trkpt>
      <trkpt lat="43.8551545701920986175537109375" lon="87.5136552751064300537109375">
        <ele>801.5999755859375</ele>
        <time>2026-08-01T15:07:38.000Z</time>
        <extensions>
          <ns3:TrackPointExtension>
            <ns3:hr>132</ns3:hr>
            <ns3:cad>54</ns3:cad>
          </ns3:TrackPointExtension>
        </extensions>
      </trkpt>
      <trkpt lat="43.8551394827663898468017578125" lon="87.51380707137286663055419921875">
        <ele>800</ele>
        <time>2026-08-01T15:07:47.000Z</time>
        <extensions>
          <ns3:TrackPointExtension>
            <ns3:hr>132</ns3:hr>
            <ns3:cad>54</ns3:cad>
          </ns3:TrackPointExtension>
        </extensions>
      </trkpt>
      <trkpt lat="43.85510771535336971282958984375" lon="87.5139208137989044189453125">
        <ele>799.20001220703125</ele>
        <time>2026-08-01T15:07:53.000Z</time>
        <extensions>
          <ns3:TrackPointExtension>
            <ns3:hr>132</ns3:hr>
            <ns3:cad>0</ns3:cad>
          </ns3:TrackPointExtension>
        </extensions>
      </trkpt>
    </trkseg>
  </trk>
</gpx>
