<gpx xmlns:ns3="http://www.garmin.com/xmlschemas/TrackPointExtension/v1" xmlns="http://www.topografix.com/GPX/1/1" xmlns:xsi="http://www.w3.org/2001/XMLSchema-instance" xmlns:ns2="http://www.garmin.com/xmlschemas/GpxExtensions/v3" creator="Garmin Connect" version="1.1" xsi:schemaLocation="http://www.topografix.com/GPX/1/1 http://www.topografix.com/GPX/11.xsd">
  <extensions>
<distance>7588.11</distance>
<average_hr>145.0</average_hr>
<average_speed>2.131999969482422</average_speed>
<start_time>2026-08-03T13:37:01+00:00</start_time>
<end_time>2026-08-03T14:36:19.388000+00:00</end_time>
<moving_time>3467.252</moving_time>
<elapsed_time>3797.044</elapsed_time>
</extensions>
<metadata>
    <link href="connect.garmin.com">
      <text>Garmin Connect</text>
    </link>
    <time>2026-08-03T13:37:01.000Z</time>
  </metadata>
  <trk>
    <name>乌鲁木齐市 - 基础训练</name>
    <type>running</type>
    <trkseg>
      <trkpt lat="43.85567584075033664703369140625" lon="87.51752075739204883575439453125">
        <ele>782.79998779296875</ele>
        <time>2026-08-03T13:37:10.000Z</time>
        <extensions>
          <ns3:TrackPointExtension>
            <ns3:hr>95</ns3:hr>
            <ns3:cad>49</ns3:cad>
          </ns3:TrackPointExtension>
        </extensions>
      </trkpt>
      <trkpt lat="43.85554105974733829498291015625" lon="87.51723694615066051483154296875">
        <ele>784.79998779296875</ele>
        <time>2026-08-03T13:37:14.000Z</time>
        <extensions>
          <ns3:TrackPointExtension>
            <ns3:hr>97</ns3:hr>
            <ns3:cad>76</ns3:cad>
          </ns3:TrackPointExtension>
        </extensions>
      </trkpt>
      <trkpt lat="43.85541248135268688201904296875" lon="87.517013736069202423095703125">
        <ele>786.79998779296875</ele>
        <time>2026-08-03T13:37:18.000Z</time>
        <extensions>
          <ns3:TrackPointExtension>
            <ns3:hr>100</ns3:hr>
            <ns3:cad>78</ns3:cad>
          </ns3:TrackPointExtension>
        </extensions>
      </trkpt>
      <trkpt lat="43.85539286769926548004150390625" lon="87.51700275577604770660400390625">
        <ele>786.79998779296875</ele>
        <time>2026-08-03T13:37:19.000Z</time>
        <extensions>
          <ns3:TrackPointExtension>
            <ns3:hr>102</ns3:hr>
            <ns3:cad>78</ns3:cad>
          </ns3:TrackPointExtension>
        </extensions>
      </trkpt>
      <trkpt lat="43.855322040617465972900390625" lon="87.51695615239441394805908203125">
        <ele>787.20001220703125</ele>
        <time>2026-08-03T13:37:22.000Z</time>
        <extensions>
          <ns3:TrackPointExtension>
            <ns3:hr>105</ns3:hr>
            <ns3:cad>78</ns3:cad>
          </ns3:TrackPointExtension>
        </extensions>
      </trkpt>
      <trkpt lat="43.85525004006922245025634765625" lon="87.51692094840109348297119140625">
        <ele>788</ele>
        <time>2026-08-03T13:37:25.000Z</time>
        <extensions>
          <ns3:TrackPointExtension>
            <ns3:hr>108</ns3:hr>
            <ns3:cad>79</ns3:cad>
          </ns3:TrackPointExtension>
        </extensions>
      </trkpt>
      <trkpt lat="43.8551867567002773284912109375" lon="87.51686948351562023162841796875">
        <ele>788.5999755859375</ele>
        <time>2026-08-03T13:37:28.000Z</time>
        <extensions>
          <ns3:TrackPointExtension>
            <ns3:hr>110</ns3:hr>
            <ns3:cad>79</ns3:cad>
          </ns3:TrackPointExtension>
        </extensions>
      </trkpt>
      <trkpt lat="43.85509815998375415802001953125" lon="87.51679471693933010101318359375">
        <ele>789.4000244140625</ele>
        <time>2026-08-03T13:37:33.000Z</time>
        <extensions>
          <ns3:TrackPointExtension>
            <ns3:hr>116</ns3:hr>
            <ns3:cad>79</ns3:cad>
          </ns3:TrackPointExtension>
        </extensions>
      </trkpt>
      <trkpt lat="43.85508139617741107940673828125" lon="87.5167587585747241973876953125">
        <ele>789.5999755859375</ele>
        <time>2026-08-03T13:37:36.000Z</time>
        <extensions>
          <ns3:TrackPointExtension>
            <ns3:hr>119</ns3:hr>
            <ns3:cad>79</ns3:cad>
          </ns3:TrackPointExtension>
        </extensions>
      </trkpt>
      <trkpt lat="43.8550469465553760528564453125" lon="87.51670737750828266143798828125">
        <ele>790</ele>
        <time>2026-08-03T13:37:39.000Z</time>
        <extensions>
          <ns3:TrackPointExtension>
            <ns3:hr>122</ns3:hr>
            <ns3:cad>79</ns3:cad>
          </ns3:TrackPointExtension>
        </extensions>
      </trkpt>
      <trkpt lat="43.85504635982215404510498046875" lon="87.51657150685787200927734375">
        <ele>790</ele>
        <time>2026-08-03T13:37:44.000Z</time>
        <extensions>
          <ns3:TrackPointExtension>
            <ns3:hr>124</ns3:hr>
            <ns3:cad>76</ns3:cad>
          </ns3:TrackPointExtension>
        </extensions>
      </trkpt>
      <trkpt lat="43.85508491657674312591552734375" lon="87.516425661742687225341796875">
        <ele>789.79998779296875</ele>
        <time>2026-08-03T13:37:49.000Z</time>
        <extensions>
          <ns3:TrackPointExtension>
            <ns3:hr>127</ns3:hr>
            <ns3:cad>79</ns3:cad>
          </ns3:TrackPointExtension>
        </extensions>
      </trkpt>
      <trkpt lat="43.85509799234569072723388671875" lon="87.51633287407457828521728515625">
        <ele>789.79998779296875</ele>
        <time>2026-08-03T13:37:52.000Z</time>
        <extensions>
          <ns3:TrackPointExtension>
            <ns3:hr>130</ns3:hr>
            <ns3:cad>77</ns3:cad>
          </ns3:TrackPointExtension>
        </extensions>
      </trkpt>
      <trkpt lat="43.855104111135005950927734375" lon="87.51620044000446796417236328125">
        <ele>789.5999755859375</ele>
        <time>2026-08-03T13:37:56.000Z</time>
        <extensions>
          <ns3:TrackPointExtension>
            <ns3:hr>133</ns3:hr>
            <ns3:cad>77</ns3:cad>
          </ns3:TrackPointExtension>
        </extensions>
      </trkpt>
      <trkpt lat="43.8551160134375095367431640625" lon="87.51611712388694286346435546875">
        <ele>789.20001220703125</ele>
        <time>2026-08-03T13:37:59.000Z</time>
        <extensions>
          <ns3:TrackPointExtension>
            <ns3:hr>135</ns3:hr>
            <ns3:cad>78</ns3:cad>
          </ns3:TrackPointExtension>
        </extensions>
      </trkpt>
      <trkpt lat="43.8551218807697296142578125" lon="87.51588092185556888580322265625">
        <ele>789.79998779296875</ele>
        <time>2026-08-03T13:38:07.000Z</time>
        <extensions>
          <ns3:TrackPointExtension>
            <ns3:hr>136</ns3:hr>
            <ns3:cad>78</ns3:cad>
          </ns3:TrackPointExtension>
        </extensions>
      </trkpt>
      <trkpt lat="43.85514199733734130859375" lon="87.5156778283417224884033203125">
        <ele>792.5999755859375</ele>
        <time>2026-08-03T13:38:14.000Z</time>
        <extensions>
          <ns3:TrackPointExtension>
            <ns3:hr>138</ns3:hr>
            <ns3:cad>77</ns3:cad>
          </ns3:TrackPointExtension>
        </extensions>
      </trkpt>
      <trkpt lat="43.85517393238842487335205078125" lon="87.515477836132049560546875">
        <ele>795.20001220703125</ele>
        <time>2026-08-03T13:38:21.000Z</time>
        <extensions>
          <ns3:TrackPointExtension>
            <ns3:hr>141</ns3:hr>
            <ns3:cad>77</ns3:cad>
          </ns3:TrackPointExtension>
        </extensions>
      </trkpt>
      <trkpt lat="43.8551887683570384979248046875" lon="87.515403069555759429931640625">
        <ele>796.20001220703125</ele>
        <time>2026-08-03T13:38:24.000Z</time>
        <extensions>
          <ns3:TrackPointExtension>
            <ns3:hr>142</ns3:hr>
            <ns3:cad>77</ns3:cad>
          </ns3:TrackPointExtension>
        </extensions>
      </trkpt>
      <trkpt lat="43.85521936230361461639404296875" lon="87.515205256640911102294921875">
        <ele>798.20001220703125</ele>
        <time>2026-08-03T13:38:30.000Z</time>
        <extensions>
          <ns3:TrackPointExtension>
            <ns3:hr>145</ns3:hr>
            <ns3:cad>78</ns3:cad>
          </ns3:TrackPointExtension>
        </extensions>
      </trkpt>
      <trkpt lat="43.85522288270294666290283203125" lon="87.515140883624553680419921875">
        <ele>798.4000244140625</ele>
        <time>2026-08-03T13:38:32.000Z</time>
        <extensions>
          <ns3:TrackPointExtension>
            <ns3:hr>143</ns3:hr>
            <ns3:cad>78</ns3:cad>
          </ns3:TrackPointExtension>
        </extensions>
      </trkpt>
      <trkpt lat="43.85526361875236034393310546875" lon="87.51504122279584407806396484375">
        <ele>798.4000244140625</ele>
        <time>2026-08-03T13:38:38.000Z</time>
        <extensions>
          <ns3:TrackPointExtension>
            <ns3:hr>144</ns3:hr>
            <ns3:cad>79</ns3:cad>
          </ns3:TrackPointExtension>
        </extensions>
      </trkpt>
      <trkpt lat="43.8552903570234775543212890625" lon="87.51492865383625030517578125">
        <ele>797.79998779296875</ele>
        <time>2026-08-03T13:38:45.000Z</time>
        <extensions>
          <ns3:TrackPointExtension>
            <ns3:hr>141</ns3:hr>
            <ns3:cad>53</ns3:cad>
          </ns3:TrackPointExtension>
        </extensions>
      </trkpt>
      <trkpt lat="43.85530586354434490203857421875" lon="87.5148533843457698822021484375">
        <ele>797.4000244140625</ele>
        <time>2026-08-03T13:38:50.000Z</time>
        <extensions>
          <ns3:TrackPointExtension>
            <ns3:hr>138</ns3:hr>
            <ns3:cad>53</ns3:cad>
          </ns3:TrackPointExtension>
        </extensions>
      </trkpt>
      <trkpt lat="43.85530469007790088653564453125" lon="87.51473444513976573944091796875">
        <ele>797</ele>
        <time>2026-08-03T13:38:54.000Z</time>
        <extensions>
          <ns3:TrackPointExtension>
            <ns3:hr>136</ns3:hr>
            <ns3:cad>77</ns3:cad>
          </ns3:TrackPointExtension>
        </extensions>
      </trkpt>
      <trkpt lat="43.8553141616284847259521484375" lon="87.51449455507099628448486328125">
        <ele>797</ele>
        <time>2026-08-03T13:39:02.000Z</time>
        <extensions>
          <ns3:TrackPointExtension>
            <ns3:hr>137</ns3:hr>
            <ns3:cad>79</ns3:cad>
          </ns3:TrackPointExtension>
        </extensions>
      </trkpt>
      <trkpt lat="43.85534123517572879791259765625" lon="87.51425717957317829132080078125">
        <ele>795.79998779296875</ele>
        <time>2026-08-03T13:39:10.000Z</time>
        <extensions>
          <ns3:TrackPointExtension>
            <ns3:hr>137</ns3:hr>
            <ns3:cad>78</ns3:cad>
          </ns3:TrackPointExtension>
        </extensions>
      </trkpt>
      <trkpt lat="43.85537643916904926300048828125" lon="87.5139959156513214111328125">
        <ele>798.20001220703125</ele>
        <time>2026-08-03T13:39:19.000Z</time>
        <extensions>
          <ns3:TrackPointExtension>
            <ns3:hr>139</ns3:hr>
            <ns3:cad>78</ns3:cad>
          </ns3:TrackPointExtension>
        </extensions>
      </trkpt>
      <trkpt lat="43.85538767091929912567138671875" lon="87.51392827369272708892822265625">
        <ele>798.79998779296875</ele>
        <time>2026-08-03T13:39:21.000Z</time>
        <extensions>
          <ns3:TrackPointExtension>
            <ns3:hr>138</ns3:hr>
            <ns3:cad>77</ns3:cad>
          </ns3:TrackPointExtension>
        </extensions>
      </trkpt>
      <trkpt lat="43.85542429983615875244140625" lon="87.513721324503421783447265625">
        <ele>800.5999755859375</ele>
        <time>2026-08-03T13:39:28.000Z</time>
        <extensions>
          <ns3:TrackPointExtension>
            <ns3:hr>138</ns3:hr>
            <ns3:cad>78</ns3:cad>
          </ns3:TrackPointExtension>
        </extensions>
      </trkpt>
      <trkpt lat="43.85544969700276851654052734375" lon="87.51346391625702381134033203125">
        <ele>801.5999755859375</ele>
        <time>2026-08-03T13:39:37.000Z</time>
        <extensions>
          <ns3:TrackPointExtension>
            <ns3:hr>140</ns3:hr>
            <ns3:cad>78</ns3:cad>
          </ns3:TrackPointExtension>
        </extensions>
      </trkpt>
      <trkpt lat="43.8554543070495128631591796875" lon="87.513401806354522705078125">
        <ele>802</ele>
        <time>2026-08-03T13:39:39.000Z</time>
        <extensions>
          <ns3:TrackPointExtension>
            <ns3:hr>141</ns3:hr>
            <ns3:cad>78</ns3:cad>
          </ns3:TrackPointExtension>
        </extensions>
      </trkpt>
      <trkpt lat="43.855498395860195159912109375" lon="87.51313735730946063995361328125">
        <ele>801</ele>
        <time>2026-08-03T13:39:48.000Z</time>
        <extensions>
          <ns3:TrackPointExtension>
            <ns3:hr>142</ns3:hr>
            <ns3:cad>78</ns3:cad>
          </ns3:TrackPointExtension>
        </extensions>
      </trkpt>
      <trkpt lat="43.8555089570581912994384765625" lon="87.51304968260228633880615234375">
        <ele>800.4000244140625</ele>
        <time>2026-08-03T13:39:51.000Z</time>
        <extensions>
          <ns3:TrackPointExtension>
            <ns3:hr>142</ns3:hr>
            <ns3:cad>78</ns3:cad>
          </ns3:TrackPointExtension>
        </extensions>
      </trkpt>
      <trkpt lat="43.8555351085960865020751953125" lon="87.51286427490413188934326171875">
        <ele>798.79998779296875</ele>
        <time>2026-08-03T13:39:57.000Z</time>
        <extensions>
          <ns3:TrackPointExtension>
            <ns3:hr>142</ns3:hr>
            <ns3:cad>78</ns3:cad>
          </ns3:TrackPointExtension>
        </extensions>
      </trkpt>
      <trkpt lat="43.855561427772045135498046875" lon="87.51265187747776508331298828125">
        <ele>796.20001220703125</ele>
        <time>2026-08-03T13:40:04.000Z</time>
        <extensions>
          <ns3:TrackPointExtension>
            <ns3:hr>139</ns3:hr>
            <ns3:cad>78</ns3:cad>
          </ns3:TrackPointExtension>
        </extensions>
      </trkpt>
      <trkpt lat="43.85556402616202831268310546875" lon="87.51263394020497798919677734375">
        <ele>796</ele>
        <time>2026-08-03T13:40:05.000Z</time>
        <extensions>
          <ns3:TrackPointExtension>
            <ns3:hr>139</ns3:hr>
            <ns3:cad>77</ns3:cad>
          </ns3:TrackPointExtension>
        </extensions>
      </trkpt>
      <trkpt lat="43.85559990070760250091552734375" lon="87.51244786195456981658935546875">
        <ele>793.79998779296875</ele>
        <time>2026-08-03T13:40:15.000Z</time>
        <extensions>
          <ns3:TrackPointExtension>
            <ns3:hr>136</ns3:hr>
            <ns3:cad>62</ns3:cad>
          </ns3:TrackPointExtension>
        </extensions>
      </trkpt>
      <trkpt lat="43.85561549104750156402587890625" lon="87.51231157220900058746337890625">
        <ele>792.20001220703125</ele>
        <time>2026-08-03T13:40:20.000Z</time>
        <extensions>
          <ns3:TrackPointExtension>
            <ns3:hr>133</ns3:hr>
            <ns3:cad>77</ns3:cad>
          </ns3:TrackPointExtension>
        </extensions>
      </trkpt>
      <trkpt lat="43.85562219657003879547119140625" lon="87.5122244842350482940673828125">
        <ele>791.79998779296875</ele>
        <time>2026-08-03T13:40:23.000Z</time>
        <extensions>
          <ns3:TrackPointExtension>
            <ns3:hr>133</ns3:hr>
            <ns3:cad>77</ns3:cad>
          </ns3:TrackPointExtension>
        </extensions>
      </trkpt>
      <trkpt lat="43.8556561432778835296630859375" lon="87.511986605823040008544921875">
        <ele>790.5999755859375</ele>
        <time>2026-08-03T13:40:31.000Z</time>
        <extensions>
          <ns3:TrackPointExtension>
            <ns3:hr>130</ns3:hr>
            <ns3:cad>78</ns3:cad>
          </ns3:TrackPointExtension>
        </extensions>
      </trkpt>
      <trkpt lat="43.85569830425083637237548828125" lon="87.51173506490886211395263671875">
        <ele>787.20001220703125</ele>
        <time>2026-08-03T13:40:39.000Z</time>
        <extensions>
          <ns3:TrackPointExtension>
            <ns3:hr>129</ns3:hr>
            <ns3:cad>79</ns3:cad>
          </ns3:TrackPointExtension>
        </extensions>
      </trkpt>
      <trkpt lat="43.855697214603424072265625" lon="87.51164990477263927459716796875">
        <ele>786</ele>
        <time>2026-08-03T13:40:42.000Z</time>
        <extensions>
          <ns3:TrackPointExtension>
            <ns3:hr>131</ns3:hr>
            <ns3:cad>79</ns3:cad>
          </ns3:TrackPointExtension>
        </extensions>
      </trkpt>
      <trkpt lat="43.85571087710559368133544921875" lon="87.5115401856601238250732421875">
        <ele>784.5999755859375</ele>
        <time>2026-08-03T13:40:49.000Z</time>
        <extensions>
          <ns3:TrackPointExtension>
            <ns3:hr>134</ns3:hr>
            <ns3:cad>51</ns3:cad>
          </ns3:TrackPointExtension>
        </extensions>
      </trkpt>
      <trkpt lat="43.855729065835475921630859375" lon="87.51142862252891063690185546875">
        <ele>783.79998779296875</ele>
        <time>2026-08-03T13:40:56.000Z</time>
        <extensions>
          <ns3:TrackPointExtension>
            <ns3:hr>133</ns3:hr>
            <ns3:cad>0</ns3:cad>
          </ns3:TrackPointExtension>
        </extensions>
      </trkpt>
      <trkpt lat="43.85572931729257106781005859375" lon="87.5113168917596340179443359375">
        <ele>783</ele>
        <time>2026-08-03T13:40:59.000Z</time>
        <extensions>
          <ns3:TrackPointExtension>
            <ns3:hr>130</ns3:hr>
            <ns3:cad>78</ns3:cad>
          </ns3:TrackPointExtension>
        </extensions>
      </trkpt>
      <trkpt lat="43.855734765529632568359375" lon="87.51122879795730113983154296875">
        <ele>782.4000244140625</ele>
        <time>2026-08-03T13:41:01.000Z</time>
        <extensions>
          <ns3:TrackPointExtension>
            <ns3:hr>127</ns3:hr>
            <ns3:cad>79</ns3:cad>
          </ns3:TrackPointExtension>
        </extensions>
      </trkpt>
      <trkpt lat="43.8557374477386474609375" lon="87.5111459009349346160888671875">
        <ele>782</ele>
        <time>2026-08-03T13:41:03.000Z</time>
        <extensions>
          <ns3:TrackPointExtension>
            <ns3:hr>124</ns3:hr>
            <ns3:cad>80</ns3:cad>
          </ns3:TrackPointExtension>
        </extensions>
      </trkpt>
      <trkpt lat="43.85572713799774646759033203125" lon="87.51095655374228954315185546875">
        <ele>781.5999755859375</ele>
        <time>2026-08-03T13:41:08.000Z</time>
        <extensions>
          <ns3:TrackPointExtension>
            <ns3:hr>123</ns3:hr>
            <ns3:cad>79</ns3:cad>
          </ns3:TrackPointExtension>
        </extensions>
      </trkpt>
      <trkpt lat="43.85571397840976715087890625" lon="87.5108562223613262176513671875">
        <ele>781.4000244140625</ele>
        <time>2026-08-03T13:41:13.000Z</time>
        <extensions>
          <ns3:TrackPointExtension>
            <ns3:hr>124</ns3:hr>
            <ns3:cad>79</ns3:cad>
          </ns3:TrackPointExtension>
        </extensions>
      </trkpt>
      <trkpt lat="43.85570199228823184967041015625" lon="87.5108072720468044281005859375">
        <ele>781.4000244140625</ele>
        <time>2026-08-03T13:41:16.000Z</time>
        <extensions>
          <ns3:TrackPointExtension>
            <ns3:hr>127</ns3:hr>
            <ns3:cad>54</ns3:cad>
          </ns3:TrackPointExtension>
        </extensions>
      </trkpt>
      <trkpt lat="43.85569796897470951080322265625" lon="87.51077131368219852447509765625">
        <ele>781.4000244140625</ele>
        <time>2026-08-03T13:41:18.000Z</time>
        <extensions>
          <ns3:TrackPointExtension>
            <ns3:hr>130</ns3:hr>
            <ns3:cad>54</ns3:cad>
          </ns3:TrackPointExtension>
        </extensions>
      </trkpt>
      <trkpt lat="43.8556950353085994720458984375" lon="87.51067995093762874603271484375">
        <ele>781.4000244140625</ele>
        <time>2026-08-03T13:41:22.000Z</time>
        <extensions>
          <ns3:TrackPointExtension>
            <ns3:hr>132</ns3:hr>
            <ns3:cad>55</ns3:cad>
          </ns3:TrackPointExtension>
        </extensions>
      </trkpt>
      <trkpt lat="43.855680786073207855224609375" lon="87.51041592098772525787353515625">
        <ele>782</ele>
        <time>2026-08-03T13:41:31.000Z</time>
        <extensions>
          <ns3:TrackPointExtension>
            <ns3:hr>132</ns3:hr>
            <ns3:cad>79</ns3:cad>
          </ns3:TrackPointExtension>
        </extensions>
      </trkpt>
      <trkpt lat="43.85567952878773212432861328125" lon="87.510386668145656585693359375">
        <ele>782</ele>
        <time>2026-08-03T13:41:32.000Z</time>
        <extensions>
          <ns3:TrackPointExtension>
            <ns3:hr>132</ns3:hr>
            <ns3:cad>78</ns3:cad>
          </ns3:TrackPointExtension>
        </extensions>
      </trkpt>
      <trkpt lat="43.8556558080017566680908203125" lon="87.51011333428323268890380859375">
        <ele>782</ele>
        <time>2026-08-03T13:41:41.000Z</time>
        <extensions>
          <ns3:TrackPointExtension>
            <ns3:hr>132</ns3:hr>
            <ns3:cad>78</ns3:cad>
          </ns3:TrackPointExtension>
        </extensions>
      </trkpt>
      <trkpt lat="43.855662010610103607177734375" lon="87.509907893836498260498046875">
        <ele>782.79998779296875</ele>
        <time>2026-08-03T13:41:48.000Z</time>
        <extensions>
          <ns3:TrackPointExtension>
            <ns3:hr>135</ns3:hr>
            <ns3:cad>79</ns3:cad>
          </ns3:TrackPointExtension>
        </extensions>
      </trkpt>
      <trkpt lat="43.8556900061666965484619140625" lon="87.509796917438507080078125">
        <ele>783</ele>
        <time>2026-08-03T13:41:52.000Z</time>
        <extensions>
          <ns3:TrackPointExtension>
            <ns3:hr>138</ns3:hr>
            <ns3:cad>79</ns3:cad>
          </ns3:TrackPointExtension>
        </extensions>
      </trkpt>
      <trkpt lat="43.8556769303977489471435546875" lon="87.50955577008426189422607421875">
        <ele>785.20001220703125</ele>
        <time>2026-08-03T13:41:59.000Z</time>
        <extensions>
          <ns3:TrackPointExtension>
            <ns3:hr>141</ns3:hr>
            <ns3:cad>79</ns3:cad>
          </ns3:TrackPointExtension>
        </extensions>
      </trkpt>
      <trkpt lat="43.85569947771728038787841796875" lon="87.50929710455238819122314453125">
        <ele>789.20001220703125</ele>
        <time>2026-08-03T13:42:07.000Z</time>
        <extensions>
          <ns3:TrackPointExtension>
            <ns3:hr>143</ns3:hr>
            <ns3:cad>78</ns3:cad>
          </ns3:TrackPointExtension>
        </extensions>
      </trkpt>
      <trkpt lat="43.85572462342679500579833984375" lon="87.509071715176105499267578125">
        <ele>793</ele>
        <time>2026-08-03T13:42:15.000Z</time>
        <extensions>
          <ns3:TrackPointExtension>
            <ns3:hr>144</ns3:hr>
            <ns3:cad>79</ns3:cad>
          </ns3:TrackPointExtension>
        </extensions>
      </trkpt>
      <trkpt lat="43.85571976192295551300048828125" lon="87.50897591002285480499267578125">
        <ele>794</ele>
        <time>2026-08-03T13:42:18.000Z</time>
        <extensions>
          <ns3:TrackPointExtension>
            <ns3:hr>147</ns3:hr>
            <ns3:cad>79</ns3:cad>
          </ns3:TrackPointExtension>
        </extensions>
      </trkpt>
      <trkpt lat="43.8557174988090991973876953125" lon="87.5088003091514110565185546875">
        <ele>796.4000244140625</ele>
        <time>2026-08-03T13:42:24.000Z</time>
        <extensions>
          <ns3:TrackPointExtension>
            <ns3:hr>147</ns3:hr>
            <ns3:cad>79</ns3:cad>
          </ns3:TrackPointExtension>
        </extensions>
      </trkpt>
      <trkpt lat="43.8557288981974124908447265625" lon="87.5085522048175334930419921875">
        <ele>798.20001220703125</ele>
        <time>2026-08-03T13:42:33.000Z</time>
        <extensions>
          <ns3:TrackPointExtension>
            <ns3:hr>148</ns3:hr>
            <ns3:cad>79</ns3:cad>
          </ns3:TrackPointExtension>
        </extensions>
      </trkpt>
      <trkpt lat="43.8557523675262928009033203125" lon="87.508497722446918487548828125">
        <ele>797.79998779296875</ele>
        <time>2026-08-03T13:42:38.000Z</time>
        <extensions>
          <ns3:TrackPointExtension>
            <ns3:hr>151</ns3:hr>
            <ns3:cad>0</ns3:cad>
          </ns3:TrackPointExtension>
        </extensions>
      </trkpt>
      <trkpt lat="43.8557734899222850799560546875" lon="87.50837375409901142120361328125">
        <ele>797.20001220703125</ele>
        <time>2026-08-03T13:42:46.000Z</time>
        <extensions>
          <ns3:TrackPointExtension>
            <ns3:hr>148</ns3:hr>
            <ns3:cad>54</ns3:cad>
          </ns3:TrackPointExtension>
        </extensions>
      </trkpt>
      <trkpt lat="43.85577189736068248748779296875" lon="87.50834726728498935699462890625">
        <ele>797</ele>
        <time>2026-08-03T13:42:48.000Z</time>
        <extensions>
          <ns3:TrackPointExtension>
            <ns3:hr>147</ns3:hr>
            <ns3:cad>54</ns3:cad>
          </ns3:TrackPointExtension>
        </extensions>
      </trkpt>
      <trkpt lat="43.85579084046185016632080078125" lon="87.5082997418940067291259765625">
        <ele>796.5999755859375</ele>
        <time>2026-08-03T13:42:52.000Z</time>
        <extensions>
          <ns3:TrackPointExtension>
            <ns3:hr>145</ns3:hr>
            <ns3:cad>53</ns3:cad>
          </ns3:TrackPointExtension>
        </extensions>
      </trkpt>
      <trkpt lat="43.85579402558505535125732421875" lon="87.508271746337413787841796875">
        <ele>796.4000244140625</ele>
        <time>2026-08-03T13:42:55.000Z</time>
        <extensions>
          <ns3:TrackPointExtension>
            <ns3:hr>142</ns3:hr>
            <ns3:cad>53</ns3:cad>
          </ns3:TrackPointExtension>
        </extensions>
      </trkpt>
      <trkpt lat="43.855792097747325897216796875" lon="87.50817376188933849334716796875">
        <ele>796.20001220703125</ele>
        <time>2026-08-03T13:42:58.000Z</time>
        <extensions>
          <ns3:TrackPointExtension>
            <ns3:hr>139</ns3:hr>
            <ns3:cad>53</ns3:cad>
          </ns3:TrackPointExtension>
        </extensions>
      </trkpt>
      <trkpt lat="43.85577877052128314971923828125" lon="87.50794812105596065521240234375">
        <ele>795</ele>
        <time>2026-08-03T13:43:04.000Z</time>
        <extensions>
          <ns3:TrackPointExtension>
            <ns3:hr>136</ns3:hr>
            <ns3:cad>78</ns3:cad>
          </ns3:TrackPointExtension>
        </extensions>
      </trkpt>
      <trkpt lat="43.8557698018848896026611328125" lon="87.50791442580521106719970703125">
        <ele>794.79998779296875</ele>
        <time>2026-08-03T13:43:05.000Z</time>
        <extensions>
          <ns3:TrackPointExtension>
            <ns3:hr>135</ns3:hr>
            <ns3:cad>79</ns3:cad>
          </ns3:TrackPointExtension>
        </extensions>
      </trkpt>
      <trkpt lat="43.85575848631560802459716796875" lon="87.507715858519077301025390625">
        <ele>793</ele>
        <time>2026-08-03T13:43:11.000Z</time>
        <extensions>
          <ns3:TrackPointExtension>
            <ns3:hr>134</ns3:hr>
            <ns3:cad>78</ns3:cad>
          </ns3:TrackPointExtension>
        </extensions>
      </trkpt>
      <trkpt lat="43.85578581131994724273681640625" lon="87.50750538893043994903564453125">
        <ele>792</ele>
        <time>2026-08-03T13:43:18.000Z</time>
        <extensions>
          <ns3:TrackPointExtension>
            <ns3:hr>137</ns3:hr>
            <ns3:cad>78</ns3:cad>
          </ns3:TrackPointExtension>
        </extensions>
      </trkpt>
      <trkpt lat="43.8557852245867252349853515625" lon="87.5074739567935466766357421875">
        <ele>791.79998779296875</ele>
        <time>2026-08-03T13:43:19.000Z</time>
        <extensions>
          <ns3:TrackPointExtension>
            <ns3:hr>137</ns3:hr>
            <ns3:cad>78</ns3:cad>
          </ns3:TrackPointExtension>
        </extensions>
      </trkpt>
      <trkpt lat="43.85579855181276798248291015625" lon="87.50726516358554363250732421875">
        <ele>790.20001220703125</ele>
        <time>2026-08-03T13:43:26.000Z</time>
        <extensions>
          <ns3:TrackPointExtension>
            <ns3:hr>140</ns3:hr>
            <ns3:cad>78</ns3:cad>
          </ns3:TrackPointExtension>
        </extensions>
      </trkpt>
      <trkpt lat="43.8557949475944042205810546875" lon="87.50723163597285747528076171875">
        <ele>790</ele>
        <time>2026-08-03T13:43:27.000Z</time>
        <extensions>
          <ns3:TrackPointExtension>
            <ns3:hr>140</ns3:hr>
            <ns3:cad>78</ns3:cad>
          </ns3:TrackPointExtension>
        </extensions>
      </trkpt>
      <trkpt lat="43.855809867382049560546875" lon="87.507125772535800933837890625">
        <ele>789.20001220703125</ele>
        <time>2026-08-03T13:43:31.000Z</time>
        <extensions>
          <ns3:TrackPointExtension>
            <ns3:hr>143</ns3:hr>
            <ns3:cad>78</ns3:cad>
          </ns3:TrackPointExtension>
        </extensions>
      </trkpt>
      <trkpt lat="43.855830989778041839599609375" lon="87.50697950832545757293701171875">
        <ele>788</ele>
        <time>2026-08-03T13:43:36.000Z</time>
        <extensions>
          <ns3:TrackPointExtension>
            <ns3:hr>146</ns3:hr>
            <ns3:cad>78</ns3:cad>
          </ns3:TrackPointExtension>
        </extensions>
      </trkpt>
      <trkpt lat="43.8558160699903964996337890625" lon="87.5069063343107700347900390625">
        <ele>787.79998779296875</ele>
        <time>2026-08-03T13:43:38.000Z</time>
        <extensions>
          <ns3:TrackPointExtension>
            <ns3:hr>146</ns3:hr>
            <ns3:cad>78</ns3:cad>
          </ns3:TrackPointExtension>
        </extensions>
      </trkpt>
      <trkpt lat="43.85581699199974536895751953125" lon="87.50675705261528491973876953125">
        <ele>787.20001220703125</ele>
        <time>2026-08-03T13:43:43.000Z</time>
        <extensions>
          <ns3:TrackPointExtension>
            <ns3:hr>145</ns3:hr>
            <ns3:cad>78</ns3:cad>
          </ns3:TrackPointExtension>
        </extensions>
      </trkpt>
      <trkpt lat="43.85582705028355121612548828125" lon="87.50660584308207035064697265625">
        <ele>786.4000244140625</ele>
        <time>2026-08-03T13:43:49.000Z</time>
        <extensions>
          <ns3:TrackPointExtension>
            <ns3:hr>145</ns3:hr>
            <ns3:cad>79</ns3:cad>
          </ns3:TrackPointExtension>
        </extensions>
      </trkpt>
      <trkpt lat="43.85583912022411823272705078125" lon="87.50650785863399505615234375">
        <ele>785.5999755859375</ele>
        <time>2026-08-03T13:43:55.000Z</time>
        <extensions>
          <ns3:TrackPointExtension>
            <ns3:hr>145</ns3:hr>
            <ns3:cad>74</ns3:cad>
          </ns3:TrackPointExtension>
        </extensions>
      </trkpt>
      <trkpt lat="43.855812549591064453125" lon="87.50625145621597766876220703125">
        <ele>783.20001220703125</ele>
        <time>2026-08-03T13:44:03.000Z</time>
        <extensions>
          <ns3:TrackPointExtension>
            <ns3:hr>146</ns3:hr>
            <ns3:cad>77</ns3:cad>
          </ns3:TrackPointExtension>
        </extensions>
      </trkpt>
      <trkpt lat="43.8558284752070903778076171875" lon="87.5060047768056392669677734375">
        <ele>781</ele>
        <time>2026-08-03T13:44:11.000Z</time>
        <extensions>
          <ns3:TrackPointExtension>
            <ns3:hr>144</ns3:hr>
            <ns3:cad>78</ns3:cad>
          </ns3:TrackPointExtension>
        </extensions>
      </trkpt>
      <trkpt lat="43.8558489270508289337158203125" lon="87.50598482787609100341796875">
        <ele>780.79998779296875</ele>
        <time>2026-08-03T13:44:12.000Z</time>
        <extensions>
          <ns3:TrackPointExtension>
            <ns3:hr>143</ns3:hr>
            <ns3:cad>79</ns3:cad>
          </ns3:TrackPointExtension>
        </extensions>
      </trkpt>
      <trkpt lat="43.85586108081042766571044921875" lon="87.5058029405772686004638671875">
        <ele>780.20001220703125</ele>
        <time>2026-08-03T13:44:18.000Z</time>
        <extensions>
          <ns3:TrackPointExtension>
            <ns3:hr>143</ns3:hr>
            <ns3:cad>79</ns3:cad>
          </ns3:TrackPointExtension>
        </extensions>
      </trkpt>
      <trkpt lat="43.85586954653263092041015625" lon="87.5055836699903011322021484375">
        <ele>781</ele>
        <time>2026-08-03T13:44:25.000Z</time>
        <extensions>
          <ns3:TrackPointExtension>
            <ns3:hr>143</ns3:hr>
            <ns3:cad>79</ns3:cad>
          </ns3:TrackPointExtension>
        </extensions>
      </trkpt>
      <trkpt lat="43.85586242191493511199951171875" lon="87.5054763816297054290771484375">
        <ele>782.20001220703125</ele>
        <time>2026-08-03T13:44:30.000Z</time>
        <extensions>
          <ns3:TrackPointExtension>
            <ns3:hr>143</ns3:hr>
            <ns3:cad>79</ns3:cad>
          </ns3:TrackPointExtension>
        </extensions>
      </trkpt>
      <trkpt lat="43.8558579795062541961669921875" lon="87.50543740577995777130126953125">
        <ele>782.5999755859375</ele>
        <time>2026-08-03T13:44:32.000Z</time>
        <extensions>
          <ns3:TrackPointExtension>
            <ns3:hr>144</ns3:hr>
            <ns3:cad>53</ns3:cad>
          </ns3:TrackPointExtension>
        </extensions>
      </trkpt>
      <trkpt lat="43.8558596558868885040283203125" lon="87.5053538382053375244140625">
        <ele>783.5999755859375</ele>
        <time>2026-08-03T13:44:37.000Z</time>
        <extensions>
          <ns3:TrackPointExtension>
            <ns3:hr>146</ns3:hr>
            <ns3:cad>54</ns3:cad>
          </ns3:TrackPointExtension>
        </extensions>
      </trkpt>
      <trkpt lat="43.85585102252662181854248046875" lon="87.505279071629047393798828125">
        <ele>784.4000244140625</ele>
        <time>2026-08-03T13:44:42.000Z</time>
        <extensions>
          <ns3:TrackPointExtension>
            <ns3:hr>144</ns3:hr>
            <ns3:cad>54</ns3:cad>
          </ns3:TrackPointExtension>
        </extensions>
      </trkpt>
      <trkpt lat="43.85582705028355121612548828125" lon="87.50524663366377353668212890625">
        <ele>784.79998779296875</ele>
        <time>2026-08-03T13:44:44.000Z</time>
        <extensions>
          <ns3:TrackPointExtension>
            <ns3:hr>144</ns3:hr>
            <ns3:cad>0</ns3:cad>
          </ns3:TrackPointExtension>
        </extensions>
      </trkpt>
      <trkpt lat="43.8557594083249568939208984375" lon="87.5052316300570964813232421875">
        <ele>785.20001220703125</ele>
        <time>2026-08-03T13:44:47.000Z</time>
        <extensions>
          <ns3:TrackPointExtension>
            <ns3:hr>141</ns3:hr>
            <ns3:cad>80</ns3:cad>
          </ns3:TrackPointExtension>
        </extensions>
      </trkpt>
      <trkpt lat="43.855708278715610504150390625" lon="87.5052393414080142974853515625">
        <ele>784.79998779296875</ele>
        <time>2026-08-03T13:44:49.000Z</time>
        <extensions>
          <ns3:TrackPointExtension>
            <ns3:hr>139</ns3:hr>
            <ns3:cad>79</ns3:cad>
          </ns3:TrackPointExtension>
        </extensions>
      </trkpt>
      <trkpt lat="43.85569310747087001800537109375" lon="87.5052653253078460693359375">
        <ele>784.20001220703125</ele>
        <time>2026-08-03T13:44:50.000Z</time>
        <extensions>
          <ns3:TrackPointExtension>
            <ns3:hr>138</ns3:hr>
            <ns3:cad>79</ns3:cad>
          </ns3:TrackPointExtension>
        </extensions>
      </trkpt>
      <trkpt lat="43.85567567311227321624755859375" lon="87.50532366335391998291015625">
        <ele>783.20001220703125</ele>
        <time>2026-08-03T13:44:52.000Z</time>
        <extensions>
          <ns3:TrackPointExtension>
            <ns3:hr>137</ns3:hr>
            <ns3:cad>79</ns3:cad>
          </ns3:TrackPointExtension>
        </extensions>
      </trkpt>
      <trkpt lat="43.8556745834648609161376953125" lon="87.50535610131919384002685546875">
        <ele>783</ele>
        <time>2026-08-03T13:44:53.000Z</time>
        <extensions>
          <ns3:TrackPointExtension>
            <ns3:hr>137</ns3:hr>
            <ns3:cad>79</ns3:cad>
          </ns3:TrackPointExtension>
        </extensions>
      </trkpt>
      <trkpt lat="43.85566511191427707672119140625" lon="87.50562231056392192840576171875">
        <ele>780.79998779296875</ele>
        <time>2026-08-03T13:45:01.000Z</time>
        <extensions>
          <ns3:TrackPointExtension>
            <ns3:hr>135</ns3:hr>
            <ns3:cad>79</ns3:cad>
          </ns3:TrackPointExtension>
        </extensions>
      </trkpt>
      <trkpt lat="43.8556695543229579925537109375" lon="87.50572456978261470794677734375">
        <ele>780.5999755859375</ele>
        <time>2026-08-03T13:45:04.000Z</time>
        <extensions>
          <ns3:TrackPointExtension>
            <ns3:hr>138</ns3:hr>
            <ns3:cad>79</ns3:cad>
          </ns3:TrackPointExtension>
        </extensions>
      </trkpt>
      <trkpt lat="43.85566812939941883087158203125" lon="87.505744434893131256103515625">
        <ele>780.5999755859375</ele>
        <time>2026-08-03T13:45:05.000Z</time>
        <extensions>
          <ns3:TrackPointExtension>
            <ns3:hr>139</ns3:hr>
            <ns3:cad>79</ns3:cad>
          </ns3:TrackPointExtension>
        </extensions>
      </trkpt>
      <trkpt lat="43.8556641899049282073974609375" lon="87.505778633058071136474609375">
        <ele>780.5999755859375</ele>
        <time>2026-08-03T13:45:08.000Z</time>
        <extensions>
          <ns3:TrackPointExtension>
            <ns3:hr>142</ns3:hr>
            <ns3:cad>0</ns3:cad>
          </ns3:TrackPointExtension>
        </extensions>
      </trkpt>
      <trkpt lat="43.85565153323113918304443359375" lon="87.5057935528457164764404296875">
        <ele>780.5999755859375</ele>
        <time>2026-08-03T13:45:10.000Z</time>
        <extensions>
          <ns3:TrackPointExtension>
            <ns3:hr>143</ns3:hr>
            <ns3:cad>0</ns3:cad>
          </ns3:TrackPointExtension>
        </extensions>
      </trkpt>
      <trkpt lat="43.85561532340943813323974609375" lon="87.5059199519455432891845703125">
        <ele>781.20001220703125</ele>
        <time>2026-08-03T13:45:17.000Z</time>
        <extensions>
          <ns3:TrackPointExtension>
            <ns3:hr>143</ns3:hr>
            <ns3:cad>47</ns3:cad>
          </ns3:TrackPointExtension>
        </extensions>
      </trkpt>
      <trkpt lat="43.85559059679508209228515625" lon="87.5061549805104732513427734375">
        <ele>783</ele>
        <time>2026-08-03T13:45:25.000Z</time>
        <extensions>
          <ns3:TrackPointExtension>
            <ns3:hr>144</ns3:hr>
            <ns3:cad>78</ns3:cad>
          </ns3:TrackPointExtension>
        </extensions>
      </trkpt>
      <trkpt lat="43.85557861067354679107666015625" lon="87.5064161606132984161376953125">
        <ele>785.79998779296875</ele>
        <time>2026-08-03T13:45:33.000Z</time>
        <extensions>
          <ns3:TrackPointExtension>
            <ns3:hr>142</ns3:hr>
            <ns3:cad>78</ns3:cad>
          </ns3:TrackPointExtension>
        </extensions>
      </trkpt>
      <trkpt lat="43.855550698935985565185546875" lon="87.5066719762980937957763671875">
        <ele>787.79998779296875</ele>
        <time>2026-08-03T13:45:42.000Z</time>
        <extensions>
          <ns3:TrackPointExtension>
            <ns3:hr>141</ns3:hr>
            <ns3:cad>78</ns3:cad>
          </ns3:TrackPointExtension>
        </extensions>
      </trkpt>
      <trkpt lat="43.85555849410593509674072265625" lon="87.50675470568239688873291015625">
        <ele>788.20001220703125</ele>
        <time>2026-08-03T13:45:45.000Z</time>
        <extensions>
          <ns3:TrackPointExtension>
            <ns3:hr>143</ns3:hr>
            <ns3:cad>79</ns3:cad>
          </ns3:TrackPointExtension>
        </extensions>
      </trkpt>
      <trkpt lat="43.85555497370660305023193359375" lon="87.5069874711334705352783203125">
        <ele>789</ele>
        <time>2026-08-03T13:45:53.000Z</time>
        <extensions>
          <ns3:TrackPointExtension>
            <ns3:hr>145</ns3:hr>
            <ns3:cad>78</ns3:cad>
          </ns3:TrackPointExtension>
        </extensions>
      </trkpt>
      <trkpt lat="43.85555765591561794281005859375" lon="87.5072372518479824066162109375">
        <ele>790.79998779296875</ele>
        <time>2026-08-03T13:46:02.000Z</time>
        <extensions>
          <ns3:TrackPointExtension>
            <ns3:hr>146</ns3:hr>
            <ns3:cad>78</ns3:cad>
          </ns3:TrackPointExtension>
        </extensions>
      </trkpt>
      <trkpt lat="43.85555882938206195831298828125" lon="87.50726633705198764801025390625">
        <ele>791</ele>
        <time>2026-08-03T13:46:03.000Z</time>
        <extensions>
          <ns3:TrackPointExtension>
            <ns3:hr>146</ns3:hr>
            <ns3:cad>78</ns3:cad>
          </ns3:TrackPointExtension>
        </extensions>
      </trkpt>
      <trkpt lat="43.85556788183748722076416015625" lon="87.50752986408770084381103515625">
        <ele>793</ele>
        <time>2026-08-03T13:46:12.000Z</time>
        <extensions>
          <ns3:TrackPointExtension>
            <ns3:hr>147</ns3:hr>
            <ns3:cad>79</ns3:cad>
          </ns3:TrackPointExtension>
        </extensions>
      </trkpt>
      <trkpt lat="43.85557307861745357513427734375" lon="87.5076214782893657684326171875">
        <ele>794.20001220703125</ele>
        <time>2026-08-03T13:46:15.000Z</time>
        <extensions>
          <ns3:TrackPointExtension>
            <ns3:hr>147</ns3:hr>
            <ns3:cad>79</ns3:cad>
          </ns3:TrackPointExtension>
        </extensions>
      </trkpt>
      <trkpt lat="43.85556084103882312774658203125" lon="87.5077673234045505523681640625">
        <ele>796.4000244140625</ele>
        <time>2026-08-03T13:46:22.000Z</time>
        <extensions>
          <ns3:TrackPointExtension>
            <ns3:hr>145</ns3:hr>
            <ns3:cad>77</ns3:cad>
          </ns3:TrackPointExtension>
        </extensions>
      </trkpt>
      <trkpt lat="43.85555882938206195831298828125" lon="87.507796324789524078369140625">
        <ele>796.79998779296875</ele>
        <time>2026-08-03T13:46:24.000Z</time>
        <extensions>
          <ns3:TrackPointExtension>
            <ns3:hr>142</ns3:hr>
            <ns3:cad>77</ns3:cad>
          </ns3:TrackPointExtension>
        </extensions>
      </trkpt>
      <trkpt lat="43.8555532135069370269775390625" lon="87.50790269114077091217041015625">
        <ele>797.79998779296875</ele>
        <time>2026-08-03T13:46:31.000Z</time>
        <extensions>
          <ns3:TrackPointExtension>
            <ns3:hr>142</ns3:hr>
            <ns3:cad>56</ns3:cad>
          </ns3:TrackPointExtension>
        </extensions>
      </trkpt>
      <trkpt lat="43.85553871281445026397705078125" lon="87.50807032920420169830322265625">
        <ele>799.20001220703125</ele>
        <time>2026-08-03T13:46:40.000Z</time>
        <extensions>
          <ns3:TrackPointExtension>
            <ns3:hr>142</ns3:hr>
            <ns3:cad>0</ns3:cad>
          </ns3:TrackPointExtension>
        </extensions>
      </trkpt>
      <trkpt lat="43.8555465079843997955322265625" lon="87.50815632753074169158935546875">
        <ele>799.5999755859375</ele>
        <time>2026-08-03T13:46:43.000Z</time>
        <extensions>
          <ns3:TrackPointExtension>
            <ns3:hr>138</ns3:hr>
            <ns3:cad>0</ns3:cad>
          </ns3:TrackPointExtension>
        </extensions>
      </trkpt>
      <trkpt lat="43.85554726235568523406982421875" lon="87.5082184374332427978515625">
        <ele>799.79998779296875</ele>
        <time>2026-08-03T13:46:45.000Z</time>
        <extensions>
          <ns3:TrackPointExtension>
            <ns3:hr>137</ns3:hr>
            <ns3:cad>78</ns3:cad>
          </ns3:TrackPointExtension>
        </extensions>
      </trkpt>
      <trkpt lat="43.855549357831478118896484375" lon="87.508499063551425933837890625">
        <ele>799.5999755859375</ele>
        <time>2026-08-03T13:46:53.000Z</time>
        <extensions>
          <ns3:TrackPointExtension>
            <ns3:hr>136</ns3:hr>
            <ns3:cad>79</ns3:cad>
          </ns3:TrackPointExtension>
        </extensions>
      </trkpt>
      <trkpt lat="43.85554776526987552642822265625" lon="87.5085340999066829681396484375">
        <ele>799.5999755859375</ele>
        <time>2026-08-03T13:46:54.000Z</time>
        <extensions>
          <ns3:TrackPointExtension>
            <ns3:hr>135</ns3:hr>
            <ns3:cad>79</ns3:cad>
          </ns3:TrackPointExtension>
        </extensions>
      </trkpt>
      <trkpt lat="43.8555563986301422119140625" lon="87.50880525447428226470947265625">
        <ele>796.79998779296875</ele>
        <time>2026-08-03T13:47:03.000Z</time>
        <extensions>
          <ns3:TrackPointExtension>
            <ns3:hr>138</ns3:hr>
            <ns3:cad>79</ns3:cad>
          </ns3:TrackPointExtension>
        </extensions>
      </trkpt>
      <trkpt lat="43.8555575720965862274169921875" lon="87.50883660279214382171630859375">
        <ele>796.4000244140625</ele>
        <time>2026-08-03T13:47:04.000Z</time>
        <extensions>
          <ns3:TrackPointExtension>
            <ns3:hr>139</ns3:hr>
            <ns3:cad>79</ns3:cad>
          </ns3:TrackPointExtension>
        </extensions>
      </trkpt>
      <trkpt lat="43.85556285269558429718017578125" lon="87.50898764468729496002197265625">
        <ele>794.4000244140625</ele>
        <time>2026-08-03T13:47:11.000Z</time>
        <extensions>
          <ns3:TrackPointExtension>
            <ns3:hr>141</ns3:hr>
            <ns3:cad>78</ns3:cad>
          </ns3:TrackPointExtension>
        </extensions>
      </trkpt>
      <trkpt lat="43.85556042194366455078125" lon="87.50899569131433963775634765625">
        <ele>794.20001220703125</ele>
        <time>2026-08-03T13:47:12.000Z</time>
        <extensions>
          <ns3:TrackPointExtension>
            <ns3:hr>140</ns3:hr>
            <ns3:cad>78</ns3:cad>
          </ns3:TrackPointExtension>
        </extensions>
      </trkpt>
      <trkpt lat="43.85554223321378231048583984375" lon="87.50903056003153324127197265625">
        <ele>793.79998779296875</ele>
        <time>2026-08-03T13:47:18.000Z</time>
        <extensions>
          <ns3:TrackPointExtension>
            <ns3:hr>139</ns3:hr>
            <ns3:cad>0</ns3:cad>
          </ns3:TrackPointExtension>
        </extensions>
      </trkpt>
      <trkpt lat="43.85554139502346515655517578125" lon="87.5090259499847888946533203125">
        <ele>793.79998779296875</ele>
        <time>2026-08-03T13:47:24.000Z</time>
        <extensions>
          <ns3:TrackPointExtension>
            <ns3:hr>135</ns3:hr>
            <ns3:cad>0</ns3:cad>
          </ns3:TrackPointExtension>
        </extensions>
      </trkpt>
      <trkpt lat="43.85554022155702114105224609375" lon="87.50902452506124973297119140625">
        <ele>793.79998779296875</ele>
        <time>2026-08-03T13:47:27.000Z</time>
        <extensions>
          <ns3:TrackPointExtension>
            <ns3:hr>132</ns3:hr>
            <ns3:cad>0</ns3:cad>
          </ns3:TrackPointExtension>
        </extensions>
      </trkpt>
      <trkpt lat="43.85553988628089427947998046875" lon="87.50903123058378696441650390625">
        <ele>793.79998779296875</ele>
        <time>2026-08-03T13:47:33.000Z</time>
        <extensions>
          <ns3:TrackPointExtension>
            <ns3:hr>129</ns3:hr>
            <ns3:cad>71</ns3:cad>
          </ns3:TrackPointExtension>
        </extensions>
      </trkpt>
      <trkpt lat="43.855539299547672271728515625" lon="87.509062997996807098388671875">
        <ele>793.4000244140625</ele>
        <time>2026-08-03T13:47:34.000Z</time>
        <extensions>
          <ns3:TrackPointExtension>
            <ns3:hr>129</ns3:hr>
            <ns3:cad>71</ns3:cad>
          </ns3:TrackPointExtension>
        </extensions>
      </trkpt>
      <trkpt lat="43.855521865189075469970703125" lon="87.509333901107311248779296875">
        <ele>789.20001220703125</ele>
        <time>2026-08-03T13:47:41.000Z</time>
        <extensions>
          <ns3:TrackPointExtension>
            <ns3:hr>129</ns3:hr>
            <ns3:cad>79</ns3:cad>
          </ns3:TrackPointExtension>
        </extensions>
      </trkpt>
      <trkpt lat="43.855521865189075469970703125" lon="87.50957655720412731170654296875">
        <ele>785.79998779296875</ele>
        <time>2026-08-03T13:47:48.000Z</time>
        <extensions>
          <ns3:TrackPointExtension>
            <ns3:hr>132</ns3:hr>
            <ns3:cad>81</ns3:cad>
          </ns3:TrackPointExtension>
        </extensions>
      </trkpt>
      <trkpt lat="43.85552060790359973907470703125" lon="87.50970304012298583984375">
        <ele>784.4000244140625</ele>
        <time>2026-08-03T13:47:52.000Z</time>
        <extensions>
          <ns3:TrackPointExtension>
            <ns3:hr>135</ns3:hr>
            <ns3:cad>80</ns3:cad>
          </ns3:TrackPointExtension>
        </extensions>
      </trkpt>
      <trkpt lat="43.85551909916102886199951171875" lon="87.50982952304184436798095703125">
        <ele>783.4000244140625</ele>
        <time>2026-08-03T13:47:56.000Z</time>
        <extensions>
          <ns3:TrackPointExtension>
            <ns3:hr>137</ns3:hr>
            <ns3:cad>81</ns3:cad>
          </ns3:TrackPointExtension>
        </extensions>
      </trkpt>
      <trkpt lat="43.8555166684091091156005859375" lon="87.51006673090159893035888671875">
        <ele>782.4000244140625</ele>
        <time>2026-08-03T13:48:03.000Z</time>
        <extensions>
          <ns3:TrackPointExtension>
            <ns3:hr>140</ns3:hr>
            <ns3:cad>79</ns3:cad>
          </ns3:TrackPointExtension>
        </extensions>
      </trkpt>
      <trkpt lat="43.8554968871176242828369140625" lon="87.5102832354605197906494140625">
        <ele>782.4000244140625</ele>
        <time>2026-08-03T13:48:10.000Z</time>
        <extensions>
          <ns3:TrackPointExtension>
            <ns3:hr>143</ns3:hr>
            <ns3:cad>79</ns3:cad>
          </ns3:TrackPointExtension>
        </extensions>
      </trkpt>
      <trkpt lat="43.85549680329859256744384765625" lon="87.5103427469730377197265625">
        <ele>782.20001220703125</ele>
        <time>2026-08-03T13:48:12.000Z</time>
        <extensions>
          <ns3:TrackPointExtension>
            <ns3:hr>144</ns3:hr>
            <ns3:cad>79</ns3:cad>
          </ns3:TrackPointExtension>
        </extensions>
      </trkpt>
      <trkpt lat="43.85548272170126438140869140625" lon="87.5105980597436428070068359375">
        <ele>781.4000244140625</ele>
        <time>2026-08-03T13:48:20.000Z</time>
        <extensions>
          <ns3:TrackPointExtension>
            <ns3:hr>145</ns3:hr>
            <ns3:cad>79</ns3:cad>
          </ns3:TrackPointExtension>
        </extensions>
      </trkpt>
      <trkpt lat="43.85547853074967861175537109375" lon="87.51068950630724430084228515625">
        <ele>781.4000244140625</ele>
        <time>2026-08-03T13:48:23.000Z</time>
        <extensions>
          <ns3:TrackPointExtension>
            <ns3:hr>146</ns3:hr>
            <ns3:cad>79</ns3:cad>
          </ns3:TrackPointExtension>
        </extensions>
      </trkpt>
      <trkpt lat="43.85545120574533939361572265625" lon="87.51088396646082401275634765625">
        <ele>782</ele>
        <time>2026-08-03T13:48:30.000Z</time>
        <extensions>
          <ns3:TrackPointExtension>
            <ns3:hr>148</ns3:hr>
            <ns3:cad>79</ns3:cad>
          </ns3:TrackPointExtension>
        </extensions>
      </trkpt>
      <trkpt lat="43.85543477721512317657470703125" lon="87.51091531477868556976318359375">
        <ele>782.20001220703125</ele>
        <time>2026-08-03T13:48:33.000Z</time>
        <extensions>
          <ns3:TrackPointExtension>
            <ns3:hr>149</ns3:hr>
            <ns3:cad>79</ns3:cad>
          </ns3:TrackPointExtension>
        </extensions>
      </trkpt>
      <trkpt lat="43.85542555712163448333740234375" lon="87.51092487014830112457275390625">
        <ele>782.20001220703125</ele>
        <time>2026-08-03T13:48:34.000Z</time>
        <extensions>
          <ns3:TrackPointExtension>
            <ns3:hr>150</ns3:hr>
            <ns3:cad>79</ns3:cad>
          </ns3:TrackPointExtension>
        </extensions>
      </trkpt>
      <trkpt lat="43.8553507067263126373291015625" lon="87.51101262867450714111328125">
        <ele>783.4000244140625</ele>
        <time>2026-08-03T13:48:42.000Z</time>
        <extensions>
          <ns3:TrackPointExtension>
            <ns3:hr>149</ns3:hr>
            <ns3:cad>0</ns3:cad>
          </ns3:TrackPointExtension>
        </extensions>
      </trkpt>
      <trkpt lat="43.85531826876103878021240234375" lon="87.51102629117667675018310546875">
        <ele>783.79998779296875</ele>
        <time>2026-08-03T13:48:44.000Z</time>
        <extensions>
          <ns3:TrackPointExtension>
            <ns3:hr>149</ns3:hr>
            <ns3:cad>0</ns3:cad>
          </ns3:TrackPointExtension>
        </extensions>
      </trkpt>
      <trkpt lat="43.8552571646869182586669921875" lon="87.51101505942642688751220703125">
        <ele>785</ele>
        <time>2026-08-03T13:48:47.000Z</time>
        <extensions>
          <ns3:TrackPointExtension>
            <ns3:hr>149</ns3:hr>
            <ns3:cad>0</ns3:cad>
          </ns3:TrackPointExtension>
        </extensions>
      </trkpt>
      <trkpt lat="43.85515130124986171722412109375" lon="87.51100583933293819427490234375">
        <ele>787.20001220703125</ele>
        <time>2026-08-03T13:48:52.000Z</time>
        <extensions>
          <ns3:TrackPointExtension>
            <ns3:hr>146</ns3:hr>
            <ns3:cad>79</ns3:cad>
          </ns3:TrackPointExtension>
        </extensions>
      </trkpt>
      <trkpt lat="43.85508609004318714141845703125" lon="87.51100122928619384765625">
        <ele>788.4000244140625</ele>
        <time>2026-08-03T13:48:55.000Z</time>
        <extensions>
          <ns3:TrackPointExtension>
            <ns3:hr>143</ns3:hr>
            <ns3:cad>79</ns3:cad>
          </ns3:TrackPointExtension>
        </extensions>
      </trkpt>
      <trkpt lat="43.855064213275909423828125" lon="87.51099896617233753204345703125">
        <ele>788.79998779296875</ele>
        <time>2026-08-03T13:48:56.000Z</time>
        <extensions>
          <ns3:TrackPointExtension>
            <ns3:hr>143</ns3:hr>
            <ns3:cad>79</ns3:cad>
          </ns3:TrackPointExtension>
        </extensions>
      </trkpt>
      <trkpt lat="43.854888193309307098388671875" lon="87.51097985543310642242431640625">
        <ele>791.4000244140625</ele>
        <time>2026-08-03T13:49:04.000Z</time>
        <extensions>
          <ns3:TrackPointExtension>
            <ns3:hr>146</ns3:hr>
            <ns3:cad>79</ns3:cad>
          </ns3:TrackPointExtension>
        </extensions>
      </trkpt>
      <trkpt lat="43.8547971658408641815185546875" lon="87.5109752453863620758056640625">
        <ele>792.5999755859375</ele>
        <time>2026-08-03T13:49:08.000Z</time>
        <extensions>
          <ns3:TrackPointExtension>
            <ns3:hr>149</ns3:hr>
            <ns3:cad>79</ns3:cad>
          </ns3:TrackPointExtension>
        </extensions>
      </trkpt>
      <trkpt lat="43.8546395860612392425537109375" lon="87.510966695845127105712890625">
        <ele>793.5999755859375</ele>
        <time>2026-08-03T13:49:15.000Z</time>
        <extensions>
          <ns3:TrackPointExtension>
            <ns3:hr>150</ns3:hr>
            <ns3:cad>79</ns3:cad>
          </ns3:TrackPointExtension>
        </extensions>
      </trkpt>
      <trkpt lat="43.8544823415577411651611328125" lon="87.51092151738703250885009765625">
        <ele>794</ele>
        <time>2026-08-03T13:49:22.000Z</time>
        <extensions>
          <ns3:TrackPointExtension>
            <ns3:hr>151</ns3:hr>
            <ns3:cad>78</ns3:cad>
          </ns3:TrackPointExtension>
        </extensions>
      </trkpt>
      <trkpt lat="43.8542875461280345916748046875" lon="87.51091280020773410797119140625">
        <ele>793.4000244140625</ele>
        <time>2026-08-03T13:49:31.000Z</time>
        <extensions>
          <ns3:TrackPointExtension>
            <ns3:hr>152</ns3:hr>
            <ns3:cad>78</ns3:cad>
          </ns3:TrackPointExtension>
        </extensions>
      </trkpt>
      <trkpt lat="43.854271285235881805419921875" lon="87.51091464422643184661865234375">
        <ele>793.20001220703125</ele>
        <time>2026-08-03T13:49:32.000Z</time>
        <extensions>
          <ns3:TrackPointExtension>
            <ns3:hr>152</ns3:hr>
            <ns3:cad>78</ns3:cad>
          </ns3:TrackPointExtension>
        </extensions>
      </trkpt>
      <trkpt lat="43.854203559458255767822265625" lon="87.5109276361763477325439453125">
        <ele>793.20001220703125</ele>
        <time>2026-08-03T13:49:38.000Z</time>
        <extensions>
          <ns3:TrackPointExtension>
            <ns3:hr>151</ns3:hr>
            <ns3:cad>54</ns3:cad>
          </ns3:TrackPointExtension>
        </extensions>
      </trkpt>
      <trkpt lat="43.8541782461106777191162109375" lon="87.51092252321541309356689453125">
        <ele>793.20001220703125</ele>
        <time>2026-08-03T13:49:41.000Z</time>
        <extensions>
          <ns3:TrackPointExtension>
            <ns3:hr>148</ns3:hr>
            <ns3:cad>53</ns3:cad>
          </ns3:TrackPointExtension>
        </extensions>
      </trkpt>
      <trkpt lat="43.85416223667562007904052734375" lon="87.51091883517801761627197265625">
        <ele>793.20001220703125</ele>
        <time>2026-08-03T13:49:43.000Z</time>
        <extensions>
          <ns3:TrackPointExtension>
            <ns3:hr>147</ns3:hr>
            <ns3:cad>52</ns3:cad>
          </ns3:TrackPointExtension>
        </extensions>
      </trkpt>
      <trkpt lat="43.8541484065353870391845703125" lon="87.51091933809220790863037109375">
        <ele>793.20001220703125</ele>
        <time>2026-08-03T13:49:45.000Z</time>
        <extensions>
          <ns3:TrackPointExtension>
            <ns3:hr>147</ns3:hr>
            <ns3:cad>52</ns3:cad>
          </ns3:TrackPointExtension>
        </extensions>
      </trkpt>
      <trkpt lat="43.854035250842571258544921875" lon="87.51090827398002147674560546875">
        <ele>793</ele>
        <time>2026-08-03T13:49:51.000Z</time>
        <extensions>
          <ns3:TrackPointExtension>
            <ns3:hr>145</ns3:hr>
            <ns3:cad>77</ns3:cad>
          </ns3:TrackPointExtension>
        </extensions>
      </trkpt>
      <trkpt lat="43.85386870242655277252197265625" lon="87.510919757187366485595703125">
        <ele>793.20001220703125</ele>
        <time>2026-08-03T13:49:58.000Z</time>
        <extensions>
          <ns3:TrackPointExtension>
            <ns3:hr>148</ns3:hr>
            <ns3:cad>78</ns3:cad>
          </ns3:TrackPointExtension>
        </extensions>
      </trkpt>
      <trkpt lat="43.8538205064833164215087890625" lon="87.5109125487506389617919921875">
        <ele>793</ele>
        <time>2026-08-03T13:50:00.000Z</time>
        <extensions>
          <ns3:TrackPointExtension>
            <ns3:hr>151</ns3:hr>
            <ns3:cad>79</ns3:cad>
          </ns3:TrackPointExtension>
        </extensions>
      </trkpt>
      <trkpt lat="43.85369419120252132415771484375" lon="87.510881535708904266357421875">
        <ele>793</ele>
        <time>2026-08-03T13:50:06.000Z</time>
        <extensions>
          <ns3:TrackPointExtension>
            <ns3:hr>153</ns3:hr>
            <ns3:cad>79</ns3:cad>
          </ns3:TrackPointExtension>
        </extensions>
      </trkpt>
      <trkpt lat="43.85349352844059467315673828125" lon="87.5108615867793560028076171875">
        <ele>794</ele>
        <time>2026-08-03T13:50:15.000Z</time>
        <extensions>
          <ns3:TrackPointExtension>
            <ns3:hr>154</ns3:hr>
            <ns3:cad>79</ns3:cad>
          </ns3:TrackPointExtension>
        </extensions>
      </trkpt>
      <trkpt lat="43.8533906824886798858642578125" lon="87.5108629278838634490966796875">
        <ele>794.5999755859375</ele>
        <time>2026-08-03T13:50:22.000Z</time>
        <extensions>
          <ns3:TrackPointExtension>
            <ns3:hr>155</ns3:hr>
            <ns3:cad>0</ns3:cad>
          </ns3:TrackPointExtension>
        </extensions>
      </trkpt>
      <trkpt lat="43.853264115750789642333984375" lon="87.5108907558023929595947265625">
        <ele>795.5999755859375</ele>
        <time>2026-08-03T13:50:32.000Z</time>
        <extensions>
          <ns3:TrackPointExtension>
            <ns3:hr>155</ns3:hr>
            <ns3:cad>56</ns3:cad>
          </ns3:TrackPointExtension>
        </extensions>
      </trkpt>
      <trkpt lat="43.85313042439520359039306640625" lon="87.51092704944312572479248046875">
        <ele>796.79998779296875</ele>
        <time>2026-08-03T13:50:41.000Z</time>
        <extensions>
          <ns3:TrackPointExtension>
            <ns3:hr>152</ns3:hr>
            <ns3:cad>55</ns3:cad>
          </ns3:TrackPointExtension>
        </extensions>
      </trkpt>
      <trkpt lat="43.853116929531097412109375" lon="87.5109387002885341644287109375">
        <ele>796.79998779296875</ele>
        <time>2026-08-03T13:50:42.000Z</time>
        <extensions>
          <ns3:TrackPointExtension>
            <ns3:hr>151</ns3:hr>
            <ns3:cad>54</ns3:cad>
          </ns3:TrackPointExtension>
        </extensions>
      </trkpt>
      <trkpt lat="43.8531043566763401031494140625" lon="87.51093962229788303375244140625">
        <ele>797</ele>
        <time>2026-08-03T13:50:43.000Z</time>
        <extensions>
          <ns3:TrackPointExtension>
            <ns3:hr>151</ns3:hr>
            <ns3:cad>54</ns3:cad>
          </ns3:TrackPointExtension>
        </extensions>
      </trkpt>
      <trkpt lat="43.853068649768829345703125" lon="87.5109289772808551788330078125">
        <ele>797</ele>
        <time>2026-08-03T13:50:46.000Z</time>
        <extensions>
          <ns3:TrackPointExtension>
            <ns3:hr>149</ns3:hr>
            <ns3:cad>54</ns3:cad>
          </ns3:TrackPointExtension>
        </extensions>
      </trkpt>
      <trkpt lat="43.85302833281457424163818359375" lon="87.5109185837209224700927734375">
        <ele>797.4000244140625</ele>
        <time>2026-08-03T13:50:50.000Z</time>
        <extensions>
          <ns3:TrackPointExtension>
            <ns3:hr>148</ns3:hr>
            <ns3:cad>53</ns3:cad>
          </ns3:TrackPointExtension>
        </extensions>
      </trkpt>
      <trkpt lat="43.8530111499130725860595703125" lon="87.51091531477868556976318359375">
        <ele>797.5999755859375</ele>
        <time>2026-08-03T13:50:52.000Z</time>
        <extensions>
          <ns3:TrackPointExtension>
            <ns3:hr>147</ns3:hr>
            <ns3:cad>53</ns3:cad>
          </ns3:TrackPointExtension>
        </extensions>
      </trkpt>
      <trkpt lat="43.85291098617017269134521484375" lon="87.5109021551907062530517578125">
        <ele>798.20001220703125</ele>
        <time>2026-08-03T13:50:59.000Z</time>
        <extensions>
          <ns3:TrackPointExtension>
            <ns3:hr>145</ns3:hr>
            <ns3:cad>65</ns3:cad>
          </ns3:TrackPointExtension>
        </extensions>
      </trkpt>
      <trkpt lat="43.8527211360633373260498046875" lon="87.51086066477000713348388671875">
        <ele>799.5999755859375</ele>
        <time>2026-08-03T13:51:06.000Z</time>
        <extensions>
          <ns3:TrackPointExtension>
            <ns3:hr>143</ns3:hr>
            <ns3:cad>80</ns3:cad>
          </ns3:TrackPointExtension>
        </extensions>
      </trkpt>
      <trkpt lat="43.8526986725628376007080078125" lon="87.5108555518090724945068359375">
        <ele>799.79998779296875</ele>
        <time>2026-08-03T13:51:07.000Z</time>
        <extensions>
          <ns3:TrackPointExtension>
            <ns3:hr>143</ns3:hr>
            <ns3:cad>80</ns3:cad>
          </ns3:TrackPointExtension>
        </extensions>
      </trkpt>
      <trkpt lat="43.85249859653413295745849609375" lon="87.510811127722263336181640625">
        <ele>801.4000244140625</ele>
        <time>2026-08-03T13:51:16.000Z</time>
        <extensions>
          <ns3:TrackPointExtension>
            <ns3:hr>143</ns3:hr>
            <ns3:cad>80</ns3:cad>
          </ns3:TrackPointExtension>
        </extensions>
      </trkpt>
      <trkpt lat="43.8523258455097675323486328125" lon="87.51081322319805622100830078125">
        <ele>802.79998779296875</ele>
        <time>2026-08-03T13:51:23.000Z</time>
        <extensions>
          <ns3:TrackPointExtension>
            <ns3:hr>146</ns3:hr>
            <ns3:cad>80</ns3:cad>
          </ns3:TrackPointExtension>
        </extensions>
      </trkpt>
      <trkpt lat="43.85228016413748264312744140625" lon="87.510810457170009613037109375">
        <ele>803</ele>
        <time>2026-08-03T13:51:25.000Z</time>
        <extensions>
          <ns3:TrackPointExtension>
            <ns3:hr>148</ns3:hr>
            <ns3:cad>79</ns3:cad>
          </ns3:TrackPointExtension>
        </extensions>
      </trkpt>
      <trkpt lat="43.85209123603999614715576171875" lon="87.51078204251825809478759765625">
        <ele>803.5999755859375</ele>
        <time>2026-08-03T13:51:33.000Z</time>
        <extensions>
          <ns3:TrackPointExtension>
            <ns3:hr>149</ns3:hr>
            <ns3:cad>79</ns3:cad>
          </ns3:TrackPointExtension>
        </extensions>
      </trkpt>
      <trkpt lat="43.85202267207205295562744140625" lon="87.510768882930278778076171875">
        <ele>803.79998779296875</ele>
        <time>2026-08-03T13:51:36.000Z</time>
        <extensions>
          <ns3:TrackPointExtension>
            <ns3:hr>149</ns3:hr>
            <ns3:cad>79</ns3:cad>
          </ns3:TrackPointExtension>
        </extensions>
      </trkpt>
      <trkpt lat="43.85183952748775482177734375" lon="87.5107616744935512542724609375">
        <ele>804</ele>
        <time>2026-08-03T13:51:44.000Z</time>
        <extensions>
          <ns3:TrackPointExtension>
            <ns3:hr>149</ns3:hr>
            <ns3:cad>79</ns3:cad>
          </ns3:TrackPointExtension>
        </extensions>
      </trkpt>
      <trkpt lat="43.85175168514251708984375" lon="87.51075622625648975372314453125">
        <ele>804.20001220703125</ele>
        <time>2026-08-03T13:51:48.000Z</time>
        <extensions>
          <ns3:TrackPointExtension>
            <ns3:hr>146</ns3:hr>
            <ns3:cad>79</ns3:cad>
          </ns3:TrackPointExtension>
        </extensions>
      </trkpt>
      <trkpt lat="43.85168806649744510650634765625" lon="87.51075320877134799957275390625">
        <ele>804.5999755859375</ele>
        <time>2026-08-03T13:51:51.000Z</time>
        <extensions>
          <ns3:TrackPointExtension>
            <ns3:hr>143</ns3:hr>
            <ns3:cad>79</ns3:cad>
          </ns3:TrackPointExtension>
        </extensions>
      </trkpt>
      <trkpt lat="43.851670883595943450927734375" lon="87.510750107467174530029296875">
        <ele>804.5999755859375</ele>
        <time>2026-08-03T13:51:52.000Z</time>
        <extensions>
          <ns3:TrackPointExtension>
            <ns3:hr>143</ns3:hr>
            <ns3:cad>79</ns3:cad>
          </ns3:TrackPointExtension>
        </extensions>
      </trkpt>
      <trkpt lat="43.85161061771214008331298828125" lon="87.51074583269655704498291015625">
        <ele>804.79998779296875</ele>
        <time>2026-08-03T13:51:57.000Z</time>
        <extensions>
          <ns3:TrackPointExtension>
            <ns3:hr>141</ns3:hr>
            <ns3:cad>80</ns3:cad>
          </ns3:TrackPointExtension>
        </extensions>
      </trkpt>
      <trkpt lat="43.85148287750780582427978515625" lon="87.5107180885970592498779296875">
        <ele>805.20001220703125</ele>
        <time>2026-08-03T13:52:04.000Z</time>
        <extensions>
          <ns3:TrackPointExtension>
            <ns3:hr>141</ns3:hr>
            <ns3:cad>78</ns3:cad>
          </ns3:TrackPointExtension>
        </extensions>
      </trkpt>
      <trkpt lat="43.85139252059161663055419921875" lon="87.510711885988712310791015625">
        <ele>805.79998779296875</ele>
        <time>2026-08-03T13:52:08.000Z</time>
        <extensions>
          <ns3:TrackPointExtension>
            <ns3:hr>138</ns3:hr>
            <ns3:cad>81</ns3:cad>
          </ns3:TrackPointExtension>
        </extensions>
      </trkpt>
      <trkpt lat="43.8513495214283466339111328125" lon="87.510703504085540771484375">
        <ele>806.20001220703125</ele>
        <time>2026-08-03T13:52:10.000Z</time>
        <extensions>
          <ns3:TrackPointExtension>
            <ns3:hr>139</ns3:hr>
            <ns3:cad>81</ns3:cad>
          </ns3:TrackPointExtension>
        </extensions>
      </trkpt>
      <trkpt lat="43.85119906626641750335693359375" lon="87.51069101504981517791748046875">
        <ele>807</ele>
        <time>2026-08-03T13:52:17.000Z</time>
        <extensions>
          <ns3:TrackPointExtension>
            <ns3:hr>141</ns3:hr>
            <ns3:cad>80</ns3:cad>
          </ns3:TrackPointExtension>
        </extensions>
      </trkpt>
      <trkpt lat="43.85115288197994232177734375" lon="87.51068397425115108489990234375">
        <ele>807.4000244140625</ele>
        <time>2026-08-03T13:52:21.000Z</time>
        <extensions>
          <ns3:TrackPointExtension>
            <ns3:hr>142</ns3:hr>
            <ns3:cad>80</ns3:cad>
          </ns3:TrackPointExtension>
        </extensions>
      </trkpt>
      <trkpt lat="43.851137794554233551025390625" lon="87.51068942248821258544921875">
        <ele>807.5999755859375</ele>
        <time>2026-08-03T13:52:22.000Z</time>
        <extensions>
          <ns3:TrackPointExtension>
            <ns3:hr>142</ns3:hr>
            <ns3:cad>80</ns3:cad>
          </ns3:TrackPointExtension>
        </extensions>
      </trkpt>
      <trkpt lat="43.85101986117660999298095703125" lon="87.5106989778578281402587890625">
        <ele>808.4000244140625</ele>
        <time>2026-08-03T13:52:31.000Z</time>
        <extensions>
          <ns3:TrackPointExtension>
            <ns3:hr>143</ns3:hr>
            <ns3:cad>54</ns3:cad>
          </ns3:TrackPointExtension>
        </extensions>
      </trkpt>
      <trkpt lat="43.85094157420098781585693359375" lon="87.510699145495891571044921875">
        <ele>809</ele>
        <time>2026-08-03T13:52:37.000Z</time>
        <extensions>
          <ns3:TrackPointExtension>
            <ns3:hr>143</ns3:hr>
            <ns3:cad>54</ns3:cad>
          </ns3:TrackPointExtension>
        </extensions>
      </trkpt>
      <trkpt lat="43.8508724234998226165771484375" lon="87.5107053481042385101318359375">
        <ele>809.5999755859375</ele>
        <time>2026-08-03T13:52:42.000Z</time>
        <extensions>
          <ns3:TrackPointExtension>
            <ns3:hr>144</ns3:hr>
            <ns3:cad>54</ns3:cad>
          </ns3:TrackPointExtension>
        </extensions>
      </trkpt>
      <trkpt lat="43.8507513888180255889892578125" lon="87.510693110525608062744140625">
        <ele>810</ele>
        <time>2026-08-03T13:52:49.000Z</time>
        <extensions>
          <ns3:TrackPointExtension>
            <ns3:hr>144</ns3:hr>
            <ns3:cad>82</ns3:cad>
          </ns3:TrackPointExtension>
        </extensions>
      </trkpt>
      <trkpt lat="43.85056438855826854705810546875" lon="87.5107030011713504791259765625">
        <ele>811</ele>
        <time>2026-08-03T13:52:57.000Z</time>
        <extensions>
          <ns3:TrackPointExtension>
            <ns3:hr>142</ns3:hr>
            <ns3:cad>79</ns3:cad>
          </ns3:TrackPointExtension>
        </extensions>
      </trkpt>
      <trkpt lat="43.85038216598331928253173828125" lon="87.51069352962076663970947265625">
        <ele>810.20001220703125</ele>
        <time>2026-08-03T13:53:05.000Z</time>
        <extensions>
          <ns3:TrackPointExtension>
            <ns3:hr>142</ns3:hr>
            <ns3:cad>80</ns3:cad>
          </ns3:TrackPointExtension>
        </extensions>
      </trkpt>
      <trkpt lat="43.85030806995928287506103515625" lon="87.510693110525608062744140625">
        <ele>810</ele>
        <time>2026-08-03T13:53:08.000Z</time>
        <extensions>
          <ns3:TrackPointExtension>
            <ns3:hr>143</ns3:hr>
            <ns3:cad>80</ns3:cad>
          </ns3:TrackPointExtension>
        </extensions>
      </trkpt>
      <trkpt lat="43.85019139386713504791259765625" lon="87.51067810691893100738525390625">
        <ele>810.4000244140625</ele>
        <time>2026-08-03T13:53:13.000Z</time>
        <extensions>
          <ns3:TrackPointExtension>
            <ns3:hr>146</ns3:hr>
            <ns3:cad>79</ns3:cad>
          </ns3:TrackPointExtension>
        </extensions>
      </trkpt>
      <trkpt lat="43.85013288818299770355224609375" lon="87.51066838391125202178955078125">
        <ele>810.79998779296875</ele>
        <time>2026-08-03T13:53:16.000Z</time>
        <extensions>
          <ns3:TrackPointExtension>
            <ns3:hr>147</ns3:hr>
            <ns3:cad>79</ns3:cad>
          </ns3:TrackPointExtension>
        </extensions>
      </trkpt>
      <trkpt lat="43.84994194842875003814697265625" lon="87.51062865369021892547607421875">
        <ele>811.79998779296875</ele>
        <time>2026-08-03T13:53:25.000Z</time>
        <extensions>
          <ns3:TrackPointExtension>
            <ns3:hr>149</ns3:hr>
            <ns3:cad>80</ns3:cad>
          </ns3:TrackPointExtension>
        </extensions>
      </trkpt>
      <trkpt lat="43.84975570254027843475341796875" lon="87.510618008673191070556640625">
        <ele>813</ele>
        <time>2026-08-03T13:53:33.000Z</time>
        <extensions>
          <ns3:TrackPointExtension>
            <ns3:hr>151</ns3:hr>
            <ns3:cad>79</ns3:cad>
          </ns3:TrackPointExtension>
        </extensions>
      </trkpt>
      <trkpt lat="43.84973038919270038604736328125" lon="87.51061993651092052459716796875">
        <ele>813</ele>
        <time>2026-08-03T13:53:34.000Z</time>
        <extensions>
          <ns3:TrackPointExtension>
            <ns3:hr>151</ns3:hr>
            <ns3:cad>79</ns3:cad>
          </ns3:TrackPointExtension>
        </extensions>
      </trkpt>
      <trkpt lat="43.84966836310923099517822265625" lon="87.510628066956996917724609375">
        <ele>813.20001220703125</ele>
        <time>2026-08-03T13:53:37.000Z</time>
        <extensions>
          <ns3:TrackPointExtension>
            <ns3:hr>152</ns3:hr>
            <ns3:cad>79</ns3:cad>
          </ns3:TrackPointExtension>
        </extensions>
      </trkpt>
      <trkpt lat="43.84953106753528118133544921875" lon="87.5106151588261127471923828125">
        <ele>813</ele>
        <time>2026-08-03T13:53:43.000Z</time>
        <extensions>
          <ns3:TrackPointExtension>
            <ns3:hr>151</ns3:hr>
            <ns3:cad>81</ns3:cad>
          </ns3:TrackPointExtension>
        </extensions>
      </trkpt>
      <trkpt lat="43.84939444251358509063720703125" lon="87.51057584770023822784423828125">
        <ele>812.79998779296875</ele>
        <time>2026-08-03T13:53:49.000Z</time>
        <extensions>
          <ns3:TrackPointExtension>
            <ns3:hr>154</ns3:hr>
            <ns3:cad>79</ns3:cad>
          </ns3:TrackPointExtension>
        </extensions>
      </trkpt>
      <trkpt lat="43.84935119189321994781494140625" lon="87.51055589877068996429443359375">
        <ele>812.79998779296875</ele>
        <time>2026-08-03T13:53:51.000Z</time>
        <extensions>
          <ns3:TrackPointExtension>
            <ns3:hr>154</ns3:hr>
            <ns3:cad>79</ns3:cad>
          </ns3:TrackPointExtension>
        </extensions>
      </trkpt>
      <trkpt lat="43.84917148388922214508056640625" lon="87.51053410582244396209716796875">
        <ele>812.79998779296875</ele>
        <time>2026-08-03T13:53:59.000Z</time>
        <extensions>
          <ns3:TrackPointExtension>
            <ns3:hr>157</ns3:hr>
            <ns3:cad>80</ns3:cad>
          </ns3:TrackPointExtension>
        </extensions>
      </trkpt>
      <trkpt lat="43.84899437427520751953125" lon="87.51054265536367893218994140625">
        <ele>814.20001220703125</ele>
        <time>2026-08-03T13:54:07.000Z</time>
        <extensions>
          <ns3:TrackPointExtension>
            <ns3:hr>160</ns3:hr>
            <ns3:cad>80</ns3:cad>
          </ns3:TrackPointExtension>
        </extensions>
      </trkpt>
      <trkpt lat="43.84898104704916477203369140625" lon="87.51054190099239349365234375">
        <ele>814.20001220703125</ele>
        <time>2026-08-03T13:54:08.000Z</time>
        <extensions>
          <ns3:TrackPointExtension>
            <ns3:hr>161</ns3:hr>
            <ns3:cad>80</ns3:cad>
          </ns3:TrackPointExtension>
        </extensions>
      </trkpt>
      <trkpt lat="43.84894986636936664581298828125" lon="87.51054097898304462432861328125">
        <ele>814.4000244140625</ele>
        <time>2026-08-03T13:54:11.000Z</time>
        <extensions>
          <ns3:TrackPointExtension>
            <ns3:hr>163</ns3:hr>
            <ns3:cad>79</ns3:cad>
          </ns3:TrackPointExtension>
        </extensions>
      </trkpt>
      <trkpt lat="43.8488946296274662017822265625" lon="87.510552294552326202392578125">
        <ele>814.79998779296875</ele>
        <time>2026-08-03T13:54:15.000Z</time>
        <extensions>
          <ns3:TrackPointExtension>
            <ns3:hr>162</ns3:hr>
            <ns3:cad>79</ns3:cad>
          </ns3:TrackPointExtension>
        </extensions>
      </trkpt>
      <trkpt lat="43.8487702421844005584716796875" lon="87.5105363689363002777099609375">
        <ele>814.5999755859375</ele>
        <time>2026-08-03T13:54:25.000Z</time>
        <extensions>
          <ns3:TrackPointExtension>
            <ns3:hr>161</ns3:hr>
            <ns3:cad>54</ns3:cad>
          </ns3:TrackPointExtension>
        </extensions>
      </trkpt>
      <trkpt lat="43.84865096770226955413818359375" lon="87.51052354462444782257080078125">
        <ele>815</ele>
        <time>2026-08-03T13:54:35.000Z</time>
        <extensions>
          <ns3:TrackPointExtension>
            <ns3:hr>160</ns3:hr>
            <ns3:cad>55</ns3:cad>
          </ns3:TrackPointExtension>
        </extensions>
      </trkpt>
      <trkpt lat="43.848627246916294097900390625" lon="87.51051264815032482147216796875">
        <ele>815</ele>
        <time>2026-08-03T13:54:38.000Z</time>
        <extensions>
          <ns3:TrackPointExtension>
            <ns3:hr>157</ns3:hr>
            <ns3:cad>55</ns3:cad>
          </ns3:TrackPointExtension>
        </extensions>
      </trkpt>
      <trkpt lat="43.8486140035092830657958984375" lon="87.51049672253429889678955078125">
        <ele>814.79998779296875</ele>
        <time>2026-08-03T13:54:41.000Z</time>
        <extensions>
          <ns3:TrackPointExtension>
            <ns3:hr>155</ns3:hr>
            <ns3:cad>50</ns3:cad>
          </ns3:TrackPointExtension>
        </extensions>
      </trkpt>
      <trkpt lat="43.8485801406204700469970703125" lon="87.51048884354531764984130859375">
        <ele>814.5999755859375</ele>
        <time>2026-08-03T13:54:44.000Z</time>
        <extensions>
          <ns3:TrackPointExtension>
            <ns3:hr>152</ns3:hr>
            <ns3:cad>50</ns3:cad>
          </ns3:TrackPointExtension>
        </extensions>
      </trkpt>
      <trkpt lat="43.84854736737906932830810546875" lon="87.51043234951794147491455078125">
        <ele>814</ele>
        <time>2026-08-03T13:55:26.000Z</time>
        <extensions>
          <ns3:TrackPointExtension>
            <ns3:hr>123</ns3:hr>
            <ns3:cad>0</ns3:cad>
          </ns3:TrackPointExtension>
        </extensions>
      </trkpt>
      <trkpt lat="43.84854719974100589752197265625" lon="87.51043385826051235198974609375">
        <ele>814</ele>
        <time>2026-08-03T13:55:27.000Z</time>
        <extensions>
          <ns3:TrackPointExtension>
            <ns3:hr>123</ns3:hr>
            <ns3:cad>0</ns3:cad>
          </ns3:TrackPointExtension>
        </extensions>
      </trkpt>
      <trkpt lat="43.84845801629126071929931640625" lon="87.5104139931499958038330078125">
        <ele>813.79998779296875</ele>
        <time>2026-08-03T13:55:31.000Z</time>
        <extensions>
          <ns3:TrackPointExtension>
            <ns3:hr>121</ns3:hr>
            <ns3:cad>57</ns3:cad>
          </ns3:TrackPointExtension>
        </extensions>
      </trkpt>
      <trkpt lat="43.84826020337641239166259765625" lon="87.51038138754665851593017578125">
        <ele>814</ele>
        <time>2026-08-03T13:55:37.000Z</time>
        <extensions>
          <ns3:TrackPointExtension>
            <ns3:hr>124</ns3:hr>
            <ns3:cad>82</ns3:cad>
          </ns3:TrackPointExtension>
        </extensions>
      </trkpt>
      <trkpt lat="43.8482297770678997039794921875" lon="87.51037023961544036865234375">
        <ele>814.20001220703125</ele>
        <time>2026-08-03T13:55:38.000Z</time>
        <extensions>
          <ns3:TrackPointExtension>
            <ns3:hr>125</ns3:hr>
            <ns3:cad>82</ns3:cad>
          </ns3:TrackPointExtension>
        </extensions>
      </trkpt>
      <trkpt lat="43.84803338907659053802490234375" lon="87.51031634397804737091064453125">
        <ele>815</ele>
        <time>2026-08-03T13:55:45.000Z</time>
        <extensions>
          <ns3:TrackPointExtension>
            <ns3:hr>128</ns3:hr>
            <ns3:cad>81</ns3:cad>
          </ns3:TrackPointExtension>
        </extensions>
      </trkpt>
      <trkpt lat="43.8480038009583950042724609375" lon="87.51031215302646160125732421875">
        <ele>815</ele>
        <time>2026-08-03T13:55:46.000Z</time>
        <extensions>
          <ns3:TrackPointExtension>
            <ns3:hr>129</ns3:hr>
            <ns3:cad>81</ns3:cad>
          </ns3:TrackPointExtension>
        </extensions>
      </trkpt>
      <trkpt lat="43.847928531467914581298828125" lon="87.51033243723213672637939453125">
        <ele>815</ele>
        <time>2026-08-03T13:55:49.000Z</time>
        <extensions>
          <ns3:TrackPointExtension>
            <ns3:hr>132</ns3:hr>
            <ns3:cad>80</ns3:cad>
          </ns3:TrackPointExtension>
        </extensions>
      </trkpt>
      <trkpt lat="43.8478824310004711151123046875" lon="87.51034735701978206634521484375">
        <ele>815</ele>
        <time>2026-08-03T13:55:51.000Z</time>
        <extensions>
          <ns3:TrackPointExtension>
            <ns3:hr>137</ns3:hr>
            <ns3:cad>79</ns3:cad>
          </ns3:TrackPointExtension>
        </extensions>
      </trkpt>
      <trkpt lat="43.8478411920368671417236328125" lon="87.510346435010433197021484375">
        <ele>815</ele>
        <time>2026-08-03T13:55:53.000Z</time>
        <extensions>
          <ns3:TrackPointExtension>
            <ns3:hr>140</ns3:hr>
            <ns3:cad>79</ns3:cad>
          </ns3:TrackPointExtension>
        </extensions>
      </trkpt>
      <trkpt lat="43.84777891449630260467529296875" lon="87.510333359241485595703125">
        <ele>815.20001220703125</ele>
        <time>2026-08-03T13:55:56.000Z</time>
        <extensions>
          <ns3:TrackPointExtension>
            <ns3:hr>142</ns3:hr>
            <ns3:cad>79</ns3:cad>
          </ns3:TrackPointExtension>
        </extensions>
      </trkpt>
      <trkpt lat="43.8476785831153392791748046875" lon="87.5102944672107696533203125">
        <ele>816.20001220703125</ele>
        <time>2026-08-03T13:56:02.000Z</time>
        <extensions>
          <ns3:TrackPointExtension>
            <ns3:hr>145</ns3:hr>
            <ns3:cad>79</ns3:cad>
          </ns3:TrackPointExtension>
        </extensions>
      </trkpt>
      <trkpt lat="43.84766223840415477752685546875" lon="87.5102912820875644683837890625">
        <ele>816.20001220703125</ele>
        <time>2026-08-03T13:56:03.000Z</time>
        <extensions>
          <ns3:TrackPointExtension>
            <ns3:hr>145</ns3:hr>
            <ns3:cad>80</ns3:cad>
          </ns3:TrackPointExtension>
        </extensions>
      </trkpt>
      <trkpt lat="43.8474722206592559814453125" lon="87.51029790379106998443603515625">
        <ele>818.4000244140625</ele>
        <time>2026-08-03T13:56:11.000Z</time>
        <extensions>
          <ns3:TrackPointExtension>
            <ns3:hr>146</ns3:hr>
            <ns3:cad>80</ns3:cad>
          </ns3:TrackPointExtension>
        </extensions>
      </trkpt>
      <trkpt lat="43.847452104091644287109375" lon="87.5103051960468292236328125">
        <ele>818.5999755859375</ele>
        <time>2026-08-03T13:56:12.000Z</time>
        <extensions>
          <ns3:TrackPointExtension>
            <ns3:hr>146</ns3:hr>
            <ns3:cad>81</ns3:cad>
          </ns3:TrackPointExtension>
        </extensions>
      </trkpt>
      <trkpt lat="43.84737742133438587188720703125" lon="87.51030846498906612396240234375">
        <ele>819.4000244140625</ele>
        <time>2026-08-03T13:56:16.000Z</time>
        <extensions>
          <ns3:TrackPointExtension>
            <ns3:hr>147</ns3:hr>
            <ns3:cad>79</ns3:cad>
          </ns3:TrackPointExtension>
        </extensions>
      </trkpt>
      <trkpt lat="43.84726895950734615325927734375" lon="87.5102741830050945281982421875">
        <ele>820.4000244140625</ele>
        <time>2026-08-03T13:56:22.000Z</time>
        <extensions>
          <ns3:TrackPointExtension>
            <ns3:hr>149</ns3:hr>
            <ns3:cad>79</ns3:cad>
          </ns3:TrackPointExtension>
        </extensions>
      </trkpt>
      <trkpt lat="43.84720123372972011566162109375" lon="87.510269992053508758544921875">
        <ele>821</ele>
        <time>2026-08-03T13:56:26.000Z</time>
        <extensions>
          <ns3:TrackPointExtension>
            <ns3:hr>150</ns3:hr>
            <ns3:cad>79</ns3:cad>
          </ns3:TrackPointExtension>
        </extensions>
      </trkpt>
      <trkpt lat="43.84716586209833621978759765625" lon="87.5102917850017547607421875">
        <ele>821.20001220703125</ele>
        <time>2026-08-03T13:56:28.000Z</time>
        <extensions>
          <ns3:TrackPointExtension>
            <ns3:hr>150</ns3:hr>
            <ns3:cad>79</ns3:cad>
          </ns3:TrackPointExtension>
        </extensions>
      </trkpt>
      <trkpt lat="43.84702169336378574371337890625" lon="87.5102515518665313720703125">
        <ele>821.79998779296875</ele>
        <time>2026-08-03T13:56:35.000Z</time>
        <extensions>
          <ns3:TrackPointExtension>
            <ns3:hr>153</ns3:hr>
            <ns3:cad>79</ns3:cad>
          </ns3:TrackPointExtension>
        </extensions>
      </trkpt>
      <trkpt lat="43.8469081185758113861083984375" lon="87.51024006865918636322021484375">
        <ele>822.5999755859375</ele>
        <time>2026-08-03T13:56:42.000Z</time>
        <extensions>
          <ns3:TrackPointExtension>
            <ns3:hr>153</ns3:hr>
            <ns3:cad>53</ns3:cad>
          </ns3:TrackPointExtension>
        </extensions>
      </trkpt>
      <trkpt lat="43.8468477688729763031005859375" lon="87.510232441127300262451171875">
        <ele>823.20001220703125</ele>
        <time>2026-08-03T13:56:47.000Z</time>
        <extensions>
          <ns3:TrackPointExtension>
            <ns3:hr>156</ns3:hr>
            <ns3:cad>54</ns3:cad>
          </ns3:TrackPointExtension>
        </extensions>
      </trkpt>
      <trkpt lat="43.8467854075133800506591796875" lon="87.51021961681544780731201171875">
        <ele>824</ele>
        <time>2026-08-03T13:56:50.000Z</time>
        <extensions>
          <ns3:TrackPointExtension>
            <ns3:hr>157</ns3:hr>
            <ns3:cad>54</ns3:cad>
          </ns3:TrackPointExtension>
        </extensions>
      </trkpt>
      <trkpt lat="43.84662204422056674957275390625" lon="87.5101925432682037353515625">
        <ele>824.79998779296875</ele>
        <time>2026-08-03T13:56:57.000Z</time>
        <extensions>
          <ns3:TrackPointExtension>
            <ns3:hr>156</ns3:hr>
            <ns3:cad>79</ns3:cad>
          </ns3:TrackPointExtension>
        </extensions>
      </trkpt>
      <trkpt lat="43.8464829884469509124755859375" lon="87.51019656658172607421875">
        <ele>824.79998779296875</ele>
        <time>2026-08-03T13:57:03.000Z</time>
        <extensions>
          <ns3:TrackPointExtension>
            <ns3:hr>155</ns3:hr>
            <ns3:cad>78</ns3:cad>
          </ns3:TrackPointExtension>
        </extensions>
      </trkpt>
      <trkpt lat="43.846285678446292877197265625" lon="87.510167062282562255859375">
        <ele>824.4000244140625</ele>
        <time>2026-08-03T13:57:12.000Z</time>
        <extensions>
          <ns3:TrackPointExtension>
            <ns3:hr>154</ns3:hr>
            <ns3:cad>79</ns3:cad>
          </ns3:TrackPointExtension>
        </extensions>
      </trkpt>
      <trkpt lat="43.84620563127100467681884765625" lon="87.51016245223581790924072265625">
        <ele>823.79998779296875</ele>
        <time>2026-08-03T13:57:18.000Z</time>
        <extensions>
          <ns3:TrackPointExtension>
            <ns3:hr>154</ns3:hr>
            <ns3:cad>75</ns3:cad>
          </ns3:TrackPointExtension>
        </extensions>
      </trkpt>
      <trkpt lat="43.846183754503726959228515625" lon="87.5101561658084392547607421875">
        <ele>823.5999755859375</ele>
        <time>2026-08-03T13:57:21.000Z</time>
        <extensions>
          <ns3:TrackPointExtension>
            <ns3:hr>155</ns3:hr>
            <ns3:cad>52</ns3:cad>
          </ns3:TrackPointExtension>
        </extensions>
      </trkpt>
      <trkpt lat="43.84613757021725177764892578125" lon="87.5101420842111110687255859375">
        <ele>823.20001220703125</ele>
        <time>2026-08-03T13:57:25.000Z</time>
        <extensions>
          <ns3:TrackPointExtension>
            <ns3:hr>154</ns3:hr>
            <ns3:cad>53</ns3:cad>
          </ns3:TrackPointExtension>
        </extensions>
      </trkpt>
      <trkpt lat="43.84606917388737201690673828125" lon="87.510105706751346588134765625">
        <ele>823.20001220703125</ele>
        <time>2026-08-03T13:57:31.000Z</time>
        <extensions>
          <ns3:TrackPointExtension>
            <ns3:hr>157</ns3:hr>
            <ns3:cad>52</ns3:cad>
          </ns3:TrackPointExtension>
        </extensions>
      </trkpt>
      <trkpt lat="43.8460109196603298187255859375" lon="87.51008718274533748626708984375">
        <ele>823.4000244140625</ele>
        <time>2026-08-03T13:57:35.000Z</time>
        <extensions>
          <ns3:TrackPointExtension>
            <ns3:hr>157</ns3:hr>
            <ns3:cad>0</ns3:cad>
          </ns3:TrackPointExtension>
        </extensions>
      </trkpt>
      <trkpt lat="43.8459123484790325164794921875" lon="87.51008366234600543975830078125">
        <ele>823.79998779296875</ele>
        <time>2026-08-03T13:57:40.000Z</time>
        <extensions>
          <ns3:TrackPointExtension>
            <ns3:hr>154</ns3:hr>
            <ns3:cad>79</ns3:cad>
          </ns3:TrackPointExtension>
        </extensions>
      </trkpt>
      <trkpt lat="43.8458623923361301422119140625" lon="87.510066144168376922607421875">
        <ele>824</ele>
        <time>2026-08-03T13:57:42.000Z</time>
        <extensions>
          <ns3:TrackPointExtension>
            <ns3:hr>153</ns3:hr>
            <ns3:cad>79</ns3:cad>
          </ns3:TrackPointExtension>
        </extensions>
      </trkpt>
      <trkpt lat="43.84570355527102947235107421875" lon="87.5100381486117839813232421875">
        <ele>825.20001220703125</ele>
        <time>2026-08-03T13:57:49.000Z</time>
        <extensions>
          <ns3:TrackPointExtension>
            <ns3:hr>151</ns3:hr>
            <ns3:cad>79</ns3:cad>
          </ns3:TrackPointExtension>
        </extensions>
      </trkpt>
      <trkpt lat="43.84554195217788219451904296875" lon="87.5100146792829036712646484375">
        <ele>826.20001220703125</ele>
        <time>2026-08-03T13:57:57.000Z</time>
        <extensions>
          <ns3:TrackPointExtension>
            <ns3:hr>151</ns3:hr>
            <ns3:cad>79</ns3:cad>
          </ns3:TrackPointExtension>
        </extensions>
      </trkpt>
      <trkpt lat="43.845381438732147216796875" lon="87.50998802483081817626953125">
        <ele>827.20001220703125</ele>
        <time>2026-08-03T13:58:04.000Z</time>
        <extensions>
          <ns3:TrackPointExtension>
            <ns3:hr>154</ns3:hr>
            <ns3:cad>80</ns3:cad>
          </ns3:TrackPointExtension>
        </extensions>
      </trkpt>
      <trkpt lat="43.8453350029885768890380859375" lon="87.50998592935502529144287109375">
        <ele>827.4000244140625</ele>
        <time>2026-08-03T13:58:06.000Z</time>
        <extensions>
          <ns3:TrackPointExtension>
            <ns3:hr>153</ns3:hr>
            <ns3:cad>80</ns3:cad>
          </ns3:TrackPointExtension>
        </extensions>
      </trkpt>
      <trkpt lat="43.8451682031154632568359375" lon="87.50996061600744724273681640625">
        <ele>828</ele>
        <time>2026-08-03T13:58:14.000Z</time>
        <extensions>
          <ns3:TrackPointExtension>
            <ns3:hr>153</ns3:hr>
            <ns3:cad>80</ns3:cad>
          </ns3:TrackPointExtension>
        </extensions>
      </trkpt>
      <trkpt lat="43.845126964151859283447265625" lon="87.50995575450360774993896484375">
        <ele>828</ele>
        <time>2026-08-03T13:58:16.000Z</time>
        <extensions>
          <ns3:TrackPointExtension>
            <ns3:hr>156</ns3:hr>
            <ns3:cad>80</ns3:cad>
          </ns3:TrackPointExtension>
        </extensions>
      </trkpt>
      <trkpt lat="43.8450979627668857574462890625" lon="87.50995424576103687286376953125">
        <ele>828</ele>
        <time>2026-08-03T13:58:18.000Z</time>
        <extensions>
          <ns3:TrackPointExtension>
            <ns3:hr>153</ns3:hr>
            <ns3:cad>79</ns3:cad>
          </ns3:TrackPointExtension>
        </extensions>
      </trkpt>
      <trkpt lat="43.845048509538173675537109375" lon="87.50996765680611133575439453125">
        <ele>828</ele>
        <time>2026-08-03T13:58:22.000Z</time>
        <extensions>
          <ns3:TrackPointExtension>
            <ns3:hr>153</ns3:hr>
            <ns3:cad>80</ns3:cad>
          </ns3:TrackPointExtension>
        </extensions>
      </trkpt>
      <trkpt lat="43.844964019954204559326171875" lon="87.50999179668724536895751953125">
        <ele>828.20001220703125</ele>
        <time>2026-08-03T13:58:28.000Z</time>
        <extensions>
          <ns3:TrackPointExtension>
            <ns3:hr>156</ns3:hr>
            <ns3:cad>54</ns3:cad>
          </ns3:TrackPointExtension>
        </extensions>
      </trkpt>
      <trkpt lat="43.84493124671280384063720703125" lon="87.5099690817296504974365234375">
        <ele>828.4000244140625</ele>
        <time>2026-08-03T13:58:31.000Z</time>
        <extensions>
          <ns3:TrackPointExtension>
            <ns3:hr>156</ns3:hr>
            <ns3:cad>54</ns3:cad>
          </ns3:TrackPointExtension>
        </extensions>
      </trkpt>
      <trkpt lat="43.8448937796056270599365234375" lon="87.5099551677703857421875">
        <ele>828.4000244140625</ele>
        <time>2026-08-03T13:58:34.000Z</time>
        <extensions>
          <ns3:TrackPointExtension>
            <ns3:hr>156</ns3:hr>
            <ns3:cad>54</ns3:cad>
          </ns3:TrackPointExtension>
        </extensions>
      </trkpt>
      <trkpt lat="43.8448753394186496734619140625" lon="87.50994452275335788726806640625">
        <ele>828.5999755859375</ele>
        <time>2026-08-03T13:58:36.000Z</time>
        <extensions>
          <ns3:TrackPointExtension>
            <ns3:hr>157</ns3:hr>
            <ns3:cad>54</ns3:cad>
          </ns3:TrackPointExtension>
        </extensions>
      </trkpt>
      <trkpt lat="43.8448240421712398529052734375" lon="87.50993714667856693267822265625">
        <ele>828.5999755859375</ele>
        <time>2026-08-03T13:58:41.000Z</time>
        <extensions>
          <ns3:TrackPointExtension>
            <ns3:hr>160</ns3:hr>
            <ns3:cad>54</ns3:cad>
          </ns3:TrackPointExtension>
        </extensions>
      </trkpt>
      <trkpt lat="43.8448153249919414520263671875" lon="87.50993169844150543212890625">
        <ele>828.79998779296875</ele>
        <time>2026-08-03T13:58:42.000Z</time>
        <extensions>
          <ns3:TrackPointExtension>
            <ns3:hr>160</ns3:hr>
            <ns3:cad>54</ns3:cad>
          </ns3:TrackPointExtension>
        </extensions>
      </trkpt>
      <trkpt lat="43.84474332444369792938232421875" lon="87.5099189579486846923828125">
        <ele>829</ele>
        <time>2026-08-03T13:58:48.000Z</time>
        <extensions>
          <ns3:TrackPointExtension>
            <ns3:hr>162</ns3:hr>
            <ns3:cad>54</ns3:cad>
          </ns3:TrackPointExtension>
        </extensions>
      </trkpt>
      <trkpt lat="43.84465330280363559722900390625" lon="87.50991887412965297698974609375">
        <ele>829.4000244140625</ele>
        <time>2026-08-03T13:58:54.000Z</time>
        <extensions>
          <ns3:TrackPointExtension>
            <ns3:hr>162</ns3:hr>
            <ns3:cad>53</ns3:cad>
          </ns3:TrackPointExtension>
        </extensions>
      </trkpt>
      <trkpt lat="43.84452916681766510009765625" lon="87.509909570217132568359375">
        <ele>829.5999755859375</ele>
        <time>2026-08-03T13:58:59.000Z</time>
        <extensions>
          <ns3:TrackPointExtension>
            <ns3:hr>159</ns3:hr>
            <ns3:cad>82</ns3:cad>
          </ns3:TrackPointExtension>
        </extensions>
      </trkpt>
      <trkpt lat="43.8445048592984676361083984375" lon="87.509912587702274322509765625">
        <ele>829.5999755859375</ele>
        <time>2026-08-03T13:59:00.000Z</time>
        <extensions>
          <ns3:TrackPointExtension>
            <ns3:hr>159</ns3:hr>
            <ns3:cad>82</ns3:cad>
          </ns3:TrackPointExtension>
        </extensions>
      </trkpt>
      <trkpt lat="43.84432372637093067169189453125" lon="87.50989439897239208221435546875">
        <ele>829</ele>
        <time>2026-08-03T13:59:07.000Z</time>
        <extensions>
          <ns3:TrackPointExtension>
            <ns3:hr>159</ns3:hr>
            <ns3:cad>82</ns3:cad>
          </ns3:TrackPointExtension>
        </extensions>
      </trkpt>
      <trkpt lat="43.84415944106876850128173828125" lon="87.50988517887890338897705078125">
        <ele>829.4000244140625</ele>
        <time>2026-08-03T14:00:17.000Z</time>
        <extensions>
          <ns3:TrackPointExtension>
            <ns3:hr>116</ns3:hr>
            <ns3:cad>0</ns3:cad>
          </ns3:TrackPointExtension>
        </extensions>
      </trkpt>
      <trkpt lat="43.84413295425474643707275390625" lon="87.50988417305052280426025390625">
        <ele>829.5999755859375</ele>
        <time>2026-08-03T14:00:20.000Z</time>
        <extensions>
          <ns3:TrackPointExtension>
            <ns3:hr>115</ns3:hr>
            <ns3:cad>0</ns3:cad>
          </ns3:TrackPointExtension>
        </extensions>
      </trkpt>
      <trkpt lat="43.84396347217261791229248046875" lon="87.509812675416469573974609375">
        <ele>830</ele>
        <time>2026-08-03T14:00:26.000Z</time>
        <extensions>
          <ns3:TrackPointExtension>
            <ns3:hr>117</ns3:hr>
            <ns3:cad>81</ns3:cad>
          </ns3:TrackPointExtension>
        </extensions>
      </trkpt>
      <trkpt lat="43.84384277276694774627685546875" lon="87.5097642280161380767822265625">
        <ele>830.20001220703125</ele>
        <time>2026-08-03T14:00:31.000Z</time>
        <extensions>
          <ns3:TrackPointExtension>
            <ns3:hr>120</ns3:hr>
            <ns3:cad>81</ns3:cad>
          </ns3:TrackPointExtension>
        </extensions>
      </trkpt>
      <trkpt lat="43.84378083050251007080078125" lon="87.50975274480879306793212890625">
        <ele>830.4000244140625</ele>
        <time>2026-08-03T14:00:34.000Z</time>
        <extensions>
          <ns3:TrackPointExtension>
            <ns3:hr>123</ns3:hr>
            <ns3:cad>82</ns3:cad>
          </ns3:TrackPointExtension>
        </extensions>
      </trkpt>
      <trkpt lat="43.84374797344207763671875" lon="87.5097380764782428741455078125">
        <ele>830.5999755859375</ele>
        <time>2026-08-03T14:00:36.000Z</time>
        <extensions>
          <ns3:TrackPointExtension>
            <ns3:hr>125</ns3:hr>
            <ns3:cad>82</ns3:cad>
          </ns3:TrackPointExtension>
        </extensions>
      </trkpt>
      <trkpt lat="43.84370044805109500885009765625" lon="87.50972407869994640350341796875">
        <ele>830.79998779296875</ele>
        <time>2026-08-03T14:00:39.000Z</time>
        <extensions>
          <ns3:TrackPointExtension>
            <ns3:hr>128</ns3:hr>
            <ns3:cad>82</ns3:cad>
          </ns3:TrackPointExtension>
        </extensions>
      </trkpt>
      <trkpt lat="43.84365770034492015838623046875" lon="87.50971988774836063385009765625">
        <ele>830.79998779296875</ele>
        <time>2026-08-03T14:00:41.000Z</time>
        <extensions>
          <ns3:TrackPointExtension>
            <ns3:hr>131</ns3:hr>
            <ns3:cad>82</ns3:cad>
          </ns3:TrackPointExtension>
        </extensions>
      </trkpt>
      <trkpt lat="43.84358913637697696685791015625" lon="87.5097065605223178863525390625">
        <ele>831.20001220703125</ele>
        <time>2026-08-03T14:00:44.000Z</time>
        <extensions>
          <ns3:TrackPointExtension>
            <ns3:hr>134</ns3:hr>
            <ns3:cad>82</ns3:cad>
          </ns3:TrackPointExtension>
        </extensions>
      </trkpt>
      <trkpt lat="43.84356851689517498016357421875" lon="87.5097032077610492706298828125">
        <ele>831.4000244140625</ele>
        <time>2026-08-03T14:00:45.000Z</time>
        <extensions>
          <ns3:TrackPointExtension>
            <ns3:hr>136</ns3:hr>
            <ns3:cad>82</ns3:cad>
          </ns3:TrackPointExtension>
        </extensions>
      </trkpt>
      <trkpt lat="43.84353029541671276092529296875" lon="87.50969725660979747772216796875">
        <ele>831.5999755859375</ele>
        <time>2026-08-03T14:00:47.000Z</time>
        <extensions>
          <ns3:TrackPointExtension>
            <ns3:hr>139</ns3:hr>
            <ns3:cad>82</ns3:cad>
          </ns3:TrackPointExtension>
        </extensions>
      </trkpt>
      <trkpt lat="43.84349157102406024932861328125" lon="87.50967730768024921417236328125">
        <ele>832</ele>
        <time>2026-08-03T14:00:49.000Z</time>
        <extensions>
          <ns3:TrackPointExtension>
            <ns3:hr>142</ns3:hr>
            <ns3:cad>81</ns3:cad>
          </ns3:TrackPointExtension>
        </extensions>
      </trkpt>
      <trkpt lat="43.84342937730252742767333984375" lon="87.509638331830501556396484375">
        <ele>832.4000244140625</ele>
        <time>2026-08-03T14:00:52.000Z</time>
        <extensions>
          <ns3:TrackPointExtension>
            <ns3:hr>145</ns3:hr>
            <ns3:cad>81</ns3:cad>
          </ns3:TrackPointExtension>
        </extensions>
      </trkpt>
      <trkpt lat="43.843336589634418487548828125" lon="87.5096069835126399993896484375">
        <ele>833.20001220703125</ele>
        <time>2026-08-03T14:00:56.000Z</time>
        <extensions>
          <ns3:TrackPointExtension>
            <ns3:hr>148</ns3:hr>
            <ns3:cad>80</ns3:cad>
          </ns3:TrackPointExtension>
        </extensions>
      </trkpt>
      <trkpt lat="43.84325377643108367919921875" lon="87.50958661548793315887451171875">
        <ele>834</ele>
        <time>2026-08-03T14:00:59.000Z</time>
        <extensions>
          <ns3:TrackPointExtension>
            <ns3:hr>149</ns3:hr>
            <ns3:cad>81</ns3:cad>
          </ns3:TrackPointExtension>
        </extensions>
      </trkpt>
      <trkpt lat="43.843073062598705291748046875" lon="87.50951251946389675140380859375">
        <ele>836</ele>
        <time>2026-08-03T14:01:07.000Z</time>
        <extensions>
          <ns3:TrackPointExtension>
            <ns3:hr>152</ns3:hr>
            <ns3:cad>80</ns3:cad>
          </ns3:TrackPointExtension>
        </extensions>
      </trkpt>
      <trkpt lat="43.8428955338895320892333984375" lon="87.5095005333423614501953125">
        <ele>836</ele>
        <time>2026-08-03T14:01:14.000Z</time>
        <extensions>
          <ns3:TrackPointExtension>
            <ns3:hr>150</ns3:hr>
            <ns3:cad>80</ns3:cad>
          </ns3:TrackPointExtension>
        </extensions>
      </trkpt>
      <trkpt lat="43.8427691347897052764892578125" lon="87.509500198066234588623046875">
        <ele>836</ele>
        <time>2026-08-03T14:01:21.000Z</time>
        <extensions>
          <ns3:TrackPointExtension>
            <ns3:hr>149</ns3:hr>
            <ns3:cad>59</ns3:cad>
          </ns3:TrackPointExtension>
        </extensions>
      </trkpt>
      <trkpt lat="43.8427443243563175201416015625" lon="87.50949927605688571929931640625">
        <ele>835.79998779296875</ele>
        <time>2026-08-03T14:01:23.000Z</time>
        <extensions>
          <ns3:TrackPointExtension>
            <ns3:hr>149</ns3:hr>
            <ns3:cad>55</ns3:cad>
          </ns3:TrackPointExtension>
        </extensions>
      </trkpt>
      <trkpt lat="43.84268422611057758331298828125" lon="87.5095144473016262054443359375">
        <ele>835.5999755859375</ele>
        <time>2026-08-03T14:01:27.000Z</time>
        <extensions>
          <ns3:TrackPointExtension>
            <ns3:hr>149</ns3:hr>
            <ns3:cad>54</ns3:cad>
          </ns3:TrackPointExtension>
        </extensions>
      </trkpt>
      <trkpt lat="43.84260610677301883697509765625" lon="87.50949474982917308807373046875">
        <ele>835.4000244140625</ele>
        <time>2026-08-03T14:01:33.000Z</time>
        <extensions>
          <ns3:TrackPointExtension>
            <ns3:hr>145</ns3:hr>
            <ns3:cad>78</ns3:cad>
          </ns3:TrackPointExtension>
        </extensions>
      </trkpt>
      <trkpt lat="43.84253385476768016815185546875" lon="87.50950120389461517333984375">
        <ele>835</ele>
        <time>2026-08-03T14:01:37.000Z</time>
        <extensions>
          <ns3:TrackPointExtension>
            <ns3:hr>147</ns3:hr>
            <ns3:cad>80</ns3:cad>
          </ns3:TrackPointExtension>
        </extensions>
      </trkpt>
      <trkpt lat="43.8423346169292926788330078125" lon="87.50948083586990833282470703125">
        <ele>835.5999755859375</ele>
        <time>2026-08-03T14:01:45.000Z</time>
        <extensions>
          <ns3:TrackPointExtension>
            <ns3:hr>145</ns3:hr>
            <ns3:cad>81</ns3:cad>
          </ns3:TrackPointExtension>
        </extensions>
      </trkpt>
      <trkpt lat="43.8423098064959049224853515625" lon="87.50948284752666950225830078125">
        <ele>835.5999755859375</ele>
        <time>2026-08-03T14:01:46.000Z</time>
        <extensions>
          <ns3:TrackPointExtension>
            <ns3:hr>145</ns3:hr>
            <ns3:cad>81</ns3:cad>
          </ns3:TrackPointExtension>
        </extensions>
      </trkpt>
      <trkpt lat="43.84213663637638092041015625" lon="87.5094886310398578643798828125">
        <ele>836.5999755859375</ele>
        <time>2026-08-03T14:01:54.000Z</time>
        <extensions>
          <ns3:TrackPointExtension>
            <ns3:hr>145</ns3:hr>
            <ns3:cad>81</ns3:cad>
          </ns3:TrackPointExtension>
        </extensions>
      </trkpt>
      <trkpt lat="43.8419349677860736846923828125" lon="87.50946558080613613128662109375">
        <ele>838.20001220703125</ele>
        <time>2026-08-03T14:02:02.000Z</time>
        <extensions>
          <ns3:TrackPointExtension>
            <ns3:hr>146</ns3:hr>
            <ns3:cad>81</ns3:cad>
          </ns3:TrackPointExtension>
        </extensions>
      </trkpt>
      <trkpt lat="43.84190822951495647430419921875" lon="87.50947304069995880126953125">
        <ele>838.4000244140625</ele>
        <time>2026-08-03T14:02:03.000Z</time>
        <extensions>
          <ns3:TrackPointExtension>
            <ns3:hr>151</ns3:hr>
            <ns3:cad>81</ns3:cad>
          </ns3:TrackPointExtension>
        </extensions>
      </trkpt>
      <trkpt lat="43.84188316762447357177734375" lon="87.50947773456573486328125">
        <ele>838.79998779296875</ele>
        <time>2026-08-03T14:02:04.000Z</time>
        <extensions>
          <ns3:TrackPointExtension>
            <ns3:hr>151</ns3:hr>
            <ns3:cad>81</ns3:cad>
          </ns3:TrackPointExtension>
        </extensions>
      </trkpt>
      <trkpt lat="43.8418591953814029693603515625" lon="87.509484775364398956298828125">
        <ele>839</ele>
        <time>2026-08-03T14:02:05.000Z</time>
        <extensions>
          <ns3:TrackPointExtension>
            <ns3:hr>147</ns3:hr>
            <ns3:cad>80</ns3:cad>
          </ns3:TrackPointExtension>
        </extensions>
      </trkpt>
      <trkpt lat="43.841807059943675994873046875" lon="87.5094862841069698333740234375">
        <ele>839.5999755859375</ele>
        <time>2026-08-03T14:02:07.000Z</time>
        <extensions>
          <ns3:TrackPointExtension>
            <ns3:hr>147</ns3:hr>
            <ns3:cad>81</ns3:cad>
          </ns3:TrackPointExtension>
        </extensions>
      </trkpt>
      <trkpt lat="43.8417793996632099151611328125" lon="87.5094822607934474945068359375">
        <ele>839.79998779296875</ele>
        <time>2026-08-03T14:02:08.000Z</time>
        <extensions>
          <ns3:TrackPointExtension>
            <ns3:hr>147</ns3:hr>
            <ns3:cad>81</ns3:cad>
          </ns3:TrackPointExtension>
        </extensions>
      </trkpt>
      <trkpt lat="43.84160866029560565948486328125" lon="87.50943020917475223541259765625">
        <ele>841.5999755859375</ele>
        <time>2026-08-03T14:02:15.000Z</time>
        <extensions>
          <ns3:TrackPointExtension>
            <ns3:hr>147</ns3:hr>
            <ns3:cad>80</ns3:cad>
          </ns3:TrackPointExtension>
        </extensions>
      </trkpt>
      <trkpt lat="43.841556943953037261962890625" lon="87.5093964301049709320068359375">
        <ele>842</ele>
        <time>2026-08-03T14:02:20.000Z</time>
        <extensions>
          <ns3:TrackPointExtension>
            <ns3:hr>148</ns3:hr>
            <ns3:cad>78</ns3:cad>
          </ns3:TrackPointExtension>
        </extensions>
      </trkpt>
      <trkpt lat="43.84154663421213626861572265625" lon="87.50940187834203243255615234375">
        <ele>842</ele>
        <time>2026-08-03T14:02:21.000Z</time>
        <extensions>
          <ns3:TrackPointExtension>
            <ns3:hr>148</ns3:hr>
            <ns3:cad>54</ns3:cad>
          </ns3:TrackPointExtension>
        </extensions>
      </trkpt>
      <trkpt lat="43.84148209355771541595458984375" lon="87.50939617864787578582763671875">
        <ele>842.79998779296875</ele>
        <time>2026-08-03T14:02:26.000Z</time>
        <extensions>
          <ns3:TrackPointExtension>
            <ns3:hr>146</ns3:hr>
            <ns3:cad>79</ns3:cad>
          </ns3:TrackPointExtension>
        </extensions>
      </trkpt>
      <trkpt lat="43.8413889706134796142578125" lon="87.50937086530029773712158203125">
        <ele>843.5999755859375</ele>
        <time>2026-08-03T14:02:31.000Z</time>
        <extensions>
          <ns3:TrackPointExtension>
            <ns3:hr>143</ns3:hr>
            <ns3:cad>80</ns3:cad>
          </ns3:TrackPointExtension>
        </extensions>
      </trkpt>
      <trkpt lat="43.8413219153881072998046875" lon="87.50934689305722713470458984375">
        <ele>844</ele>
        <time>2026-08-03T14:02:35.000Z</time>
        <extensions>
          <ns3:TrackPointExtension>
            <ns3:hr>141</ns3:hr>
            <ns3:cad>82</ns3:cad>
          </ns3:TrackPointExtension>
        </extensions>
      </trkpt>
      <trkpt lat="43.84116760455071926116943359375" lon="87.50933364965021610260009765625">
        <ele>845</ele>
        <time>2026-08-03T14:02:42.000Z</time>
        <extensions>
          <ns3:TrackPointExtension>
            <ns3:hr>140</ns3:hr>
            <ns3:cad>82</ns3:cad>
          </ns3:TrackPointExtension>
        </extensions>
      </trkpt>
      <trkpt lat="43.8409673608839511871337890625" lon="87.509314455091953277587890625">
        <ele>847</ele>
        <time>2026-08-03T14:02:51.000Z</time>
        <extensions>
          <ns3:TrackPointExtension>
            <ns3:hr>140</ns3:hr>
            <ns3:cad>81</ns3:cad>
          </ns3:TrackPointExtension>
        </extensions>
      </trkpt>
      <trkpt lat="43.840799890458583831787109375" lon="87.50928889028728008270263671875">
        <ele>847.79998779296875</ele>
        <time>2026-08-03T14:02:59.000Z</time>
        <extensions>
          <ns3:TrackPointExtension>
            <ns3:hr>142</ns3:hr>
            <ns3:cad>81</ns3:cad>
          </ns3:TrackPointExtension>
        </extensions>
      </trkpt>
      <trkpt lat="43.8406458310782909393310546875" lon="87.50926877371966838836669921875">
        <ele>847.79998779296875</ele>
        <time>2026-08-03T14:03:07.000Z</time>
        <extensions>
          <ns3:TrackPointExtension>
            <ns3:hr>143</ns3:hr>
            <ns3:cad>82</ns3:cad>
          </ns3:TrackPointExtension>
        </extensions>
      </trkpt>
      <trkpt lat="43.84057785384356975555419921875" lon="87.5092639960348606109619140625">
        <ele>848</ele>
        <time>2026-08-03T14:03:13.000Z</time>
        <extensions>
          <ns3:TrackPointExtension>
            <ns3:hr>142</ns3:hr>
            <ns3:cad>0</ns3:cad>
          </ns3:TrackPointExtension>
        </extensions>
      </trkpt>
      <trkpt lat="43.8405574858188629150390625" lon="87.50925921835005283355712890625">
        <ele>848</ele>
        <time>2026-08-03T14:03:15.000Z</time>
        <extensions>
          <ns3:TrackPointExtension>
            <ns3:hr>141</ns3:hr>
            <ns3:cad>53</ns3:cad>
          </ns3:TrackPointExtension>
        </extensions>
      </trkpt>
      <trkpt lat="43.840482719242572784423828125" lon="87.50924195162951946258544921875">
        <ele>848.20001220703125</ele>
        <time>2026-08-03T14:03:20.000Z</time>
        <extensions>
          <ns3:TrackPointExtension>
            <ns3:hr>139</ns3:hr>
            <ns3:cad>54</ns3:cad>
          </ns3:TrackPointExtension>
        </extensions>
      </trkpt>
      <trkpt lat="43.84034835733473300933837890625" lon="87.50922686420381069183349609375">
        <ele>848.79998779296875</ele>
        <time>2026-08-03T14:03:27.000Z</time>
        <extensions>
          <ns3:TrackPointExtension>
            <ns3:hr>137</ns3:hr>
            <ns3:cad>79</ns3:cad>
          </ns3:TrackPointExtension>
        </extensions>
      </trkpt>
      <trkpt lat="43.840194046497344970703125" lon="87.50920557416975498199462890625">
        <ele>850</ele>
        <time>2026-08-03T14:03:34.000Z</time>
        <extensions>
          <ns3:TrackPointExtension>
            <ns3:hr>136</ns3:hr>
            <ns3:cad>81</ns3:cad>
          </ns3:TrackPointExtension>
        </extensions>
      </trkpt>
      <trkpt lat="43.84001408703625202178955078125" lon="87.5091721303761005401611328125">
        <ele>851.79998779296875</ele>
        <time>2026-08-03T14:03:42.000Z</time>
        <extensions>
          <ns3:TrackPointExtension>
            <ns3:hr>138</ns3:hr>
            <ns3:cad>81</ns3:cad>
          </ns3:TrackPointExtension>
        </extensions>
      </trkpt>
      <trkpt lat="43.8399915397167205810546875" lon="87.50916768796741962432861328125">
        <ele>852</ele>
        <time>2026-08-03T14:03:43.000Z</time>
        <extensions>
          <ns3:TrackPointExtension>
            <ns3:hr>138</ns3:hr>
            <ns3:cad>81</ns3:cad>
          </ns3:TrackPointExtension>
        </extensions>
      </trkpt>
      <trkpt lat="43.83993898518383502960205078125" lon="87.5091704539954662322998046875">
        <ele>852.4000244140625</ele>
        <time>2026-08-03T14:03:46.000Z</time>
        <extensions>
          <ns3:TrackPointExtension>
            <ns3:hr>141</ns3:hr>
            <ns3:cad>82</ns3:cad>
          </ns3:TrackPointExtension>
        </extensions>
      </trkpt>
      <trkpt lat="43.83988584391772747039794921875" lon="87.5091422908008098602294921875">
        <ele>852.5999755859375</ele>
        <time>2026-08-03T14:03:50.000Z</time>
        <extensions>
          <ns3:TrackPointExtension>
            <ns3:hr>138</ns3:hr>
            <ns3:cad>82</ns3:cad>
          </ns3:TrackPointExtension>
        </extensions>
      </trkpt>
      <trkpt lat="43.8398518972098827362060546875" lon="87.509146817028522491455078125">
        <ele>852.79998779296875</ele>
        <time>2026-08-03T14:03:53.000Z</time>
        <extensions>
          <ns3:TrackPointExtension>
            <ns3:hr>141</ns3:hr>
            <ns3:cad>54</ns3:cad>
          </ns3:TrackPointExtension>
        </extensions>
      </trkpt>
      <trkpt lat="43.8397858478128910064697265625" lon="87.509140782058238983154296875">
        <ele>853.4000244140625</ele>
        <time>2026-08-03T14:03:58.000Z</time>
        <extensions>
          <ns3:TrackPointExtension>
            <ns3:hr>139</ns3:hr>
            <ns3:cad>54</ns3:cad>
          </ns3:TrackPointExtension>
        </extensions>
      </trkpt>
      <trkpt lat="43.8397181220352649688720703125" lon="87.50913214869797229766845703125">
        <ele>853.5999755859375</ele>
        <time>2026-08-03T14:04:03.000Z</time>
        <extensions>
          <ns3:TrackPointExtension>
            <ns3:hr>142</ns3:hr>
            <ns3:cad>54</ns3:cad>
          </ns3:TrackPointExtension>
        </extensions>
      </trkpt>
      <trkpt lat="43.83968534879386425018310546875" lon="87.5091325677931308746337890625">
        <ele>853.5999755859375</ele>
        <time>2026-08-03T14:04:06.000Z</time>
        <extensions>
          <ns3:TrackPointExtension>
            <ns3:hr>142</ns3:hr>
            <ns3:cad>54</ns3:cad>
          </ns3:TrackPointExtension>
        </extensions>
      </trkpt>
      <trkpt lat="43.83959381841123104095458984375" lon="87.509103231132030487060546875">
        <ele>853.5999755859375</ele>
        <time>2026-08-03T14:04:11.000Z</time>
        <extensions>
          <ns3:TrackPointExtension>
            <ns3:hr>145</ns3:hr>
            <ns3:cad>56</ns3:cad>
          </ns3:TrackPointExtension>
        </extensions>
      </trkpt>
      <trkpt lat="43.83955006487667560577392578125" lon="87.50909644179046154022216796875">
        <ele>853.5999755859375</ele>
        <time>2026-08-03T14:04:13.000Z</time>
        <extensions>
          <ns3:TrackPointExtension>
            <ns3:hr>145</ns3:hr>
            <ns3:cad>82</ns3:cad>
          </ns3:TrackPointExtension>
        </extensions>
      </trkpt>
      <trkpt lat="43.839381001889705657958984375" lon="87.50907347537577152252197265625">
        <ele>854</ele>
        <time>2026-08-03T14:04:20.000Z</time>
        <extensions>
          <ns3:TrackPointExtension>
            <ns3:hr>149</ns3:hr>
            <ns3:cad>82</ns3:cad>
          </ns3:TrackPointExtension>
        </extensions>
      </trkpt>
      <trkpt lat="43.83932760916650295257568359375" lon="87.50906660221517086029052734375">
        <ele>854.4000244140625</ele>
        <time>2026-08-03T14:04:22.000Z</time>
        <extensions>
          <ns3:TrackPointExtension>
            <ns3:hr>150</ns3:hr>
            <ns3:cad>82</ns3:cad>
          </ns3:TrackPointExtension>
        </extensions>
      </trkpt>
      <trkpt lat="43.8392091728746891021728515625" lon="87.509049586951732635498046875">
        <ele>855.20001220703125</ele>
        <time>2026-08-03T14:04:26.000Z</time>
        <extensions>
          <ns3:TrackPointExtension>
            <ns3:hr>153</ns3:hr>
            <ns3:cad>82</ns3:cad>
          </ns3:TrackPointExtension>
        </extensions>
      </trkpt>
      <trkpt lat="43.83909962140023708343505859375" lon="87.5090353377163410186767578125">
        <ele>855.5999755859375</ele>
        <time>2026-08-03T14:04:30.000Z</time>
        <extensions>
          <ns3:TrackPointExtension>
            <ns3:hr>151</ns3:hr>
            <ns3:cad>82</ns3:cad>
          </ns3:TrackPointExtension>
        </extensions>
      </trkpt>
      <trkpt lat="43.8389664329588413238525390625" lon="87.5090276263654232025146484375">
        <ele>856</ele>
        <time>2026-08-03T14:04:36.000Z</time>
        <extensions>
          <ns3:TrackPointExtension>
            <ns3:hr>154</ns3:hr>
            <ns3:cad>82</ns3:cad>
          </ns3:TrackPointExtension>
        </extensions>
      </trkpt>
      <trkpt lat="43.83894589729607105255126953125" lon="87.5090316496789455413818359375">
        <ele>856</ele>
        <time>2026-08-03T14:04:37.000Z</time>
        <extensions>
          <ns3:TrackPointExtension>
            <ns3:hr>154</ns3:hr>
            <ns3:cad>82</ns3:cad>
          </ns3:TrackPointExtension>
        </extensions>
      </trkpt>
      <trkpt lat="43.83879602886736392974853515625" lon="87.50904145650565624237060546875">
        <ele>856.79998779296875</ele>
        <time>2026-08-03T14:04:43.000Z</time>
        <extensions>
          <ns3:TrackPointExtension>
            <ns3:hr>155</ns3:hr>
            <ns3:cad>79</ns3:cad>
          </ns3:TrackPointExtension>
        </extensions>
      </trkpt>
      <trkpt lat="43.83862788788974285125732421875" lon="87.5090038217604160308837890625">
        <ele>857.79998779296875</ele>
        <time>2026-08-03T14:04:49.000Z</time>
        <extensions>
          <ns3:TrackPointExtension>
            <ns3:hr>159</ns3:hr>
            <ns3:cad>82</ns3:cad>
          </ns3:TrackPointExtension>
        </extensions>
      </trkpt>
      <trkpt lat="43.838554210960865020751953125" lon="87.5089857168495655059814453125">
        <ele>858</ele>
        <time>2026-08-03T14:04:52.000Z</time>
        <extensions>
          <ns3:TrackPointExtension>
            <ns3:hr>162</ns3:hr>
            <ns3:cad>82</ns3:cad>
          </ns3:TrackPointExtension>
        </extensions>
      </trkpt>
      <trkpt lat="43.838512636721134185791015625" lon="87.50896099023520946502685546875">
        <ele>858.20001220703125</ele>
        <time>2026-08-03T14:04:55.000Z</time>
        <extensions>
          <ns3:TrackPointExtension>
            <ns3:hr>165</ns3:hr>
            <ns3:cad>81</ns3:cad>
          </ns3:TrackPointExtension>
        </extensions>
      </trkpt>
      <trkpt lat="43.83846829645335674285888671875" lon="87.5089501775801181793212890625">
        <ele>858.4000244140625</ele>
        <time>2026-08-03T14:04:58.000Z</time>
        <extensions>
          <ns3:TrackPointExtension>
            <ns3:hr>166</ns3:hr>
            <ns3:cad>0</ns3:cad>
          </ns3:TrackPointExtension>
        </extensions>
      </trkpt>
      <trkpt lat="43.8384095393121242523193359375" lon="87.50893366523087024688720703125">
        <ele>858.79998779296875</ele>
        <time>2026-08-03T14:05:04.000Z</time>
        <extensions>
          <ns3:TrackPointExtension>
            <ns3:hr>163</ns3:hr>
            <ns3:cad>56</ns3:cad>
          </ns3:TrackPointExtension>
        </extensions>
      </trkpt>
      <trkpt lat="43.8383875787258148193359375" lon="87.50893970020115375518798828125">
        <ele>858.79998779296875</ele>
        <time>2026-08-03T14:05:06.000Z</time>
        <extensions>
          <ns3:TrackPointExtension>
            <ns3:hr>163</ns3:hr>
            <ns3:cad>56</ns3:cad>
          </ns3:TrackPointExtension>
        </extensions>
      </trkpt>
      <trkpt lat="43.83832798339426517486572265625" lon="87.5089444778859615325927734375">
        <ele>859</ele>
        <time>2026-08-03T14:05:13.000Z</time>
        <extensions>
          <ns3:TrackPointExtension>
            <ns3:hr>163</ns3:hr>
            <ns3:cad>54</ns3:cad>
          </ns3:TrackPointExtension>
        </extensions>
      </trkpt>
      <trkpt lat="43.83823779411613941192626953125" lon="87.5089414604008197784423828125">
        <ele>858.5999755859375</ele>
        <time>2026-08-03T14:05:20.000Z</time>
        <extensions>
          <ns3:TrackPointExtension>
            <ns3:hr>165</ns3:hr>
            <ns3:cad>54</ns3:cad>
          </ns3:TrackPointExtension>
        </extensions>
      </trkpt>
      <trkpt lat="43.838163949549198150634765625" lon="87.50892276875674724578857421875">
        <ele>858.4000244140625</ele>
        <time>2026-08-03T14:05:27.000Z</time>
        <extensions>
          <ns3:TrackPointExtension>
            <ns3:hr>162</ns3:hr>
            <ns3:cad>53</ns3:cad>
          </ns3:TrackPointExtension>
        </extensions>
      </trkpt>
      <trkpt lat="43.83811424486339092254638671875" lon="87.50892511568963527679443359375">
        <ele>858.20001220703125</ele>
        <time>2026-08-03T14:05:31.000Z</time>
        <extensions>
          <ns3:TrackPointExtension>
            <ns3:hr>159</ns3:hr>
            <ns3:cad>52</ns3:cad>
          </ns3:TrackPointExtension>
        </extensions>
      </trkpt>
      <trkpt lat="43.83808574639260768890380859375" lon="87.50892813317477703094482421875">
        <ele>858.20001220703125</ele>
        <time>2026-08-03T14:05:33.000Z</time>
        <extensions>
          <ns3:TrackPointExtension>
            <ns3:hr>156</ns3:hr>
            <ns3:cad>52</ns3:cad>
          </ns3:TrackPointExtension>
        </extensions>
      </trkpt>
      <trkpt lat="43.83805071003735065460205078125" lon="87.50890851952135562896728515625">
        <ele>858.20001220703125</ele>
        <time>2026-08-03T14:05:35.000Z</time>
        <extensions>
          <ns3:TrackPointExtension>
            <ns3:hr>153</ns3:hr>
            <ns3:cad>52</ns3:cad>
          </ns3:TrackPointExtension>
        </extensions>
      </trkpt>
      <trkpt lat="43.83801248855888843536376953125" lon="87.50889779068529605865478515625">
        <ele>858.4000244140625</ele>
        <time>2026-08-03T14:05:37.000Z</time>
        <extensions>
          <ns3:TrackPointExtension>
            <ns3:hr>152</ns3:hr>
            <ns3:cad>72</ns3:cad>
          </ns3:TrackPointExtension>
        </extensions>
      </trkpt>
      <trkpt lat="43.837884329259395599365234375" lon="87.50886610709130764007568359375">
        <ele>858.79998779296875</ele>
        <time>2026-08-03T14:05:43.000Z</time>
        <extensions>
          <ns3:TrackPointExtension>
            <ns3:hr>149</ns3:hr>
            <ns3:cad>81</ns3:cad>
          </ns3:TrackPointExtension>
        </extensions>
      </trkpt>
      <trkpt lat="43.83786563761532306671142578125" lon="87.50886191613972187042236328125">
        <ele>859</ele>
        <time>2026-08-03T14:05:44.000Z</time>
        <extensions>
          <ns3:TrackPointExtension>
            <ns3:hr>149</ns3:hr>
            <ns3:cad>81</ns3:cad>
          </ns3:TrackPointExtension>
        </extensions>
      </trkpt>
      <trkpt lat="43.837673775851726531982421875" lon="87.50883978791534900665283203125">
        <ele>859.79998779296875</ele>
        <time>2026-08-03T14:05:52.000Z</time>
        <extensions>
          <ns3:TrackPointExtension>
            <ns3:hr>149</ns3:hr>
            <ns3:cad>81</ns3:cad>
          </ns3:TrackPointExtension>
        </extensions>
      </trkpt>
      <trkpt lat="43.83755684830248355865478515625" lon="87.50884314067661762237548828125">
        <ele>861.5999755859375</ele>
        <time>2026-08-03T14:05:59.000Z</time>
        <extensions>
          <ns3:TrackPointExtension>
            <ns3:hr>152</ns3:hr>
            <ns3:cad>82</ns3:cad>
          </ns3:TrackPointExtension>
        </extensions>
      </trkpt>
      <trkpt lat="43.83752994239330291748046875" lon="87.50885303132236003875732421875">
        <ele>862</ele>
        <time>2026-08-03T14:06:02.000Z</time>
        <extensions>
          <ns3:TrackPointExtension>
            <ns3:hr>155</ns3:hr>
            <ns3:cad>82</ns3:cad>
          </ns3:TrackPointExtension>
        </extensions>
      </trkpt>
      <trkpt lat="43.83749968372285366058349609375" lon="87.50885613262653350830078125">
        <ele>862.4000244140625</ele>
        <time>2026-08-03T14:06:06.000Z</time>
        <extensions>
          <ns3:TrackPointExtension>
            <ns3:hr>155</ns3:hr>
            <ns3:cad>54</ns3:cad>
          </ns3:TrackPointExtension>
        </extensions>
      </trkpt>
      <trkpt lat="43.8374878652393817901611328125" lon="87.50885085202753543853759765625">
        <ele>862.5999755859375</ele>
        <time>2026-08-03T14:06:37.000Z</time>
        <extensions>
          <ns3:TrackPointExtension>
            <ns3:hr>136</ns3:hr>
            <ns3:cad>0</ns3:cad>
          </ns3:TrackPointExtension>
        </extensions>
      </trkpt>
      <trkpt lat="43.8374875299632549285888671875" lon="87.5088509358465671539306640625">
        <ele>862.5999755859375</ele>
        <time>2026-08-03T14:06:38.000Z</time>
        <extensions>
          <ns3:TrackPointExtension>
            <ns3:hr>136</ns3:hr>
            <ns3:cad>0</ns3:cad>
          </ns3:TrackPointExtension>
        </extensions>
      </trkpt>
      <trkpt lat="43.837453834712505340576171875" lon="87.50884649343788623809814453125">
        <ele>863</ele>
        <time>2026-08-03T14:06:41.000Z</time>
        <extensions>
          <ns3:TrackPointExtension>
            <ns3:hr>135</ns3:hr>
            <ns3:cad>0</ns3:cad>
          </ns3:TrackPointExtension>
        </extensions>
      </trkpt>
      <trkpt lat="43.837274797260761260986328125" lon="87.5087932683527469635009765625">
        <ele>864.5999755859375</ele>
        <time>2026-08-03T14:06:47.000Z</time>
        <extensions>
          <ns3:TrackPointExtension>
            <ns3:hr>135</ns3:hr>
            <ns3:cad>81</ns3:cad>
          </ns3:TrackPointExtension>
        </extensions>
      </trkpt>
      <trkpt lat="43.83724705316126346588134765625" lon="87.508780695497989654541015625">
        <ele>864.79998779296875</ele>
        <time>2026-08-03T14:06:48.000Z</time>
        <extensions>
          <ns3:TrackPointExtension>
            <ns3:hr>135</ns3:hr>
            <ns3:cad>82</ns3:cad>
          </ns3:TrackPointExtension>
        </extensions>
      </trkpt>
      <trkpt lat="43.8370692729949951171875" lon="87.5087543763220310211181640625">
        <ele>867.20001220703125</ele>
        <time>2026-08-03T14:06:55.000Z</time>
        <extensions>
          <ns3:TrackPointExtension>
            <ns3:hr>137</ns3:hr>
            <ns3:cad>81</ns3:cad>
          </ns3:TrackPointExtension>
        </extensions>
      </trkpt>
      <trkpt lat="43.83696801960468292236328125" lon="87.5087493471801280975341796875">
        <ele>869</ele>
        <time>2026-08-03T14:06:59.000Z</time>
        <extensions>
          <ns3:TrackPointExtension>
            <ns3:hr>140</ns3:hr>
            <ns3:cad>81</ns3:cad>
          </ns3:TrackPointExtension>
        </extensions>
      </trkpt>
      <trkpt lat="43.836889229714870452880859375" lon="87.5087459944188594818115234375">
        <ele>869.5999755859375</ele>
        <time>2026-08-03T14:07:02.000Z</time>
        <extensions>
          <ns3:TrackPointExtension>
            <ns3:hr>145</ns3:hr>
            <ns3:cad>81</ns3:cad>
          </ns3:TrackPointExtension>
        </extensions>
      </trkpt>
      <trkpt lat="43.83683885447680950164794921875" lon="87.5087493471801280975341796875">
        <ele>869.79998779296875</ele>
        <time>2026-08-03T14:07:04.000Z</time>
        <extensions>
          <ns3:TrackPointExtension>
            <ns3:hr>143</ns3:hr>
            <ns3:cad>81</ns3:cad>
          </ns3:TrackPointExtension>
        </extensions>
      </trkpt>
      <trkpt lat="43.83671597577631473541259765625" lon="87.5087275542318820953369140625">
        <ele>870</ele>
        <time>2026-08-03T14:07:09.000Z</time>
        <extensions>
          <ns3:TrackPointExtension>
            <ns3:hr>146</ns3:hr>
            <ns3:cad>82</ns3:cad>
          </ns3:TrackPointExtension>
        </extensions>
      </trkpt>
      <trkpt lat="43.83667171932756900787353515625" lon="87.50871959142386913299560546875">
        <ele>870.20001220703125</ele>
        <time>2026-08-03T14:07:11.000Z</time>
        <extensions>
          <ns3:TrackPointExtension>
            <ns3:hr>146</ns3:hr>
            <ns3:cad>82</ns3:cad>
          </ns3:TrackPointExtension>
        </extensions>
      </trkpt>
      <trkpt lat="43.83658002130687236785888671875" lon="87.50869444571435451507568359375">
        <ele>869.20001220703125</ele>
        <time>2026-08-03T14:07:16.000Z</time>
        <extensions>
          <ns3:TrackPointExtension>
            <ns3:hr>149</ns3:hr>
            <ns3:cad>82</ns3:cad>
          </ns3:TrackPointExtension>
        </extensions>
      </trkpt>
      <trkpt lat="43.83655227720737457275390625" lon="87.50870483927428722381591796875">
        <ele>868.79998779296875</ele>
        <time>2026-08-03T14:07:19.000Z</time>
        <extensions>
          <ns3:TrackPointExtension>
            <ns3:hr>150</ns3:hr>
            <ns3:cad>58</ns3:cad>
          </ns3:TrackPointExtension>
        </extensions>
      </trkpt>
      <trkpt lat="43.8365239463746547698974609375" lon="87.50866930000483989715576171875">
        <ele>868.4000244140625</ele>
        <time>2026-08-03T14:07:23.000Z</time>
        <extensions>
          <ns3:TrackPointExtension>
            <ns3:hr>153</ns3:hr>
            <ns3:cad>55</ns3:cad>
          </ns3:TrackPointExtension>
        </extensions>
      </trkpt>
      <trkpt lat="43.8364716432988643646240234375" lon="87.5086457468569278717041015625">
        <ele>867.79998779296875</ele>
        <time>2026-08-03T14:07:27.000Z</time>
        <extensions>
          <ns3:TrackPointExtension>
            <ns3:hr>152</ns3:hr>
            <ns3:cad>54</ns3:cad>
          </ns3:TrackPointExtension>
        </extensions>
      </trkpt>
      <trkpt lat="43.836363852024078369140625" lon="87.508664019405841827392578125">
        <ele>867</ele>
        <time>2026-08-03T14:07:36.000Z</time>
        <extensions>
          <ns3:TrackPointExtension>
            <ns3:hr>152</ns3:hr>
            <ns3:cad>55</ns3:cad>
          </ns3:TrackPointExtension>
        </extensions>
      </trkpt>
      <trkpt lat="43.83620652370154857635498046875" lon="87.5086212716996669769287109375">
        <ele>867</ele>
        <time>2026-08-03T14:07:44.000Z</time>
        <extensions>
          <ns3:TrackPointExtension>
            <ns3:hr>150</ns3:hr>
            <ns3:cad>80</ns3:cad>
          </ns3:TrackPointExtension>
        </extensions>
      </trkpt>
      <trkpt lat="43.83602480404078960418701171875" lon="87.5086031667888164520263671875">
        <ele>867.4000244140625</ele>
        <time>2026-08-03T14:07:52.000Z</time>
        <extensions>
          <ns3:TrackPointExtension>
            <ns3:hr>150</ns3:hr>
            <ns3:cad>81</ns3:cad>
          </ns3:TrackPointExtension>
        </extensions>
      </trkpt>
      <trkpt lat="43.83600150234997272491455078125" lon="87.50859587453305721282958984375">
        <ele>867.4000244140625</ele>
        <time>2026-08-03T14:07:53.000Z</time>
        <extensions>
          <ns3:TrackPointExtension>
            <ns3:hr>150</ns3:hr>
            <ns3:cad>81</ns3:cad>
          </ns3:TrackPointExtension>
        </extensions>
      </trkpt>
      <trkpt lat="43.8358269073069095611572265625" lon="87.50857106409966945648193359375">
        <ele>868</ele>
        <time>2026-08-03T14:08:01.000Z</time>
        <extensions>
          <ns3:TrackPointExtension>
            <ns3:hr>152</ns3:hr>
            <ns3:cad>82</ns3:cad>
          </ns3:TrackPointExtension>
        </extensions>
      </trkpt>
      <trkpt lat="43.83575373329222202301025390625" lon="87.50856083817780017852783203125">
        <ele>868.20001220703125</ele>
        <time>2026-08-03T14:08:07.000Z</time>
        <extensions>
          <ns3:TrackPointExtension>
            <ns3:hr>155</ns3:hr>
            <ns3:cad>40</ns3:cad>
          </ns3:TrackPointExtension>
        </extensions>
      </trkpt>
      <trkpt lat="43.83562020957469940185546875" lon="87.5085537135601043701171875">
        <ele>868.79998779296875</ele>
        <time>2026-08-03T14:08:19.000Z</time>
        <extensions>
          <ns3:TrackPointExtension>
            <ns3:hr>156</ns3:hr>
            <ns3:cad>55</ns3:cad>
          </ns3:TrackPointExtension>
        </extensions>
      </trkpt>
      <trkpt lat="43.8355202972888946533203125" lon="87.50854424200952053070068359375">
        <ele>869.20001220703125</ele>
        <time>2026-08-03T14:08:27.000Z</time>
        <extensions>
          <ns3:TrackPointExtension>
            <ns3:hr>153</ns3:hr>
            <ns3:cad>54</ns3:cad>
          </ns3:TrackPointExtension>
        </extensions>
      </trkpt>
      <trkpt lat="43.83548534475266933441162109375" lon="87.50853770412504673004150390625">
        <ele>869.20001220703125</ele>
        <time>2026-08-03T14:08:30.000Z</time>
        <extensions>
          <ns3:TrackPointExtension>
            <ns3:hr>151</ns3:hr>
            <ns3:cad>54</ns3:cad>
          </ns3:TrackPointExtension>
        </extensions>
      </trkpt>
      <trkpt lat="43.835444860160350799560546875" lon="87.50853686593472957611083984375">
        <ele>869.4000244140625</ele>
        <time>2026-08-03T14:08:33.000Z</time>
        <extensions>
          <ns3:TrackPointExtension>
            <ns3:hr>148</ns3:hr>
            <ns3:cad>55</ns3:cad>
          </ns3:TrackPointExtension>
        </extensions>
      </trkpt>
      <trkpt lat="43.83541258983314037322998046875" lon="87.508534602820873260498046875">
        <ele>869.5999755859375</ele>
        <time>2026-08-03T14:08:35.000Z</time>
        <extensions>
          <ns3:TrackPointExtension>
            <ns3:hr>145</ns3:hr>
            <ns3:cad>55</ns3:cad>
          </ns3:TrackPointExtension>
        </extensions>
      </trkpt>
      <trkpt lat="43.83535073138773441314697265625" lon="87.508529908955097198486328125">
        <ele>870</ele>
        <time>2026-08-03T14:08:38.000Z</time>
        <extensions>
          <ns3:TrackPointExtension>
            <ns3:hr>144</ns3:hr>
            <ns3:cad>0</ns3:cad>
          </ns3:TrackPointExtension>
        </extensions>
      </trkpt>
      <trkpt lat="43.8351654075086116790771484375" lon="87.50848473049700260162353515625">
        <ele>871.5999755859375</ele>
        <time>2026-08-03T14:08:46.000Z</time>
        <extensions>
          <ns3:TrackPointExtension>
            <ns3:hr>142</ns3:hr>
            <ns3:cad>81</ns3:cad>
          </ns3:TrackPointExtension>
        </extensions>
      </trkpt>
      <trkpt lat="43.835078068077564239501953125" lon="87.50845790840685367584228515625">
        <ele>872.4000244140625</ele>
        <time>2026-08-03T14:08:50.000Z</time>
        <extensions>
          <ns3:TrackPointExtension>
            <ns3:hr>145</ns3:hr>
            <ns3:cad>80</ns3:cad>
          </ns3:TrackPointExtension>
        </extensions>
      </trkpt>
      <trkpt lat="43.8349830172955989837646484375" lon="87.50843041576445102691650390625">
        <ele>873.4000244140625</ele>
        <time>2026-08-03T14:08:54.000Z</time>
        <extensions>
          <ns3:TrackPointExtension>
            <ns3:hr>148</ns3:hr>
            <ns3:cad>81</ns3:cad>
          </ns3:TrackPointExtension>
        </extensions>
      </trkpt>
      <trkpt lat="43.8349142856895923614501953125" lon="87.5084194354712963104248046875">
        <ele>873.79998779296875</ele>
        <time>2026-08-03T14:08:57.000Z</time>
        <extensions>
          <ns3:TrackPointExtension>
            <ns3:hr>148</ns3:hr>
            <ns3:cad>81</ns3:cad>
          </ns3:TrackPointExtension>
        </extensions>
      </trkpt>
      <trkpt lat="43.8348009623587131500244140625" lon="87.50840459950268268585205078125">
        <ele>874.5999755859375</ele>
        <time>2026-08-03T14:09:02.000Z</time>
        <extensions>
          <ns3:TrackPointExtension>
            <ns3:hr>151</ns3:hr>
            <ns3:cad>81</ns3:cad>
          </ns3:TrackPointExtension>
        </extensions>
      </trkpt>
      <trkpt lat="43.83473197929561138153076171875" lon="87.50840828754007816314697265625">
        <ele>875</ele>
        <time>2026-08-03T14:09:05.000Z</time>
        <extensions>
          <ns3:TrackPointExtension>
            <ns3:hr>154</ns3:hr>
            <ns3:cad>79</ns3:cad>
          </ns3:TrackPointExtension>
        </extensions>
      </trkpt>
      <trkpt lat="43.83469660766422748565673828125" lon="87.508412897586822509765625">
        <ele>875.20001220703125</ele>
        <time>2026-08-03T14:09:07.000Z</time>
        <extensions>
          <ns3:TrackPointExtension>
            <ns3:hr>154</ns3:hr>
            <ns3:cad>79</ns3:cad>
          </ns3:TrackPointExtension>
        </extensions>
      </trkpt>
      <trkpt lat="43.8346450589597225189208984375" lon="87.508406527340412139892578125">
        <ele>875</ele>
        <time>2026-08-03T14:09:12.000Z</time>
        <extensions>
          <ns3:TrackPointExtension>
            <ns3:hr>156</ns3:hr>
            <ns3:cad>80</ns3:cad>
          </ns3:TrackPointExtension>
        </extensions>
      </trkpt>
      <trkpt lat="43.83456744253635406494140625" lon="87.508380375802516937255859375">
        <ele>875</ele>
        <time>2026-08-03T14:09:19.000Z</time>
        <extensions>
          <ns3:TrackPointExtension>
            <ns3:hr>157</ns3:hr>
            <ns3:cad>56</ns3:cad>
          </ns3:TrackPointExtension>
        </extensions>
      </trkpt>
      <trkpt lat="43.83451807312667369842529296875" lon="87.5083691440522670745849609375">
        <ele>875</ele>
        <time>2026-08-03T14:09:22.000Z</time>
        <extensions>
          <ns3:TrackPointExtension>
            <ns3:hr>157</ns3:hr>
            <ns3:cad>56</ns3:cad>
          </ns3:TrackPointExtension>
        </extensions>
      </trkpt>
      <trkpt lat="43.83438899181783199310302734375" lon="87.5083632767200469970703125">
        <ele>875</ele>
        <time>2026-08-03T14:09:27.000Z</time>
        <extensions>
          <ns3:TrackPointExtension>
            <ns3:hr>155</ns3:hr>
            <ns3:cad>80</ns3:cad>
          </ns3:TrackPointExtension>
        </extensions>
      </trkpt>
      <trkpt lat="43.83425639010965824127197265625" lon="87.50834039412438869476318359375">
        <ele>875.20001220703125</ele>
        <time>2026-08-03T14:09:33.000Z</time>
        <extensions>
          <ns3:TrackPointExtension>
            <ns3:hr>152</ns3:hr>
            <ns3:cad>80</ns3:cad>
          </ns3:TrackPointExtension>
        </extensions>
      </trkpt>
      <trkpt lat="43.834208361804485321044921875" lon="87.508336789906024932861328125">
        <ele>875.20001220703125</ele>
        <time>2026-08-03T14:09:35.000Z</time>
        <extensions>
          <ns3:TrackPointExtension>
            <ns3:hr>152</ns3:hr>
            <ns3:cad>81</ns3:cad>
          </ns3:TrackPointExtension>
        </extensions>
      </trkpt>
      <trkpt lat="43.83409948088228702545166015625" lon="87.50834307633340358734130859375">
        <ele>875.5999755859375</ele>
        <time>2026-08-03T14:09:40.000Z</time>
        <extensions>
          <ns3:TrackPointExtension>
            <ns3:hr>155</ns3:hr>
            <ns3:cad>81</ns3:cad>
          </ns3:TrackPointExtension>
        </extensions>
      </trkpt>
      <trkpt lat="43.83407265879213809967041015625" lon="87.508348524570465087890625">
        <ele>876</ele>
        <time>2026-08-03T14:09:42.000Z</time>
        <extensions>
          <ns3:TrackPointExtension>
            <ns3:hr>155</ns3:hr>
            <ns3:cad>80</ns3:cad>
          </ns3:TrackPointExtension>
        </extensions>
      </trkpt>
      <trkpt lat="43.83400057442486286163330078125" lon="87.50834726728498935699462890625">
        <ele>876.5999755859375</ele>
        <time>2026-08-03T14:09:48.000Z</time>
        <extensions>
          <ns3:TrackPointExtension>
            <ns3:hr>157</ns3:hr>
            <ns3:cad>80</ns3:cad>
          </ns3:TrackPointExtension>
        </extensions>
      </trkpt>
      <trkpt lat="43.8339389674365520477294921875" lon="87.5083445012569427490234375">
        <ele>877.4000244140625</ele>
        <time>2026-08-03T14:09:52.000Z</time>
        <extensions>
          <ns3:TrackPointExtension>
            <ns3:hr>154</ns3:hr>
            <ns3:cad>0</ns3:cad>
          </ns3:TrackPointExtension>
        </extensions>
      </trkpt>
      <trkpt lat="43.83388674817979335784912109375" lon="87.50828390009701251983642578125">
        <ele>877.5999755859375</ele>
        <time>2026-08-03T14:10:29.000Z</time>
        <extensions>
          <ns3:TrackPointExtension>
            <ns3:hr>148</ns3:hr>
            <ns3:cad>0</ns3:cad>
          </ns3:TrackPointExtension>
        </extensions>
      </trkpt>
      <trkpt lat="43.83388616144657135009765625" lon="87.50828390009701251983642578125">
        <ele>877.5999755859375</ele>
        <time>2026-08-03T14:10:30.000Z</time>
        <extensions>
          <ns3:TrackPointExtension>
            <ns3:hr>148</ns3:hr>
            <ns3:cad>0</ns3:cad>
          </ns3:TrackPointExtension>
        </extensions>
      </trkpt>
      <trkpt lat="43.8338538073003292083740234375" lon="87.50826361589133739471435546875">
        <ele>878</ele>
        <time>2026-08-03T14:10:33.000Z</time>
        <extensions>
          <ns3:TrackPointExtension>
            <ns3:hr>145</ns3:hr>
            <ns3:cad>0</ns3:cad>
          </ns3:TrackPointExtension>
        </extensions>
      </trkpt>
      <trkpt lat="43.83382019586861133575439453125" lon="87.50825808383524417877197265625">
        <ele>878.4000244140625</ele>
        <time>2026-08-03T14:10:34.000Z</time>
        <extensions>
          <ns3:TrackPointExtension>
            <ns3:hr>143</ns3:hr>
            <ns3:cad>0</ns3:cad>
          </ns3:TrackPointExtension>
        </extensions>
      </trkpt>
      <trkpt lat="43.83361500687897205352783203125" lon="87.5082196108996868133544921875">
        <ele>880.79998779296875</ele>
        <time>2026-08-03T14:10:40.000Z</time>
        <extensions>
          <ns3:TrackPointExtension>
            <ns3:hr>144</ns3:hr>
            <ns3:cad>81</ns3:cad>
          </ns3:TrackPointExtension>
        </extensions>
      </trkpt>
      <trkpt lat="43.83358416147530078887939453125" lon="87.5082118995487689971923828125">
        <ele>880.79998779296875</ele>
        <time>2026-08-03T14:10:41.000Z</time>
        <extensions>
          <ns3:TrackPointExtension>
            <ns3:hr>143</ns3:hr>
            <ns3:cad>81</ns3:cad>
          </ns3:TrackPointExtension>
        </extensions>
      </trkpt>
      <trkpt lat="43.83340026251971721649169921875" lon="87.5081639550626277923583984375">
        <ele>881.20001220703125</ele>
        <time>2026-08-03T14:10:49.000Z</time>
        <extensions>
          <ns3:TrackPointExtension>
            <ns3:hr>146</ns3:hr>
            <ns3:cad>82</ns3:cad>
          </ns3:TrackPointExtension>
        </extensions>
      </trkpt>
      <trkpt lat="43.8333599455654621124267578125" lon="87.50815666280686855316162109375">
        <ele>881.4000244140625</ele>
        <time>2026-08-03T14:10:51.000Z</time>
        <extensions>
          <ns3:TrackPointExtension>
            <ns3:hr>146</ns3:hr>
            <ns3:cad>82</ns3:cad>
          </ns3:TrackPointExtension>
        </extensions>
      </trkpt>
      <trkpt lat="43.8332513161003589630126953125" lon="87.5081471912562847137451171875">
        <ele>881.4000244140625</ele>
        <time>2026-08-03T14:10:56.000Z</time>
        <extensions>
          <ns3:TrackPointExtension>
            <ns3:hr>150</ns3:hr>
            <ns3:cad>82</ns3:cad>
          </ns3:TrackPointExtension>
        </extensions>
      </trkpt>
      <trkpt lat="43.83314696140587329864501953125" lon="87.5081435032188892364501953125">
        <ele>881.4000244140625</ele>
        <time>2026-08-03T14:11:00.000Z</time>
        <extensions>
          <ns3:TrackPointExtension>
            <ns3:hr>153</ns3:hr>
            <ns3:cad>82</ns3:cad>
          </ns3:TrackPointExtension>
        </extensions>
      </trkpt>
      <trkpt lat="43.83295945823192596435546875" lon="87.50812120735645294189453125">
        <ele>882</ele>
        <time>2026-08-03T14:11:08.000Z</time>
        <extensions>
          <ns3:TrackPointExtension>
            <ns3:hr>153</ns3:hr>
            <ns3:cad>81</ns3:cad>
          </ns3:TrackPointExtension>
        </extensions>
      </trkpt>
      <trkpt lat="43.8329026289284229278564453125" lon="87.508126907050609588623046875">
        <ele>882.4000244140625</ele>
        <time>2026-08-03T14:11:10.000Z</time>
        <extensions>
          <ns3:TrackPointExtension>
            <ns3:hr>153</ns3:hr>
            <ns3:cad>81</ns3:cad>
          </ns3:TrackPointExtension>
        </extensions>
      </trkpt>
      <trkpt lat="43.83283833973109722137451171875" lon="87.50811693258583545684814453125">
        <ele>882.79998779296875</ele>
        <time>2026-08-03T14:11:12.000Z</time>
        <extensions>
          <ns3:TrackPointExtension>
            <ns3:hr>154</ns3:hr>
            <ns3:cad>82</ns3:cad>
          </ns3:TrackPointExtension>
        </extensions>
      </trkpt>
      <trkpt lat="43.83273423649370670318603515625" lon="87.50810201279819011688232421875">
        <ele>883.20001220703125</ele>
        <time>2026-08-03T14:11:17.000Z</time>
        <extensions>
          <ns3:TrackPointExtension>
            <ns3:hr>156</ns3:hr>
            <ns3:cad>82</ns3:cad>
          </ns3:TrackPointExtension>
        </extensions>
      </trkpt>
      <trkpt lat="43.8326521776616573333740234375" lon="87.50808726064860820770263671875">
        <ele>883.4000244140625</ele>
        <time>2026-08-03T14:11:22.000Z</time>
        <extensions>
          <ns3:TrackPointExtension>
            <ns3:hr>158</ns3:hr>
            <ns3:cad>0</ns3:cad>
          </ns3:TrackPointExtension>
        </extensions>
      </trkpt>
      <trkpt lat="43.832498453557491302490234375" lon="87.508071921765804290771484375">
        <ele>884</ele>
        <time>2026-08-03T14:11:28.000Z</time>
        <extensions>
          <ns3:TrackPointExtension>
            <ns3:hr>161</ns3:hr>
            <ns3:cad>82</ns3:cad>
          </ns3:TrackPointExtension>
        </extensions>
      </trkpt>
      <trkpt lat="43.832426704466342926025390625" lon="87.50806177966296672821044921875">
        <ele>884.20001220703125</ele>
        <time>2026-08-03T14:11:31.000Z</time>
        <extensions>
          <ns3:TrackPointExtension>
            <ns3:hr>160</ns3:hr>
            <ns3:cad>82</ns3:cad>
          </ns3:TrackPointExtension>
        </extensions>
      </trkpt>
      <trkpt lat="43.832236938178539276123046875" lon="87.508046440780162811279296875">
        <ele>885</ele>
        <time>2026-08-03T14:11:39.000Z</time>
        <extensions>
          <ns3:TrackPointExtension>
            <ns3:hr>159</ns3:hr>
            <ns3:cad>82</ns3:cad>
          </ns3:TrackPointExtension>
        </extensions>
      </trkpt>
      <trkpt lat="43.8321884907782077789306640625" lon="87.50803797505795955657958984375">
        <ele>885</ele>
        <time>2026-08-03T14:11:41.000Z</time>
        <extensions>
          <ns3:TrackPointExtension>
            <ns3:hr>159</ns3:hr>
            <ns3:cad>82</ns3:cad>
          </ns3:TrackPointExtension>
        </extensions>
      </trkpt>
      <trkpt lat="43.83211950771510601043701171875" lon="87.5080311857163906097412109375">
        <ele>885</ele>
        <time>2026-08-03T14:11:44.000Z</time>
        <extensions>
          <ns3:TrackPointExtension>
            <ns3:hr>162</ns3:hr>
            <ns3:cad>79</ns3:cad>
          </ns3:TrackPointExtension>
        </extensions>
      </trkpt>
      <trkpt lat="43.83194365538656711578369140625" lon="87.508016936480998992919921875">
        <ele>885</ele>
        <time>2026-08-03T14:11:52.000Z</time>
        <extensions>
          <ns3:TrackPointExtension>
            <ns3:hr>163</ns3:hr>
            <ns3:cad>82</ns3:cad>
          </ns3:TrackPointExtension>
        </extensions>
      </trkpt>
      <trkpt lat="43.83187006227672100067138671875" lon="87.50796698033809661865234375">
        <ele>885.20001220703125</ele>
        <time>2026-08-03T14:11:58.000Z</time>
        <extensions>
          <ns3:TrackPointExtension>
            <ns3:hr>164</ns3:hr>
            <ns3:cad>57</ns3:cad>
          </ns3:TrackPointExtension>
        </extensions>
      </trkpt>
      <trkpt lat="43.831830583512783050537109375" lon="87.50790939666330814361572265625">
        <ele>885.4000244140625</ele>
        <time>2026-08-03T14:12:03.000Z</time>
        <extensions>
          <ns3:TrackPointExtension>
            <ns3:hr>162</ns3:hr>
            <ns3:cad>0</ns3:cad>
          </ns3:TrackPointExtension>
        </extensions>
      </trkpt>
      <trkpt lat="43.83180610835552215576171875" lon="87.50786262564361095428466796875">
        <ele>885.4000244140625</ele>
        <time>2026-08-03T14:12:05.000Z</time>
        <extensions>
          <ns3:TrackPointExtension>
            <ns3:hr>162</ns3:hr>
            <ns3:cad>0</ns3:cad>
          </ns3:TrackPointExtension>
        </extensions>
      </trkpt>
      <trkpt lat="43.831732682883739471435546875" lon="87.50760815106332302093505859375">
        <ele>884.20001220703125</ele>
        <time>2026-08-03T14:12:14.000Z</time>
        <extensions>
          <ns3:TrackPointExtension>
            <ns3:hr>161</ns3:hr>
            <ns3:cad>81</ns3:cad>
          </ns3:TrackPointExtension>
        </extensions>
      </trkpt>
      <trkpt lat="43.8316708244383335113525390625" lon="87.50741444528102874755859375">
        <ele>884.5999755859375</ele>
        <time>2026-08-03T14:12:22.000Z</time>
        <extensions>
          <ns3:TrackPointExtension>
            <ns3:hr>161</ns3:hr>
            <ns3:cad>81</ns3:cad>
          </ns3:TrackPointExtension>
        </extensions>
      </trkpt>
      <trkpt lat="43.8315896876156330108642578125" lon="87.50725728459656238555908203125">
        <ele>885.4000244140625</ele>
        <time>2026-08-03T14:12:31.000Z</time>
        <extensions>
          <ns3:TrackPointExtension>
            <ns3:hr>162</ns3:hr>
            <ns3:cad>80</ns3:cad>
          </ns3:TrackPointExtension>
        </extensions>
      </trkpt>
      <trkpt lat="43.8315253145992755889892578125" lon="87.5071442127227783203125">
        <ele>886.79998779296875</ele>
        <time>2026-08-03T14:12:36.000Z</time>
        <extensions>
          <ns3:TrackPointExtension>
            <ns3:hr>159</ns3:hr>
            <ns3:cad>81</ns3:cad>
          </ns3:TrackPointExtension>
        </extensions>
      </trkpt>
      <trkpt lat="43.83145867846906185150146484375" lon="87.50706651248037815093994140625">
        <ele>887.79998779296875</ele>
        <time>2026-08-03T14:12:40.000Z</time>
        <extensions>
          <ns3:TrackPointExtension>
            <ns3:hr>161</ns3:hr>
            <ns3:cad>81</ns3:cad>
          </ns3:TrackPointExtension>
        </extensions>
      </trkpt>
      <trkpt lat="43.83130378089845180511474609375" lon="87.5068999640643596649169921875">
        <ele>890.5999755859375</ele>
        <time>2026-08-03T14:12:49.000Z</time>
        <extensions>
          <ns3:TrackPointExtension>
            <ns3:hr>163</ns3:hr>
            <ns3:cad>81</ns3:cad>
          </ns3:TrackPointExtension>
        </extensions>
      </trkpt>
      <trkpt lat="43.8312689960002899169921875" lon="87.506862245500087738037109375">
        <ele>891.20001220703125</ele>
        <time>2026-08-03T14:12:51.000Z</time>
        <extensions>
          <ns3:TrackPointExtension>
            <ns3:hr>163</ns3:hr>
            <ns3:cad>81</ns3:cad>
          </ns3:TrackPointExtension>
        </extensions>
      </trkpt>
      <trkpt lat="43.83112172596156597137451171875" lon="87.5068064220249652862548828125">
        <ele>892.79998779296875</ele>
        <time>2026-08-03T14:12:58.000Z</time>
        <extensions>
          <ns3:TrackPointExtension>
            <ns3:hr>165</ns3:hr>
            <ns3:cad>81</ns3:cad>
          </ns3:TrackPointExtension>
        </extensions>
      </trkpt>
      <trkpt lat="43.83110529743134975433349609375" lon="87.50682058744132518768310546875">
        <ele>892.79998779296875</ele>
        <time>2026-08-03T14:12:59.000Z</time>
        <extensions>
          <ns3:TrackPointExtension>
            <ns3:hr>166</ns3:hr>
            <ns3:cad>81</ns3:cad>
          </ns3:TrackPointExtension>
        </extensions>
      </trkpt>
      <trkpt lat="43.83107009343802928924560546875" lon="87.50685252249240875244140625">
        <ele>892.4000244140625</ele>
        <time>2026-08-03T14:13:02.000Z</time>
        <extensions>
          <ns3:TrackPointExtension>
            <ns3:hr>166</ns3:hr>
            <ns3:cad>82</ns3:cad>
          </ns3:TrackPointExtension>
        </extensions>
      </trkpt>
      <trkpt lat="43.83105668239295482635498046875" lon="87.5068540312349796295166015625">
        <ele>892.4000244140625</ele>
        <time>2026-08-03T14:13:03.000Z</time>
        <extensions>
          <ns3:TrackPointExtension>
            <ns3:hr>166</ns3:hr>
            <ns3:cad>79</ns3:cad>
          </ns3:TrackPointExtension>
        </extensions>
      </trkpt>
      <trkpt lat="43.831031955778598785400390625" lon="87.50684841535985469818115234375">
        <ele>892.4000244140625</ele>
        <time>2026-08-03T14:13:05.000Z</time>
        <extensions>
          <ns3:TrackPointExtension>
            <ns3:hr>167</ns3:hr>
            <ns3:cad>79</ns3:cad>
          </ns3:TrackPointExtension>
        </extensions>
      </trkpt>
      <trkpt lat="43.8310227356851100921630859375" lon="87.506848834455013275146484375">
        <ele>892.4000244140625</ele>
        <time>2026-08-03T14:13:06.000Z</time>
        <extensions>
          <ns3:TrackPointExtension>
            <ns3:hr>167</ns3:hr>
            <ns3:cad>79</ns3:cad>
          </ns3:TrackPointExtension>
        </extensions>
      </trkpt>
      <trkpt lat="43.830954842269420623779296875" lon="87.50681891106069087982177734375">
        <ele>892.79998779296875</ele>
        <time>2026-08-03T14:13:11.000Z</time>
        <extensions>
          <ns3:TrackPointExtension>
            <ns3:hr>166</ns3:hr>
            <ns3:cad>79</ns3:cad>
          </ns3:TrackPointExtension>
        </extensions>
      </trkpt>
      <trkpt lat="43.83094620890915393829345703125" lon="87.50681421719491481781005859375">
        <ele>892.79998779296875</ele>
        <time>2026-08-03T14:13:12.000Z</time>
        <extensions>
          <ns3:TrackPointExtension>
            <ns3:hr>165</ns3:hr>
            <ns3:cad>79</ns3:cad>
          </ns3:TrackPointExtension>
        </extensions>
      </trkpt>
      <trkpt lat="43.83089910261332988739013671875" lon="87.5067799352109432220458984375">
        <ele>893.20001220703125</ele>
        <time>2026-08-03T14:13:16.000Z</time>
        <extensions>
          <ns3:TrackPointExtension>
            <ns3:hr>163</ns3:hr>
            <ns3:cad>55</ns3:cad>
          </ns3:TrackPointExtension>
        </extensions>
      </trkpt>
      <trkpt lat="43.83088585920631885528564453125" lon="87.50673584640026092529296875">
        <ele>893.5999755859375</ele>
        <time>2026-08-03T14:13:18.000Z</time>
        <extensions>
          <ns3:TrackPointExtension>
            <ns3:hr>163</ns3:hr>
            <ns3:cad>56</ns3:cad>
          </ns3:TrackPointExtension>
        </extensions>
      </trkpt>
      <trkpt lat="43.8308896310627460479736328125" lon="87.50671229325234889984130859375">
        <ele>894</ele>
        <time>2026-08-03T14:13:19.000Z</time>
        <extensions>
          <ns3:TrackPointExtension>
            <ns3:hr>163</ns3:hr>
            <ns3:cad>57</ns3:cad>
          </ns3:TrackPointExtension>
        </extensions>
      </trkpt>
      <trkpt lat="43.8309068977832794189453125" lon="87.506575249135494232177734375">
        <ele>895</ele>
        <time>2026-08-03T14:13:27.000Z</time>
        <extensions>
          <ns3:TrackPointExtension>
            <ns3:hr>163</ns3:hr>
            <ns3:cad>57</ns3:cad>
          </ns3:TrackPointExtension>
        </extensions>
      </trkpt>
      <trkpt lat="43.83090983144938945770263671875" lon="87.50640534795820713043212890625">
        <ele>896</ele>
        <time>2026-08-03T14:13:33.000Z</time>
        <extensions>
          <ns3:TrackPointExtension>
            <ns3:hr>163</ns3:hr>
            <ns3:cad>0</ns3:cad>
          </ns3:TrackPointExtension>
        </extensions>
      </trkpt>
      <trkpt lat="43.830907903611660003662109375" lon="87.50627450644969940185546875">
        <ele>896</ele>
        <time>2026-08-03T14:13:37.000Z</time>
        <extensions>
          <ns3:TrackPointExtension>
            <ns3:hr>160</ns3:hr>
            <ns3:cad>80</ns3:cad>
          </ns3:TrackPointExtension>
        </extensions>
      </trkpt>
      <trkpt lat="43.83089776150882244110107421875" lon="87.50614282675087451934814453125">
        <ele>895.79998779296875</ele>
        <time>2026-08-03T14:13:41.000Z</time>
        <extensions>
          <ns3:TrackPointExtension>
            <ns3:hr>158</ns3:hr>
            <ns3:cad>82</ns3:cad>
          </ns3:TrackPointExtension>
        </extensions>
      </trkpt>
      <trkpt lat="43.83089482784271240234375" lon="87.5058753602206707000732421875">
        <ele>895.5999755859375</ele>
        <time>2026-08-03T14:13:49.000Z</time>
        <extensions>
          <ns3:TrackPointExtension>
            <ns3:hr>160</ns3:hr>
            <ns3:cad>82</ns3:cad>
          </ns3:TrackPointExtension>
        </extensions>
      </trkpt>
      <trkpt lat="43.8309027068316936492919921875" lon="87.50564276240766048431396484375">
        <ele>895.4000244140625</ele>
        <time>2026-08-03T14:13:56.000Z</time>
        <extensions>
          <ns3:TrackPointExtension>
            <ns3:hr>162</ns3:hr>
            <ns3:cad>81</ns3:cad>
          </ns3:TrackPointExtension>
        </extensions>
      </trkpt>
      <trkpt lat="43.83092500269412994384765625" lon="87.50537638552486896514892578125">
        <ele>895.20001220703125</ele>
        <time>2026-08-03T14:14:04.000Z</time>
        <extensions>
          <ns3:TrackPointExtension>
            <ns3:hr>164</ns3:hr>
            <ns3:cad>81</ns3:cad>
          </ns3:TrackPointExtension>
        </extensions>
      </trkpt>
      <trkpt lat="43.830930702388286590576171875" lon="87.5053422711789608001708984375">
        <ele>895.20001220703125</ele>
        <time>2026-08-03T14:14:05.000Z</time>
        <extensions>
          <ns3:TrackPointExtension>
            <ns3:hr>164</ns3:hr>
            <ns3:cad>81</ns3:cad>
          </ns3:TrackPointExtension>
        </extensions>
      </trkpt>
      <trkpt lat="43.83100823499262332916259765625" lon="87.505224756896495819091796875">
        <ele>894.5999755859375</ele>
        <time>2026-08-03T14:14:10.000Z</time>
        <extensions>
          <ns3:TrackPointExtension>
            <ns3:hr>166</ns3:hr>
            <ns3:cad>81</ns3:cad>
          </ns3:TrackPointExtension>
        </extensions>
      </trkpt>
      <trkpt lat="43.83115458302199840545654296875" lon="87.5051675923168659210205078125">
        <ele>893.5999755859375</ele>
        <time>2026-08-03T14:14:16.000Z</time>
        <extensions>
          <ns3:TrackPointExtension>
            <ns3:hr>168</ns3:hr>
            <ns3:cad>80</ns3:cad>
          </ns3:TrackPointExtension>
        </extensions>
      </trkpt>
      <trkpt lat="43.83133948780596256256103515625" lon="87.50512777827680110931396484375">
        <ele>891.79998779296875</ele>
        <time>2026-08-03T14:14:23.000Z</time>
        <extensions>
          <ns3:TrackPointExtension>
            <ns3:hr>168</ns3:hr>
            <ns3:cad>80</ns3:cad>
          </ns3:TrackPointExtension>
        </extensions>
      </trkpt>
      <trkpt lat="43.831371925771236419677734375" lon="87.5051246769726276397705078125">
        <ele>891.4000244140625</ele>
        <time>2026-08-03T14:14:25.000Z</time>
        <extensions>
          <ns3:TrackPointExtension>
            <ns3:hr>168</ns3:hr>
            <ns3:cad>80</ns3:cad>
          </ns3:TrackPointExtension>
        </extensions>
      </trkpt>
      <trkpt lat="43.83142045699059963226318359375" lon="87.50511906109750270843505859375">
        <ele>891.20001220703125</ele>
        <time>2026-08-03T14:14:30.000Z</time>
        <extensions>
          <ns3:TrackPointExtension>
            <ns3:hr>166</ns3:hr>
            <ns3:cad>55</ns3:cad>
          </ns3:TrackPointExtension>
        </extensions>
      </trkpt>
      <trkpt lat="43.83143336512148380279541015625" lon="87.505118809640407562255859375">
        <ele>891.20001220703125</ele>
        <time>2026-08-03T14:14:31.000Z</time>
        <extensions>
          <ns3:TrackPointExtension>
            <ns3:hr>165</ns3:hr>
            <ns3:cad>55</ns3:cad>
          </ns3:TrackPointExtension>
        </extensions>
      </trkpt>
      <trkpt lat="43.83153411559760570526123046875" lon="87.5051028840243816375732421875">
        <ele>890.5999755859375</ele>
        <time>2026-08-03T14:14:39.000Z</time>
        <extensions>
          <ns3:TrackPointExtension>
            <ns3:hr>162</ns3:hr>
            <ns3:cad>54</ns3:cad>
          </ns3:TrackPointExtension>
        </extensions>
      </trkpt>
      <trkpt lat="43.83154350332915782928466796875" lon="87.5051022134721279144287109375">
        <ele>890.5999755859375</ele>
        <time>2026-08-03T14:14:40.000Z</time>
        <extensions>
          <ns3:TrackPointExtension>
            <ns3:hr>162</ns3:hr>
            <ns3:cad>57</ns3:cad>
          </ns3:TrackPointExtension>
        </extensions>
      </trkpt>
      <trkpt lat="43.83168381638824939727783203125" lon="87.5050882995128631591796875">
        <ele>890</ele>
        <time>2026-08-03T14:14:47.000Z</time>
        <extensions>
          <ns3:TrackPointExtension>
            <ns3:hr>161</ns3:hr>
            <ns3:cad>80</ns3:cad>
          </ns3:TrackPointExtension>
        </extensions>
      </trkpt>
      <trkpt lat="43.831860758364200592041015625" lon="87.5050284527242183685302734375">
        <ele>890</ele>
        <time>2026-08-03T14:14:54.000Z</time>
        <extensions>
          <ns3:TrackPointExtension>
            <ns3:hr>159</ns3:hr>
            <ns3:cad>81</ns3:cad>
          </ns3:TrackPointExtension>
        </extensions>
      </trkpt>
      <trkpt lat="43.83187727071344852447509765625" lon="87.50502216629683971405029296875">
        <ele>890</ele>
        <time>2026-08-03T14:14:55.000Z</time>
        <extensions>
          <ns3:TrackPointExtension>
            <ns3:hr>159</ns3:hr>
            <ns3:cad>81</ns3:cad>
          </ns3:TrackPointExtension>
        </extensions>
      </trkpt>
      <trkpt lat="43.8320362754166126251220703125" lon="87.50501462258398532867431640625">
        <ele>889.20001220703125</ele>
        <time>2026-08-03T14:15:02.000Z</time>
        <extensions>
          <ns3:TrackPointExtension>
            <ns3:hr>158</ns3:hr>
            <ns3:cad>81</ns3:cad>
          </ns3:TrackPointExtension>
        </extensions>
      </trkpt>
      <trkpt lat="43.83217197842895984649658203125" lon="87.50498595647513866424560546875">
        <ele>888.4000244140625</ele>
        <time>2026-08-03T14:15:09.000Z</time>
        <extensions>
          <ns3:TrackPointExtension>
            <ns3:hr>155</ns3:hr>
            <ns3:cad>81</ns3:cad>
          </ns3:TrackPointExtension>
        </extensions>
      </trkpt>
      <trkpt lat="43.83218371309340000152587890625" lon="87.50498746521770954132080078125">
        <ele>888.20001220703125</ele>
        <time>2026-08-03T14:15:10.000Z</time>
        <extensions>
          <ns3:TrackPointExtension>
            <ns3:hr>154</ns3:hr>
            <ns3:cad>81</ns3:cad>
          </ns3:TrackPointExtension>
        </extensions>
      </trkpt>
      <trkpt lat="43.8323004730045795440673828125" lon="87.50496114604175090789794921875">
        <ele>887.5999755859375</ele>
        <time>2026-08-03T14:15:19.000Z</time>
        <extensions>
          <ns3:TrackPointExtension>
            <ns3:hr>153</ns3:hr>
            <ns3:cad>56</ns3:cad>
          </ns3:TrackPointExtension>
        </extensions>
      </trkpt>
      <trkpt lat="43.832303322851657867431640625" lon="87.504952512681484222412109375">
        <ele>887.5999755859375</ele>
        <time>2026-08-03T14:15:20.000Z</time>
        <extensions>
          <ns3:TrackPointExtension>
            <ns3:hr>153</ns3:hr>
            <ns3:cad>56</ns3:cad>
          </ns3:TrackPointExtension>
        </extensions>
      </trkpt>
      <trkpt lat="43.83234011940658092498779296875" lon="87.50494278967380523681640625">
        <ele>887.4000244140625</ele>
        <time>2026-08-03T14:15:23.000Z</time>
        <extensions>
          <ns3:TrackPointExtension>
            <ns3:hr>152</ns3:hr>
            <ns3:cad>51</ns3:cad>
          </ns3:TrackPointExtension>
        </extensions>
      </trkpt>
      <trkpt lat="43.8323552906513214111328125" lon="87.50494010746479034423828125">
        <ele>887.4000244140625</ele>
        <time>2026-08-03T14:15:24.000Z</time>
        <extensions>
          <ns3:TrackPointExtension>
            <ns3:hr>152</ns3:hr>
            <ns3:cad>51</ns3:cad>
          </ns3:TrackPointExtension>
        </extensions>
      </trkpt>
      <trkpt lat="43.83243081159889698028564453125" lon="87.504945807158946990966796875">
        <ele>886.5999755859375</ele>
        <time>2026-08-03T14:15:28.000Z</time>
        <extensions>
          <ns3:TrackPointExtension>
            <ns3:hr>149</ns3:hr>
            <ns3:cad>51</ns3:cad>
          </ns3:TrackPointExtension>
        </extensions>
      </trkpt>
      <trkpt lat="43.8324785046279430389404296875" lon="87.504953853785991668701171875">
        <ele>885.79998779296875</ele>
        <time>2026-08-03T14:15:30.000Z</time>
        <extensions>
          <ns3:TrackPointExtension>
            <ns3:hr>148</ns3:hr>
            <ns3:cad>79</ns3:cad>
          </ns3:TrackPointExtension>
        </extensions>
      </trkpt>
      <trkpt lat="43.832592666149139404296875" lon="87.50495695509016513824462890625">
        <ele>885.79998779296875</ele>
        <time>2026-08-03T14:15:34.000Z</time>
        <extensions>
          <ns3:TrackPointExtension>
            <ns3:hr>148</ns3:hr>
            <ns3:cad>79</ns3:cad>
          </ns3:TrackPointExtension>
        </extensions>
      </trkpt>
      <trkpt lat="43.83263331837952136993408203125" lon="87.5049570389091968536376953125">
        <ele>885.79998779296875</ele>
        <time>2026-08-03T14:15:36.000Z</time>
        <extensions>
          <ns3:TrackPointExtension>
            <ns3:hr>148</ns3:hr>
            <ns3:cad>80</ns3:cad>
          </ns3:TrackPointExtension>
        </extensions>
      </trkpt>
      <trkpt lat="43.8327805884182453155517578125" lon="87.5049225054681301116943359375">
        <ele>885.5999755859375</ele>
        <time>2026-08-03T14:15:42.000Z</time>
        <extensions>
          <ns3:TrackPointExtension>
            <ns3:hr>147</ns3:hr>
            <ns3:cad>81</ns3:cad>
          </ns3:TrackPointExtension>
        </extensions>
      </trkpt>
      <trkpt lat="43.83289818651974201202392578125" lon="87.50488889403641223907470703125">
        <ele>885</ele>
        <time>2026-08-03T14:15:48.000Z</time>
        <extensions>
          <ns3:TrackPointExtension>
            <ns3:hr>149</ns3:hr>
            <ns3:cad>80</ns3:cad>
          </ns3:TrackPointExtension>
        </extensions>
      </trkpt>
      <trkpt lat="43.83293137885630130767822265625" lon="87.5048886425793170928955078125">
        <ele>885</ele>
        <time>2026-08-03T14:15:51.000Z</time>
        <extensions>
          <ns3:TrackPointExtension>
            <ns3:hr>150</ns3:hr>
            <ns3:cad>0</ns3:cad>
          </ns3:TrackPointExtension>
        </extensions>
      </trkpt>
      <trkpt lat="43.83295618928968906402587890625" lon="87.50488872639834880828857421875">
        <ele>885</ele>
        <time>2026-08-03T14:15:53.000Z</time>
        <extensions>
          <ns3:TrackPointExtension>
            <ns3:hr>151</ns3:hr>
            <ns3:cad>55</ns3:cad>
          </ns3:TrackPointExtension>
        </extensions>
      </trkpt>
      <trkpt lat="43.8330099172890186309814453125" lon="87.50487330369651317596435546875">
        <ele>885</ele>
        <time>2026-08-03T14:15:57.000Z</time>
        <extensions>
          <ns3:TrackPointExtension>
            <ns3:hr>152</ns3:hr>
            <ns3:cad>56</ns3:cad>
          </ns3:TrackPointExtension>
        </extensions>
      </trkpt>
      <trkpt lat="43.8330243341624736785888671875" lon="87.504858635365962982177734375">
        <ele>885</ele>
        <time>2026-08-03T14:15:59.000Z</time>
        <extensions>
          <ns3:TrackPointExtension>
            <ns3:hr>151</ns3:hr>
            <ns3:cad>56</ns3:cad>
          </ns3:TrackPointExtension>
        </extensions>
      </trkpt>
      <trkpt lat="43.83304260671138763427734375" lon="87.5048527680337429046630859375">
        <ele>885</ele>
        <time>2026-08-03T14:16:00.000Z</time>
        <extensions>
          <ns3:TrackPointExtension>
            <ns3:hr>150</ns3:hr>
            <ns3:cad>56</ns3:cad>
          </ns3:TrackPointExtension>
        </extensions>
      </trkpt>
      <trkpt lat="43.8331332989037036895751953125" lon="87.50481312163174152374267578125">
        <ele>885.4000244140625</ele>
        <time>2026-08-03T14:16:04.000Z</time>
        <extensions>
          <ns3:TrackPointExtension>
            <ns3:hr>150</ns3:hr>
            <ns3:cad>82</ns3:cad>
          </ns3:TrackPointExtension>
        </extensions>
      </trkpt>
      <trkpt lat="43.8332325406372547149658203125" lon="87.5047840364277362823486328125">
        <ele>885.5999755859375</ele>
        <time>2026-08-03T14:16:09.000Z</time>
        <extensions>
          <ns3:TrackPointExtension>
            <ns3:hr>147</ns3:hr>
            <ns3:cad>81</ns3:cad>
          </ns3:TrackPointExtension>
        </extensions>
      </trkpt>
      <trkpt lat="43.83325986564159393310546875" lon="87.50478261150419712066650390625">
        <ele>885.79998779296875</ele>
        <time>2026-08-03T14:16:10.000Z</time>
        <extensions>
          <ns3:TrackPointExtension>
            <ns3:hr>146</ns3:hr>
            <ns3:cad>81</ns3:cad>
          </ns3:TrackPointExtension>
        </extensions>
      </trkpt>
      <trkpt lat="43.83330286480486392974853515625" lon="87.50478076748549938201904296875">
        <ele>886</ele>
        <time>2026-08-03T14:16:12.000Z</time>
        <extensions>
          <ns3:TrackPointExtension>
            <ns3:hr>145</ns3:hr>
            <ns3:cad>82</ns3:cad>
          </ns3:TrackPointExtension>
        </extensions>
      </trkpt>
      <trkpt lat="43.83342289365828037261962890625" lon="87.5047689490020275115966796875">
        <ele>885.20001220703125</ele>
        <time>2026-08-03T14:16:17.000Z</time>
        <extensions>
          <ns3:TrackPointExtension>
            <ns3:hr>145</ns3:hr>
            <ns3:cad>82</ns3:cad>
          </ns3:TrackPointExtension>
        </extensions>
      </trkpt>
      <trkpt lat="43.83356622420251369476318359375" lon="87.5047686137259006500244140625">
        <ele>884.20001220703125</ele>
        <time>2026-08-03T14:16:22.000Z</time>
        <extensions>
          <ns3:TrackPointExtension>
            <ns3:hr>146</ns3:hr>
            <ns3:cad>83</ns3:cad>
          </ns3:TrackPointExtension>
        </extensions>
      </trkpt>
      <trkpt lat="43.833688013255596160888671875" lon="87.5048852898180484771728515625">
        <ele>884</ele>
        <time>2026-08-03T14:16:27.000Z</time>
        <extensions>
          <ns3:TrackPointExtension>
            <ns3:hr>148</ns3:hr>
            <ns3:cad>82</ns3:cad>
          </ns3:TrackPointExtension>
        </extensions>
      </trkpt>
      <trkpt lat="43.83373118005692958831787109375" lon="87.50507765449583530426025390625">
        <ele>884</ele>
        <time>2026-08-03T14:16:33.000Z</time>
        <extensions>
          <ns3:TrackPointExtension>
            <ns3:hr>148</ns3:hr>
            <ns3:cad>82</ns3:cad>
          </ns3:TrackPointExtension>
        </extensions>
      </trkpt>
      <trkpt lat="43.8337294198572635650634765625" lon="87.50530865974724292755126953125">
        <ele>884.5999755859375</ele>
        <time>2026-08-03T14:16:40.000Z</time>
        <extensions>
          <ns3:TrackPointExtension>
            <ns3:hr>149</ns3:hr>
            <ns3:cad>82</ns3:cad>
          </ns3:TrackPointExtension>
        </extensions>
      </trkpt>
      <trkpt lat="43.83374090306460857391357421875" lon="87.5055115856230258941650390625">
        <ele>884.79998779296875</ele>
        <time>2026-08-03T14:16:47.000Z</time>
        <extensions>
          <ns3:TrackPointExtension>
            <ns3:hr>151</ns3:hr>
            <ns3:cad>80</ns3:cad>
          </ns3:TrackPointExtension>
        </extensions>
      </trkpt>
      <trkpt lat="43.83375297300517559051513671875" lon="87.5055742822587490081787109375">
        <ele>884.79998779296875</ele>
        <time>2026-08-03T14:16:52.000Z</time>
        <extensions>
          <ns3:TrackPointExtension>
            <ns3:hr>152</ns3:hr>
            <ns3:cad>58</ns3:cad>
          </ns3:TrackPointExtension>
        </extensions>
      </trkpt>
      <trkpt lat="43.83375314064323902130126953125" lon="87.50558744184672832489013671875">
        <ele>885</ele>
        <time>2026-08-03T14:16:53.000Z</time>
        <extensions>
          <ns3:TrackPointExtension>
            <ns3:hr>152</ns3:hr>
            <ns3:cad>58</ns3:cad>
          </ns3:TrackPointExtension>
        </extensions>
      </trkpt>
      <trkpt lat="43.83375783450901508331298828125" lon="87.50575558282434940338134765625">
        <ele>884.79998779296875</ele>
        <time>2026-08-03T14:17:02.000Z</time>
        <extensions>
          <ns3:TrackPointExtension>
            <ns3:hr>150</ns3:hr>
            <ns3:cad>54</ns3:cad>
          </ns3:TrackPointExtension>
        </extensions>
      </trkpt>
      <trkpt lat="43.83378013037145137786865234375" lon="87.5059467740356922149658203125">
        <ele>885</ele>
        <time>2026-08-03T14:17:08.000Z</time>
        <extensions>
          <ns3:TrackPointExtension>
            <ns3:hr>148</ns3:hr>
            <ns3:cad>81</ns3:cad>
          </ns3:TrackPointExtension>
        </extensions>
      </trkpt>
      <trkpt lat="43.83377895690500736236572265625" lon="87.50606018118560314178466796875">
        <ele>885.4000244140625</ele>
        <time>2026-08-03T14:17:12.000Z</time>
        <extensions>
          <ns3:TrackPointExtension>
            <ns3:hr>145</ns3:hr>
            <ns3:cad>81</ns3:cad>
          </ns3:TrackPointExtension>
        </extensions>
      </trkpt>
      <trkpt lat="43.83378482423722743988037109375" lon="87.50616277568042278289794921875">
        <ele>885.79998779296875</ele>
        <time>2026-08-03T14:17:15.000Z</time>
        <extensions>
          <ns3:TrackPointExtension>
            <ns3:hr>142</ns3:hr>
            <ns3:cad>82</ns3:cad>
          </ns3:TrackPointExtension>
        </extensions>
      </trkpt>
      <trkpt lat="43.83374241180717945098876953125" lon="87.5064181722700595855712890625">
        <ele>886.5999755859375</ele>
        <time>2026-08-03T14:17:22.000Z</time>
        <extensions>
          <ns3:TrackPointExtension>
            <ns3:hr>140</ns3:hr>
            <ns3:cad>82</ns3:cad>
          </ns3:TrackPointExtension>
        </extensions>
      </trkpt>
      <trkpt lat="43.83375431410968303680419921875" lon="87.50666988082230091094970703125">
        <ele>887.4000244140625</ele>
        <time>2026-08-03T14:17:29.000Z</time>
        <extensions>
          <ns3:TrackPointExtension>
            <ns3:hr>142</ns3:hr>
            <ns3:cad>80</ns3:cad>
          </ns3:TrackPointExtension>
        </extensions>
      </trkpt>
      <trkpt lat="43.8337508775293827056884765625" lon="87.50683651305735111236572265625">
        <ele>888</ele>
        <time>2026-08-03T14:17:34.000Z</time>
        <extensions>
          <ns3:TrackPointExtension>
            <ns3:hr>145</ns3:hr>
            <ns3:cad>82</ns3:cad>
          </ns3:TrackPointExtension>
        </extensions>
      </trkpt>
      <trkpt lat="43.8337592594325542449951171875" lon="87.50697858631610870361328125">
        <ele>887.5999755859375</ele>
        <time>2026-08-03T14:17:38.000Z</time>
        <extensions>
          <ns3:TrackPointExtension>
            <ns3:hr>148</ns3:hr>
            <ns3:cad>82</ns3:cad>
          </ns3:TrackPointExtension>
        </extensions>
      </trkpt>
      <trkpt lat="43.833759091794490814208984375" lon="87.50701345503330230712890625">
        <ele>887.20001220703125</ele>
        <time>2026-08-03T14:17:39.000Z</time>
        <extensions>
          <ns3:TrackPointExtension>
            <ns3:hr>148</ns3:hr>
            <ns3:cad>82</ns3:cad>
          </ns3:TrackPointExtension>
        </extensions>
      </trkpt>
      <trkpt lat="43.83374811150133609771728515625" lon="87.50724622048437595367431640625">
        <ele>885.20001220703125</ele>
        <time>2026-08-03T14:17:46.000Z</time>
        <extensions>
          <ns3:TrackPointExtension>
            <ns3:hr>150</ns3:hr>
            <ns3:cad>82</ns3:cad>
          </ns3:TrackPointExtension>
        </extensions>
      </trkpt>
      <trkpt lat="43.83374593220651149749755859375" lon="87.50737731344997882843017578125">
        <ele>883.79998779296875</ele>
        <time>2026-08-03T14:17:51.000Z</time>
        <extensions>
          <ns3:TrackPointExtension>
            <ns3:hr>151</ns3:hr>
            <ns3:cad>82</ns3:cad>
          </ns3:TrackPointExtension>
        </extensions>
      </trkpt>
      <trkpt lat="43.83374593220651149749755859375" lon="87.507407404482364654541015625">
        <ele>883.4000244140625</ele>
        <time>2026-08-03T14:17:53.000Z</time>
        <extensions>
          <ns3:TrackPointExtension>
            <ns3:hr>151</ns3:hr>
            <ns3:cad>82</ns3:cad>
          </ns3:TrackPointExtension>
        </extensions>
      </trkpt>
      <trkpt lat="43.833743669092655181884765625" lon="87.50744394958019256591796875">
        <ele>883</ele>
        <time>2026-08-03T14:17:56.000Z</time>
        <extensions>
          <ns3:TrackPointExtension>
            <ns3:hr>151</ns3:hr>
            <ns3:cad>82</ns3:cad>
          </ns3:TrackPointExtension>
        </extensions>
      </trkpt>
      <trkpt lat="43.83375230245292186737060546875" lon="87.5075648166239261627197265625">
        <ele>881.79998779296875</ele>
        <time>2026-08-03T14:18:03.000Z</time>
        <extensions>
          <ns3:TrackPointExtension>
            <ns3:hr>152</ns3:hr>
            <ns3:cad>54</ns3:cad>
          </ns3:TrackPointExtension>
        </extensions>
      </trkpt>
      <trkpt lat="43.83375213481485843658447265625" lon="87.507607899606227874755859375">
        <ele>881.4000244140625</ele>
        <time>2026-08-03T14:18:06.000Z</time>
        <extensions>
          <ns3:TrackPointExtension>
            <ns3:hr>152</ns3:hr>
            <ns3:cad>56</ns3:cad>
          </ns3:TrackPointExtension>
        </extensions>
      </trkpt>
      <trkpt lat="43.833753056824207305908203125" lon="87.50766791403293609619140625">
        <ele>880.5999755859375</ele>
        <time>2026-08-03T14:18:10.000Z</time>
        <extensions>
          <ns3:TrackPointExtension>
            <ns3:hr>150</ns3:hr>
            <ns3:cad>56</ns3:cad>
          </ns3:TrackPointExtension>
        </extensions>
      </trkpt>
      <trkpt lat="43.8337572477757930755615234375" lon="87.5077321194112300872802734375">
        <ele>880</ele>
        <time>2026-08-03T14:18:13.000Z</time>
        <extensions>
          <ns3:TrackPointExtension>
            <ns3:hr>147</ns3:hr>
            <ns3:cad>55</ns3:cad>
          </ns3:TrackPointExtension>
        </extensions>
      </trkpt>
      <trkpt lat="43.8337451778352260589599609375" lon="87.5078105740249156951904296875">
        <ele>879.20001220703125</ele>
        <time>2026-08-03T14:18:17.000Z</time>
        <extensions>
          <ns3:TrackPointExtension>
            <ns3:hr>144</ns3:hr>
            <ns3:cad>56</ns3:cad>
          </ns3:TrackPointExtension>
        </extensions>
      </trkpt>
      <trkpt lat="43.83375079371035099029541015625" lon="87.50787922181189060211181640625">
        <ele>878.5999755859375</ele>
        <time>2026-08-03T14:18:20.000Z</time>
        <extensions>
          <ns3:TrackPointExtension>
            <ns3:hr>141</ns3:hr>
            <ns3:cad>56</ns3:cad>
          </ns3:TrackPointExtension>
        </extensions>
      </trkpt>
      <trkpt lat="43.83375381119549274444580078125" lon="87.5079151801764965057373046875">
        <ele>878.4000244140625</ele>
        <time>2026-08-03T14:18:22.000Z</time>
        <extensions>
          <ns3:TrackPointExtension>
            <ns3:hr>138</ns3:hr>
            <ns3:cad>56</ns3:cad>
          </ns3:TrackPointExtension>
        </extensions>
      </trkpt>
      <trkpt lat="43.83375062607228755950927734375" lon="87.5079631246626377105712890625">
        <ele>878</ele>
        <time>2026-08-03T14:18:25.000Z</time>
        <extensions>
          <ns3:TrackPointExtension>
            <ns3:hr>135</ns3:hr>
            <ns3:cad>55</ns3:cad>
          </ns3:TrackPointExtension>
        </extensions>
      </trkpt>
      <trkpt lat="43.83374392054975032806396484375" lon="87.50805071555078029632568359375">
        <ele>878.4000244140625</ele>
        <time>2026-08-03T14:18:28.000Z</time>
        <extensions>
          <ns3:TrackPointExtension>
            <ns3:hr>133</ns3:hr>
            <ns3:cad>0</ns3:cad>
          </ns3:TrackPointExtension>
        </extensions>
      </trkpt>
      <trkpt lat="43.83372128941118717193603515625" lon="87.50822623260319232940673828125">
        <ele>879.4000244140625</ele>
        <time>2026-08-03T14:18:33.000Z</time>
        <extensions>
          <ns3:TrackPointExtension>
            <ns3:hr>130</ns3:hr>
            <ns3:cad>82</ns3:cad>
          </ns3:TrackPointExtension>
        </extensions>
      </trkpt>
      <trkpt lat="43.83372749201953411102294921875" lon="87.5083044357597827911376953125">
        <ele>879.79998779296875</ele>
        <time>2026-08-03T14:18:35.000Z</time>
        <extensions>
          <ns3:TrackPointExtension>
            <ns3:hr>130</ns3:hr>
            <ns3:cad>82</ns3:cad>
          </ns3:TrackPointExtension>
        </extensions>
      </trkpt>
      <trkpt lat="43.8337223790585994720458984375" lon="87.50854591839015483856201171875">
        <ele>881</ele>
        <time>2026-08-03T14:18:41.000Z</time>
        <extensions>
          <ns3:TrackPointExtension>
            <ns3:hr>130</ns3:hr>
            <ns3:cad>82</ns3:cad>
          </ns3:TrackPointExtension>
        </extensions>
      </trkpt>
      <trkpt lat="43.83371139876544475555419921875" lon="87.50866041518747806549072265625">
        <ele>881.5999755859375</ele>
        <time>2026-08-03T14:18:44.000Z</time>
        <extensions>
          <ns3:TrackPointExtension>
            <ns3:hr>131</ns3:hr>
            <ns3:cad>82</ns3:cad>
          </ns3:TrackPointExtension>
        </extensions>
      </trkpt>
      <trkpt lat="43.83370955474674701690673828125" lon="87.50870115123689174652099609375">
        <ele>881.79998779296875</ele>
        <time>2026-08-03T14:18:46.000Z</time>
        <extensions>
          <ns3:TrackPointExtension>
            <ns3:hr>132</ns3:hr>
            <ns3:cad>83</ns3:cad>
          </ns3:TrackPointExtension>
        </extensions>
      </trkpt>
      <trkpt lat="43.83371927775442600250244140625" lon="87.50871975906193256378173828125">
        <ele>881.5999755859375</ele>
        <time>2026-08-03T14:18:48.000Z</time>
        <extensions>
          <ns3:TrackPointExtension>
            <ns3:hr>133</ns3:hr>
            <ns3:cad>55</ns3:cad>
          </ns3:TrackPointExtension>
        </extensions>
      </trkpt>
      <trkpt lat="43.8337250612676143646240234375" lon="87.5087339244782924652099609375">
        <ele>881.5999755859375</ele>
        <time>2026-08-03T14:18:54.000Z</time>
        <extensions>
          <ns3:TrackPointExtension>
            <ns3:hr>138</ns3:hr>
            <ns3:cad>0</ns3:cad>
          </ns3:TrackPointExtension>
        </extensions>
      </trkpt>
      <trkpt lat="43.8337341137230396270751953125" lon="87.50873400829732418060302734375">
        <ele>881.5999755859375</ele>
        <time>2026-08-03T14:18:55.000Z</time>
        <extensions>
          <ns3:TrackPointExtension>
            <ns3:hr>142</ns3:hr>
            <ns3:cad>0</ns3:cad>
          </ns3:TrackPointExtension>
        </extensions>
      </trkpt>
      <trkpt lat="43.83380544371902942657470703125" lon="87.50873275101184844970703125">
        <ele>880.4000244140625</ele>
        <time>2026-08-03T14:19:02.000Z</time>
        <extensions>
          <ns3:TrackPointExtension>
            <ns3:hr>143</ns3:hr>
            <ns3:cad>44</ns3:cad>
          </ns3:TrackPointExtension>
        </extensions>
      </trkpt>
      <trkpt lat="43.83393553085625171661376953125" lon="87.5087309069931507110595703125">
        <ele>879</ele>
        <time>2026-08-03T14:19:08.000Z</time>
        <extensions>
          <ns3:TrackPointExtension>
            <ns3:hr>144</ns3:hr>
            <ns3:cad>82</ns3:cad>
          </ns3:TrackPointExtension>
        </extensions>
      </trkpt>
      <trkpt lat="43.83406746201217174530029296875" lon="87.50877206213772296905517578125">
        <ele>878.4000244140625</ele>
        <time>2026-08-03T14:19:13.000Z</time>
        <extensions>
          <ns3:TrackPointExtension>
            <ns3:hr>146</ns3:hr>
            <ns3:cad>80</ns3:cad>
          </ns3:TrackPointExtension>
        </extensions>
      </trkpt>
      <trkpt lat="43.83424130268394947052001953125" lon="87.50885252840816974639892578125">
        <ele>877.5999755859375</ele>
        <time>2026-08-03T14:19:20.000Z</time>
        <extensions>
          <ns3:TrackPointExtension>
            <ns3:hr>146</ns3:hr>
            <ns3:cad>82</ns3:cad>
          </ns3:TrackPointExtension>
        </extensions>
      </trkpt>
      <trkpt lat="43.83442821912467479705810546875" lon="87.50887867994606494903564453125">
        <ele>876.79998779296875</ele>
        <time>2026-08-03T14:19:28.000Z</time>
        <extensions>
          <ns3:TrackPointExtension>
            <ns3:hr>149</ns3:hr>
            <ns3:cad>81</ns3:cad>
          </ns3:TrackPointExtension>
        </extensions>
      </trkpt>
      <trkpt lat="43.83445671759545803070068359375" lon="87.508879266679286956787109375">
        <ele>876.79998779296875</ele>
        <time>2026-08-03T14:19:29.000Z</time>
        <extensions>
          <ns3:TrackPointExtension>
            <ns3:hr>149</ns3:hr>
            <ns3:cad>81</ns3:cad>
          </ns3:TrackPointExtension>
        </extensions>
      </trkpt>
      <trkpt lat="43.83455914445221424102783203125" lon="87.50888890586793422698974609375">
        <ele>876.79998779296875</ele>
        <time>2026-08-03T14:19:35.000Z</time>
        <extensions>
          <ns3:TrackPointExtension>
            <ns3:hr>151</ns3:hr>
            <ns3:cad>82</ns3:cad>
          </ns3:TrackPointExtension>
        </extensions>
      </trkpt>
      <trkpt lat="43.834570460021495819091796875" lon="87.50888890586793422698974609375">
        <ele>876.79998779296875</ele>
        <time>2026-08-03T14:19:36.000Z</time>
        <extensions>
          <ns3:TrackPointExtension>
            <ns3:hr>152</ns3:hr>
            <ns3:cad>82</ns3:cad>
          </ns3:TrackPointExtension>
        </extensions>
      </trkpt>
      <trkpt lat="43.83461647666990756988525390625" lon="87.50890986062586307525634765625">
        <ele>876.79998779296875</ele>
        <time>2026-08-03T14:19:41.000Z</time>
        <extensions>
          <ns3:TrackPointExtension>
            <ns3:hr>152</ns3:hr>
            <ns3:cad>56</ns3:cad>
          </ns3:TrackPointExtension>
        </extensions>
      </trkpt>
      <trkpt lat="43.83474438451230525970458984375" lon="87.50894707627594470977783203125">
        <ele>877</ele>
        <time>2026-08-03T14:19:48.000Z</time>
        <extensions>
          <ns3:TrackPointExtension>
            <ns3:hr>149</ns3:hr>
            <ns3:cad>81</ns3:cad>
          </ns3:TrackPointExtension>
        </extensions>
      </trkpt>
      <trkpt lat="43.8348991982638835906982421875" lon="87.50899334438145160675048828125">
        <ele>876.5999755859375</ele>
        <time>2026-08-03T14:19:55.000Z</time>
        <extensions>
          <ns3:TrackPointExtension>
            <ns3:hr>146</ns3:hr>
            <ns3:cad>82</ns3:cad>
          </ns3:TrackPointExtension>
        </extensions>
      </trkpt>
      <trkpt lat="43.8349219970405101776123046875" lon="87.5089964456856250762939453125">
        <ele>876.5999755859375</ele>
        <time>2026-08-03T14:19:56.000Z</time>
        <extensions>
          <ns3:TrackPointExtension>
            <ns3:hr>146</ns3:hr>
            <ns3:cad>82</ns3:cad>
          </ns3:TrackPointExtension>
        </extensions>
      </trkpt>
      <trkpt lat="43.83511955849826335906982421875" lon="87.50899158418178558349609375">
        <ele>875.20001220703125</ele>
        <time>2026-08-03T14:20:04.000Z</time>
        <extensions>
          <ns3:TrackPointExtension>
            <ns3:hr>146</ns3:hr>
            <ns3:cad>82</ns3:cad>
          </ns3:TrackPointExtension>
        </extensions>
      </trkpt>
      <trkpt lat="43.83513933978974819183349609375" lon="87.50897842459380626678466796875">
        <ele>874.79998779296875</ele>
        <time>2026-08-03T14:20:05.000Z</time>
        <extensions>
          <ns3:TrackPointExtension>
            <ns3:hr>146</ns3:hr>
            <ns3:cad>82</ns3:cad>
          </ns3:TrackPointExtension>
        </extensions>
      </trkpt>
      <trkpt lat="43.83522802032530307769775390625" lon="87.50898211263120174407958984375">
        <ele>873.79998779296875</ele>
        <time>2026-08-03T14:20:09.000Z</time>
        <extensions>
          <ns3:TrackPointExtension>
            <ns3:hr>145</ns3:hr>
            <ns3:cad>82</ns3:cad>
          </ns3:TrackPointExtension>
        </extensions>
      </trkpt>
      <trkpt lat="43.83533681742846965789794921875" lon="87.50901061110198497772216796875">
        <ele>873</ele>
        <time>2026-08-03T14:20:15.000Z</time>
        <extensions>
          <ns3:TrackPointExtension>
            <ns3:hr>146</ns3:hr>
            <ns3:cad>82</ns3:cad>
          </ns3:TrackPointExtension>
        </extensions>
      </trkpt>
      <trkpt lat="43.83550076745450496673583984375" lon="87.5090420432388782501220703125">
        <ele>871.4000244140625</ele>
        <time>2026-08-03T14:20:26.000Z</time>
        <extensions>
          <ns3:TrackPointExtension>
            <ns3:hr>148</ns3:hr>
            <ns3:cad>56</ns3:cad>
          </ns3:TrackPointExtension>
        </extensions>
      </trkpt>
      <trkpt lat="43.8355948962271213531494140625" lon="87.5090598128736019134521484375">
        <ele>870.5999755859375</ele>
        <time>2026-08-03T14:20:32.000Z</time>
        <extensions>
          <ns3:TrackPointExtension>
            <ns3:hr>145</ns3:hr>
            <ns3:cad>56</ns3:cad>
          </ns3:TrackPointExtension>
        </extensions>
      </trkpt>
      <trkpt lat="43.83561174385249614715576171875" lon="87.50905838795006275177001953125">
        <ele>870.4000244140625</ele>
        <time>2026-08-03T14:20:33.000Z</time>
        <extensions>
          <ns3:TrackPointExtension>
            <ns3:hr>144</ns3:hr>
            <ns3:cad>56</ns3:cad>
          </ns3:TrackPointExtension>
        </extensions>
      </trkpt>
      <trkpt lat="43.83566052652895450592041015625" lon="87.509062997996807098388671875">
        <ele>870.20001220703125</ele>
        <time>2026-08-03T14:20:35.000Z</time>
        <extensions>
          <ns3:TrackPointExtension>
            <ns3:hr>141</ns3:hr>
            <ns3:cad>0</ns3:cad>
          </ns3:TrackPointExtension>
        </extensions>
      </trkpt>
      <trkpt lat="43.83576144464313983917236328125" lon="87.50908705405890941619873046875">
        <ele>869.5999755859375</ele>
        <time>2026-08-03T14:20:39.000Z</time>
        <extensions>
          <ns3:TrackPointExtension>
            <ns3:hr>138</ns3:hr>
            <ns3:cad>82</ns3:cad>
          </ns3:TrackPointExtension>
        </extensions>
      </trkpt>
      <trkpt lat="43.83578457869589328765869140625" lon="87.5090933404862880706787109375">
        <ele>869.4000244140625</ele>
        <time>2026-08-03T14:20:40.000Z</time>
        <extensions>
          <ns3:TrackPointExtension>
            <ns3:hr>138</ns3:hr>
            <ns3:cad>82</ns3:cad>
          </ns3:TrackPointExtension>
        </extensions>
      </trkpt>
      <trkpt lat="43.83596110157668590545654296875" lon="87.5091104395687580108642578125">
        <ele>869.20001220703125</ele>
        <time>2026-08-03T14:20:48.000Z</time>
        <extensions>
          <ns3:TrackPointExtension>
            <ns3:hr>138</ns3:hr>
            <ns3:cad>82</ns3:cad>
          </ns3:TrackPointExtension>
        </extensions>
      </trkpt>
      <trkpt lat="43.83613385260105133056640625" lon="87.50914840959012508392333984375">
        <ele>869.20001220703125</ele>
        <time>2026-08-03T14:20:54.000Z</time>
        <extensions>
          <ns3:TrackPointExtension>
            <ns3:hr>137</ns3:hr>
            <ns3:cad>82</ns3:cad>
          </ns3:TrackPointExtension>
        </extensions>
      </trkpt>
      <trkpt lat="43.83620702661573886871337890625" lon="87.50917288474738597869873046875">
        <ele>869.5999755859375</ele>
        <time>2026-08-03T14:20:57.000Z</time>
        <extensions>
          <ns3:TrackPointExtension>
            <ns3:hr>140</ns3:hr>
            <ns3:cad>82</ns3:cad>
          </ns3:TrackPointExtension>
        </extensions>
      </trkpt>
      <trkpt lat="43.83625748567283153533935546875" lon="87.50916458666324615478515625">
        <ele>869.4000244140625</ele>
        <time>2026-08-03T14:20:59.000Z</time>
        <extensions>
          <ns3:TrackPointExtension>
            <ns3:hr>144</ns3:hr>
            <ns3:cad>82</ns3:cad>
          </ns3:TrackPointExtension>
        </extensions>
      </trkpt>
      <trkpt lat="43.8362926058471202850341796875" lon="87.50915830023586750030517578125">
        <ele>869.4000244140625</ele>
        <time>2026-08-03T14:21:01.000Z</time>
        <extensions>
          <ns3:TrackPointExtension>
            <ns3:hr>146</ns3:hr>
            <ns3:cad>82</ns3:cad>
          </ns3:TrackPointExtension>
        </extensions>
      </trkpt>
      <trkpt lat="43.8363700546324253082275390625" lon="87.50912862829864025115966796875">
        <ele>869.5999755859375</ele>
        <time>2026-08-03T14:21:08.000Z</time>
        <extensions>
          <ns3:TrackPointExtension>
            <ns3:hr>148</ns3:hr>
            <ns3:cad>57</ns3:cad>
          </ns3:TrackPointExtension>
        </extensions>
      </trkpt>
      <trkpt lat="43.83644205518066883087158203125" lon="87.50912594608962535858154296875">
        <ele>870.20001220703125</ele>
        <time>2026-08-03T14:21:15.000Z</time>
        <extensions>
          <ns3:TrackPointExtension>
            <ns3:hr>150</ns3:hr>
            <ns3:cad>56</ns3:cad>
          </ns3:TrackPointExtension>
        </extensions>
      </trkpt>
      <trkpt lat="43.8365504331886768341064453125" lon="87.50915586948394775390625">
        <ele>871.4000244140625</ele>
        <time>2026-08-03T14:21:21.000Z</time>
        <extensions>
          <ns3:TrackPointExtension>
            <ns3:hr>149</ns3:hr>
            <ns3:cad>0</ns3:cad>
          </ns3:TrackPointExtension>
        </extensions>
      </trkpt>
      <trkpt lat="43.8366602361202239990234375" lon="87.5091972760856151580810546875">
        <ele>872.79998779296875</ele>
        <time>2026-08-03T14:21:28.000Z</time>
        <extensions>
          <ns3:TrackPointExtension>
            <ns3:hr>146</ns3:hr>
            <ns3:cad>64</ns3:cad>
          </ns3:TrackPointExtension>
        </extensions>
      </trkpt>
      <trkpt lat="43.83668429218232631683349609375" lon="87.5092029757797718048095703125">
        <ele>872.79998779296875</ele>
        <time>2026-08-03T14:21:29.000Z</time>
        <extensions>
          <ns3:TrackPointExtension>
            <ns3:hr>145</ns3:hr>
            <ns3:cad>64</ns3:cad>
          </ns3:TrackPointExtension>
        </extensions>
      </trkpt>
      <trkpt lat="43.83677498437464237213134765625" lon="87.50921479426324367523193359375">
        <ele>872.5999755859375</ele>
        <time>2026-08-03T14:21:33.000Z</time>
        <extensions>
          <ns3:TrackPointExtension>
            <ns3:hr>142</ns3:hr>
            <ns3:cad>81</ns3:cad>
          </ns3:TrackPointExtension>
        </extensions>
      </trkpt>
      <trkpt lat="43.836879841983318328857421875" lon="87.509252764284610748291015625">
        <ele>872.4000244140625</ele>
        <time>2026-08-03T14:21:38.000Z</time>
        <extensions>
          <ns3:TrackPointExtension>
            <ns3:hr>141</ns3:hr>
            <ns3:cad>82</ns3:cad>
          </ns3:TrackPointExtension>
        </extensions>
      </trkpt>
      <trkpt lat="43.83707891218364238739013671875" lon="87.50928536988794803619384765625">
        <ele>870.5999755859375</ele>
        <time>2026-08-03T14:21:46.000Z</time>
        <extensions>
          <ns3:TrackPointExtension>
            <ns3:hr>142</ns3:hr>
            <ns3:cad>82</ns3:cad>
          </ns3:TrackPointExtension>
        </extensions>
      </trkpt>
      <trkpt lat="43.83710321970283985137939453125" lon="87.509291656315326690673828125">
        <ele>870.4000244140625</ele>
        <time>2026-08-03T14:21:47.000Z</time>
        <extensions>
          <ns3:TrackPointExtension>
            <ns3:hr>143</ns3:hr>
            <ns3:cad>82</ns3:cad>
          </ns3:TrackPointExtension>
        </extensions>
      </trkpt>
      <trkpt lat="43.8372816704213619232177734375" lon="87.50927212648093700408935546875">
        <ele>867.5999755859375</ele>
        <time>2026-08-03T14:21:53.000Z</time>
        <extensions>
          <ns3:TrackPointExtension>
            <ns3:hr>142</ns3:hr>
            <ns3:cad>83</ns3:cad>
          </ns3:TrackPointExtension>
        </extensions>
      </trkpt>
      <trkpt lat="43.8374429382383823394775390625" lon="87.50928319059312343597412109375">
        <ele>865.4000244140625</ele>
        <time>2026-08-03T14:21:58.000Z</time>
        <extensions>
          <ns3:TrackPointExtension>
            <ns3:hr>145</ns3:hr>
            <ns3:cad>82</ns3:cad>
          </ns3:TrackPointExtension>
        </extensions>
      </trkpt>
      <trkpt lat="43.837465234100818634033203125" lon="87.509295679628849029541015625">
        <ele>865.20001220703125</ele>
        <time>2026-08-03T14:21:59.000Z</time>
        <extensions>
          <ns3:TrackPointExtension>
            <ns3:hr>145</ns3:hr>
            <ns3:cad>82</ns3:cad>
          </ns3:TrackPointExtension>
        </extensions>
      </trkpt>
      <trkpt lat="43.83762390352785587310791015625" lon="87.50939098186790943145751953125">
        <ele>863.5999755859375</ele>
        <time>2026-08-03T14:22:05.000Z</time>
        <extensions>
          <ns3:TrackPointExtension>
            <ns3:hr>146</ns3:hr>
            <ns3:cad>81</ns3:cad>
          </ns3:TrackPointExtension>
        </extensions>
      </trkpt>
      <trkpt lat="43.83776371367275714874267578125" lon="87.5094423629343509674072265625">
        <ele>862</ele>
        <time>2026-08-03T14:22:11.000Z</time>
        <extensions>
          <ns3:TrackPointExtension>
            <ns3:hr>149</ns3:hr>
            <ns3:cad>81</ns3:cad>
          </ns3:TrackPointExtension>
        </extensions>
      </trkpt>
      <trkpt lat="43.8378573395311832427978515625" lon="87.50949290581047534942626953125">
        <ele>861.20001220703125</ele>
        <time>2026-08-03T14:22:15.000Z</time>
        <extensions>
          <ns3:TrackPointExtension>
            <ns3:hr>152</ns3:hr>
            <ns3:cad>82</ns3:cad>
          </ns3:TrackPointExtension>
        </extensions>
      </trkpt>
      <trkpt lat="43.837952725589275360107421875" lon="87.50947035849094390869140625">
        <ele>860</ele>
        <time>2026-08-03T14:22:20.000Z</time>
        <extensions>
          <ns3:TrackPointExtension>
            <ns3:hr>153</ns3:hr>
            <ns3:cad>82</ns3:cad>
          </ns3:TrackPointExtension>
        </extensions>
      </trkpt>
      <trkpt lat="43.8379978202283382415771484375" lon="87.5094768963754177093505859375">
        <ele>859.5999755859375</ele>
        <time>2026-08-03T14:22:27.000Z</time>
        <extensions>
          <ns3:TrackPointExtension>
            <ns3:hr>153</ns3:hr>
            <ns3:cad>0</ns3:cad>
          </ns3:TrackPointExtension>
        </extensions>
      </trkpt>
      <trkpt lat="43.83802346885204315185546875" lon="87.50946289859712123870849609375">
        <ele>859.20001220703125</ele>
        <time>2026-08-03T14:22:35.000Z</time>
        <extensions>
          <ns3:TrackPointExtension>
            <ns3:hr>152</ns3:hr>
            <ns3:cad>0</ns3:cad>
          </ns3:TrackPointExtension>
        </extensions>
      </trkpt>
      <trkpt lat="43.838070072233676910400390625" lon="87.5094695203006267547607421875">
        <ele>858.79998779296875</ele>
        <time>2026-08-03T14:22:37.000Z</time>
        <extensions>
          <ns3:TrackPointExtension>
            <ns3:hr>149</ns3:hr>
            <ns3:cad>78</ns3:cad>
          </ns3:TrackPointExtension>
        </extensions>
      </trkpt>
      <trkpt lat="43.83818247355520725250244140625" lon="87.509479410946369171142578125">
        <ele>858.5999755859375</ele>
        <time>2026-08-03T14:22:42.000Z</time>
        <extensions>
          <ns3:TrackPointExtension>
            <ns3:hr>148</ns3:hr>
            <ns3:cad>82</ns3:cad>
          </ns3:TrackPointExtension>
        </extensions>
      </trkpt>
      <trkpt lat="43.8383661210536956787109375" lon="87.50948905013501644134521484375">
        <ele>858</ele>
        <time>2026-08-03T14:22:49.000Z</time>
        <extensions>
          <ns3:TrackPointExtension>
            <ns3:hr>148</ns3:hr>
            <ns3:cad>82</ns3:cad>
          </ns3:TrackPointExtension>
        </extensions>
      </trkpt>
      <trkpt lat="43.8384165801107883453369140625" lon="87.50949676148593425750732421875">
        <ele>858</ele>
        <time>2026-08-03T14:22:51.000Z</time>
        <extensions>
          <ns3:TrackPointExtension>
            <ns3:hr>148</ns3:hr>
            <ns3:cad>83</ns3:cad>
          </ns3:TrackPointExtension>
        </extensions>
      </trkpt>
      <trkpt lat="43.83846829645335674285888671875" lon="87.509500868618488311767578125">
        <ele>858</ele>
        <time>2026-08-03T14:22:54.000Z</time>
        <extensions>
          <ns3:TrackPointExtension>
            <ns3:hr>152</ns3:hr>
            <ns3:cad>82</ns3:cad>
          </ns3:TrackPointExtension>
        </extensions>
      </trkpt>
      <trkpt lat="43.838477768003940582275390625" lon="87.50950061716139316558837890625">
        <ele>858</ele>
        <time>2026-08-03T14:22:55.000Z</time>
        <extensions>
          <ns3:TrackPointExtension>
            <ns3:hr>149</ns3:hr>
            <ns3:cad>82</ns3:cad>
          </ns3:TrackPointExtension>
        </extensions>
      </trkpt>
      <trkpt lat="43.83848883211612701416015625" lon="87.50949961133301258087158203125">
        <ele>858</ele>
        <time>2026-08-03T14:22:57.000Z</time>
        <extensions>
          <ns3:TrackPointExtension>
            <ns3:hr>150</ns3:hr>
            <ns3:cad>82</ns3:cad>
          </ns3:TrackPointExtension>
        </extensions>
      </trkpt>
      <trkpt lat="43.83851909078657627105712890625" lon="87.50951101072132587432861328125">
        <ele>858.20001220703125</ele>
        <time>2026-08-03T14:23:00.000Z</time>
        <extensions>
          <ns3:TrackPointExtension>
            <ns3:hr>150</ns3:hr>
            <ns3:cad>82</ns3:cad>
          </ns3:TrackPointExtension>
        </extensions>
      </trkpt>
      <trkpt lat="43.8385329209268093109130859375" lon="87.50951805151998996734619140625">
        <ele>858.20001220703125</ele>
        <time>2026-08-03T14:23:03.000Z</time>
        <extensions>
          <ns3:TrackPointExtension>
            <ns3:hr>149</ns3:hr>
            <ns3:cad>0</ns3:cad>
          </ns3:TrackPointExtension>
        </extensions>
      </trkpt>
      <trkpt lat="43.83853065781295299530029296875" lon="87.50952064990997314453125">
        <ele>858.20001220703125</ele>
        <time>2026-08-03T14:23:12.000Z</time>
        <extensions>
          <ns3:TrackPointExtension>
            <ns3:hr>146</ns3:hr>
            <ns3:cad>0</ns3:cad>
          </ns3:TrackPointExtension>
        </extensions>
      </trkpt>
      <trkpt lat="43.83860207162797451019287109375" lon="87.5095000304281711578369140625">
        <ele>858</ele>
        <time>2026-08-03T14:23:21.000Z</time>
        <extensions>
          <ns3:TrackPointExtension>
            <ns3:hr>145</ns3:hr>
            <ns3:cad>78</ns3:cad>
          </ns3:TrackPointExtension>
        </extensions>
      </trkpt>
      <trkpt lat="43.8387977890670299530029296875" lon="87.50950899906456470489501953125">
        <ele>858.79998779296875</ele>
        <time>2026-08-03T14:23:27.000Z</time>
        <extensions>
          <ns3:TrackPointExtension>
            <ns3:hr>147</ns3:hr>
            <ns3:cad>83</ns3:cad>
          </ns3:TrackPointExtension>
        </extensions>
      </trkpt>
      <trkpt lat="43.83894078433513641357421875" lon="87.50958477146923542022705078125">
        <ele>859.79998779296875</ele>
        <time>2026-08-03T14:23:32.000Z</time>
        <extensions>
          <ns3:TrackPointExtension>
            <ns3:hr>147</ns3:hr>
            <ns3:cad>82</ns3:cad>
          </ns3:TrackPointExtension>
        </extensions>
      </trkpt>
      <trkpt lat="43.8390505872666835784912109375" lon="87.509632296860218048095703125">
        <ele>859.4000244140625</ele>
        <time>2026-08-03T14:23:36.000Z</time>
        <extensions>
          <ns3:TrackPointExtension>
            <ns3:hr>144</ns3:hr>
            <ns3:cad>80</ns3:cad>
          </ns3:TrackPointExtension>
        </extensions>
      </trkpt>
      <trkpt lat="43.8391719572246074676513671875" lon="87.50966993160545825958251953125">
        <ele>858.79998779296875</ele>
        <time>2026-08-03T14:23:40.000Z</time>
        <extensions>
          <ns3:TrackPointExtension>
            <ns3:hr>144</ns3:hr>
            <ns3:cad>82</ns3:cad>
          </ns3:TrackPointExtension>
        </extensions>
      </trkpt>
      <trkpt lat="43.83933967910706996917724609375" lon="87.50968761742115020751953125">
        <ele>857.20001220703125</ele>
        <time>2026-08-03T14:23:46.000Z</time>
        <extensions>
          <ns3:TrackPointExtension>
            <ns3:hr>147</ns3:hr>
            <ns3:cad>82</ns3:cad>
          </ns3:TrackPointExtension>
        </extensions>
      </trkpt>
      <trkpt lat="43.8393665850162506103515625" lon="87.50969029963016510009765625">
        <ele>857</ele>
        <time>2026-08-03T14:23:47.000Z</time>
        <extensions>
          <ns3:TrackPointExtension>
            <ns3:hr>147</ns3:hr>
            <ns3:cad>82</ns3:cad>
          </ns3:TrackPointExtension>
        </extensions>
      </trkpt>
      <trkpt lat="43.83951134048402309417724609375" lon="87.50971603207290172576904296875">
        <ele>856.4000244140625</ele>
        <time>2026-08-03T14:23:52.000Z</time>
        <extensions>
          <ns3:TrackPointExtension>
            <ns3:hr>150</ns3:hr>
            <ns3:cad>82</ns3:cad>
          </ns3:TrackPointExtension>
        </extensions>
      </trkpt>
      <trkpt lat="43.83959951810538768768310546875" lon="87.50972919166088104248046875">
        <ele>856.20001220703125</ele>
        <time>2026-08-03T14:23:55.000Z</time>
        <extensions>
          <ns3:TrackPointExtension>
            <ns3:hr>151</ns3:hr>
            <ns3:cad>83</ns3:cad>
          </ns3:TrackPointExtension>
        </extensions>
      </trkpt>
      <trkpt lat="43.83975642733275890350341796875" lon="87.509750314056873321533203125">
        <ele>856</ele>
        <time>2026-08-03T14:24:01.000Z</time>
        <extensions>
          <ns3:TrackPointExtension>
            <ns3:hr>153</ns3:hr>
            <ns3:cad>83</ns3:cad>
          </ns3:TrackPointExtension>
        </extensions>
      </trkpt>
      <trkpt lat="43.83994149975478649139404296875" lon="87.5097893737256526947021484375">
        <ele>856</ele>
        <time>2026-08-03T14:24:08.000Z</time>
        <extensions>
          <ns3:TrackPointExtension>
            <ns3:hr>154</ns3:hr>
            <ns3:cad>82</ns3:cad>
          </ns3:TrackPointExtension>
        </extensions>
      </trkpt>
      <trkpt lat="43.839968740940093994140625" lon="87.5097875297069549560546875">
        <ele>856</ele>
        <time>2026-08-03T14:24:09.000Z</time>
        <extensions>
          <ns3:TrackPointExtension>
            <ns3:hr>155</ns3:hr>
            <ns3:cad>83</ns3:cad>
          </ns3:TrackPointExtension>
        </extensions>
      </trkpt>
      <trkpt lat="43.84012187831103801727294921875" lon="87.509809993207454681396484375">
        <ele>855.4000244140625</ele>
        <time>2026-08-03T14:24:15.000Z</time>
        <extensions>
          <ns3:TrackPointExtension>
            <ns3:hr>155</ns3:hr>
            <ns3:cad>83</ns3:cad>
          </ns3:TrackPointExtension>
        </extensions>
      </trkpt>
      <trkpt lat="43.8401861675083637237548828125" lon="87.50981661491096019744873046875">
        <ele>855</ele>
        <time>2026-08-03T14:24:20.000Z</time>
        <extensions>
          <ns3:TrackPointExtension>
            <ns3:hr>156</ns3:hr>
            <ns3:cad>0</ns3:cad>
          </ns3:TrackPointExtension>
        </extensions>
      </trkpt>
      <trkpt lat="43.84028364904224872589111328125" lon="87.509839832782745361328125">
        <ele>854.4000244140625</ele>
        <time>2026-08-03T14:24:27.000Z</time>
        <extensions>
          <ns3:TrackPointExtension>
            <ns3:hr>154</ns3:hr>
            <ns3:cad>56</ns3:cad>
          </ns3:TrackPointExtension>
        </extensions>
      </trkpt>
      <trkpt lat="43.8403279893100261688232421875" lon="87.50985953025519847869873046875">
        <ele>853.79998779296875</ele>
        <time>2026-08-03T14:24:30.000Z</time>
        <extensions>
          <ns3:TrackPointExtension>
            <ns3:hr>151</ns3:hr>
            <ns3:cad>56</ns3:cad>
          </ns3:TrackPointExtension>
        </extensions>
      </trkpt>
      <trkpt lat="43.8404114730656147003173828125" lon="87.5098867714405059814453125">
        <ele>852.5999755859375</ele>
        <time>2026-08-03T14:24:35.000Z</time>
        <extensions>
          <ns3:TrackPointExtension>
            <ns3:hr>149</ns3:hr>
            <ns3:cad>56</ns3:cad>
          </ns3:TrackPointExtension>
        </extensions>
      </trkpt>
      <trkpt lat="43.84059277363121509552001953125" lon="87.50989926047623157501220703125">
        <ele>850.20001220703125</ele>
        <time>2026-08-03T14:24:42.000Z</time>
        <extensions>
          <ns3:TrackPointExtension>
            <ns3:hr>151</ns3:hr>
            <ns3:cad>82</ns3:cad>
          </ns3:TrackPointExtension>
        </extensions>
      </trkpt>
      <trkpt lat="43.84061624296009540557861328125" lon="87.5099020265042781829833984375">
        <ele>850</ele>
        <time>2026-08-03T14:24:43.000Z</time>
        <extensions>
          <ns3:TrackPointExtension>
            <ns3:hr>151</ns3:hr>
            <ns3:cad>82</ns3:cad>
          </ns3:TrackPointExtension>
        </extensions>
      </trkpt>
      <trkpt lat="43.8407023251056671142578125" lon="87.50991292297840118408203125">
        <ele>849.5999755859375</ele>
        <time>2026-08-03T14:24:47.000Z</time>
        <extensions>
          <ns3:TrackPointExtension>
            <ns3:hr>148</ns3:hr>
            <ns3:cad>82</ns3:cad>
          </ns3:TrackPointExtension>
        </extensions>
      </trkpt>
      <trkpt lat="43.84077482856810092926025390625" lon="87.5099080614745616912841796875">
        <ele>849</ele>
        <time>2026-08-03T14:24:50.000Z</time>
        <extensions>
          <ns3:TrackPointExtension>
            <ns3:hr>147</ns3:hr>
            <ns3:cad>82</ns3:cad>
          </ns3:TrackPointExtension>
        </extensions>
      </trkpt>
      <trkpt lat="43.84094112552702426910400390625" lon="87.5099392421543598175048828125">
        <ele>848.20001220703125</ele>
        <time>2026-08-03T14:24:57.000Z</time>
        <extensions>
          <ns3:TrackPointExtension>
            <ns3:hr>150</ns3:hr>
            <ns3:cad>82</ns3:cad>
          </ns3:TrackPointExtension>
        </extensions>
      </trkpt>
      <trkpt lat="43.840990997850894927978515625" lon="87.509953491389751434326171875">
        <ele>848.20001220703125</ele>
        <time>2026-08-03T14:25:00.000Z</time>
        <extensions>
          <ns3:TrackPointExtension>
            <ns3:hr>153</ns3:hr>
            <ns3:cad>83</ns3:cad>
          </ns3:TrackPointExtension>
        </extensions>
      </trkpt>
      <trkpt lat="43.84102829732000827789306640625" lon="87.509959526360034942626953125">
        <ele>848</ele>
        <time>2026-08-03T14:25:03.000Z</time>
        <extensions>
          <ns3:TrackPointExtension>
            <ns3:hr>154</ns3:hr>
            <ns3:cad>0</ns3:cad>
          </ns3:TrackPointExtension>
        </extensions>
      </trkpt>
      <trkpt lat="43.841109015047550201416015625" lon="87.5099551677703857421875">
        <ele>847.5999755859375</ele>
        <time>2026-08-03T14:25:10.000Z</time>
        <extensions>
          <ns3:TrackPointExtension>
            <ns3:hr>152</ns3:hr>
            <ns3:cad>56</ns3:cad>
          </ns3:TrackPointExtension>
        </extensions>
      </trkpt>
      <trkpt lat="43.84118621237576007843017578125" lon="87.509950138628482818603515625">
        <ele>847.79998779296875</ele>
        <time>2026-08-03T14:25:16.000Z</time>
        <extensions>
          <ns3:TrackPointExtension>
            <ns3:hr>149</ns3:hr>
            <ns3:cad>56</ns3:cad>
          </ns3:TrackPointExtension>
        </extensions>
      </trkpt>
      <trkpt lat="43.84122200310230255126953125" lon="87.50996195711195468902587890625">
        <ele>848</ele>
        <time>2026-08-03T14:25:19.000Z</time>
        <extensions>
          <ns3:TrackPointExtension>
            <ns3:hr>146</ns3:hr>
            <ns3:cad>56</ns3:cad>
          </ns3:TrackPointExtension>
        </extensions>
      </trkpt>
      <trkpt lat="43.8413183949887752532958984375" lon="87.50997603870928287506103515625">
        <ele>848.4000244140625</ele>
        <time>2026-08-03T14:25:25.000Z</time>
        <extensions>
          <ns3:TrackPointExtension>
            <ns3:hr>143</ns3:hr>
            <ns3:cad>56</ns3:cad>
          </ns3:TrackPointExtension>
        </extensions>
      </trkpt>
      <trkpt lat="43.84136457927525043487548828125" lon="87.50997402705252170562744140625">
        <ele>848.4000244140625</ele>
        <time>2026-08-03T14:25:27.000Z</time>
        <extensions>
          <ns3:TrackPointExtension>
            <ns3:hr>142</ns3:hr>
            <ns3:cad>0</ns3:cad>
          </ns3:TrackPointExtension>
        </extensions>
      </trkpt>
      <trkpt lat="43.8414417766034603118896484375" lon="87.50998106785118579864501953125">
        <ele>848.4000244140625</ele>
        <time>2026-08-03T14:25:30.000Z</time>
        <extensions>
          <ns3:TrackPointExtension>
            <ns3:hr>139</ns3:hr>
            <ns3:cad>81</ns3:cad>
          </ns3:TrackPointExtension>
        </extensions>
      </trkpt>
      <trkpt lat="43.84157882072031497955322265625" lon="87.50998944975435733795166015625">
        <ele>847.79998779296875</ele>
        <time>2026-08-03T14:25:35.000Z</time>
        <extensions>
          <ns3:TrackPointExtension>
            <ns3:hr>137</ns3:hr>
            <ns3:cad>82</ns3:cad>
          </ns3:TrackPointExtension>
        </extensions>
      </trkpt>
      <trkpt lat="43.84160866029560565948486328125" lon="87.50999431125819683074951171875">
        <ele>847.79998779296875</ele>
        <time>2026-08-03T14:25:37.000Z</time>
        <extensions>
          <ns3:TrackPointExtension>
            <ns3:hr>137</ns3:hr>
            <ns3:cad>82</ns3:cad>
          </ns3:TrackPointExtension>
        </extensions>
      </trkpt>
      <trkpt lat="43.841631710529327392578125" lon="87.509987019002437591552734375">
        <ele>847.5999755859375</ele>
        <time>2026-08-03T14:25:39.000Z</time>
        <extensions>
          <ns3:TrackPointExtension>
            <ns3:hr>138</ns3:hr>
            <ns3:cad>0</ns3:cad>
          </ns3:TrackPointExtension>
        </extensions>
      </trkpt>
      <trkpt lat="43.8417264260351657867431640625" lon="87.509973943233489990234375">
        <ele>846.5999755859375</ele>
        <time>2026-08-03T14:25:46.000Z</time>
        <extensions>
          <ns3:TrackPointExtension>
            <ns3:hr>140</ns3:hr>
            <ns3:cad>57</ns3:cad>
          </ns3:TrackPointExtension>
        </extensions>
      </trkpt>
      <trkpt lat="43.8419024460017681121826171875" lon="87.50998542644083499908447265625">
        <ele>846.20001220703125</ele>
        <time>2026-08-03T14:25:55.000Z</time>
        <extensions>
          <ns3:TrackPointExtension>
            <ns3:hr>138</ns3:hr>
            <ns3:cad>57</ns3:cad>
          </ns3:TrackPointExtension>
        </extensions>
      </trkpt>
      <trkpt lat="43.84207569994032382965087890625" lon="87.510051727294921875">
        <ele>846.20001220703125</ele>
        <time>2026-08-03T14:26:03.000Z</time>
        <extensions>
          <ns3:TrackPointExtension>
            <ns3:hr>137</ns3:hr>
            <ns3:cad>80</ns3:cad>
          </ns3:TrackPointExtension>
        </extensions>
      </trkpt>
      <trkpt lat="43.84226345457136631011962890625" lon="87.5101065449416637420654296875">
        <ele>845</ele>
        <time>2026-08-03T14:26:12.000Z</time>
        <extensions>
          <ns3:TrackPointExtension>
            <ns3:hr>138</ns3:hr>
            <ns3:cad>82</ns3:cad>
          </ns3:TrackPointExtension>
        </extensions>
      </trkpt>
      <trkpt lat="43.84230829775333404541015625" lon="87.51012020744383335113525390625">
        <ele>844.4000244140625</ele>
        <time>2026-08-03T14:26:14.000Z</time>
        <extensions>
          <ns3:TrackPointExtension>
            <ns3:hr>139</ns3:hr>
            <ns3:cad>82</ns3:cad>
          </ns3:TrackPointExtension>
        </extensions>
      </trkpt>
      <trkpt lat="43.84236504323780536651611328125" lon="87.51012540422379970550537109375">
        <ele>843.5999755859375</ele>
        <time>2026-08-03T14:26:16.000Z</time>
        <extensions>
          <ns3:TrackPointExtension>
            <ns3:hr>142</ns3:hr>
            <ns3:cad>82</ns3:cad>
          </ns3:TrackPointExtension>
        </extensions>
      </trkpt>
      <trkpt lat="43.842423297464847564697265625" lon="87.51016111113131046295166015625">
        <ele>843</ele>
        <time>2026-08-03T14:26:18.000Z</time>
        <extensions>
          <ns3:TrackPointExtension>
            <ns3:hr>143</ns3:hr>
            <ns3:cad>82</ns3:cad>
          </ns3:TrackPointExtension>
        </extensions>
      </trkpt>
      <trkpt lat="43.842504434287548065185546875" lon="87.5101799704134464263916015625">
        <ele>842</ele>
        <time>2026-08-03T14:26:22.000Z</time>
        <extensions>
          <ns3:TrackPointExtension>
            <ns3:hr>142</ns3:hr>
            <ns3:cad>82</ns3:cad>
          </ns3:TrackPointExtension>
        </extensions>
      </trkpt>
      <trkpt lat="43.84255128912627696990966796875" lon="87.51017737202346324920654296875">
        <ele>841.4000244140625</ele>
        <time>2026-08-03T14:26:25.000Z</time>
        <extensions>
          <ns3:TrackPointExtension>
            <ns3:hr>141</ns3:hr>
            <ns3:cad>0</ns3:cad>
          </ns3:TrackPointExtension>
        </extensions>
      </trkpt>
      <trkpt lat="43.84258749894797801971435546875" lon="87.51019095070660114288330078125">
        <ele>841.20001220703125</ele>
        <time>2026-08-03T14:26:28.000Z</time>
        <extensions>
          <ns3:TrackPointExtension>
            <ns3:hr>143</ns3:hr>
            <ns3:cad>0</ns3:cad>
          </ns3:TrackPointExtension>
        </extensions>
      </trkpt>
      <trkpt lat="43.842653296887874603271484375" lon="87.510201930999755859375">
        <ele>840.5999755859375</ele>
        <time>2026-08-03T14:26:34.000Z</time>
        <extensions>
          <ns3:TrackPointExtension>
            <ns3:hr>146</ns3:hr>
            <ns3:cad>55</ns3:cad>
          </ns3:TrackPointExtension>
        </extensions>
      </trkpt>
      <trkpt lat="43.842762596905231475830078125" lon="87.51024224795401096343994140625">
        <ele>839.79998779296875</ele>
        <time>2026-08-03T14:26:41.000Z</time>
        <extensions>
          <ns3:TrackPointExtension>
            <ns3:hr>143</ns3:hr>
            <ns3:cad>53</ns3:cad>
          </ns3:TrackPointExtension>
        </extensions>
      </trkpt>
      <trkpt lat="43.84283560328185558319091796875" lon="87.5102426670491695404052734375">
        <ele>839.5999755859375</ele>
        <time>2026-08-03T14:26:46.000Z</time>
        <extensions>
          <ns3:TrackPointExtension>
            <ns3:hr>140</ns3:hr>
            <ns3:cad>53</ns3:cad>
          </ns3:TrackPointExtension>
        </extensions>
      </trkpt>
      <trkpt lat="43.842906765639781951904296875" lon="87.51023881137371063232421875">
        <ele>839.20001220703125</ele>
        <time>2026-08-03T14:26:49.000Z</time>
        <extensions>
          <ns3:TrackPointExtension>
            <ns3:hr>139</ns3:hr>
            <ns3:cad>80</ns3:cad>
          </ns3:TrackPointExtension>
        </extensions>
      </trkpt>
      <trkpt lat="43.8430762477219104766845703125" lon="87.5102326087653636932373046875">
        <ele>838.20001220703125</ele>
        <time>2026-08-03T14:26:56.000Z</time>
        <extensions>
          <ns3:TrackPointExtension>
            <ns3:hr>139</ns3:hr>
            <ns3:cad>82</ns3:cad>
          </ns3:TrackPointExtension>
        </extensions>
      </trkpt>
      <trkpt lat="43.84326324798166751861572265625" lon="87.51026957295835018157958984375">
        <ele>837.20001220703125</ele>
        <time>2026-08-03T14:27:03.000Z</time>
        <extensions>
          <ns3:TrackPointExtension>
            <ns3:hr>139</ns3:hr>
            <ns3:cad>82</ns3:cad>
          </ns3:TrackPointExtension>
        </extensions>
      </trkpt>
      <trkpt lat="43.84334103204309940338134765625" lon="87.51029320992529392242431640625">
        <ele>836.79998779296875</ele>
        <time>2026-08-03T14:27:06.000Z</time>
        <extensions>
          <ns3:TrackPointExtension>
            <ns3:hr>141</ns3:hr>
            <ns3:cad>82</ns3:cad>
          </ns3:TrackPointExtension>
        </extensions>
      </trkpt>
      <trkpt lat="43.8435347378253936767578125" lon="87.510344423353672027587890625">
        <ele>837.79998779296875</ele>
        <time>2026-08-03T14:27:13.000Z</time>
        <extensions>
          <ns3:TrackPointExtension>
            <ns3:hr>143</ns3:hr>
            <ns3:cad>82</ns3:cad>
          </ns3:TrackPointExtension>
        </extensions>
      </trkpt>
      <trkpt lat="43.8436391763389110565185546875" lon="87.510356493294239044189453125">
        <ele>838.20001220703125</ele>
        <time>2026-08-03T14:27:20.000Z</time>
        <extensions>
          <ns3:TrackPointExtension>
            <ns3:hr>146</ns3:hr>
            <ns3:cad>56</ns3:cad>
          </ns3:TrackPointExtension>
        </extensions>
      </trkpt>
      <trkpt lat="43.8437032140791416168212890625" lon="87.51036277972161769866943359375">
        <ele>838.4000244140625</ele>
        <time>2026-08-03T14:27:27.000Z</time>
        <extensions>
          <ns3:TrackPointExtension>
            <ns3:hr>143</ns3:hr>
            <ns3:cad>55</ns3:cad>
          </ns3:TrackPointExtension>
        </extensions>
      </trkpt>
      <trkpt lat="43.8438319601118564605712890625" lon="87.51036529429256916046142578125">
        <ele>838.4000244140625</ele>
        <time>2026-08-03T14:27:36.000Z</time>
        <extensions>
          <ns3:TrackPointExtension>
            <ns3:hr>141</ns3:hr>
            <ns3:cad>54</ns3:cad>
          </ns3:TrackPointExtension>
        </extensions>
      </trkpt>
      <trkpt lat="43.84385618381202220916748046875" lon="87.51035816967487335205078125">
        <ele>838.20001220703125</ele>
        <time>2026-08-03T14:27:38.000Z</time>
        <extensions>
          <ns3:TrackPointExtension>
            <ns3:hr>139</ns3:hr>
            <ns3:cad>53</ns3:cad>
          </ns3:TrackPointExtension>
        </extensions>
      </trkpt>
      <trkpt lat="43.8439104147255420684814453125" lon="87.51036043278872966766357421875">
        <ele>838.20001220703125</ele>
        <time>2026-08-03T14:27:42.000Z</time>
        <extensions>
          <ns3:TrackPointExtension>
            <ns3:hr>136</ns3:hr>
            <ns3:cad>53</ns3:cad>
          </ns3:TrackPointExtension>
        </extensions>
      </trkpt>
      <trkpt lat="43.84392742998898029327392578125" lon="87.51035942696034908294677734375">
        <ele>837.79998779296875</ele>
        <time>2026-08-03T14:27:43.000Z</time>
        <extensions>
          <ns3:TrackPointExtension>
            <ns3:hr>135</ns3:hr>
            <ns3:cad>53</ns3:cad>
          </ns3:TrackPointExtension>
        </extensions>
      </trkpt>
      <trkpt lat="43.84394419379532337188720703125" lon="87.510359175503253936767578125">
        <ele>837.4000244140625</ele>
        <time>2026-08-03T14:27:45.000Z</time>
        <extensions>
          <ns3:TrackPointExtension>
            <ns3:hr>133</ns3:hr>
            <ns3:cad>52</ns3:cad>
          </ns3:TrackPointExtension>
        </extensions>
      </trkpt>
      <trkpt lat="43.8439898751676082611083984375" lon="87.510344423353672027587890625">
        <ele>836.20001220703125</ele>
        <time>2026-08-03T14:27:48.000Z</time>
        <extensions>
          <ns3:TrackPointExtension>
            <ns3:hr>131</ns3:hr>
            <ns3:cad>0</ns3:cad>
          </ns3:TrackPointExtension>
        </extensions>
      </trkpt>
      <trkpt lat="43.84415240027010440826416015625" lon="87.5103462673723697662353515625">
        <ele>832.79998779296875</ele>
        <time>2026-08-03T14:27:54.000Z</time>
        <extensions>
          <ns3:TrackPointExtension>
            <ns3:hr>130</ns3:hr>
            <ns3:cad>81</ns3:cad>
          </ns3:TrackPointExtension>
        </extensions>
      </trkpt>
      <trkpt lat="43.844189532101154327392578125" lon="87.51035758294165134429931640625">
        <ele>832.20001220703125</ele>
        <time>2026-08-03T14:27:58.000Z</time>
        <extensions>
          <ns3:TrackPointExtension>
            <ns3:hr>131</ns3:hr>
            <ns3:cad>0</ns3:cad>
          </ns3:TrackPointExtension>
        </extensions>
      </trkpt>
      <trkpt lat="43.84426337666809558868408203125" lon="87.51042229123413562774658203125">
        <ele>832</ele>
        <time>2026-08-03T14:28:03.000Z</time>
        <extensions>
          <ns3:TrackPointExtension>
            <ns3:hr>134</ns3:hr>
            <ns3:cad>0</ns3:cad>
          </ns3:TrackPointExtension>
        </extensions>
      </trkpt>
      <trkpt lat="43.84428818710148334503173828125" lon="87.51043327152729034423828125">
        <ele>832</ele>
        <time>2026-08-03T14:28:04.000Z</time>
        <extensions>
          <ns3:TrackPointExtension>
            <ns3:hr>134</ns3:hr>
            <ns3:cad>0</ns3:cad>
          </ns3:TrackPointExtension>
        </extensions>
      </trkpt>
      <trkpt lat="43.844442330300807952880859375" lon="87.510456740856170654296875">
        <ele>831.5999755859375</ele>
        <time>2026-08-03T14:28:11.000Z</time>
        <extensions>
          <ns3:TrackPointExtension>
            <ns3:hr>136</ns3:hr>
            <ns3:cad>81</ns3:cad>
          </ns3:TrackPointExtension>
        </extensions>
      </trkpt>
      <trkpt lat="43.8446302525699138641357421875" lon="87.51050694845616817474365234375">
        <ele>830.4000244140625</ele>
        <time>2026-08-03T14:28:18.000Z</time>
        <extensions>
          <ns3:TrackPointExtension>
            <ns3:hr>138</ns3:hr>
            <ns3:cad>82</ns3:cad>
          </ns3:TrackPointExtension>
        </extensions>
      </trkpt>
      <trkpt lat="43.84478263556957244873046875" lon="87.5105149112641811370849609375">
        <ele>829.4000244140625</ele>
        <time>2026-08-03T14:28:24.000Z</time>
        <extensions>
          <ns3:TrackPointExtension>
            <ns3:hr>141</ns3:hr>
            <ns3:cad>82</ns3:cad>
          </ns3:TrackPointExtension>
        </extensions>
      </trkpt>
      <trkpt lat="43.84483669884502887725830078125" lon="87.51052740029990673065185546875">
        <ele>829.4000244140625</ele>
        <time>2026-08-03T14:28:26.000Z</time>
        <extensions>
          <ns3:TrackPointExtension>
            <ns3:hr>144</ns3:hr>
            <ns3:cad>83</ns3:cad>
          </ns3:TrackPointExtension>
        </extensions>
      </trkpt>
      <trkpt lat="43.844866454601287841796875" lon="87.510533519089221954345703125">
        <ele>829.20001220703125</ele>
        <time>2026-08-03T14:28:27.000Z</time>
        <extensions>
          <ns3:TrackPointExtension>
            <ns3:hr>145</ns3:hr>
            <ns3:cad>83</ns3:cad>
          </ns3:TrackPointExtension>
        </extensions>
      </trkpt>
      <trkpt lat="43.84494951926171779632568359375" lon="87.51055288128554821014404296875">
        <ele>829</ele>
        <time>2026-08-03T14:28:30.000Z</time>
        <extensions>
          <ns3:TrackPointExtension>
            <ns3:hr>145</ns3:hr>
            <ns3:cad>82</ns3:cad>
          </ns3:TrackPointExtension>
        </extensions>
      </trkpt>
      <trkpt lat="43.84503434412181377410888671875" lon="87.51056377775967121124267578125">
        <ele>828.79998779296875</ele>
        <time>2026-08-03T14:28:33.000Z</time>
        <extensions>
          <ns3:TrackPointExtension>
            <ns3:hr>146</ns3:hr>
            <ns3:cad>82</ns3:cad>
          </ns3:TrackPointExtension>
        </extensions>
      </trkpt>
      <trkpt lat="43.84517868049442768096923828125" lon="87.51055891625583171844482421875">
        <ele>830.4000244140625</ele>
        <time>2026-08-03T14:28:38.000Z</time>
        <extensions>
          <ns3:TrackPointExtension>
            <ns3:hr>148</ns3:hr>
            <ns3:cad>82</ns3:cad>
          </ns3:TrackPointExtension>
        </extensions>
      </trkpt>
      <trkpt lat="43.84527750313282012939453125" lon="87.51059026457369327545166015625">
        <ele>831.5999755859375</ele>
        <time>2026-08-03T14:28:42.000Z</time>
        <extensions>
          <ns3:TrackPointExtension>
            <ns3:hr>151</ns3:hr>
            <ns3:cad>82</ns3:cad>
          </ns3:TrackPointExtension>
        </extensions>
      </trkpt>
      <trkpt lat="43.84535436518490314483642578125" lon="87.51061163842678070068359375">
        <ele>831.5999755859375</ele>
        <time>2026-08-03T14:28:45.000Z</time>
        <extensions>
          <ns3:TrackPointExtension>
            <ns3:hr>150</ns3:hr>
            <ns3:cad>82</ns3:cad>
          </ns3:TrackPointExtension>
        </extensions>
      </trkpt>
      <trkpt lat="43.84551077149808406829833984375" lon="87.5106282345950603485107421875">
        <ele>830.5999755859375</ele>
        <time>2026-08-03T14:28:51.000Z</time>
        <extensions>
          <ns3:TrackPointExtension>
            <ns3:hr>151</ns3:hr>
            <ns3:cad>82</ns3:cad>
          </ns3:TrackPointExtension>
        </extensions>
      </trkpt>
      <trkpt lat="43.8456682674586772918701171875" lon="87.51063401810824871063232421875">
        <ele>828.79998779296875</ele>
        <time>2026-08-03T14:28:58.000Z</time>
        <extensions>
          <ns3:TrackPointExtension>
            <ns3:hr>152</ns3:hr>
            <ns3:cad>82</ns3:cad>
          </ns3:TrackPointExtension>
        </extensions>
      </trkpt>
      <trkpt lat="43.84573188610374927520751953125" lon="87.510637454688549041748046875">
        <ele>828</ele>
        <time>2026-08-03T14:29:03.000Z</time>
        <extensions>
          <ns3:TrackPointExtension>
            <ns3:hr>154</ns3:hr>
            <ns3:cad>59</ns3:cad>
          </ns3:TrackPointExtension>
        </extensions>
      </trkpt>
      <trkpt lat="43.84575317613780498504638671875" lon="87.51063309609889984130859375">
        <ele>827.5999755859375</ele>
        <time>2026-08-03T14:29:05.000Z</time>
        <extensions>
          <ns3:TrackPointExtension>
            <ns3:hr>154</ns3:hr>
            <ns3:cad>59</ns3:cad>
          </ns3:TrackPointExtension>
        </extensions>
      </trkpt>
      <trkpt lat="43.8458399288356304168701171875" lon="87.51063971780240535736083984375">
        <ele>826.4000244140625</ele>
        <time>2026-08-03T14:29:11.000Z</time>
        <extensions>
          <ns3:TrackPointExtension>
            <ns3:hr>153</ns3:hr>
            <ns3:cad>56</ns3:cad>
          </ns3:TrackPointExtension>
        </extensions>
      </trkpt>
      <trkpt lat="43.84590379893779754638671875" lon="87.5106557272374629974365234375">
        <ele>826.4000244140625</ele>
        <time>2026-08-03T14:29:18.000Z</time>
        <extensions>
          <ns3:TrackPointExtension>
            <ns3:hr>151</ns3:hr>
            <ns3:cad>54</ns3:cad>
          </ns3:TrackPointExtension>
        </extensions>
      </trkpt>
      <trkpt lat="43.84593539871275424957275390625" lon="87.51063502393662929534912109375">
        <ele>826.20001220703125</ele>
        <time>2026-08-03T14:29:21.000Z</time>
        <extensions>
          <ns3:TrackPointExtension>
            <ns3:hr>148</ns3:hr>
            <ns3:cad>56</ns3:cad>
          </ns3:TrackPointExtension>
        </extensions>
      </trkpt>
      <trkpt lat="43.84601837955415248870849609375" lon="87.51064005307853221893310546875">
        <ele>826.4000244140625</ele>
        <time>2026-08-03T14:29:25.000Z</time>
        <extensions>
          <ns3:TrackPointExtension>
            <ns3:hr>145</ns3:hr>
            <ns3:cad>55</ns3:cad>
          </ns3:TrackPointExtension>
        </extensions>
      </trkpt>
      <trkpt lat="43.8461567647755146026611328125" lon="87.51066938973963260650634765625">
        <ele>826.79998779296875</ele>
        <time>2026-08-03T14:29:32.000Z</time>
        <extensions>
          <ns3:TrackPointExtension>
            <ns3:hr>142</ns3:hr>
            <ns3:cad>81</ns3:cad>
          </ns3:TrackPointExtension>
        </extensions>
      </trkpt>
      <trkpt lat="43.846173696219921112060546875" lon="87.51067458651959896087646484375">
        <ele>826.79998779296875</ele>
        <time>2026-08-03T14:29:33.000Z</time>
        <extensions>
          <ns3:TrackPointExtension>
            <ns3:hr>142</ns3:hr>
            <ns3:cad>82</ns3:cad>
          </ns3:TrackPointExtension>
        </extensions>
      </trkpt>
      <trkpt lat="43.84631509892642498016357421875" lon="87.51070559956133365631103515625">
        <ele>827.5999755859375</ele>
        <time>2026-08-03T14:29:38.000Z</time>
        <extensions>
          <ns3:TrackPointExtension>
            <ns3:hr>141</ns3:hr>
            <ns3:cad>82</ns3:cad>
          </ns3:TrackPointExtension>
        </extensions>
      </trkpt>
      <trkpt lat="43.8464152626693248748779296875" lon="87.51075069420039653778076171875">
        <ele>828.4000244140625</ele>
        <time>2026-08-03T14:29:44.000Z</time>
        <extensions>
          <ns3:TrackPointExtension>
            <ns3:hr>140</ns3:hr>
            <ns3:cad>82</ns3:cad>
          </ns3:TrackPointExtension>
        </extensions>
      </trkpt>
      <trkpt lat="43.8464259915053844451904296875" lon="87.51075354404747486114501953125">
        <ele>828.4000244140625</ele>
        <time>2026-08-03T14:29:45.000Z</time>
        <extensions>
          <ns3:TrackPointExtension>
            <ns3:hr>140</ns3:hr>
            <ns3:cad>82</ns3:cad>
          </ns3:TrackPointExtension>
        </extensions>
      </trkpt>
      <trkpt lat="43.846481479704380035400390625" lon="87.51079712994396686553955078125">
        <ele>828.4000244140625</ele>
        <time>2026-08-03T14:29:49.000Z</time>
        <extensions>
          <ns3:TrackPointExtension>
            <ns3:hr>140</ns3:hr>
            <ns3:cad>54</ns3:cad>
          </ns3:TrackPointExtension>
        </extensions>
      </trkpt>
      <trkpt lat="43.846610896289348602294921875" lon="87.51083384267985820770263671875">
        <ele>828</ele>
        <time>2026-08-03T14:29:56.000Z</time>
        <extensions>
          <ns3:TrackPointExtension>
            <ns3:hr>140</ns3:hr>
            <ns3:cad>79</ns3:cad>
          </ns3:TrackPointExtension>
        </extensions>
      </trkpt>
      <trkpt lat="43.84677090682089328765869140625" lon="87.51088614575564861297607421875">
        <ele>827.5999755859375</ele>
        <time>2026-08-03T14:30:03.000Z</time>
        <extensions>
          <ns3:TrackPointExtension>
            <ns3:hr>139</ns3:hr>
            <ns3:cad>82</ns3:cad>
          </ns3:TrackPointExtension>
        </extensions>
      </trkpt>
      <trkpt lat="43.84688942693173885345458984375" lon="87.510924451053142547607421875">
        <ele>827.4000244140625</ele>
        <time>2026-08-03T14:30:09.000Z</time>
        <extensions>
          <ns3:TrackPointExtension>
            <ns3:hr>138</ns3:hr>
            <ns3:cad>82</ns3:cad>
          </ns3:TrackPointExtension>
        </extensions>
      </trkpt>
      <trkpt lat="43.84696737863123416900634765625" lon="87.510938532650470733642578125">
        <ele>827.20001220703125</ele>
        <time>2026-08-03T14:30:13.000Z</time>
        <extensions>
          <ns3:TrackPointExtension>
            <ns3:hr>140</ns3:hr>
            <ns3:cad>82</ns3:cad>
          </ns3:TrackPointExtension>
        </extensions>
      </trkpt>
      <trkpt lat="43.84698146022856235504150390625" lon="87.51093886792659759521484375">
        <ele>827</ele>
        <time>2026-08-03T14:30:14.000Z</time>
        <extensions>
          <ns3:TrackPointExtension>
            <ns3:hr>140</ns3:hr>
            <ns3:cad>82</ns3:cad>
          </ns3:TrackPointExtension>
        </extensions>
      </trkpt>
      <trkpt lat="43.84708874858915805816650390625" lon="87.51097566448152065277099609375">
        <ele>826.20001220703125</ele>
        <time>2026-08-03T14:30:18.000Z</time>
        <extensions>
          <ns3:TrackPointExtension>
            <ns3:hr>142</ns3:hr>
            <ns3:cad>82</ns3:cad>
          </ns3:TrackPointExtension>
        </extensions>
      </trkpt>
      <trkpt lat="43.8471689634025096893310546875" lon="87.51097884960472583770751953125">
        <ele>825.4000244140625</ele>
        <time>2026-08-03T14:30:23.000Z</time>
        <extensions>
          <ns3:TrackPointExtension>
            <ns3:hr>143</ns3:hr>
            <ns3:cad>82</ns3:cad>
          </ns3:TrackPointExtension>
        </extensions>
      </trkpt>
      <trkpt lat="43.847185559570789337158203125" lon="87.510972060263156890869140625">
        <ele>825.20001220703125</ele>
        <time>2026-08-03T14:30:24.000Z</time>
        <extensions>
          <ns3:TrackPointExtension>
            <ns3:hr>144</ns3:hr>
            <ns3:cad>82</ns3:cad>
          </ns3:TrackPointExtension>
        </extensions>
      </trkpt>
      <trkpt lat="43.84733140468597412109375" lon="87.51093492843210697174072265625">
        <ele>823.5999755859375</ele>
        <time>2026-08-03T14:30:33.000Z</time>
        <extensions>
          <ns3:TrackPointExtension>
            <ns3:hr>146</ns3:hr>
            <ns3:cad>55</ns3:cad>
          </ns3:TrackPointExtension>
        </extensions>
      </trkpt>
      <trkpt lat="43.84743542410433292388916015625" lon="87.5109403766691684722900390625">
        <ele>822.79998779296875</ele>
        <time>2026-08-03T14:30:39.000Z</time>
        <extensions>
          <ns3:TrackPointExtension>
            <ns3:hr>143</ns3:hr>
            <ns3:cad>56</ns3:cad>
          </ns3:TrackPointExtension>
        </extensions>
      </trkpt>
      <trkpt lat="43.8474707119166851043701171875" lon="87.51093694008886814117431640625">
        <ele>822.5999755859375</ele>
        <time>2026-08-03T14:30:41.000Z</time>
        <extensions>
          <ns3:TrackPointExtension>
            <ns3:hr>140</ns3:hr>
            <ns3:cad>56</ns3:cad>
          </ns3:TrackPointExtension>
        </extensions>
      </trkpt>
      <trkpt lat="43.8474807702004909515380859375" lon="87.51093492843210697174072265625">
        <ele>822.4000244140625</ele>
        <time>2026-08-03T14:30:42.000Z</time>
        <extensions>
          <ns3:TrackPointExtension>
            <ns3:hr>139</ns3:hr>
            <ns3:cad>56</ns3:cad>
          </ns3:TrackPointExtension>
        </extensions>
      </trkpt>
      <trkpt lat="43.847573138773441314697265625" lon="87.510954625904560089111328125">
        <ele>822</ele>
        <time>2026-08-03T14:30:50.000Z</time>
        <extensions>
          <ns3:TrackPointExtension>
            <ns3:hr>137</ns3:hr>
            <ns3:cad>55</ns3:cad>
          </ns3:TrackPointExtension>
        </extensions>
      </trkpt>
      <trkpt lat="43.847640864551067352294921875" lon="87.51096837222576141357421875">
        <ele>821.5999755859375</ele>
        <time>2026-08-03T14:30:54.000Z</time>
        <extensions>
          <ns3:TrackPointExtension>
            <ns3:hr>134</ns3:hr>
            <ns3:cad>56</ns3:cad>
          </ns3:TrackPointExtension>
        </extensions>
      </trkpt>
      <trkpt lat="43.84769492782652378082275390625" lon="87.5109826214611530303955078125">
        <ele>821.4000244140625</ele>
        <time>2026-08-03T14:30:57.000Z</time>
        <extensions>
          <ns3:TrackPointExtension>
            <ns3:hr>131</ns3:hr>
            <ns3:cad>55</ns3:cad>
          </ns3:TrackPointExtension>
        </extensions>
      </trkpt>
      <trkpt lat="43.84774270467460155487060546875" lon="87.51098924316465854644775390625">
        <ele>821.20001220703125</ele>
        <time>2026-08-03T14:31:01.000Z</time>
        <extensions>
          <ns3:TrackPointExtension>
            <ns3:hr>129</ns3:hr>
            <ns3:cad>55</ns3:cad>
          </ns3:TrackPointExtension>
        </extensions>
      </trkpt>
      <trkpt lat="43.84786306880414485931396484375" lon="87.511025369167327880859375">
        <ele>821</ele>
        <time>2026-08-03T14:31:10.000Z</time>
        <extensions>
          <ns3:TrackPointExtension>
            <ns3:hr>128</ns3:hr>
            <ns3:cad>54</ns3:cad>
          </ns3:TrackPointExtension>
        </extensions>
      </trkpt>
      <trkpt lat="43.84790011681616306304931640625" lon="87.5110604055225849151611328125">
        <ele>821.20001220703125</ele>
        <time>2026-08-03T14:31:14.000Z</time>
        <extensions>
          <ns3:TrackPointExtension>
            <ns3:hr>125</ns3:hr>
            <ns3:cad>53</ns3:cad>
          </ns3:TrackPointExtension>
        </extensions>
      </trkpt>
      <trkpt lat="43.847903721034526824951171875" lon="87.51106535084545612335205078125">
        <ele>821.20001220703125</ele>
        <time>2026-08-03T14:31:15.000Z</time>
        <extensions>
          <ns3:TrackPointExtension>
            <ns3:hr>124</ns3:hr>
            <ns3:cad>52</ns3:cad>
          </ns3:TrackPointExtension>
        </extensions>
      </trkpt>
      <trkpt lat="43.847896344959735870361328125" lon="87.51106895506381988525390625">
        <ele>821.20001220703125</ele>
        <time>2026-08-03T14:32:14.000Z</time>
        <extensions>
          <ns3:TrackPointExtension>
            <ns3:hr>114</ns3:hr>
            <ns3:cad>0</ns3:cad>
          </ns3:TrackPointExtension>
        </extensions>
      </trkpt>
      <trkpt lat="43.8478965125977993011474609375" lon="87.51106895506381988525390625">
        <ele>821.20001220703125</ele>
        <time>2026-08-03T14:32:15.000Z</time>
        <extensions>
          <ns3:TrackPointExtension>
            <ns3:hr>114</ns3:hr>
            <ns3:cad>0</ns3:cad>
          </ns3:TrackPointExtension>
        </extensions>
      </trkpt>
      <trkpt lat="43.847964741289615631103515625" lon="87.51107172109186649322509765625">
        <ele>821.20001220703125</ele>
        <time>2026-08-03T14:32:21.000Z</time>
        <extensions>
          <ns3:TrackPointExtension>
            <ns3:hr>114</ns3:hr>
            <ns3:cad>74</ns3:cad>
          </ns3:TrackPointExtension>
        </extensions>
      </trkpt>
      <trkpt lat="43.84816749952733516693115234375" lon="87.51110650599002838134765625">
        <ele>820.79998779296875</ele>
        <time>2026-08-03T14:32:27.000Z</time>
        <extensions>
          <ns3:TrackPointExtension>
            <ns3:hr>116</ns3:hr>
            <ns3:cad>85</ns3:cad>
          </ns3:TrackPointExtension>
        </extensions>
      </trkpt>
      <trkpt lat="43.84823556058108806610107421875" lon="87.511110864579677581787109375">
        <ele>820.5999755859375</ele>
        <time>2026-08-03T14:32:29.000Z</time>
        <extensions>
          <ns3:TrackPointExtension>
            <ns3:hr>120</ns3:hr>
            <ns3:cad>85</ns3:cad>
          </ns3:TrackPointExtension>
        </extensions>
      </trkpt>
      <trkpt lat="43.84825869463384151458740234375" lon="87.51110943965613842010498046875">
        <ele>820.4000244140625</ele>
        <time>2026-08-03T14:32:30.000Z</time>
        <extensions>
          <ns3:TrackPointExtension>
            <ns3:hr>121</ns3:hr>
            <ns3:cad>84</ns3:cad>
          </ns3:TrackPointExtension>
        </extensions>
      </trkpt>
      <trkpt lat="43.84831720031797885894775390625" lon="87.51110809855163097381591796875">
        <ele>820.4000244140625</ele>
        <time>2026-08-03T14:32:32.000Z</time>
        <extensions>
          <ns3:TrackPointExtension>
            <ns3:hr>124</ns3:hr>
            <ns3:cad>83</ns3:cad>
          </ns3:TrackPointExtension>
        </extensions>
      </trkpt>
      <trkpt lat="43.84837369434535503387451171875" lon="87.5111137144267559051513671875">
        <ele>820.5999755859375</ele>
        <time>2026-08-03T14:32:34.000Z</time>
        <extensions>
          <ns3:TrackPointExtension>
            <ns3:hr>128</ns3:hr>
            <ns3:cad>83</ns3:cad>
          </ns3:TrackPointExtension>
        </extensions>
      </trkpt>
      <trkpt lat="43.84841702878475189208984375" lon="87.51110357232391834259033203125">
        <ele>820.79998779296875</ele>
        <time>2026-08-03T14:32:37.000Z</time>
        <extensions>
          <ns3:TrackPointExtension>
            <ns3:hr>130</ns3:hr>
            <ns3:cad>84</ns3:cad>
          </ns3:TrackPointExtension>
        </extensions>
      </trkpt>
      <trkpt lat="43.84841996245086193084716796875" lon="87.51109267584979534149169921875">
        <ele>820.5999755859375</ele>
        <time>2026-08-03T14:32:38.000Z</time>
        <extensions>
          <ns3:TrackPointExtension>
            <ns3:hr>131</ns3:hr>
            <ns3:cad>83</ns3:cad>
          </ns3:TrackPointExtension>
        </extensions>
      </trkpt>
      <trkpt lat="43.84843320585787296295166015625" lon="87.51106149516999721527099609375">
        <ele>820.5999755859375</ele>
        <time>2026-08-03T14:32:41.000Z</time>
        <extensions>
          <ns3:TrackPointExtension>
            <ns3:hr>134</ns3:hr>
            <ns3:cad>56</ns3:cad>
          </ns3:TrackPointExtension>
        </extensions>
      </trkpt>
      <trkpt lat="43.848496489226818084716796875" lon="87.51102411188185214996337890625">
        <ele>820.4000244140625</ele>
        <time>2026-08-03T14:32:46.000Z</time>
        <extensions>
          <ns3:TrackPointExtension>
            <ns3:hr>134</ns3:hr>
            <ns3:cad>56</ns3:cad>
          </ns3:TrackPointExtension>
        </extensions>
      </trkpt>
      <trkpt lat="43.8486492075026035308837890625" lon="87.511000223457813262939453125">
        <ele>820.20001220703125</ele>
        <time>2026-08-03T14:32:53.000Z</time>
        <extensions>
          <ns3:TrackPointExtension>
            <ns3:hr>136</ns3:hr>
            <ns3:cad>81</ns3:cad>
          </ns3:TrackPointExtension>
        </extensions>
      </trkpt>
      <trkpt lat="43.848829083144664764404296875" lon="87.51103366725146770477294921875">
        <ele>819.79998779296875</ele>
        <time>2026-08-03T14:33:01.000Z</time>
        <extensions>
          <ns3:TrackPointExtension>
            <ns3:hr>136</ns3:hr>
            <ns3:cad>82</ns3:cad>
          </ns3:TrackPointExtension>
        </extensions>
      </trkpt>
      <trkpt lat="43.84894919581711292266845703125" lon="87.5110547058284282684326171875">
        <ele>819.4000244140625</ele>
        <time>2026-08-03T14:33:06.000Z</time>
        <extensions>
          <ns3:TrackPointExtension>
            <ns3:hr>136</ns3:hr>
            <ns3:cad>82</ns3:cad>
          </ns3:TrackPointExtension>
        </extensions>
      </trkpt>
      <trkpt lat="43.84906838648021221160888671875" lon="87.5110741518437862396240234375">
        <ele>818.79998779296875</ele>
        <time>2026-08-03T14:33:11.000Z</time>
        <extensions>
          <ns3:TrackPointExtension>
            <ns3:hr>139</ns3:hr>
            <ns3:cad>82</ns3:cad>
          </ns3:TrackPointExtension>
        </extensions>
      </trkpt>
      <trkpt lat="43.8491487689316272735595703125" lon="87.5110910832881927490234375">
        <ele>818.4000244140625</ele>
        <time>2026-08-03T14:33:14.000Z</time>
        <extensions>
          <ns3:TrackPointExtension>
            <ns3:hr>139</ns3:hr>
            <ns3:cad>82</ns3:cad>
          </ns3:TrackPointExtension>
        </extensions>
      </trkpt>
      <trkpt lat="43.84925463236868381500244140625" lon="87.51108236610889434814453125">
        <ele>817.5999755859375</ele>
        <time>2026-08-03T14:33:19.000Z</time>
        <extensions>
          <ns3:TrackPointExtension>
            <ns3:hr>141</ns3:hr>
            <ns3:cad>82</ns3:cad>
          </ns3:TrackPointExtension>
        </extensions>
      </trkpt>
      <trkpt lat="43.849318586289882659912109375" lon="87.5110818631947040557861328125">
        <ele>817.20001220703125</ele>
        <time>2026-08-03T14:33:25.000Z</time>
        <extensions>
          <ns3:TrackPointExtension>
            <ns3:hr>143</ns3:hr>
            <ns3:cad>56</ns3:cad>
          </ns3:TrackPointExtension>
        </extensions>
      </trkpt>
      <trkpt lat="43.8494169898331165313720703125" lon="87.51106400974094867706298828125">
        <ele>816.79998779296875</ele>
        <time>2026-08-03T14:33:32.000Z</time>
        <extensions>
          <ns3:TrackPointExtension>
            <ns3:hr>141</ns3:hr>
            <ns3:cad>55</ns3:cad>
          </ns3:TrackPointExtension>
        </extensions>
      </trkpt>
      <trkpt lat="43.84959493763744831085205078125" lon="87.511049173772335052490234375">
        <ele>816.20001220703125</ele>
        <time>2026-08-03T14:33:39.000Z</time>
        <extensions>
          <ns3:TrackPointExtension>
            <ns3:hr>141</ns3:hr>
            <ns3:cad>82</ns3:cad>
          </ns3:TrackPointExtension>
        </extensions>
      </trkpt>
      <trkpt lat="43.8497787527740001678466796875" lon="87.51106618903577327728271484375">
        <ele>815.79998779296875</ele>
        <time>2026-08-03T14:33:47.000Z</time>
        <extensions>
          <ns3:TrackPointExtension>
            <ns3:hr>142</ns3:hr>
            <ns3:cad>82</ns3:cad>
          </ns3:TrackPointExtension>
        </extensions>
      </trkpt>
      <trkpt lat="43.849958963692188262939453125" lon="87.511072643101215362548828125">
        <ele>814.20001220703125</ele>
        <time>2026-08-03T14:33:54.000Z</time>
        <extensions>
          <ns3:TrackPointExtension>
            <ns3:hr>143</ns3:hr>
            <ns3:cad>83</ns3:cad>
          </ns3:TrackPointExtension>
        </extensions>
      </trkpt>
      <trkpt lat="43.8499789126217365264892578125" lon="87.5110741518437862396240234375">
        <ele>814.20001220703125</ele>
        <time>2026-08-03T14:33:55.000Z</time>
        <extensions>
          <ns3:TrackPointExtension>
            <ns3:hr>143</ns3:hr>
            <ns3:cad>83</ns3:cad>
          </ns3:TrackPointExtension>
        </extensions>
      </trkpt>
      <trkpt lat="43.850045464932918548583984375" lon="87.51108412630856037139892578125">
        <ele>814</ele>
        <time>2026-08-03T14:34:00.000Z</time>
        <extensions>
          <ns3:TrackPointExtension>
            <ns3:hr>145</ns3:hr>
            <ns3:cad>79</ns3:cad>
          </ns3:TrackPointExtension>
        </extensions>
      </trkpt>
      <trkpt lat="43.8501302897930145263671875" lon="87.5110764987766742706298828125">
        <ele>814</ele>
        <time>2026-08-03T14:34:08.000Z</time>
        <extensions>
          <ns3:TrackPointExtension>
            <ns3:hr>145</ns3:hr>
            <ns3:cad>56</ns3:cad>
          </ns3:TrackPointExtension>
        </extensions>
      </trkpt>
      <trkpt lat="43.85020178742706775665283203125" lon="87.5110942684113979339599609375">
        <ele>814</ele>
        <time>2026-08-03T14:34:14.000Z</time>
        <extensions>
          <ns3:TrackPointExtension>
            <ns3:hr>142</ns3:hr>
            <ns3:cad>56</ns3:cad>
          </ns3:TrackPointExtension>
        </extensions>
      </trkpt>
      <trkpt lat="43.8502454571425914764404296875" lon="87.51109954901039600372314453125">
        <ele>813.79998779296875</ele>
        <time>2026-08-03T14:34:16.000Z</time>
        <extensions>
          <ns3:TrackPointExtension>
            <ns3:hr>141</ns3:hr>
            <ns3:cad>55</ns3:cad>
          </ns3:TrackPointExtension>
        </extensions>
      </trkpt>
      <trkpt lat="43.8503400050103664398193359375" lon="87.511104829609394073486328125">
        <ele>813.4000244140625</ele>
        <time>2026-08-03T14:34:20.000Z</time>
        <extensions>
          <ns3:TrackPointExtension>
            <ns3:hr>138</ns3:hr>
            <ns3:cad>82</ns3:cad>
          </ns3:TrackPointExtension>
        </extensions>
      </trkpt>
      <trkpt lat="43.85045894421637058258056640625" lon="87.511116564273834228515625">
        <ele>813</ele>
        <time>2026-08-03T14:34:25.000Z</time>
        <extensions>
          <ns3:TrackPointExtension>
            <ns3:hr>137</ns3:hr>
            <ns3:cad>82</ns3:cad>
          </ns3:TrackPointExtension>
        </extensions>
      </trkpt>
      <trkpt lat="43.850653655827045440673828125" lon="87.51113173551857471466064453125">
        <ele>812.4000244140625</ele>
        <time>2026-08-03T14:34:33.000Z</time>
        <extensions>
          <ns3:TrackPointExtension>
            <ns3:hr>138</ns3:hr>
            <ns3:cad>82</ns3:cad>
          </ns3:TrackPointExtension>
        </extensions>
      </trkpt>
      <trkpt lat="43.85070218704640865325927734375" lon="87.5111304782330989837646484375">
        <ele>812.20001220703125</ele>
        <time>2026-08-03T14:34:35.000Z</time>
        <extensions>
          <ns3:TrackPointExtension>
            <ns3:hr>138</ns3:hr>
            <ns3:cad>82</ns3:cad>
          </ns3:TrackPointExtension>
        </extensions>
      </trkpt>
      <trkpt lat="43.8507845811545848846435546875" lon="87.51112922094762325286865234375">
        <ele>811.5999755859375</ele>
        <time>2026-08-03T14:34:39.000Z</time>
        <extensions>
          <ns3:TrackPointExtension>
            <ns3:hr>141</ns3:hr>
            <ns3:cad>82</ns3:cad>
          </ns3:TrackPointExtension>
        </extensions>
      </trkpt>
      <trkpt lat="43.8508301787078380584716796875" lon="87.51114749349653720855712890625">
        <ele>811.20001220703125</ele>
        <time>2026-08-03T14:34:42.000Z</time>
        <extensions>
          <ns3:TrackPointExtension>
            <ns3:hr>143</ns3:hr>
            <ns3:cad>82</ns3:cad>
          </ns3:TrackPointExtension>
        </extensions>
      </trkpt>
      <trkpt lat="43.85090318508446216583251953125" lon="87.511150427162647247314453125">
        <ele>810.5999755859375</ele>
        <time>2026-08-03T14:34:48.000Z</time>
        <extensions>
          <ns3:TrackPointExtension>
            <ns3:hr>144</ns3:hr>
            <ns3:cad>56</ns3:cad>
          </ns3:TrackPointExtension>
        </extensions>
      </trkpt>
      <trkpt lat="43.8509656302630901336669921875" lon="87.51113592647016048431396484375">
        <ele>810.20001220703125</ele>
        <time>2026-08-03T14:34:53.000Z</time>
        <extensions>
          <ns3:TrackPointExtension>
            <ns3:hr>140</ns3:hr>
            <ns3:cad>56</ns3:cad>
          </ns3:TrackPointExtension>
        </extensions>
      </trkpt>
      <trkpt lat="43.85103109292685985565185546875" lon="87.51113458536565303802490234375">
        <ele>809.79998779296875</ele>
        <time>2026-08-03T14:34:56.000Z</time>
        <extensions>
          <ns3:TrackPointExtension>
            <ns3:hr>137</ns3:hr>
            <ns3:cad>56</ns3:cad>
          </ns3:TrackPointExtension>
        </extensions>
      </trkpt>
      <trkpt lat="43.85120895691215991973876953125" lon="87.51114279963076114654541015625">
        <ele>808.79998779296875</ele>
        <time>2026-08-03T14:35:03.000Z</time>
        <extensions>
          <ns3:TrackPointExtension>
            <ns3:hr>137</ns3:hr>
            <ns3:cad>83</ns3:cad>
          </ns3:TrackPointExtension>
        </extensions>
      </trkpt>
      <trkpt lat="43.85126746259629726409912109375" lon="87.51114849932491779327392578125">
        <ele>808.5999755859375</ele>
        <time>2026-08-03T14:35:05.000Z</time>
        <extensions>
          <ns3:TrackPointExtension>
            <ns3:hr>137</ns3:hr>
            <ns3:cad>83</ns3:cad>
          </ns3:TrackPointExtension>
        </extensions>
      </trkpt>
      <trkpt lat="43.85137089528143405914306640625" lon="87.51116685569286346435546875">
        <ele>808.20001220703125</ele>
        <time>2026-08-03T14:35:11.000Z</time>
        <extensions>
          <ns3:TrackPointExtension>
            <ns3:hr>139</ns3:hr>
            <ns3:cad>83</ns3:cad>
          </ns3:TrackPointExtension>
        </extensions>
      </trkpt>
      <trkpt lat="43.85142604820430278778076171875" lon="87.511170208454132080078125">
        <ele>808</ele>
        <time>2026-08-03T14:35:15.000Z</time>
        <extensions>
          <ns3:TrackPointExtension>
            <ns3:hr>143</ns3:hr>
            <ns3:cad>58</ns3:cad>
          </ns3:TrackPointExtension>
        </extensions>
      </trkpt>
      <trkpt lat="43.85148279368877410888671875" lon="87.51116777770221233367919921875">
        <ele>807.4000244140625</ele>
        <time>2026-08-03T14:35:19.000Z</time>
        <extensions>
          <ns3:TrackPointExtension>
            <ns3:hr>144</ns3:hr>
            <ns3:cad>58</ns3:cad>
          </ns3:TrackPointExtension>
        </extensions>
      </trkpt>
      <trkpt lat="43.85158530436456203460693359375" lon="87.51117163337767124176025390625">
        <ele>806.79998779296875</ele>
        <time>2026-08-03T14:35:28.000Z</time>
        <extensions>
          <ns3:TrackPointExtension>
            <ns3:hr>143</ns3:hr>
            <ns3:cad>57</ns3:cad>
          </ns3:TrackPointExtension>
        </extensions>
      </trkpt>
      <trkpt lat="43.85163433849811553955078125" lon="87.51118487678468227386474609375">
        <ele>806.4000244140625</ele>
        <time>2026-08-03T14:35:31.000Z</time>
        <extensions>
          <ns3:TrackPointExtension>
            <ns3:hr>140</ns3:hr>
            <ns3:cad>56</ns3:cad>
          </ns3:TrackPointExtension>
        </extensions>
      </trkpt>
      <trkpt lat="43.8517042435705661773681640625" lon="87.51119342632591724395751953125">
        <ele>806</ele>
        <time>2026-08-03T14:35:35.000Z</time>
        <extensions>
          <ns3:TrackPointExtension>
            <ns3:hr>137</ns3:hr>
            <ns3:cad>57</ns3:cad>
          </ns3:TrackPointExtension>
        </extensions>
      </trkpt>
      <trkpt lat="43.85173986665904521942138671875" lon="87.51119594089686870574951171875">
        <ele>805.5999755859375</ele>
        <time>2026-08-03T14:35:37.000Z</time>
        <extensions>
          <ns3:TrackPointExtension>
            <ns3:hr>136</ns3:hr>
            <ns3:cad>57</ns3:cad>
          </ns3:TrackPointExtension>
        </extensions>
      </trkpt>
      <trkpt lat="43.85186324827373027801513671875" lon="87.51119761727750301361083984375">
        <ele>804.20001220703125</ele>
        <time>2026-08-03T14:35:42.000Z</time>
        <extensions>
          <ns3:TrackPointExtension>
            <ns3:hr>133</ns3:hr>
            <ns3:cad>82</ns3:cad>
          </ns3:TrackPointExtension>
        </extensions>
      </trkpt>
      <trkpt lat="43.85188923217356204986572265625" lon="87.511202059686183929443359375">
        <ele>804</ele>
        <time>2026-08-03T14:35:43.000Z</time>
        <extensions>
          <ns3:TrackPointExtension>
            <ns3:hr>133</ns3:hr>
            <ns3:cad>82</ns3:cad>
          </ns3:TrackPointExtension>
        </extensions>
      </trkpt>
      <trkpt lat="43.8520934991538524627685546875" lon="87.51122695393860340118408203125">
        <ele>802.5999755859375</ele>
        <time>2026-08-03T14:35:51.000Z</time>
        <extensions>
          <ns3:TrackPointExtension>
            <ns3:hr>134</ns3:hr>
            <ns3:cad>82</ns3:cad>
          </ns3:TrackPointExtension>
        </extensions>
      </trkpt>
      <trkpt lat="43.8521675951778888702392578125" lon="87.511234916746616363525390625">
        <ele>802.20001220703125</ele>
        <time>2026-08-03T14:35:54.000Z</time>
        <extensions>
          <ns3:TrackPointExtension>
            <ns3:hr>137</ns3:hr>
            <ns3:cad>83</ns3:cad>
          </ns3:TrackPointExtension>
        </extensions>
      </trkpt>
      <trkpt lat="43.85224361903965473175048828125" lon="87.511231563985347747802734375">
        <ele>802</ele>
        <time>2026-08-03T14:35:57.000Z</time>
        <extensions>
          <ns3:TrackPointExtension>
            <ns3:hr>140</ns3:hr>
            <ns3:cad>83</ns3:cad>
          </ns3:TrackPointExtension>
        </extensions>
      </trkpt>
      <trkpt lat="43.85239399038255214691162109375" lon="87.51123768277466297149658203125">
        <ele>802</ele>
        <time>2026-08-03T14:36:02.000Z</time>
        <extensions>
          <ns3:TrackPointExtension>
            <ns3:hr>143</ns3:hr>
            <ns3:cad>84</ns3:cad>
          </ns3:TrackPointExtension>
        </extensions>
      </trkpt>
      <trkpt lat="43.85245241224765777587890625" lon="87.51123935915529727935791015625">
        <ele>801.79998779296875</ele>
        <time>2026-08-03T14:36:04.000Z</time>
        <extensions>
          <ns3:TrackPointExtension>
            <ns3:hr>144</ns3:hr>
            <ns3:cad>84</ns3:cad>
          </ns3:TrackPointExtension>
        </extensions>
      </trkpt>
      <trkpt lat="43.85265584103763103485107421875" lon="87.5112454779446125030517578125">
        <ele>800.79998779296875</ele>
        <time>2026-08-03T14:36:11.000Z</time>
        <extensions>
          <ns3:TrackPointExtension>
            <ns3:hr>147</ns3:hr>
            <ns3:cad>84</ns3:cad>
          </ns3:TrackPointExtension>
        </extensions>
      </trkpt>
      <trkpt lat="43.852697499096393585205078125" lon="87.51125562004745006561279296875">
        <ele>800.5999755859375</ele>
        <time>2026-08-03T14:36:13.000Z</time>
        <extensions>
          <ns3:TrackPointExtension>
            <ns3:hr>146</ns3:hr>
            <ns3:cad>84</ns3:cad>
          </ns3:TrackPointExtension>
        </extensions>
      </trkpt>
      <trkpt lat="43.85278098285198211669921875" lon="87.51126634888350963592529296875">
        <ele>800.4000244140625</ele>
        <time>2026-08-03T14:36:19.000Z</time>
        <extensions>
          <ns3:TrackPointExtension>
            <ns3:hr>147</ns3:hr>
            <ns3:cad>0</ns3:cad>
          </ns3:TrackPointExtension>
        </extensions>
      </trkpt>
      <trkpt lat="43.85288701392710208892822265625" lon="87.51126484014093875885009765625">
        <ele>799.79998779296875</ele>
        <time>2026-08-03T14:36:29.000Z</time>
        <extensions>
          <ns3:TrackPointExtension>
            <ns3:hr>147</ns3:hr>
            <ns3:cad>56</ns3:cad>
          </ns3:TrackPointExtension>
        </extensions>
      </trkpt>
      <trkpt lat="43.85297267697751522064208984375" lon="87.51127414405345916748046875">
        <ele>799</ele>
        <time>2026-08-03T14:36:34.000Z</time>
        <extensions>
          <ns3:TrackPointExtension>
            <ns3:hr>144</ns3:hr>
            <ns3:cad>56</ns3:cad>
          </ns3:TrackPointExtension>
        </extensions>
      </trkpt>
      <trkpt lat="43.852989859879016876220703125" lon="87.51127774827182292938232421875">
        <ele>798.79998779296875</ele>
        <time>2026-08-03T14:36:35.000Z</time>
        <extensions>
          <ns3:TrackPointExtension>
            <ns3:hr>143</ns3:hr>
            <ns3:cad>56</ns3:cad>
          </ns3:TrackPointExtension>
        </extensions>
      </trkpt>
      <trkpt lat="43.853062950074672698974609375" lon="87.51128026284277439117431640625">
        <ele>798</ele>
        <time>2026-08-03T14:36:40.000Z</time>
        <extensions>
          <ns3:TrackPointExtension>
            <ns3:hr>140</ns3:hr>
            <ns3:cad>57</ns3:cad>
          </ns3:TrackPointExtension>
        </extensions>
      </trkpt>
      <trkpt lat="43.85309689678251743316650390625" lon="87.5112857110798358917236328125">
        <ele>797.79998779296875</ele>
        <time>2026-08-03T14:36:42.000Z</time>
        <extensions>
          <ns3:TrackPointExtension>
            <ns3:hr>138</ns3:hr>
            <ns3:cad>56</ns3:cad>
          </ns3:TrackPointExtension>
        </extensions>
      </trkpt>
      <trkpt lat="43.853235282003879547119140625" lon="87.511292584240436553955078125">
        <ele>796.79998779296875</ele>
        <time>2026-08-03T14:36:48.000Z</time>
        <extensions>
          <ns3:TrackPointExtension>
            <ns3:hr>136</ns3:hr>
            <ns3:cad>81</ns3:cad>
          </ns3:TrackPointExtension>
        </extensions>
      </trkpt>
      <trkpt lat="43.8534159958362579345703125" lon="87.5113078393042087554931640625">
        <ele>796.20001220703125</ele>
        <time>2026-08-03T14:36:55.000Z</time>
        <extensions>
          <ns3:TrackPointExtension>
            <ns3:hr>136</ns3:hr>
            <ns3:cad>82</ns3:cad>
          </ns3:TrackPointExtension>
        </extensions>
      </trkpt>
      <trkpt lat="43.8536129705607891082763671875" lon="87.51132108271121978759765625">
        <ele>795.5999755859375</ele>
        <time>2026-08-03T14:37:02.000Z</time>
        <extensions>
          <ns3:TrackPointExtension>
            <ns3:hr>138</ns3:hr>
            <ns3:cad>83</ns3:cad>
          </ns3:TrackPointExtension>
        </extensions>
      </trkpt>
      <trkpt lat="43.853663094341754913330078125" lon="87.51132686622440814971923828125">
        <ele>795.5999755859375</ele>
        <time>2026-08-03T14:37:04.000Z</time>
        <extensions>
          <ns3:TrackPointExtension>
            <ns3:hr>138</ns3:hr>
            <ns3:cad>83</ns3:cad>
          </ns3:TrackPointExtension>
        </extensions>
      </trkpt>
      <trkpt lat="43.85384942404925823211669921875" lon="87.5113507546484470367431640625">
        <ele>795.5999755859375</ele>
        <time>2026-08-03T14:37:11.000Z</time>
        <extensions>
          <ns3:TrackPointExtension>
            <ns3:hr>140</ns3:hr>
            <ns3:cad>83</ns3:cad>
          </ns3:TrackPointExtension>
        </extensions>
      </trkpt>
      <trkpt lat="43.8540478236973285675048828125" lon="87.51134798862040042877197265625">
        <ele>794.79998779296875</ele>
        <time>2026-08-03T14:37:18.000Z</time>
        <extensions>
          <ns3:TrackPointExtension>
            <ns3:hr>142</ns3:hr>
            <ns3:cad>82</ns3:cad>
          </ns3:TrackPointExtension>
        </extensions>
      </trkpt>
      <trkpt lat="43.85412116535007953643798828125" lon="87.51135385595262050628662109375">
        <ele>794.5999755859375</ele>
        <time>2026-08-03T14:37:21.000Z</time>
        <extensions>
          <ns3:TrackPointExtension>
            <ns3:hr>143</ns3:hr>
            <ns3:cad>83</ns3:cad>
          </ns3:TrackPointExtension>
        </extensions>
      </trkpt>
      <trkpt lat="43.8542590476572513580322265625" lon="87.51136005856096744537353515625">
        <ele>794.4000244140625</ele>
        <time>2026-08-03T14:37:26.000Z</time>
        <extensions>
          <ns3:TrackPointExtension>
            <ns3:hr>146</ns3:hr>
            <ns3:cad>83</ns3:cad>
          </ns3:TrackPointExtension>
        </extensions>
      </trkpt>
      <trkpt lat="43.854401372373104095458984375" lon="87.5113702006638050079345703125">
        <ele>794</ele>
        <time>2026-08-03T14:37:31.000Z</time>
        <extensions>
          <ns3:TrackPointExtension>
            <ns3:hr>148</ns3:hr>
            <ns3:cad>83</ns3:cad>
          </ns3:TrackPointExtension>
        </extensions>
      </trkpt>
      <trkpt lat="43.85445392690598964691162109375" lon="87.51138034276664257049560546875">
        <ele>794</ele>
        <time>2026-08-03T14:37:35.000Z</time>
        <extensions>
          <ns3:TrackPointExtension>
            <ns3:hr>149</ns3:hr>
            <ns3:cad>83</ns3:cad>
          </ns3:TrackPointExtension>
        </extensions>
      </trkpt>
      <trkpt lat="43.85458745062351226806640625" lon="87.51140196807682514190673828125">
        <ele>793.5999755859375</ele>
        <time>2026-08-03T14:37:43.000Z</time>
        <extensions>
          <ns3:TrackPointExtension>
            <ns3:hr>150</ns3:hr>
            <ns3:cad>54</ns3:cad>
          </ns3:TrackPointExtension>
        </extensions>
      </trkpt>
      <trkpt lat="43.8547907955944538116455078125" lon="87.51142434775829315185546875">
        <ele>792.5999755859375</ele>
        <time>2026-08-03T14:37:50.000Z</time>
        <extensions>
          <ns3:TrackPointExtension>
            <ns3:hr>149</ns3:hr>
            <ns3:cad>83</ns3:cad>
          </ns3:TrackPointExtension>
        </extensions>
      </trkpt>
      <trkpt lat="43.854983747005462646484375" lon="87.511418648064136505126953125">
        <ele>790.5999755859375</ele>
        <time>2026-08-03T14:37:57.000Z</time>
        <extensions>
          <ns3:TrackPointExtension>
            <ns3:hr>148</ns3:hr>
            <ns3:cad>83</ns3:cad>
          </ns3:TrackPointExtension>
        </extensions>
      </trkpt>
      <trkpt lat="43.85504535399377346038818359375" lon="87.51141319982707500457763671875">
        <ele>789.79998779296875</ele>
        <time>2026-08-03T14:37:59.000Z</time>
        <extensions>
          <ns3:TrackPointExtension>
            <ns3:hr>148</ns3:hr>
            <ns3:cad>83</ns3:cad>
          </ns3:TrackPointExtension>
        </extensions>
      </trkpt>
      <trkpt lat="43.85506697930395603179931640625" lon="87.51141470856964588165283203125">
        <ele>789.5999755859375</ele>
        <time>2026-08-03T14:38:00.000Z</time>
        <extensions>
          <ns3:TrackPointExtension>
            <ns3:hr>148</ns3:hr>
            <ns3:cad>83</ns3:cad>
          </ns3:TrackPointExtension>
        </extensions>
      </trkpt>
      <trkpt lat="43.8551126606762409210205078125" lon="87.51141755841672420501708984375">
        <ele>789</ele>
        <time>2026-08-03T14:38:04.000Z</time>
        <extensions>
          <ns3:TrackPointExtension>
            <ns3:hr>149</ns3:hr>
            <ns3:cad>83</ns3:cad>
          </ns3:TrackPointExtension>
        </extensions>
      </trkpt>
      <trkpt lat="43.8552216254174709320068359375" lon="87.51140825450420379638671875">
        <ele>788</ele>
        <time>2026-08-03T14:38:13.000Z</time>
        <extensions>
          <ns3:TrackPointExtension>
            <ns3:hr>150</ns3:hr>
            <ns3:cad>54</ns3:cad>
          </ns3:TrackPointExtension>
        </extensions>
      </trkpt>
      <trkpt lat="43.8552725873887538909912109375" lon="87.51142476685345172882080078125">
        <ele>787.4000244140625</ele>
        <time>2026-08-03T14:38:19.000Z</time>
        <extensions>
          <ns3:TrackPointExtension>
            <ns3:hr>147</ns3:hr>
            <ns3:cad>54</ns3:cad>
          </ns3:TrackPointExtension>
        </extensions>
      </trkpt>
      <trkpt lat="43.85528893209993839263916015625" lon="87.51143951900303363800048828125">
        <ele>787.20001220703125</ele>
        <time>2026-08-03T14:38:20.000Z</time>
        <extensions>
          <ns3:TrackPointExtension>
            <ns3:hr>146</ns3:hr>
            <ns3:cad>54</ns3:cad>
          </ns3:TrackPointExtension>
        </extensions>
      </trkpt>
      <trkpt lat="43.85530033148825168609619140625" lon="87.5114504992961883544921875">
        <ele>787</ele>
        <time>2026-08-03T14:38:21.000Z</time>
        <extensions>
          <ns3:TrackPointExtension>
            <ns3:hr>145</ns3:hr>
            <ns3:cad>54</ns3:cad>
          </ns3:TrackPointExtension>
        </extensions>
      </trkpt>
      <trkpt lat="43.855343498289585113525390625" lon="87.5115596316754817962646484375">
        <ele>787.5999755859375</ele>
        <time>2026-08-03T14:38:28.000Z</time>
        <extensions>
          <ns3:TrackPointExtension>
            <ns3:hr>142</ns3:hr>
            <ns3:cad>52</ns3:cad>
          </ns3:TrackPointExtension>
        </extensions>
      </trkpt>
      <trkpt lat="43.8553503714501857757568359375" lon="87.51157480292022228240966796875">
        <ele>787.79998779296875</ele>
        <time>2026-08-03T14:38:29.000Z</time>
        <extensions>
          <ns3:TrackPointExtension>
            <ns3:hr>142</ns3:hr>
            <ns3:cad>52</ns3:cad>
          </ns3:TrackPointExtension>
        </extensions>
      </trkpt>
      <trkpt lat="43.85536168701946735382080078125" lon="87.5116169638931751251220703125">
        <ele>788</ele>
        <time>2026-08-03T14:38:32.000Z</time>
        <extensions>
          <ns3:TrackPointExtension>
            <ns3:hr>139</ns3:hr>
            <ns3:cad>52</ns3:cad>
          </ns3:TrackPointExtension>
        </extensions>
      </trkpt>
      <trkpt lat="43.85536235757172107696533203125" lon="87.51165091060101985931396484375">
        <ele>788.20001220703125</ele>
        <time>2026-08-03T14:38:34.000Z</time>
        <extensions>
          <ns3:TrackPointExtension>
            <ns3:hr>136</ns3:hr>
            <ns3:cad>52</ns3:cad>
          </ns3:TrackPointExtension>
        </extensions>
      </trkpt>
      <trkpt lat="43.8553584180772304534912109375" lon="87.5117084942758083343505859375">
        <ele>788.5999755859375</ele>
        <time>2026-08-03T14:38:37.000Z</time>
        <extensions>
          <ns3:TrackPointExtension>
            <ns3:hr>134</ns3:hr>
            <ns3:cad>52</ns3:cad>
          </ns3:TrackPointExtension>
        </extensions>
      </trkpt>
      <trkpt lat="43.8553587533533573150634765625" lon="87.51179323531687259674072265625">
        <ele>789.4000244140625</ele>
        <time>2026-08-03T14:38:42.000Z</time>
        <extensions>
          <ns3:TrackPointExtension>
            <ns3:hr>131</ns3:hr>
            <ns3:cad>53</ns3:cad>
          </ns3:TrackPointExtension>
        </extensions>
      </trkpt>
      <trkpt lat="43.8553605973720550537109375" lon="87.51180882565677165985107421875">
        <ele>789.5999755859375</ele>
        <time>2026-08-03T14:38:43.000Z</time>
        <extensions>
          <ns3:TrackPointExtension>
            <ns3:hr>130</ns3:hr>
            <ns3:cad>52</ns3:cad>
          </ns3:TrackPointExtension>
        </extensions>
      </trkpt>
      <trkpt lat="43.8553580828011035919189453125" lon="87.51182877458631992340087890625">
        <ele>789.79998779296875</ele>
        <time>2026-08-03T14:38:44.000Z</time>
        <extensions>
          <ns3:TrackPointExtension>
            <ns3:hr>130</ns3:hr>
            <ns3:cad>52</ns3:cad>
          </ns3:TrackPointExtension>
        </extensions>
      </trkpt>
      <trkpt lat="43.85534944944083690643310546875" lon="87.51191711984574794769287109375">
        <ele>790.4000244140625</ele>
        <time>2026-08-03T14:38:49.000Z</time>
        <extensions>
          <ns3:TrackPointExtension>
            <ns3:hr>129</ns3:hr>
            <ns3:cad>53</ns3:cad>
          </ns3:TrackPointExtension>
        </extensions>
      </trkpt>
      <trkpt lat="43.8553483597934246063232421875" lon="87.51194997690618038177490234375">
        <ele>790.5999755859375</ele>
        <time>2026-08-03T14:38:51.000Z</time>
        <extensions>
          <ns3:TrackPointExtension>
            <ns3:hr>128</ns3:hr>
            <ns3:cad>53</ns3:cad>
          </ns3:TrackPointExtension>
        </extensions>
      </trkpt>
      <trkpt lat="43.855325393378734588623046875" lon="87.51208308152854442596435546875">
        <ele>791.4000244140625</ele>
        <time>2026-08-03T14:39:00.000Z</time>
        <extensions>
          <ns3:TrackPointExtension>
            <ns3:hr>127</ns3:hr>
            <ns3:cad>51</ns3:cad>
          </ns3:TrackPointExtension>
        </extensions>
      </trkpt>
      <trkpt lat="43.85531407780945301055908203125" lon="87.5121772103011608123779296875">
        <ele>792.20001220703125</ele>
        <time>2026-08-03T14:39:07.000Z</time>
        <extensions>
          <ns3:TrackPointExtension>
            <ns3:hr>129</ns3:hr>
            <ns3:cad>50</ns3:cad>
          </ns3:TrackPointExtension>
        </extensions>
      </trkpt>
      <trkpt lat="43.8552876748144626617431640625" lon="87.512275613844394683837890625">
        <ele>793</ele>
        <time>2026-08-03T14:39:14.000Z</time>
        <extensions>
          <ns3:TrackPointExtension>
            <ns3:hr>129</ns3:hr>
            <ns3:cad>50</ns3:cad>
          </ns3:TrackPointExtension>
        </extensions>
      </trkpt>
      <trkpt lat="43.8552761077880859375" lon="87.51234962604939937591552734375">
        <ele>794.20001220703125</ele>
        <time>2026-08-03T14:39:19.000Z</time>
        <extensions>
          <ns3:TrackPointExtension>
            <ns3:hr>126</ns3:hr>
            <ns3:cad>50</ns3:cad>
          </ns3:TrackPointExtension>
        </extensions>
      </trkpt>
      <trkpt lat="43.85527401231229305267333984375" lon="87.5123837403953075408935546875">
        <ele>794.5999755859375</ele>
        <time>2026-08-03T14:39:22.000Z</time>
        <extensions>
          <ns3:TrackPointExtension>
            <ns3:hr>125</ns3:hr>
            <ns3:cad>50</ns3:cad>
          </ns3:TrackPointExtension>
        </extensions>
      </trkpt>
      <trkpt lat="43.855271749198436737060546875" lon="87.51239555887877941131591796875">
        <ele>794.79998779296875</ele>
        <time>2026-08-03T14:39:23.000Z</time>
        <extensions>
          <ns3:TrackPointExtension>
            <ns3:hr>125</ns3:hr>
            <ns3:cad>50</ns3:cad>
          </ns3:TrackPointExtension>
        </extensions>
      </trkpt>
      <trkpt lat="43.855262696743011474609375" lon="87.51245029270648956298828125">
        <ele>795.79998779296875</ele>
        <time>2026-08-03T14:39:27.000Z</time>
        <extensions>
          <ns3:TrackPointExtension>
            <ns3:hr>122</ns3:hr>
            <ns3:cad>49</ns3:cad>
          </ns3:TrackPointExtension>
        </extensions>
      </trkpt>
      <trkpt lat="43.85525674559175968170166015625" lon="87.51250351779162883758544921875">
        <ele>796.5999755859375</ele>
        <time>2026-08-03T14:39:31.000Z</time>
        <extensions>
          <ns3:TrackPointExtension>
            <ns3:hr>122</ns3:hr>
            <ns3:cad>0</ns3:cad>
          </ns3:TrackPointExtension>
        </extensions>
      </trkpt>
      <trkpt lat="43.8552340306341648101806640625" lon="87.51261214725673198699951171875">
        <ele>798.20001220703125</ele>
        <time>2026-08-03T14:39:39.000Z</time>
        <extensions>
          <ns3:TrackPointExtension>
            <ns3:hr>123</ns3:hr>
            <ns3:cad>48</ns3:cad>
          </ns3:TrackPointExtension>
        </extensions>
      </trkpt>
      <trkpt lat="43.85523344390094280242919921875" lon="87.512630335986614227294921875">
        <ele>798.4000244140625</ele>
        <time>2026-08-03T14:39:40.000Z</time>
        <extensions>
          <ns3:TrackPointExtension>
            <ns3:hr>123</ns3:hr>
            <ns3:cad>48</ns3:cad>
          </ns3:TrackPointExtension>
        </extensions>
      </trkpt>
      <trkpt lat="43.8552316837012767791748046875" lon="87.51271340064704418182373046875">
        <ele>799.79998779296875</ele>
        <time>2026-08-03T14:39:46.000Z</time>
        <extensions>
          <ns3:TrackPointExtension>
            <ns3:hr>123</ns3:hr>
            <ns3:cad>48</ns3:cad>
          </ns3:TrackPointExtension>
        </extensions>
      </trkpt>
      <trkpt lat="43.85522707365453243255615234375" lon="87.51272547058761119842529296875">
        <ele>800</ele>
        <time>2026-08-03T14:39:47.000Z</time>
        <extensions>
          <ns3:TrackPointExtension>
            <ns3:hr>123</ns3:hr>
            <ns3:cad>48</ns3:cad>
          </ns3:TrackPointExtension>
        </extensions>
      </trkpt>
      <trkpt lat="43.85521668009459972381591796875" lon="87.5127689726650714874267578125">
        <ele>800.4000244140625</ele>
        <time>2026-08-03T14:39:52.000Z</time>
        <extensions>
          <ns3:TrackPointExtension>
            <ns3:hr>122</ns3:hr>
            <ns3:cad>0</ns3:cad>
          </ns3:TrackPointExtension>
        </extensions>
      </trkpt>
      <trkpt lat="43.85521450079977512359619140625" lon="87.5128588266670703887939453125">
        <ele>801.20001220703125</ele>
        <time>2026-08-03T14:39:59.000Z</time>
        <extensions>
          <ns3:TrackPointExtension>
            <ns3:hr>122</ns3:hr>
            <ns3:cad>49</ns3:cad>
          </ns3:TrackPointExtension>
        </extensions>
      </trkpt>
      <trkpt lat="43.85521248914301395416259765625" lon="87.51289428211748600006103515625">
        <ele>801.4000244140625</ele>
        <time>2026-08-03T14:40:01.000Z</time>
        <extensions>
          <ns3:TrackPointExtension>
            <ns3:hr>121</ns3:hr>
            <ns3:cad>48</ns3:cad>
          </ns3:TrackPointExtension>
        </extensions>
      </trkpt>
      <trkpt lat="43.8551961444318294525146484375" lon="87.512944154441356658935546875">
        <ele>801.79998779296875</ele>
        <time>2026-08-03T14:40:05.000Z</time>
        <extensions>
          <ns3:TrackPointExtension>
            <ns3:hr>121</ns3:hr>
            <ns3:cad>0</ns3:cad>
          </ns3:TrackPointExtension>
        </extensions>
      </trkpt>
      <trkpt lat="43.855177871882915496826171875" lon="87.51304632984101772308349609375">
        <ele>802.20001220703125</ele>
        <time>2026-08-03T14:40:14.000Z</time>
        <extensions>
          <ns3:TrackPointExtension>
            <ns3:hr>121</ns3:hr>
            <ns3:cad>49</ns3:cad>
          </ns3:TrackPointExtension>
        </extensions>
      </trkpt>
      <trkpt lat="43.85517376475036144256591796875" lon="87.51310332678258419036865234375">
        <ele>802.4000244140625</ele>
        <time>2026-08-03T14:40:18.000Z</time>
        <extensions>
          <ns3:TrackPointExtension>
            <ns3:hr>121</ns3:hr>
            <ns3:cad>47</ns3:cad>
          </ns3:TrackPointExtension>
        </extensions>
      </trkpt>
    </trkseg>
  </trk>
</gpx>
