<gpx xmlns:ns3="http://www.garmin.com/xmlschemas/TrackPointExtension/v1" xmlns="http://www.topografix.com/GPX/1/1" xmlns:xsi="http://www.w3.org/2001/XMLSchema-instance" xmlns:ns2="http://www.garmin.com/xmlschemas/GpxExtensions/v3" creator="Garmin Connect" version="1.1" xsi:schemaLocation="http://www.topografix.com/GPX/1/1 http://www.topografix.com/GPX/11.xsd">
  <extensions>
<distance>7636.86</distance>
<average_hr>147.0</average_hr>
<average_speed>2.119999885559082</average_speed>
<start_time>2026-08-06T12:40:48+00:00</start_time>
<end_time>2026-08-06T13:40:49.671000+00:00</end_time>
<moving_time>3424.131</moving_time>
<elapsed_time>3780.44</elapsed_time>
</extensions>
<metadata>
    <link href="connect.garmin.com">
      <text>Garmin Connect</text>
    </link>
    <time>2026-08-06T12:40:48.000Z</time>
  </metadata>
  <trk>
    <name>乌鲁木齐市 - 基础训练</name>
    <type>running</type>
    <trkseg>
      <trkpt lat="43.85525523684918880462646484375" lon="87.51669363118708133697509765625">
        <ele>788.4000244140625</ele>
        <time>2026-08-06T12:41:10.000Z</time>
        <extensions>
          <ns3:TrackPointExtension>
            <ns3:hr>88</ns3:hr>
            <ns3:cad>78</ns3:cad>
          </ns3:TrackPointExtension>
        </extensions>
      </trkpt>
      <trkpt lat="43.8551854155957698822021484375" lon="87.5164020247757434844970703125">
        <ele>789.4000244140625</ele>
        <time>2026-08-06T12:41:11.000Z</time>
        <extensions>
          <ns3:TrackPointExtension>
            <ns3:hr>90</ns3:hr>
            <ns3:cad>79</ns3:cad>
          </ns3:TrackPointExtension>
        </extensions>
      </trkpt>
      <trkpt lat="43.85472030378878116607666015625" lon="87.51601469703018665313720703125">
        <ele>789.79998779296875</ele>
        <time>2026-08-06T12:41:13.000Z</time>
        <extensions>
          <ns3:TrackPointExtension>
            <ns3:hr>93</ns3:hr>
            <ns3:cad>79</ns3:cad>
          </ns3:TrackPointExtension>
        </extensions>
      </trkpt>
      <trkpt lat="43.85507737286388874053955078125" lon="87.51655700616538524627685546875">
        <ele>789.79998779296875</ele>
        <time>2026-08-06T12:41:17.000Z</time>
        <extensions>
          <ns3:TrackPointExtension>
            <ns3:hr>96</ns3:hr>
            <ns3:cad>79</ns3:cad>
          </ns3:TrackPointExtension>
        </extensions>
      </trkpt>
      <trkpt lat="43.8551057875156402587890625" lon="87.51656840555369853973388671875">
        <ele>789.5999755859375</ele>
        <time>2026-08-06T12:41:18.000Z</time>
        <extensions>
          <ns3:TrackPointExtension>
            <ns3:hr>98</ns3:hr>
            <ns3:cad>79</ns3:cad>
          </ns3:TrackPointExtension>
        </extensions>
      </trkpt>
      <trkpt lat="43.855125568807125091552734375" lon="87.51656723208725452423095703125">
        <ele>789.4000244140625</ele>
        <time>2026-08-06T12:41:23.000Z</time>
        <extensions>
          <ns3:TrackPointExtension>
            <ns3:hr>101</ns3:hr>
            <ns3:cad>79</ns3:cad>
          </ns3:TrackPointExtension>
        </extensions>
      </trkpt>
      <trkpt lat="43.8551056198775768280029296875" lon="87.51663453876972198486328125">
        <ele>789.5999755859375</ele>
        <time>2026-08-06T12:41:26.000Z</time>
        <extensions>
          <ns3:TrackPointExtension>
            <ns3:hr>103</ns3:hr>
            <ns3:cad>78</ns3:cad>
          </ns3:TrackPointExtension>
        </extensions>
      </trkpt>
      <trkpt lat="43.8551015965640544891357421875" lon="87.5166846625506877899169921875">
        <ele>789.5999755859375</ele>
        <time>2026-08-06T12:41:29.000Z</time>
        <extensions>
          <ns3:TrackPointExtension>
            <ns3:hr>105</ns3:hr>
            <ns3:cad>79</ns3:cad>
          </ns3:TrackPointExtension>
        </extensions>
      </trkpt>
      <trkpt lat="43.85505373589694499969482421875" lon="87.5166554935276508331298828125">
        <ele>790</ele>
        <time>2026-08-06T12:41:31.000Z</time>
        <extensions>
          <ns3:TrackPointExtension>
            <ns3:hr>107</ns3:hr>
            <ns3:cad>79</ns3:cad>
          </ns3:TrackPointExtension>
        </extensions>
      </trkpt>
      <trkpt lat="43.85499288327991962432861328125" lon="87.516619451344013214111328125">
        <ele>789.79998779296875</ele>
        <time>2026-08-06T12:41:33.000Z</time>
        <extensions>
          <ns3:TrackPointExtension>
            <ns3:hr>108</ns3:hr>
            <ns3:cad>79</ns3:cad>
          </ns3:TrackPointExtension>
        </extensions>
      </trkpt>
      <trkpt lat="43.85498651303350925445556640625" lon="87.516618780791759490966796875">
        <ele>789.79998779296875</ele>
        <time>2026-08-06T12:41:35.000Z</time>
        <extensions>
          <ns3:TrackPointExtension>
            <ns3:hr>112</ns3:hr>
            <ns3:cad>79</ns3:cad>
          </ns3:TrackPointExtension>
        </extensions>
      </trkpt>
      <trkpt lat="43.85498148389160633087158203125" lon="87.516615092754364013671875">
        <ele>789.79998779296875</ele>
        <time>2026-08-06T12:41:36.000Z</time>
        <extensions>
          <ns3:TrackPointExtension>
            <ns3:hr>112</ns3:hr>
            <ns3:cad>79</ns3:cad>
          </ns3:TrackPointExtension>
        </extensions>
      </trkpt>
      <trkpt lat="43.85491333901882171630859375" lon="87.51662339083850383758544921875">
        <ele>789.5999755859375</ele>
        <time>2026-08-06T12:41:44.000Z</time>
        <extensions>
          <ns3:TrackPointExtension>
            <ns3:hr>113</ns3:hr>
            <ns3:cad>78</ns3:cad>
          </ns3:TrackPointExtension>
        </extensions>
      </trkpt>
      <trkpt lat="43.85489162988960742950439453125" lon="87.51663998700678348541259765625">
        <ele>789.5999755859375</ele>
        <time>2026-08-06T12:41:49.000Z</time>
        <extensions>
          <ns3:TrackPointExtension>
            <ns3:hr>113</ns3:hr>
            <ns3:cad>56</ns3:cad>
          </ns3:TrackPointExtension>
        </extensions>
      </trkpt>
      <trkpt lat="43.8548762910068035125732421875" lon="87.51660880632698535919189453125">
        <ele>789.4000244140625</ele>
        <time>2026-08-06T12:41:52.000Z</time>
        <extensions>
          <ns3:TrackPointExtension>
            <ns3:hr>111</ns3:hr>
            <ns3:cad>56</ns3:cad>
          </ns3:TrackPointExtension>
        </extensions>
      </trkpt>
      <trkpt lat="43.8548858463764190673828125" lon="87.51647721044719219207763671875">
        <ele>789.4000244140625</ele>
        <time>2026-08-06T12:41:55.000Z</time>
        <extensions>
          <ns3:TrackPointExtension>
            <ns3:hr>110</ns3:hr>
            <ns3:cad>57</ns3:cad>
          </ns3:TrackPointExtension>
        </extensions>
      </trkpt>
      <trkpt lat="43.85490772314369678497314453125" lon="87.516308985650539398193359375">
        <ele>789.5999755859375</ele>
        <time>2026-08-06T12:42:00.000Z</time>
        <extensions>
          <ns3:TrackPointExtension>
            <ns3:hr>110</ns3:hr>
            <ns3:cad>78</ns3:cad>
          </ns3:TrackPointExtension>
        </extensions>
      </trkpt>
      <trkpt lat="43.85495097376406192779541015625" lon="87.516141347587108612060546875">
        <ele>789.79998779296875</ele>
        <time>2026-08-06T12:42:06.000Z</time>
        <extensions>
          <ns3:TrackPointExtension>
            <ns3:hr>110</ns3:hr>
            <ns3:cad>79</ns3:cad>
          </ns3:TrackPointExtension>
        </extensions>
      </trkpt>
      <trkpt lat="43.85501660406589508056640625" lon="87.51600765623152256011962890625">
        <ele>789.4000244140625</ele>
        <time>2026-08-06T12:42:11.000Z</time>
        <extensions>
          <ns3:TrackPointExtension>
            <ns3:hr>114</ns3:hr>
            <ns3:cad>78</ns3:cad>
          </ns3:TrackPointExtension>
        </extensions>
      </trkpt>
      <trkpt lat="43.8550291769206523895263671875" lon="87.5157891400158405303955078125">
        <ele>790.79998779296875</ele>
        <time>2026-08-06T12:42:18.000Z</time>
        <extensions>
          <ns3:TrackPointExtension>
            <ns3:hr>118</ns3:hr>
            <ns3:cad>78</ns3:cad>
          </ns3:TrackPointExtension>
        </extensions>
      </trkpt>
      <trkpt lat="43.8550472818315029144287109375" lon="87.515681684017181396484375">
        <ele>792.4000244140625</ele>
        <time>2026-08-06T12:42:22.000Z</time>
        <extensions>
          <ns3:TrackPointExtension>
            <ns3:hr>121</ns3:hr>
            <ns3:cad>78</ns3:cad>
          </ns3:TrackPointExtension>
        </extensions>
      </trkpt>
      <trkpt lat="43.85507318191230297088623046875" lon="87.515544891357421875">
        <ele>794.20001220703125</ele>
        <time>2026-08-06T12:42:27.000Z</time>
        <extensions>
          <ns3:TrackPointExtension>
            <ns3:hr>121</ns3:hr>
            <ns3:cad>79</ns3:cad>
          </ns3:TrackPointExtension>
        </extensions>
      </trkpt>
      <trkpt lat="43.85513319633901119232177734375" lon="87.5152845494449138641357421875">
        <ele>797.79998779296875</ele>
        <time>2026-08-06T12:42:36.000Z</time>
        <extensions>
          <ns3:TrackPointExtension>
            <ns3:hr>121</ns3:hr>
            <ns3:cad>79</ns3:cad>
          </ns3:TrackPointExtension>
        </extensions>
      </trkpt>
      <trkpt lat="43.8551388122141361236572265625" lon="87.5152211822569370269775390625">
        <ele>798.4000244140625</ele>
        <time>2026-08-06T12:42:38.000Z</time>
        <extensions>
          <ns3:TrackPointExtension>
            <ns3:hr>121</ns3:hr>
            <ns3:cad>79</ns3:cad>
          </ns3:TrackPointExtension>
        </extensions>
      </trkpt>
      <trkpt lat="43.85515473783016204833984375" lon="87.51504424028098583221435546875">
        <ele>799.20001220703125</ele>
        <time>2026-08-06T12:42:46.000Z</time>
        <extensions>
          <ns3:TrackPointExtension>
            <ns3:hr>122</ns3:hr>
            <ns3:cad>0</ns3:cad>
          </ns3:TrackPointExtension>
        </extensions>
      </trkpt>
      <trkpt lat="43.85516756214201450347900390625" lon="87.5149762630462646484375">
        <ele>799</ele>
        <time>2026-08-06T12:42:51.000Z</time>
        <extensions>
          <ns3:TrackPointExtension>
            <ns3:hr>119</ns3:hr>
            <ns3:cad>50</ns3:cad>
          </ns3:TrackPointExtension>
        </extensions>
      </trkpt>
      <trkpt lat="43.85517963208258152008056640625" lon="87.51490392722189426422119140625">
        <ele>798.79998779296875</ele>
        <time>2026-08-06T12:42:54.000Z</time>
        <extensions>
          <ns3:TrackPointExtension>
            <ns3:hr>119</ns3:hr>
            <ns3:cad>50</ns3:cad>
          </ns3:TrackPointExtension>
        </extensions>
      </trkpt>
      <trkpt lat="43.85520511306822299957275390625" lon="87.514725811779499053955078125">
        <ele>798</ele>
        <time>2026-08-06T12:43:00.000Z</time>
        <extensions>
          <ns3:TrackPointExtension>
            <ns3:hr>118</ns3:hr>
            <ns3:cad>78</ns3:cad>
          </ns3:TrackPointExtension>
        </extensions>
      </trkpt>
      <trkpt lat="43.85520846582949161529541015625" lon="87.51462531276047229766845703125">
        <ele>797.79998779296875</ele>
        <time>2026-08-06T12:43:03.000Z</time>
        <extensions>
          <ns3:TrackPointExtension>
            <ns3:hr>115</ns3:hr>
            <ns3:cad>79</ns3:cad>
          </ns3:TrackPointExtension>
        </extensions>
      </trkpt>
      <trkpt lat="43.85525255464017391204833984375" lon="87.51437486149370670318603515625">
        <ele>797</ele>
        <time>2026-08-06T12:43:11.000Z</time>
        <extensions>
          <ns3:TrackPointExtension>
            <ns3:hr>117</ns3:hr>
            <ns3:cad>79</ns3:cad>
          </ns3:TrackPointExtension>
        </extensions>
      </trkpt>
      <trkpt lat="43.85527434758841991424560546875" lon="87.5142783857882022857666015625">
        <ele>796.4000244140625</ele>
        <time>2026-08-06T12:43:14.000Z</time>
        <extensions>
          <ns3:TrackPointExtension>
            <ns3:hr>120</ns3:hr>
            <ns3:cad>78</ns3:cad>
          </ns3:TrackPointExtension>
        </extensions>
      </trkpt>
      <trkpt lat="43.85531927458941936492919921875" lon="87.5140200555324554443359375">
        <ele>798.4000244140625</ele>
        <time>2026-08-06T12:43:22.000Z</time>
        <extensions>
          <ns3:TrackPointExtension>
            <ns3:hr>121</ns3:hr>
            <ns3:cad>78</ns3:cad>
          </ns3:TrackPointExtension>
        </extensions>
      </trkpt>
      <trkpt lat="43.85534643195569515228271484375" lon="87.51377086155116558074951171875">
        <ele>800.79998779296875</ele>
        <time>2026-08-06T12:43:29.000Z</time>
        <extensions>
          <ns3:TrackPointExtension>
            <ns3:hr>122</ns3:hr>
            <ns3:cad>78</ns3:cad>
          </ns3:TrackPointExtension>
        </extensions>
      </trkpt>
      <trkpt lat="43.855358920991420745849609375" lon="87.51366491429507732391357421875">
        <ele>801.5999755859375</ele>
        <time>2026-08-06T12:43:32.000Z</time>
        <extensions>
          <ns3:TrackPointExtension>
            <ns3:hr>123</ns3:hr>
            <ns3:cad>79</ns3:cad>
          </ns3:TrackPointExtension>
        </extensions>
      </trkpt>
      <trkpt lat="43.85537258349359035491943359375" lon="87.51352317631244659423828125">
        <ele>802</ele>
        <time>2026-08-06T12:43:36.000Z</time>
        <extensions>
          <ns3:TrackPointExtension>
            <ns3:hr>126</ns3:hr>
            <ns3:cad>79</ns3:cad>
          </ns3:TrackPointExtension>
        </extensions>
      </trkpt>
      <trkpt lat="43.85538800619542598724365234375" lon="87.5133925862610340118408203125">
        <ele>802.4000244140625</ele>
        <time>2026-08-06T12:43:40.000Z</time>
        <extensions>
          <ns3:TrackPointExtension>
            <ns3:hr>123</ns3:hr>
            <ns3:cad>78</ns3:cad>
          </ns3:TrackPointExtension>
        </extensions>
      </trkpt>
      <trkpt lat="43.8554355315864086151123046875" lon="87.5131309032440185546875">
        <ele>801.5999755859375</ele>
        <time>2026-08-06T12:43:48.000Z</time>
        <extensions>
          <ns3:TrackPointExtension>
            <ns3:hr>125</ns3:hr>
            <ns3:cad>78</ns3:cad>
          </ns3:TrackPointExtension>
        </extensions>
      </trkpt>
      <trkpt lat="43.85544248856604099273681640625" lon="87.51305957324802875518798828125">
        <ele>801.20001220703125</ele>
        <time>2026-08-06T12:43:50.000Z</time>
        <extensions>
          <ns3:TrackPointExtension>
            <ns3:hr>127</ns3:hr>
            <ns3:cad>79</ns3:cad>
          </ns3:TrackPointExtension>
        </extensions>
      </trkpt>
      <trkpt lat="43.85545455850660800933837890625" lon="87.51284952275454998016357421875">
        <ele>799.4000244140625</ele>
        <time>2026-08-06T12:43:56.000Z</time>
        <extensions>
          <ns3:TrackPointExtension>
            <ns3:hr>124</ns3:hr>
            <ns3:cad>79</ns3:cad>
          </ns3:TrackPointExtension>
        </extensions>
      </trkpt>
      <trkpt lat="43.85547299869358539581298828125" lon="87.51274324022233486175537109375">
        <ele>797.79998779296875</ele>
        <time>2026-08-06T12:43:59.000Z</time>
        <extensions>
          <ns3:TrackPointExtension>
            <ns3:hr>123</ns3:hr>
            <ns3:cad>79</ns3:cad>
          </ns3:TrackPointExtension>
        </extensions>
      </trkpt>
      <trkpt lat="43.855477608740329742431640625" lon="87.51269361935555934906005859375">
        <ele>797.20001220703125</ele>
        <time>2026-08-06T12:44:01.000Z</time>
        <extensions>
          <ns3:TrackPointExtension>
            <ns3:hr>126</ns3:hr>
            <ns3:cad>79</ns3:cad>
          </ns3:TrackPointExtension>
        </extensions>
      </trkpt>
      <trkpt lat="43.85547735728323459625244140625" lon="87.51265087164938449859619140625">
        <ele>796.79998779296875</ele>
        <time>2026-08-06T12:44:04.000Z</time>
        <extensions>
          <ns3:TrackPointExtension>
            <ns3:hr>126</ns3:hr>
            <ns3:cad>79</ns3:cad>
          </ns3:TrackPointExtension>
        </extensions>
      </trkpt>
      <trkpt lat="43.85547953657805919647216796875" lon="87.51250754110515117645263671875">
        <ele>795</ele>
        <time>2026-08-06T12:44:12.000Z</time>
        <extensions>
          <ns3:TrackPointExtension>
            <ns3:hr>124</ns3:hr>
            <ns3:cad>55</ns3:cad>
          </ns3:TrackPointExtension>
        </extensions>
      </trkpt>
      <trkpt lat="43.85550552047789096832275390625" lon="87.51231224276125431060791015625">
        <ele>792.5999755859375</ele>
        <time>2026-08-06T12:44:19.000Z</time>
        <extensions>
          <ns3:TrackPointExtension>
            <ns3:hr>120</ns3:hr>
            <ns3:cad>79</ns3:cad>
          </ns3:TrackPointExtension>
        </extensions>
      </trkpt>
      <trkpt lat="43.85551289655268192291259765625" lon="87.5122808106243610382080078125">
        <ele>792.20001220703125</ele>
        <time>2026-08-06T12:44:20.000Z</time>
        <extensions>
          <ns3:TrackPointExtension>
            <ns3:hr>119</ns3:hr>
            <ns3:cad>79</ns3:cad>
          </ns3:TrackPointExtension>
        </extensions>
      </trkpt>
      <trkpt lat="43.85553695261478424072265625" lon="87.5121505558490753173828125">
        <ele>791.5999755859375</ele>
        <time>2026-08-06T12:44:24.000Z</time>
        <extensions>
          <ns3:TrackPointExtension>
            <ns3:hr>122</ns3:hr>
            <ns3:cad>79</ns3:cad>
          </ns3:TrackPointExtension>
        </extensions>
      </trkpt>
      <trkpt lat="43.855568803846836090087890625" lon="87.51195131801068782806396484375">
        <ele>790.4000244140625</ele>
        <time>2026-08-06T12:44:30.000Z</time>
        <extensions>
          <ns3:TrackPointExtension>
            <ns3:hr>121</ns3:hr>
            <ns3:cad>78</ns3:cad>
          </ns3:TrackPointExtension>
        </extensions>
      </trkpt>
      <trkpt lat="43.8556343503296375274658203125" lon="87.51173690892755985260009765625">
        <ele>787.79998779296875</ele>
        <time>2026-08-06T12:44:40.000Z</time>
        <extensions>
          <ns3:TrackPointExtension>
            <ns3:hr>121</ns3:hr>
            <ns3:cad>78</ns3:cad>
          </ns3:TrackPointExtension>
        </extensions>
      </trkpt>
      <trkpt lat="43.85564298368990421295166015625" lon="87.511708997189998626708984375">
        <ele>787.4000244140625</ele>
        <time>2026-08-06T12:44:43.000Z</time>
        <extensions>
          <ns3:TrackPointExtension>
            <ns3:hr>124</ns3:hr>
            <ns3:cad>54</ns3:cad>
          </ns3:TrackPointExtension>
        </extensions>
      </trkpt>
      <trkpt lat="43.85564834810793399810791015625" lon="87.5116478092968463897705078125">
        <ele>786.4000244140625</ele>
        <time>2026-08-06T12:44:47.000Z</time>
        <extensions>
          <ns3:TrackPointExtension>
            <ns3:hr>124</ns3:hr>
            <ns3:cad>51</ns3:cad>
          </ns3:TrackPointExtension>
        </extensions>
      </trkpt>
      <trkpt lat="43.855658657848834991455078125" lon="87.51159600913524627685546875">
        <ele>785.5999755859375</ele>
        <time>2026-08-06T12:44:51.000Z</time>
        <extensions>
          <ns3:TrackPointExtension>
            <ns3:hr>127</ns3:hr>
            <ns3:cad>52</ns3:cad>
          </ns3:TrackPointExtension>
        </extensions>
      </trkpt>
      <trkpt lat="43.8556658662855625152587890625" lon="87.51156876794993877410888671875">
        <ele>785.20001220703125</ele>
        <time>2026-08-06T12:44:53.000Z</time>
        <extensions>
          <ns3:TrackPointExtension>
            <ns3:hr>129</ns3:hr>
            <ns3:cad>52</ns3:cad>
          </ns3:TrackPointExtension>
        </extensions>
      </trkpt>
      <trkpt lat="43.8556879945099353790283203125" lon="87.5115049816668033599853515625">
        <ele>784.4000244140625</ele>
        <time>2026-08-06T12:45:27.000Z</time>
        <extensions>
          <ns3:TrackPointExtension>
            <ns3:hr>114</ns3:hr>
            <ns3:cad>0</ns3:cad>
          </ns3:TrackPointExtension>
        </extensions>
      </trkpt>
      <trkpt lat="43.85568824596703052520751953125" lon="87.51149852760136127471923828125">
        <ele>784.4000244140625</ele>
        <time>2026-08-06T12:45:28.000Z</time>
        <extensions>
          <ns3:TrackPointExtension>
            <ns3:hr>114</ns3:hr>
            <ns3:cad>0</ns3:cad>
          </ns3:TrackPointExtension>
        </extensions>
      </trkpt>
      <trkpt lat="43.85569528676569461822509765625" lon="87.511259727180004119873046875">
        <ele>782.5999755859375</ele>
        <time>2026-08-06T12:45:33.000Z</time>
        <extensions>
          <ns3:TrackPointExtension>
            <ns3:hr>113</ns3:hr>
            <ns3:cad>81</ns3:cad>
          </ns3:TrackPointExtension>
        </extensions>
      </trkpt>
      <trkpt lat="43.85569117963314056396484375" lon="87.51100617460906505584716796875">
        <ele>781.4000244140625</ele>
        <time>2026-08-06T12:45:38.000Z</time>
        <extensions>
          <ns3:TrackPointExtension>
            <ns3:hr>117</ns3:hr>
            <ns3:cad>82</ns3:cad>
          </ns3:TrackPointExtension>
        </extensions>
      </trkpt>
      <trkpt lat="43.855691514909267425537109375" lon="87.51091967336833477020263671875">
        <ele>781.4000244140625</ele>
        <time>2026-08-06T12:45:40.000Z</time>
        <extensions>
          <ns3:TrackPointExtension>
            <ns3:hr>121</ns3:hr>
            <ns3:cad>82</ns3:cad>
          </ns3:TrackPointExtension>
        </extensions>
      </trkpt>
      <trkpt lat="43.8556910119950771331787109375" lon="87.5108793564140796661376953125">
        <ele>781.4000244140625</ele>
        <time>2026-08-06T12:45:41.000Z</time>
        <extensions>
          <ns3:TrackPointExtension>
            <ns3:hr>123</ns3:hr>
            <ns3:cad>80</ns3:cad>
          </ns3:TrackPointExtension>
        </extensions>
      </trkpt>
      <trkpt lat="43.855692185461521148681640625" lon="87.51080073416233062744140625">
        <ele>781.4000244140625</ele>
        <time>2026-08-06T12:45:43.000Z</time>
        <extensions>
          <ns3:TrackPointExtension>
            <ns3:hr>126</ns3:hr>
            <ns3:cad>79</ns3:cad>
          </ns3:TrackPointExtension>
        </extensions>
      </trkpt>
      <trkpt lat="43.85569646023213863372802734375" lon="87.510688416659832000732421875">
        <ele>781.4000244140625</ele>
        <time>2026-08-06T12:45:46.000Z</time>
        <extensions>
          <ns3:TrackPointExtension>
            <ns3:hr>129</ns3:hr>
            <ns3:cad>79</ns3:cad>
          </ns3:TrackPointExtension>
        </extensions>
      </trkpt>
      <trkpt lat="43.85570014826953411102294921875" lon="87.5106114707887172698974609375">
        <ele>781.4000244140625</ele>
        <time>2026-08-06T12:45:48.000Z</time>
        <extensions>
          <ns3:TrackPointExtension>
            <ns3:hr>131</ns3:hr>
            <ns3:cad>79</ns3:cad>
          </ns3:TrackPointExtension>
        </extensions>
      </trkpt>
      <trkpt lat="43.85570283047854900360107421875" lon="87.5105412304401397705078125">
        <ele>781.5999755859375</ele>
        <time>2026-08-06T12:45:50.000Z</time>
        <extensions>
          <ns3:TrackPointExtension>
            <ns3:hr>135</ns3:hr>
            <ns3:cad>79</ns3:cad>
          </ns3:TrackPointExtension>
        </extensions>
      </trkpt>
      <trkpt lat="43.85570014826953411102294921875" lon="87.510469146072864532470703125">
        <ele>782</ele>
        <time>2026-08-06T12:45:52.000Z</time>
        <extensions>
          <ns3:TrackPointExtension>
            <ns3:hr>138</ns3:hr>
            <ns3:cad>79</ns3:cad>
          </ns3:TrackPointExtension>
        </extensions>
      </trkpt>
      <trkpt lat="43.8556945323944091796875" lon="87.51035808585584163665771484375">
        <ele>782</ele>
        <time>2026-08-06T12:45:55.000Z</time>
        <extensions>
          <ns3:TrackPointExtension>
            <ns3:hr>141</ns3:hr>
            <ns3:cad>79</ns3:cad>
          </ns3:TrackPointExtension>
        </extensions>
      </trkpt>
      <trkpt lat="43.8556923530995845794677734375" lon="87.51025130040943622589111328125">
        <ele>782</ele>
        <time>2026-08-06T12:45:58.000Z</time>
        <extensions>
          <ns3:TrackPointExtension>
            <ns3:hr>144</ns3:hr>
            <ns3:cad>79</ns3:cad>
          </ns3:TrackPointExtension>
        </extensions>
      </trkpt>
      <trkpt lat="43.855702579021453857421875" lon="87.5099841691553592681884765625">
        <ele>782.5999755859375</ele>
        <time>2026-08-06T12:46:06.000Z</time>
        <extensions>
          <ns3:TrackPointExtension>
            <ns3:hr>147</ns3:hr>
            <ns3:cad>79</ns3:cad>
          </ns3:TrackPointExtension>
        </extensions>
      </trkpt>
      <trkpt lat="43.85570467449724674224853515625" lon="87.50988207757472991943359375">
        <ele>783</ele>
        <time>2026-08-06T12:46:09.000Z</time>
        <extensions>
          <ns3:TrackPointExtension>
            <ns3:hr>147</ns3:hr>
            <ns3:cad>79</ns3:cad>
          </ns3:TrackPointExtension>
        </extensions>
      </trkpt>
      <trkpt lat="43.85571473278105258941650390625" lon="87.50960237346589565277099609375">
        <ele>784.79998779296875</ele>
        <time>2026-08-06T12:46:17.000Z</time>
        <extensions>
          <ns3:TrackPointExtension>
            <ns3:hr>148</ns3:hr>
            <ns3:cad>79</ns3:cad>
          </ns3:TrackPointExtension>
        </extensions>
      </trkpt>
      <trkpt lat="43.85571573860943317413330078125" lon="87.50953213311731815338134765625">
        <ele>785.20001220703125</ele>
        <time>2026-08-06T12:46:19.000Z</time>
        <extensions>
          <ns3:TrackPointExtension>
            <ns3:hr>148</ns3:hr>
            <ns3:cad>79</ns3:cad>
          </ns3:TrackPointExtension>
        </extensions>
      </trkpt>
      <trkpt lat="43.8557226955890655517578125" lon="87.5094066560268402099609375">
        <ele>787</ele>
        <time>2026-08-06T12:46:24.000Z</time>
        <extensions>
          <ns3:TrackPointExtension>
            <ns3:hr>151</ns3:hr>
            <ns3:cad>77</ns3:cad>
          </ns3:TrackPointExtension>
        </extensions>
      </trkpt>
      <trkpt lat="43.85571624152362346649169921875" lon="87.50937120057642459869384765625">
        <ele>787.79998779296875</ele>
        <time>2026-08-06T12:46:26.000Z</time>
        <extensions>
          <ns3:TrackPointExtension>
            <ns3:hr>151</ns3:hr>
            <ns3:cad>77</ns3:cad>
          </ns3:TrackPointExtension>
        </extensions>
      </trkpt>
      <trkpt lat="43.85571791790425777435302734375" lon="87.50930515117943286895751953125">
        <ele>789</ele>
        <time>2026-08-06T12:46:31.000Z</time>
        <extensions>
          <ns3:TrackPointExtension>
            <ns3:hr>154</ns3:hr>
            <ns3:cad>54</ns3:cad>
          </ns3:TrackPointExtension>
        </extensions>
      </trkpt>
      <trkpt lat="43.85570400394499301910400390625" lon="87.50927598215639591217041015625">
        <ele>789.79998779296875</ele>
        <time>2026-08-06T12:46:33.000Z</time>
        <extensions>
          <ns3:TrackPointExtension>
            <ns3:hr>155</ns3:hr>
            <ns3:cad>55</ns3:cad>
          </ns3:TrackPointExtension>
        </extensions>
      </trkpt>
      <trkpt lat="43.85572378523647785186767578125" lon="87.5090499222278594970703125">
        <ele>793.20001220703125</ele>
        <time>2026-08-06T12:46:43.000Z</time>
        <extensions>
          <ns3:TrackPointExtension>
            <ns3:hr>151</ns3:hr>
            <ns3:cad>78</ns3:cad>
          </ns3:TrackPointExtension>
        </extensions>
      </trkpt>
      <trkpt lat="43.855729065835475921630859375" lon="87.50882738269865512847900390625">
        <ele>796</ele>
        <time>2026-08-06T12:46:50.000Z</time>
        <extensions>
          <ns3:TrackPointExtension>
            <ns3:hr>148</ns3:hr>
            <ns3:cad>79</ns3:cad>
          </ns3:TrackPointExtension>
        </extensions>
      </trkpt>
      <trkpt lat="43.8557315804064273834228515625" lon="87.5087656080722808837890625">
        <ele>796.79998779296875</ele>
        <time>2026-08-06T12:46:52.000Z</time>
        <extensions>
          <ns3:TrackPointExtension>
            <ns3:hr>148</ns3:hr>
            <ns3:cad>79</ns3:cad>
          </ns3:TrackPointExtension>
        </extensions>
      </trkpt>
      <trkpt lat="43.85574205778539180755615234375" lon="87.5085133127868175506591796875">
        <ele>798</ele>
        <time>2026-08-06T12:47:00.000Z</time>
        <extensions>
          <ns3:TrackPointExtension>
            <ns3:hr>147</ns3:hr>
            <ns3:cad>79</ns3:cad>
          </ns3:TrackPointExtension>
        </extensions>
      </trkpt>
      <trkpt lat="43.855745494365692138671875" lon="87.50841784290969371795654296875">
        <ele>797.5999755859375</ele>
        <time>2026-08-06T12:47:03.000Z</time>
        <extensions>
          <ns3:TrackPointExtension>
            <ns3:hr>147</ns3:hr>
            <ns3:cad>79</ns3:cad>
          </ns3:TrackPointExtension>
        </extensions>
      </trkpt>
      <trkpt lat="43.85572697035968303680419921875" lon="87.50816688872873783111572265625">
        <ele>797</ele>
        <time>2026-08-06T12:47:11.000Z</time>
        <extensions>
          <ns3:TrackPointExtension>
            <ns3:hr>149</ns3:hr>
            <ns3:cad>79</ns3:cad>
          </ns3:TrackPointExtension>
        </extensions>
      </trkpt>
      <trkpt lat="43.855727724730968475341796875" lon="87.50813503749668598175048828125">
        <ele>797</ele>
        <time>2026-08-06T12:47:12.000Z</time>
        <extensions>
          <ns3:TrackPointExtension>
            <ns3:hr>150</ns3:hr>
            <ns3:cad>79</ns3:cad>
          </ns3:TrackPointExtension>
        </extensions>
      </trkpt>
      <trkpt lat="43.85574557818472385406494140625" lon="87.508020289242267608642578125">
        <ele>796</ele>
        <time>2026-08-06T12:47:16.000Z</time>
        <extensions>
          <ns3:TrackPointExtension>
            <ns3:hr>153</ns3:hr>
            <ns3:cad>79</ns3:cad>
          </ns3:TrackPointExtension>
        </extensions>
      </trkpt>
      <trkpt lat="43.85575018823146820068359375" lon="87.5078652240335941314697265625">
        <ele>794.79998779296875</ele>
        <time>2026-08-06T12:47:20.000Z</time>
        <extensions>
          <ns3:TrackPointExtension>
            <ns3:hr>155</ns3:hr>
            <ns3:cad>79</ns3:cad>
          </ns3:TrackPointExtension>
        </extensions>
      </trkpt>
      <trkpt lat="43.85575295425951480865478515625" lon="87.5076878629624843597412109375">
        <ele>792.79998779296875</ele>
        <time>2026-08-06T12:47:26.000Z</time>
        <extensions>
          <ns3:TrackPointExtension>
            <ns3:hr>155</ns3:hr>
            <ns3:cad>80</ns3:cad>
          </ns3:TrackPointExtension>
        </extensions>
      </trkpt>
      <trkpt lat="43.8557307422161102294921875" lon="87.5075628049671649932861328125">
        <ele>792.5999755859375</ele>
        <time>2026-08-06T12:47:34.000Z</time>
        <extensions>
          <ns3:TrackPointExtension>
            <ns3:hr>154</ns3:hr>
            <ns3:cad>54</ns3:cad>
          </ns3:TrackPointExtension>
        </extensions>
      </trkpt>
      <trkpt lat="43.85572730563580989837646484375" lon="87.507360465824604034423828125">
        <ele>791.20001220703125</ele>
        <time>2026-08-06T12:47:42.000Z</time>
        <extensions>
          <ns3:TrackPointExtension>
            <ns3:hr>154</ns3:hr>
            <ns3:cad>56</ns3:cad>
          </ns3:TrackPointExtension>
        </extensions>
      </trkpt>
      <trkpt lat="43.855715654790401458740234375" lon="87.50711135566234588623046875">
        <ele>789.4000244140625</ele>
        <time>2026-08-06T12:47:50.000Z</time>
        <extensions>
          <ns3:TrackPointExtension>
            <ns3:hr>154</ns3:hr>
            <ns3:cad>79</ns3:cad>
          </ns3:TrackPointExtension>
        </extensions>
      </trkpt>
      <trkpt lat="43.85572127066552639007568359375" lon="87.5070515088737010955810546875">
        <ele>789</ele>
        <time>2026-08-06T12:47:52.000Z</time>
        <extensions>
          <ns3:TrackPointExtension>
            <ns3:hr>153</ns3:hr>
            <ns3:cad>79</ns3:cad>
          </ns3:TrackPointExtension>
        </extensions>
      </trkpt>
      <trkpt lat="43.85573233477771282196044921875" lon="87.5068490020930767059326171875">
        <ele>788</ele>
        <time>2026-08-06T12:47:58.000Z</time>
        <extensions>
          <ns3:TrackPointExtension>
            <ns3:hr>150</ns3:hr>
            <ns3:cad>79</ns3:cad>
          </ns3:TrackPointExtension>
        </extensions>
      </trkpt>
      <trkpt lat="43.85574742220342159271240234375" lon="87.50660349614918231964111328125">
        <ele>786.5999755859375</ele>
        <time>2026-08-06T12:48:05.000Z</time>
        <extensions>
          <ns3:TrackPointExtension>
            <ns3:hr>151</ns3:hr>
            <ns3:cad>80</ns3:cad>
          </ns3:TrackPointExtension>
        </extensions>
      </trkpt>
      <trkpt lat="43.85575714521110057830810546875" lon="87.50634491443634033203125">
        <ele>784.4000244140625</ele>
        <time>2026-08-06T12:48:12.000Z</time>
        <extensions>
          <ns3:TrackPointExtension>
            <ns3:hr>151</ns3:hr>
            <ns3:cad>80</ns3:cad>
          </ns3:TrackPointExtension>
        </extensions>
      </trkpt>
      <trkpt lat="43.85576284490525722503662109375" lon="87.50620518811047077178955078125">
        <ele>783</ele>
        <time>2026-08-06T12:48:16.000Z</time>
        <extensions>
          <ns3:TrackPointExtension>
            <ns3:hr>152</ns3:hr>
            <ns3:cad>80</ns3:cad>
          </ns3:TrackPointExtension>
        </extensions>
      </trkpt>
      <trkpt lat="43.85576150380074977874755859375" lon="87.506047524511814117431640625">
        <ele>781.5999755859375</ele>
        <time>2026-08-06T12:48:20.000Z</time>
        <extensions>
          <ns3:TrackPointExtension>
            <ns3:hr>155</ns3:hr>
            <ns3:cad>81</ns3:cad>
          </ns3:TrackPointExtension>
        </extensions>
      </trkpt>
      <trkpt lat="43.85577323846518993377685546875" lon="87.50584795139729976654052734375">
        <ele>780.20001220703125</ele>
        <time>2026-08-06T12:48:26.000Z</time>
        <extensions>
          <ns3:TrackPointExtension>
            <ns3:hr>154</ns3:hr>
            <ns3:cad>79</ns3:cad>
          </ns3:TrackPointExtension>
        </extensions>
      </trkpt>
      <trkpt lat="43.8557661138474941253662109375" lon="87.50578257255256175994873046875">
        <ele>780.4000244140625</ele>
        <time>2026-08-06T12:48:30.000Z</time>
        <extensions>
          <ns3:TrackPointExtension>
            <ns3:hr>158</ns3:hr>
            <ns3:cad>57</ns3:cad>
          </ns3:TrackPointExtension>
        </extensions>
      </trkpt>
      <trkpt lat="43.8557610847055912017822265625" lon="87.50575809739530086517333984375">
        <ele>780.4000244140625</ele>
        <time>2026-08-06T12:48:32.000Z</time>
        <extensions>
          <ns3:TrackPointExtension>
            <ns3:hr>160</ns3:hr>
            <ns3:cad>57</ns3:cad>
          </ns3:TrackPointExtension>
        </extensions>
      </trkpt>
      <trkpt lat="43.855765275657176971435546875" lon="87.505708225071430206298828125">
        <ele>780.5999755859375</ele>
        <time>2026-08-06T12:48:35.000Z</time>
        <extensions>
          <ns3:TrackPointExtension>
            <ns3:hr>159</ns3:hr>
            <ns3:cad>56</ns3:cad>
          </ns3:TrackPointExtension>
        </extensions>
      </trkpt>
      <trkpt lat="43.85575479827821254730224609375" lon="87.5056094862520694732666015625">
        <ele>781</ele>
        <time>2026-08-06T12:48:39.000Z</time>
        <extensions>
          <ns3:TrackPointExtension>
            <ns3:hr>159</ns3:hr>
            <ns3:cad>56</ns3:cad>
          </ns3:TrackPointExtension>
        </extensions>
      </trkpt>
      <trkpt lat="43.85574423708021640777587890625" lon="87.50543229281902313232421875">
        <ele>782.4000244140625</ele>
        <time>2026-08-06T12:48:44.000Z</time>
        <extensions>
          <ns3:TrackPointExtension>
            <ns3:hr>158</ns3:hr>
            <ns3:cad>78</ns3:cad>
          </ns3:TrackPointExtension>
        </extensions>
      </trkpt>
      <trkpt lat="43.855747170746326446533203125" lon="87.50529910437762737274169921875">
        <ele>783.79998779296875</ele>
        <time>2026-08-06T12:48:50.000Z</time>
        <extensions>
          <ns3:TrackPointExtension>
            <ns3:hr>155</ns3:hr>
            <ns3:cad>79</ns3:cad>
          </ns3:TrackPointExtension>
        </extensions>
      </trkpt>
      <trkpt lat="43.8557416386902332305908203125" lon="87.50528636388480663299560546875">
        <ele>784</ele>
        <time>2026-08-06T12:48:51.000Z</time>
        <extensions>
          <ns3:TrackPointExtension>
            <ns3:hr>155</ns3:hr>
            <ns3:cad>79</ns3:cad>
          </ns3:TrackPointExtension>
        </extensions>
      </trkpt>
      <trkpt lat="43.85572847910225391387939453125" lon="87.50527546741068363189697265625">
        <ele>784.20001220703125</ele>
        <time>2026-08-06T12:48:53.000Z</time>
        <extensions>
          <ns3:TrackPointExtension>
            <ns3:hr>156</ns3:hr>
            <ns3:cad>79</ns3:cad>
          </ns3:TrackPointExtension>
        </extensions>
      </trkpt>
      <trkpt lat="43.85566527955234050750732421875" lon="87.5052792392671108245849609375">
        <ele>784</ele>
        <time>2026-08-06T12:48:56.000Z</time>
        <extensions>
          <ns3:TrackPointExtension>
            <ns3:hr>157</ns3:hr>
            <ns3:cad>0</ns3:cad>
          </ns3:TrackPointExtension>
        </extensions>
      </trkpt>
      <trkpt lat="43.85554634034633636474609375" lon="87.505358196794986724853515625">
        <ele>782.79998779296875</ele>
        <time>2026-08-06T12:49:01.000Z</time>
        <extensions>
          <ns3:TrackPointExtension>
            <ns3:hr>157</ns3:hr>
            <ns3:cad>79</ns3:cad>
          </ns3:TrackPointExtension>
        </extensions>
      </trkpt>
      <trkpt lat="43.85554499924182891845703125" lon="87.5053939037024974822998046875">
        <ele>782.4000244140625</ele>
        <time>2026-08-06T12:49:02.000Z</time>
        <extensions>
          <ns3:TrackPointExtension>
            <ns3:hr>157</ns3:hr>
            <ns3:cad>79</ns3:cad>
          </ns3:TrackPointExtension>
        </extensions>
      </trkpt>
      <trkpt lat="43.85555841028690338134765625" lon="87.50560856424272060394287109375">
        <ele>781</ele>
        <time>2026-08-06T12:49:08.000Z</time>
        <extensions>
          <ns3:TrackPointExtension>
            <ns3:hr>156</ns3:hr>
            <ns3:cad>79</ns3:cad>
          </ns3:TrackPointExtension>
        </extensions>
      </trkpt>
      <trkpt lat="43.8555421493947505950927734375" lon="87.5057660602033138275146484375">
        <ele>781</ele>
        <time>2026-08-06T12:49:15.000Z</time>
        <extensions>
          <ns3:TrackPointExtension>
            <ns3:hr>157</ns3:hr>
            <ns3:cad>0</ns3:cad>
          </ns3:TrackPointExtension>
        </extensions>
      </trkpt>
      <trkpt lat="43.85551490820944309234619140625" lon="87.50588047318160533905029296875">
        <ele>781.20001220703125</ele>
        <time>2026-08-06T12:49:23.000Z</time>
        <extensions>
          <ns3:TrackPointExtension>
            <ns3:hr>158</ns3:hr>
            <ns3:cad>0</ns3:cad>
          </ns3:TrackPointExtension>
        </extensions>
      </trkpt>
      <trkpt lat="43.8555054366588592529296875" lon="87.50603319145739078521728515625">
        <ele>782.4000244140625</ele>
        <time>2026-08-06T12:49:29.000Z</time>
        <extensions>
          <ns3:TrackPointExtension>
            <ns3:hr>155</ns3:hr>
            <ns3:cad>0</ns3:cad>
          </ns3:TrackPointExtension>
        </extensions>
      </trkpt>
      <trkpt lat="43.85550501756370067596435546875" lon="87.50606554560363292694091796875">
        <ele>782.5999755859375</ele>
        <time>2026-08-06T12:49:30.000Z</time>
        <extensions>
          <ns3:TrackPointExtension>
            <ns3:hr>155</ns3:hr>
            <ns3:cad>78</ns3:cad>
          </ns3:TrackPointExtension>
        </extensions>
      </trkpt>
      <trkpt lat="43.85548439808189868927001953125" lon="87.506325803697109222412109375">
        <ele>785.20001220703125</ele>
        <time>2026-08-06T12:49:38.000Z</time>
        <extensions>
          <ns3:TrackPointExtension>
            <ns3:hr>155</ns3:hr>
            <ns3:cad>79</ns3:cad>
          </ns3:TrackPointExtension>
        </extensions>
      </trkpt>
      <trkpt lat="43.85543913580477237701416015625" lon="87.506588995456695556640625">
        <ele>787.20001220703125</ele>
        <time>2026-08-06T12:49:46.000Z</time>
        <extensions>
          <ns3:TrackPointExtension>
            <ns3:hr>155</ns3:hr>
            <ns3:cad>79</ns3:cad>
          </ns3:TrackPointExtension>
        </extensions>
      </trkpt>
      <trkpt lat="43.85543175972998142242431640625" lon="87.50682142563164234161376953125">
        <ele>788.4000244140625</ele>
        <time>2026-08-06T12:49:53.000Z</time>
        <extensions>
          <ns3:TrackPointExtension>
            <ns3:hr>157</ns3:hr>
            <ns3:cad>80</ns3:cad>
          </ns3:TrackPointExtension>
        </extensions>
      </trkpt>
      <trkpt lat="43.8554308377206325531005859375" lon="87.5070116110146045684814453125">
        <ele>789.20001220703125</ele>
        <time>2026-08-06T12:49:59.000Z</time>
        <extensions>
          <ns3:TrackPointExtension>
            <ns3:hr>154</ns3:hr>
            <ns3:cad>79</ns3:cad>
          </ns3:TrackPointExtension>
        </extensions>
      </trkpt>
      <trkpt lat="43.855432681739330291748046875" lon="87.507105655968189239501953125">
        <ele>789.79998779296875</ele>
        <time>2026-08-06T12:50:02.000Z</time>
        <extensions>
          <ns3:TrackPointExtension>
            <ns3:hr>155</ns3:hr>
            <ns3:cad>79</ns3:cad>
          </ns3:TrackPointExtension>
        </extensions>
      </trkpt>
      <trkpt lat="43.8554533012211322784423828125" lon="87.5073716975748538970947265625">
        <ele>791.79998779296875</ele>
        <time>2026-08-06T12:50:10.000Z</time>
        <extensions>
          <ns3:TrackPointExtension>
            <ns3:hr>157</ns3:hr>
            <ns3:cad>80</ns3:cad>
          </ns3:TrackPointExtension>
        </extensions>
      </trkpt>
      <trkpt lat="43.855448104441165924072265625" lon="87.50740011222660541534423828125">
        <ele>792</ele>
        <time>2026-08-06T12:50:11.000Z</time>
        <extensions>
          <ns3:TrackPointExtension>
            <ns3:hr>157</ns3:hr>
            <ns3:cad>80</ns3:cad>
          </ns3:TrackPointExtension>
        </extensions>
      </trkpt>
      <trkpt lat="43.8554422371089458465576171875" lon="87.50767822377383708953857421875">
        <ele>796.79998779296875</ele>
        <time>2026-08-06T12:50:19.000Z</time>
        <extensions>
          <ns3:TrackPointExtension>
            <ns3:hr>158</ns3:hr>
            <ns3:cad>79</ns3:cad>
          </ns3:TrackPointExtension>
        </extensions>
      </trkpt>
      <trkpt lat="43.8554449193179607391357421875" lon="87.507780231535434722900390625">
        <ele>798.20001220703125</ele>
        <time>2026-08-06T12:50:22.000Z</time>
        <extensions>
          <ns3:TrackPointExtension>
            <ns3:hr>159</ns3:hr>
            <ns3:cad>79</ns3:cad>
          </ns3:TrackPointExtension>
        </extensions>
      </trkpt>
      <trkpt lat="43.8554502837359905242919921875" lon="87.5080234743654727935791015625">
        <ele>800</ele>
        <time>2026-08-06T12:50:29.000Z</time>
        <extensions>
          <ns3:TrackPointExtension>
            <ns3:hr>159</ns3:hr>
            <ns3:cad>79</ns3:cad>
          </ns3:TrackPointExtension>
        </extensions>
      </trkpt>
      <trkpt lat="43.8554378785192966461181640625" lon="87.5082829780876636505126953125">
        <ele>800.79998779296875</ele>
        <time>2026-08-06T12:50:36.000Z</time>
        <extensions>
          <ns3:TrackPointExtension>
            <ns3:hr>160</ns3:hr>
            <ns3:cad>79</ns3:cad>
          </ns3:TrackPointExtension>
        </extensions>
      </trkpt>
      <trkpt lat="43.8554408960044384002685546875" lon="87.50836721621453762054443359375">
        <ele>800.5999755859375</ele>
        <time>2026-08-06T12:50:38.000Z</time>
        <extensions>
          <ns3:TrackPointExtension>
            <ns3:hr>159</ns3:hr>
            <ns3:cad>79</ns3:cad>
          </ns3:TrackPointExtension>
        </extensions>
      </trkpt>
      <trkpt lat="43.85543377138674259185791015625" lon="87.50845103524625301361083984375">
        <ele>800.20001220703125</ele>
        <time>2026-08-06T12:50:43.000Z</time>
        <extensions>
          <ns3:TrackPointExtension>
            <ns3:hr>160</ns3:hr>
            <ns3:cad>78</ns3:cad>
          </ns3:TrackPointExtension>
        </extensions>
      </trkpt>
      <trkpt lat="43.8554459251463413238525390625" lon="87.50856268219649791717529296875">
        <ele>799.5999755859375</ele>
        <time>2026-08-06T12:50:49.000Z</time>
        <extensions>
          <ns3:TrackPointExtension>
            <ns3:hr>160</ns3:hr>
            <ns3:cad>55</ns3:cad>
          </ns3:TrackPointExtension>
        </extensions>
      </trkpt>
      <trkpt lat="43.85544039309024810791015625" lon="87.508723698556423187255859375">
        <ele>798</ele>
        <time>2026-08-06T12:50:56.000Z</time>
        <extensions>
          <ns3:TrackPointExtension>
            <ns3:hr>162</ns3:hr>
            <ns3:cad>78</ns3:cad>
          </ns3:TrackPointExtension>
        </extensions>
      </trkpt>
      <trkpt lat="43.85542958043515682220458984375" lon="87.508874572813510894775390625">
        <ele>796.20001220703125</ele>
        <time>2026-08-06T12:51:01.000Z</time>
        <extensions>
          <ns3:TrackPointExtension>
            <ns3:hr>157</ns3:hr>
            <ns3:cad>79</ns3:cad>
          </ns3:TrackPointExtension>
        </extensions>
      </trkpt>
      <trkpt lat="43.8554261438548564910888671875" lon="87.5089360959827899932861328125">
        <ele>795.5999755859375</ele>
        <time>2026-08-06T12:51:03.000Z</time>
        <extensions>
          <ns3:TrackPointExtension>
            <ns3:hr>158</ns3:hr>
            <ns3:cad>79</ns3:cad>
          </ns3:TrackPointExtension>
        </extensions>
      </trkpt>
      <trkpt lat="43.85542027652263641357421875" lon="87.5092090107500553131103515625">
        <ele>791.5999755859375</ele>
        <time>2026-08-06T12:51:11.000Z</time>
        <extensions>
          <ns3:TrackPointExtension>
            <ns3:hr>157</ns3:hr>
            <ns3:cad>79</ns3:cad>
          </ns3:TrackPointExtension>
        </extensions>
      </trkpt>
      <trkpt lat="43.85541399009525775909423828125" lon="87.509348653256893157958984375">
        <ele>789.4000244140625</ele>
        <time>2026-08-06T12:51:15.000Z</time>
        <extensions>
          <ns3:TrackPointExtension>
            <ns3:hr>154</ns3:hr>
            <ns3:cad>79</ns3:cad>
          </ns3:TrackPointExtension>
        </extensions>
      </trkpt>
      <trkpt lat="43.855417929589748382568359375" lon="87.5094748847186565399169921875">
        <ele>788</ele>
        <time>2026-08-06T12:51:19.000Z</time>
        <extensions>
          <ns3:TrackPointExtension>
            <ns3:hr>151</ns3:hr>
            <ns3:cad>79</ns3:cad>
          </ns3:TrackPointExtension>
        </extensions>
      </trkpt>
      <trkpt lat="43.85541583411395549774169921875" lon="87.5095858611166477203369140625">
        <ele>786.79998779296875</ele>
        <time>2026-08-06T12:51:22.000Z</time>
        <extensions>
          <ns3:TrackPointExtension>
            <ns3:hr>151</ns3:hr>
            <ns3:cad>79</ns3:cad>
          </ns3:TrackPointExtension>
        </extensions>
      </trkpt>
      <trkpt lat="43.85540686547756195068359375" lon="87.50971519388258457183837890625">
        <ele>785.4000244140625</ele>
        <time>2026-08-06T12:51:26.000Z</time>
        <extensions>
          <ns3:TrackPointExtension>
            <ns3:hr>152</ns3:hr>
            <ns3:cad>81</ns3:cad>
          </ns3:TrackPointExtension>
        </extensions>
      </trkpt>
      <trkpt lat="43.85539404116570949554443359375" lon="87.50978149473667144775390625">
        <ele>785</ele>
        <time>2026-08-06T12:51:28.000Z</time>
        <extensions>
          <ns3:TrackPointExtension>
            <ns3:hr>153</ns3:hr>
            <ns3:cad>80</ns3:cad>
          </ns3:TrackPointExtension>
        </extensions>
      </trkpt>
      <trkpt lat="43.85538247413933277130126953125" lon="87.50998442061245441436767578125">
        <ele>784</ele>
        <time>2026-08-06T12:51:34.000Z</time>
        <extensions>
          <ns3:TrackPointExtension>
            <ns3:hr>154</ns3:hr>
            <ns3:cad>81</ns3:cad>
          </ns3:TrackPointExtension>
        </extensions>
      </trkpt>
      <trkpt lat="43.855387084186077117919921875" lon="87.5102577544748783111572265625">
        <ele>783</ele>
        <time>2026-08-06T12:51:42.000Z</time>
        <extensions>
          <ns3:TrackPointExtension>
            <ns3:hr>156</ns3:hr>
            <ns3:cad>81</ns3:cad>
          </ns3:TrackPointExtension>
        </extensions>
      </trkpt>
      <trkpt lat="43.85538415051996707916259765625" lon="87.510405443608760833740234375">
        <ele>782.4000244140625</ele>
        <time>2026-08-06T12:51:46.000Z</time>
        <extensions>
          <ns3:TrackPointExtension>
            <ns3:hr>159</ns3:hr>
            <ns3:cad>81</ns3:cad>
          </ns3:TrackPointExtension>
        </extensions>
      </trkpt>
      <trkpt lat="43.8553798757493495941162109375" lon="87.51054265536367893218994140625">
        <ele>782</ele>
        <time>2026-08-06T12:51:51.000Z</time>
        <extensions>
          <ns3:TrackPointExtension>
            <ns3:hr>156</ns3:hr>
            <ns3:cad>81</ns3:cad>
          </ns3:TrackPointExtension>
        </extensions>
      </trkpt>
      <trkpt lat="43.85538498871028423309326171875" lon="87.5105595029890537261962890625">
        <ele>781.79998779296875</ele>
        <time>2026-08-06T12:51:52.000Z</time>
        <extensions>
          <ns3:TrackPointExtension>
            <ns3:hr>156</ns3:hr>
            <ns3:cad>81</ns3:cad>
          </ns3:TrackPointExtension>
        </extensions>
      </trkpt>
      <trkpt lat="43.85539102368056774139404296875" lon="87.5106547214090824127197265625">
        <ele>781.5999755859375</ele>
        <time>2026-08-06T12:51:58.000Z</time>
        <extensions>
          <ns3:TrackPointExtension>
            <ns3:hr>159</ns3:hr>
            <ns3:cad>54</ns3:cad>
          </ns3:TrackPointExtension>
        </extensions>
      </trkpt>
      <trkpt lat="43.85538750328123569488525390625" lon="87.5106699764728546142578125">
        <ele>781.79998779296875</ele>
        <time>2026-08-06T12:51:59.000Z</time>
        <extensions>
          <ns3:TrackPointExtension>
            <ns3:hr>159</ns3:hr>
            <ns3:cad>54</ns3:cad>
          </ns3:TrackPointExtension>
        </extensions>
      </trkpt>
      <trkpt lat="43.85537199676036834716796875" lon="87.5108263827860355377197265625">
        <ele>782.20001220703125</ele>
        <time>2026-08-06T12:52:08.000Z</time>
        <extensions>
          <ns3:TrackPointExtension>
            <ns3:hr>156</ns3:hr>
            <ns3:cad>54</ns3:cad>
          </ns3:TrackPointExtension>
        </extensions>
      </trkpt>
      <trkpt lat="43.8553443364799022674560546875" lon="87.51086804084479808807373046875">
        <ele>782.5999755859375</ele>
        <time>2026-08-06T12:52:12.000Z</time>
        <extensions>
          <ns3:TrackPointExtension>
            <ns3:hr>154</ns3:hr>
            <ns3:cad>55</ns3:cad>
          </ns3:TrackPointExtension>
        </extensions>
      </trkpt>
      <trkpt lat="43.85529647581279277801513671875" lon="87.510931491851806640625">
        <ele>783.4000244140625</ele>
        <time>2026-08-06T12:52:17.000Z</time>
        <extensions>
          <ns3:TrackPointExtension>
            <ns3:hr>151</ns3:hr>
            <ns3:cad>54</ns3:cad>
          </ns3:TrackPointExtension>
        </extensions>
      </trkpt>
      <trkpt lat="43.8552528060972690582275390625" lon="87.51094901002943515777587890625">
        <ele>784.5999755859375</ele>
        <time>2026-08-06T12:52:20.000Z</time>
        <extensions>
          <ns3:TrackPointExtension>
            <ns3:hr>148</ns3:hr>
            <ns3:cad>56</ns3:cad>
          </ns3:TrackPointExtension>
        </extensions>
      </trkpt>
      <trkpt lat="43.85523059405386447906494140625" lon="87.5109490938484668731689453125">
        <ele>785</ele>
        <time>2026-08-06T12:52:21.000Z</time>
        <extensions>
          <ns3:TrackPointExtension>
            <ns3:hr>147</ns3:hr>
            <ns3:cad>0</ns3:cad>
          </ns3:TrackPointExtension>
        </extensions>
      </trkpt>
      <trkpt lat="43.8551126606762409210205078125" lon="87.5109489262104034423828125">
        <ele>787.5999755859375</ele>
        <time>2026-08-06T12:52:26.000Z</time>
        <extensions>
          <ns3:TrackPointExtension>
            <ns3:hr>144</ns3:hr>
            <ns3:cad>79</ns3:cad>
          </ns3:TrackPointExtension>
        </extensions>
      </trkpt>
      <trkpt lat="43.85506622493267059326171875" lon="87.51094901002943515777587890625">
        <ele>788.5999755859375</ele>
        <time>2026-08-06T12:52:28.000Z</time>
        <extensions>
          <ns3:TrackPointExtension>
            <ns3:hr>142</ns3:hr>
            <ns3:cad>79</ns3:cad>
          </ns3:TrackPointExtension>
        </extensions>
      </trkpt>
      <trkpt lat="43.8548752851784229278564453125" lon="87.51093358732759952545166015625">
        <ele>791.4000244140625</ele>
        <time>2026-08-06T12:52:36.000Z</time>
        <extensions>
          <ns3:TrackPointExtension>
            <ns3:hr>145</ns3:hr>
            <ns3:cad>79</ns3:cad>
          </ns3:TrackPointExtension>
        </extensions>
      </trkpt>
      <trkpt lat="43.85471493937075138092041015625" lon="87.510939203202724456787109375">
        <ele>793.20001220703125</ele>
        <time>2026-08-06T12:52:43.000Z</time>
        <extensions>
          <ns3:TrackPointExtension>
            <ns3:hr>148</ns3:hr>
            <ns3:cad>79</ns3:cad>
          </ns3:TrackPointExtension>
        </extensions>
      </trkpt>
      <trkpt lat="43.85453808121383190155029296875" lon="87.51094616018235683441162109375">
        <ele>794</ele>
        <time>2026-08-06T12:52:50.000Z</time>
        <extensions>
          <ns3:TrackPointExtension>
            <ns3:hr>151</ns3:hr>
            <ns3:cad>79</ns3:cad>
          </ns3:TrackPointExtension>
        </extensions>
      </trkpt>
      <trkpt lat="43.85446113534271717071533203125" lon="87.51092671416699886322021484375">
        <ele>794</ele>
        <time>2026-08-06T12:52:53.000Z</time>
        <extensions>
          <ns3:TrackPointExtension>
            <ns3:hr>152</ns3:hr>
            <ns3:cad>79</ns3:cad>
          </ns3:TrackPointExtension>
        </extensions>
      </trkpt>
      <trkpt lat="43.8542711175978183746337890625" lon="87.510912716388702392578125">
        <ele>793.20001220703125</ele>
        <time>2026-08-06T12:53:02.000Z</time>
        <extensions>
          <ns3:TrackPointExtension>
            <ns3:hr>153</ns3:hr>
            <ns3:cad>79</ns3:cad>
          </ns3:TrackPointExtension>
        </extensions>
      </trkpt>
      <trkpt lat="43.85422644205391407012939453125" lon="87.510915063321590423583984375">
        <ele>793.20001220703125</ele>
        <time>2026-08-06T12:53:06.000Z</time>
        <extensions>
          <ns3:TrackPointExtension>
            <ns3:hr>157</ns3:hr>
            <ns3:cad>79</ns3:cad>
          </ns3:TrackPointExtension>
        </extensions>
      </trkpt>
      <trkpt lat="43.85418788529932498931884765625" lon="87.51092436723411083221435546875">
        <ele>793.20001220703125</ele>
        <time>2026-08-06T12:53:09.000Z</time>
        <extensions>
          <ns3:TrackPointExtension>
            <ns3:hr>160</ns3:hr>
            <ns3:cad>55</ns3:cad>
          </ns3:TrackPointExtension>
        </extensions>
      </trkpt>
      <trkpt lat="43.85417195968329906463623046875" lon="87.510922439396381378173828125">
        <ele>793.20001220703125</ele>
        <time>2026-08-06T12:53:10.000Z</time>
        <extensions>
          <ns3:TrackPointExtension>
            <ns3:hr>161</ns3:hr>
            <ns3:cad>55</ns3:cad>
          </ns3:TrackPointExtension>
        </extensions>
      </trkpt>
      <trkpt lat="43.85411814786493778228759765625" lon="87.51091338694095611572265625">
        <ele>793</ele>
        <time>2026-08-06T12:53:14.000Z</time>
        <extensions>
          <ns3:TrackPointExtension>
            <ns3:hr>164</ns3:hr>
            <ns3:cad>54</ns3:cad>
          </ns3:TrackPointExtension>
        </extensions>
      </trkpt>
      <trkpt lat="43.85407707653939723968505859375" lon="87.51091632060706615447998046875">
        <ele>793</ele>
        <time>2026-08-06T12:53:18.000Z</time>
        <extensions>
          <ns3:TrackPointExtension>
            <ns3:hr>163</ns3:hr>
            <ns3:cad>54</ns3:cad>
          </ns3:TrackPointExtension>
        </extensions>
      </trkpt>
      <trkpt lat="43.85394346900284290313720703125" lon="87.51090374775230884552001953125">
        <ele>793</ele>
        <time>2026-08-06T12:53:27.000Z</time>
        <extensions>
          <ns3:TrackPointExtension>
            <ns3:hr>160</ns3:hr>
            <ns3:cad>77</ns3:cad>
          </ns3:TrackPointExtension>
        </extensions>
      </trkpt>
      <trkpt lat="43.85392452590167522430419921875" lon="87.510902993381023406982421875">
        <ele>793</ele>
        <time>2026-08-06T12:53:28.000Z</time>
        <extensions>
          <ns3:TrackPointExtension>
            <ns3:hr>160</ns3:hr>
            <ns3:cad>78</ns3:cad>
          </ns3:TrackPointExtension>
        </extensions>
      </trkpt>
      <trkpt lat="43.8537893258035182952880859375" lon="87.5108870677649974822998046875">
        <ele>793</ele>
        <time>2026-08-06T12:53:34.000Z</time>
        <extensions>
          <ns3:TrackPointExtension>
            <ns3:hr>157</ns3:hr>
            <ns3:cad>79</ns3:cad>
          </ns3:TrackPointExtension>
        </extensions>
      </trkpt>
      <trkpt lat="43.85375319980084896087646484375" lon="87.5108837150037288665771484375">
        <ele>793</ele>
        <time>2026-08-06T12:53:36.000Z</time>
        <extensions>
          <ns3:TrackPointExtension>
            <ns3:hr>158</ns3:hr>
            <ns3:cad>80</ns3:cad>
          </ns3:TrackPointExtension>
        </extensions>
      </trkpt>
      <trkpt lat="43.853567540645599365234375" lon="87.510875500738620758056640625">
        <ele>793.4000244140625</ele>
        <time>2026-08-06T12:53:45.000Z</time>
        <extensions>
          <ns3:TrackPointExtension>
            <ns3:hr>158</ns3:hr>
            <ns3:cad>80</ns3:cad>
          </ns3:TrackPointExtension>
        </extensions>
      </trkpt>
      <trkpt lat="43.85354583151638507843017578125" lon="87.51087742857635021209716796875">
        <ele>793.5999755859375</ele>
        <time>2026-08-06T12:53:46.000Z</time>
        <extensions>
          <ns3:TrackPointExtension>
            <ns3:hr>158</ns3:hr>
            <ns3:cad>80</ns3:cad>
          </ns3:TrackPointExtension>
        </extensions>
      </trkpt>
      <trkpt lat="43.85338087566196918487548828125" lon="87.51086435280740261077880859375">
        <ele>794.79998779296875</ele>
        <time>2026-08-06T12:53:56.000Z</time>
        <extensions>
          <ns3:TrackPointExtension>
            <ns3:hr>160</ns3:hr>
            <ns3:cad>60</ns3:cad>
          </ns3:TrackPointExtension>
        </extensions>
      </trkpt>
      <trkpt lat="43.85334114544093608856201171875" lon="87.5108666159212589263916015625">
        <ele>795.20001220703125</ele>
        <time>2026-08-06T12:53:59.000Z</time>
        <extensions>
          <ns3:TrackPointExtension>
            <ns3:hr>163</ns3:hr>
            <ns3:cad>60</ns3:cad>
          </ns3:TrackPointExtension>
        </extensions>
      </trkpt>
      <trkpt lat="43.85324089787900447845458984375" lon="87.510866783559322357177734375">
        <ele>795.79998779296875</ele>
        <time>2026-08-06T12:54:04.000Z</time>
        <extensions>
          <ns3:TrackPointExtension>
            <ns3:hr>164</ns3:hr>
            <ns3:cad>57</ns3:cad>
          </ns3:TrackPointExtension>
        </extensions>
      </trkpt>
      <trkpt lat="43.8531026802957057952880859375" lon="87.5108555518090724945068359375">
        <ele>796.79998779296875</ele>
        <time>2026-08-06T12:54:10.000Z</time>
        <extensions>
          <ns3:TrackPointExtension>
            <ns3:hr>162</ns3:hr>
            <ns3:cad>79</ns3:cad>
          </ns3:TrackPointExtension>
        </extensions>
      </trkpt>
      <trkpt lat="43.85291383601725101470947265625" lon="87.51085169613361358642578125">
        <ele>798.20001220703125</ele>
        <time>2026-08-06T12:54:18.000Z</time>
        <extensions>
          <ns3:TrackPointExtension>
            <ns3:hr>163</ns3:hr>
            <ns3:cad>79</ns3:cad>
          </ns3:TrackPointExtension>
        </extensions>
      </trkpt>
      <trkpt lat="43.85273429565131664276123046875" lon="87.51081841997802257537841796875">
        <ele>799.79998779296875</ele>
        <time>2026-08-06T12:54:26.000Z</time>
        <extensions>
          <ns3:TrackPointExtension>
            <ns3:hr>163</ns3:hr>
            <ns3:cad>79</ns3:cad>
          </ns3:TrackPointExtension>
        </extensions>
      </trkpt>
      <trkpt lat="43.8525979220867156982421875" lon="87.5108109600841999053955078125">
        <ele>800.79998779296875</ele>
        <time>2026-08-06T12:54:33.000Z</time>
        <extensions>
          <ns3:TrackPointExtension>
            <ns3:hr>165</ns3:hr>
            <ns3:cad>79</ns3:cad>
          </ns3:TrackPointExtension>
        </extensions>
      </trkpt>
      <trkpt lat="43.85258928872644901275634765625" lon="87.51081305555999279022216796875">
        <ele>800.79998779296875</ele>
        <time>2026-08-06T12:54:34.000Z</time>
        <extensions>
          <ns3:TrackPointExtension>
            <ns3:hr>165</ns3:hr>
            <ns3:cad>79</ns3:cad>
          </ns3:TrackPointExtension>
        </extensions>
      </trkpt>
      <trkpt lat="43.8524951599538326263427734375" lon="87.51084423623979091644287109375">
        <ele>801.4000244140625</ele>
        <time>2026-08-06T12:54:41.000Z</time>
        <extensions>
          <ns3:TrackPointExtension>
            <ns3:hr>165</ns3:hr>
            <ns3:cad>52</ns3:cad>
          </ns3:TrackPointExtension>
        </extensions>
      </trkpt>
      <trkpt lat="43.85234705172479152679443359375" lon="87.51084289513528347015380859375">
        <ele>802.4000244140625</ele>
        <time>2026-08-06T12:54:52.000Z</time>
        <extensions>
          <ns3:TrackPointExtension>
            <ns3:hr>163</ns3:hr>
            <ns3:cad>54</ns3:cad>
          </ns3:TrackPointExtension>
        </extensions>
      </trkpt>
      <trkpt lat="43.8522624783217906951904296875" lon="87.5108310766518115997314453125">
        <ele>803</ele>
        <time>2026-08-06T12:54:59.000Z</time>
        <extensions>
          <ns3:TrackPointExtension>
            <ns3:hr>160</ns3:hr>
            <ns3:cad>54</ns3:cad>
          </ns3:TrackPointExtension>
        </extensions>
      </trkpt>
      <trkpt lat="43.85225082747638225555419921875" lon="87.5108300708234310150146484375">
        <ele>803.20001220703125</ele>
        <time>2026-08-06T12:55:00.000Z</time>
        <extensions>
          <ns3:TrackPointExtension>
            <ns3:hr>160</ns3:hr>
            <ns3:cad>54</ns3:cad>
          </ns3:TrackPointExtension>
        </extensions>
      </trkpt>
      <trkpt lat="43.85216943919658660888671875" lon="87.51080869697034358978271484375">
        <ele>803.20001220703125</ele>
        <time>2026-08-06T12:55:05.000Z</time>
        <extensions>
          <ns3:TrackPointExtension>
            <ns3:hr>156</ns3:hr>
            <ns3:cad>0</ns3:cad>
          </ns3:TrackPointExtension>
        </extensions>
      </trkpt>
      <trkpt lat="43.85210112668573856353759765625" lon="87.51080802641808986663818359375">
        <ele>803.5999755859375</ele>
        <time>2026-08-06T12:55:08.000Z</time>
        <extensions>
          <ns3:TrackPointExtension>
            <ns3:hr>154</ns3:hr>
            <ns3:cad>78</ns3:cad>
          </ns3:TrackPointExtension>
        </extensions>
      </trkpt>
      <trkpt lat="43.85191689245402812957763671875" lon="87.51079394482076168060302734375">
        <ele>804</ele>
        <time>2026-08-06T12:55:16.000Z</time>
        <extensions>
          <ns3:TrackPointExtension>
            <ns3:hr>155</ns3:hr>
            <ns3:cad>79</ns3:cad>
          </ns3:TrackPointExtension>
        </extensions>
      </trkpt>
      <trkpt lat="43.85185285471379756927490234375" lon="87.51078522764146327972412109375">
        <ele>804</ele>
        <time>2026-08-06T12:55:19.000Z</time>
        <extensions>
          <ns3:TrackPointExtension>
            <ns3:hr>158</ns3:hr>
            <ns3:cad>79</ns3:cad>
          </ns3:TrackPointExtension>
        </extensions>
      </trkpt>
      <trkpt lat="43.85178764350712299346923828125" lon="87.5107760913670063018798828125">
        <ele>804.20001220703125</ele>
        <time>2026-08-06T12:55:22.000Z</time>
        <extensions>
          <ns3:TrackPointExtension>
            <ns3:hr>159</ns3:hr>
            <ns3:cad>79</ns3:cad>
          </ns3:TrackPointExtension>
        </extensions>
      </trkpt>
      <trkpt lat="43.8516526110470294952392578125" lon="87.5107606686651706695556640625">
        <ele>804.5999755859375</ele>
        <time>2026-08-06T12:55:28.000Z</time>
        <extensions>
          <ns3:TrackPointExtension>
            <ns3:hr>159</ns3:hr>
            <ns3:cad>79</ns3:cad>
          </ns3:TrackPointExtension>
        </extensions>
      </trkpt>
      <trkpt lat="43.85146510787308216094970703125" lon="87.51075823791325092315673828125">
        <ele>805.5999755859375</ele>
        <time>2026-08-06T12:55:35.000Z</time>
        <extensions>
          <ns3:TrackPointExtension>
            <ns3:hr>158</ns3:hr>
            <ns3:cad>79</ns3:cad>
          </ns3:TrackPointExtension>
        </extensions>
      </trkpt>
      <trkpt lat="43.85142722167074680328369140625" lon="87.51074574887752532958984375">
        <ele>805.79998779296875</ele>
        <time>2026-08-06T12:55:37.000Z</time>
        <extensions>
          <ns3:TrackPointExtension>
            <ns3:hr>158</ns3:hr>
            <ns3:cad>79</ns3:cad>
          </ns3:TrackPointExtension>
        </extensions>
      </trkpt>
      <trkpt lat="43.85132697410881519317626953125" lon="87.51073124818503856658935546875">
        <ele>806.4000244140625</ele>
        <time>2026-08-06T12:55:43.000Z</time>
        <extensions>
          <ns3:TrackPointExtension>
            <ns3:hr>159</ns3:hr>
            <ns3:cad>79</ns3:cad>
          </ns3:TrackPointExtension>
        </extensions>
      </trkpt>
      <trkpt lat="43.85131808929145336151123046875" lon="87.5107288174331188201904296875">
        <ele>806.5999755859375</ele>
        <time>2026-08-06T12:55:44.000Z</time>
        <extensions>
          <ns3:TrackPointExtension>
            <ns3:hr>159</ns3:hr>
            <ns3:cad>79</ns3:cad>
          </ns3:TrackPointExtension>
        </extensions>
      </trkpt>
      <trkpt lat="43.85130752809345722198486328125" lon="87.51073493622243404388427734375">
        <ele>806.5999755859375</ele>
        <time>2026-08-06T12:55:45.000Z</time>
        <extensions>
          <ns3:TrackPointExtension>
            <ns3:hr>160</ns3:hr>
            <ns3:cad>79</ns3:cad>
          </ns3:TrackPointExtension>
        </extensions>
      </trkpt>
      <trkpt lat="43.85123192332684993743896484375" lon="87.5107646919786930084228515625">
        <ele>807.4000244140625</ele>
        <time>2026-08-06T12:55:50.000Z</time>
        <extensions>
          <ns3:TrackPointExtension>
            <ns3:hr>161</ns3:hr>
            <ns3:cad>56</ns3:cad>
          </ns3:TrackPointExtension>
        </extensions>
      </trkpt>
      <trkpt lat="43.85117609985172748565673828125" lon="87.510767877101898193359375">
        <ele>807.79998779296875</ele>
        <time>2026-08-06T12:55:55.000Z</time>
        <extensions>
          <ns3:TrackPointExtension>
            <ns3:hr>160</ns3:hr>
            <ns3:cad>56</ns3:cad>
          </ns3:TrackPointExtension>
        </extensions>
      </trkpt>
      <trkpt lat="43.85116897523403167724609375" lon="87.5107603333890438079833984375">
        <ele>807.79998779296875</ele>
        <time>2026-08-06T12:55:56.000Z</time>
        <extensions>
          <ns3:TrackPointExtension>
            <ns3:hr>160</ns3:hr>
            <ns3:cad>56</ns3:cad>
          </ns3:TrackPointExtension>
        </extensions>
      </trkpt>
      <trkpt lat="43.85116017423570156097412109375" lon="87.5107616744935512542724609375">
        <ele>807.79998779296875</ele>
        <time>2026-08-06T12:55:57.000Z</time>
        <extensions>
          <ns3:TrackPointExtension>
            <ns3:hr>160</ns3:hr>
            <ns3:cad>56</ns3:cad>
          </ns3:TrackPointExtension>
        </extensions>
      </trkpt>
      <trkpt lat="43.8511034287512302398681640625" lon="87.51075907610356807708740234375">
        <ele>808.20001220703125</ele>
        <time>2026-08-06T12:56:02.000Z</time>
        <extensions>
          <ns3:TrackPointExtension>
            <ns3:hr>156</ns3:hr>
            <ns3:cad>56</ns3:cad>
          </ns3:TrackPointExtension>
        </extensions>
      </trkpt>
      <trkpt lat="43.85106973350048065185546875" lon="87.51075287349522113800048828125">
        <ele>808.4000244140625</ele>
        <time>2026-08-06T12:56:05.000Z</time>
        <extensions>
          <ns3:TrackPointExtension>
            <ns3:hr>153</ns3:hr>
            <ns3:cad>55</ns3:cad>
          </ns3:TrackPointExtension>
        </extensions>
      </trkpt>
      <trkpt lat="43.85102975182235240936279296875" lon="87.51074843108654022216796875">
        <ele>808.79998779296875</ele>
        <time>2026-08-06T12:56:08.000Z</time>
        <extensions>
          <ns3:TrackPointExtension>
            <ns3:hr>150</ns3:hr>
            <ns3:cad>54</ns3:cad>
          </ns3:TrackPointExtension>
        </extensions>
      </trkpt>
      <trkpt lat="43.8509780354797840118408203125" lon="87.51076142303645610809326171875">
        <ele>809.20001220703125</ele>
        <time>2026-08-06T12:56:10.000Z</time>
        <extensions>
          <ns3:TrackPointExtension>
            <ns3:hr>148</ns3:hr>
            <ns3:cad>0</ns3:cad>
          </ns3:TrackPointExtension>
        </extensions>
      </trkpt>
      <trkpt lat="43.85093436576426029205322265625" lon="87.51075773499906063079833984375">
        <ele>809.4000244140625</ele>
        <time>2026-08-06T12:56:12.000Z</time>
        <extensions>
          <ns3:TrackPointExtension>
            <ns3:hr>146</ns3:hr>
            <ns3:cad>77</ns3:cad>
          </ns3:TrackPointExtension>
        </extensions>
      </trkpt>
      <trkpt lat="43.85085188783705234527587890625" lon="87.51075287349522113800048828125">
        <ele>810</ele>
        <time>2026-08-06T12:56:16.000Z</time>
        <extensions>
          <ns3:TrackPointExtension>
            <ns3:hr>143</ns3:hr>
            <ns3:cad>79</ns3:cad>
          </ns3:TrackPointExtension>
        </extensions>
      </trkpt>
      <trkpt lat="43.8506705872714519500732421875" lon="87.510728649795055389404296875">
        <ele>810.5999755859375</ele>
        <time>2026-08-06T12:56:24.000Z</time>
        <extensions>
          <ns3:TrackPointExtension>
            <ns3:hr>144</ns3:hr>
            <ns3:cad>79</ns3:cad>
          </ns3:TrackPointExtension>
        </extensions>
      </trkpt>
      <trkpt lat="43.85062390007078647613525390625" lon="87.5107231177389621734619140625">
        <ele>810.79998779296875</ele>
        <time>2026-08-06T12:56:26.000Z</time>
        <extensions>
          <ns3:TrackPointExtension>
            <ns3:hr>145</ns3:hr>
            <ns3:cad>79</ns3:cad>
          </ns3:TrackPointExtension>
        </extensions>
      </trkpt>
      <trkpt lat="43.8504721038043498992919921875" lon="87.510695122182369232177734375">
        <ele>810.5999755859375</ele>
        <time>2026-08-06T12:56:32.000Z</time>
        <extensions>
          <ns3:TrackPointExtension>
            <ns3:hr>148</ns3:hr>
            <ns3:cad>80</ns3:cad>
          </ns3:TrackPointExtension>
        </extensions>
      </trkpt>
      <trkpt lat="43.85044100694358348846435546875" lon="87.5106905959546566009521484375">
        <ele>810.4000244140625</ele>
        <time>2026-08-06T12:56:33.000Z</time>
        <extensions>
          <ns3:TrackPointExtension>
            <ns3:hr>148</ns3:hr>
            <ns3:cad>80</ns3:cad>
          </ns3:TrackPointExtension>
        </extensions>
      </trkpt>
      <trkpt lat="43.8503406755626201629638671875" lon="87.5106828846037387847900390625">
        <ele>810</ele>
        <time>2026-08-06T12:56:37.000Z</time>
        <extensions>
          <ns3:TrackPointExtension>
            <ns3:hr>151</ns3:hr>
            <ns3:cad>81</ns3:cad>
          </ns3:TrackPointExtension>
        </extensions>
      </trkpt>
      <trkpt lat="43.8502675853669643402099609375" lon="87.5106758438050746917724609375">
        <ele>810</ele>
        <time>2026-08-06T12:56:41.000Z</time>
        <extensions>
          <ns3:TrackPointExtension>
            <ns3:hr>158</ns3:hr>
            <ns3:cad>80</ns3:cad>
          </ns3:TrackPointExtension>
        </extensions>
      </trkpt>
      <trkpt lat="43.8502561859786510467529296875" lon="87.5106741674244403839111328125">
        <ele>810</ele>
        <time>2026-08-06T12:56:42.000Z</time>
        <extensions>
          <ns3:TrackPointExtension>
            <ns3:hr>154</ns3:hr>
            <ns3:cad>79</ns3:cad>
          </ns3:TrackPointExtension>
        </extensions>
      </trkpt>
      <trkpt lat="43.85021938942372798919677734375" lon="87.510677017271518707275390625">
        <ele>810.20001220703125</ele>
        <time>2026-08-06T12:56:45.000Z</time>
        <extensions>
          <ns3:TrackPointExtension>
            <ns3:hr>157</ns3:hr>
            <ns3:cad>79</ns3:cad>
          </ns3:TrackPointExtension>
        </extensions>
      </trkpt>
      <trkpt lat="43.85016851127147674560546875" lon="87.5106832198798656463623046875">
        <ele>810.79998779296875</ele>
        <time>2026-08-06T12:56:49.000Z</time>
        <extensions>
          <ns3:TrackPointExtension>
            <ns3:hr>156</ns3:hr>
            <ns3:cad>56</ns3:cad>
          </ns3:TrackPointExtension>
        </extensions>
      </trkpt>
      <trkpt lat="43.8500503264367580413818359375" lon="87.51067391596734523773193359375">
        <ele>811.4000244140625</ele>
        <time>2026-08-06T12:56:58.000Z</time>
        <extensions>
          <ns3:TrackPointExtension>
            <ns3:hr>153</ns3:hr>
            <ns3:cad>0</ns3:cad>
          </ns3:TrackPointExtension>
        </extensions>
      </trkpt>
      <trkpt lat="43.85001755319535732269287109375" lon="87.5106708146631717681884765625">
        <ele>811.5999755859375</ele>
        <time>2026-08-06T12:57:00.000Z</time>
        <extensions>
          <ns3:TrackPointExtension>
            <ns3:hr>150</ns3:hr>
            <ns3:cad>0</ns3:cad>
          </ns3:TrackPointExtension>
        </extensions>
      </trkpt>
      <trkpt lat="43.8499675132334232330322265625" lon="87.5106711499392986297607421875">
        <ele>812</ele>
        <time>2026-08-06T12:57:02.000Z</time>
        <extensions>
          <ns3:TrackPointExtension>
            <ns3:hr>148</ns3:hr>
            <ns3:cad>0</ns3:cad>
          </ns3:TrackPointExtension>
        </extensions>
      </trkpt>
      <trkpt lat="43.8498726300895214080810546875" lon="87.5106694735586643218994140625">
        <ele>812.5999755859375</ele>
        <time>2026-08-06T12:57:06.000Z</time>
        <extensions>
          <ns3:TrackPointExtension>
            <ns3:hr>145</ns3:hr>
            <ns3:cad>81</ns3:cad>
          </ns3:TrackPointExtension>
        </extensions>
      </trkpt>
      <trkpt lat="43.84977850131690502166748046875" lon="87.51066033728420734405517578125">
        <ele>813.20001220703125</ele>
        <time>2026-08-06T12:57:10.000Z</time>
        <extensions>
          <ns3:TrackPointExtension>
            <ns3:hr>144</ns3:hr>
            <ns3:cad>82</ns3:cad>
          </ns3:TrackPointExtension>
        </extensions>
      </trkpt>
      <trkpt lat="43.84959728457033634185791015625" lon="87.51063066534698009490966796875">
        <ele>813.20001220703125</ele>
        <time>2026-08-06T12:57:18.000Z</time>
        <extensions>
          <ns3:TrackPointExtension>
            <ns3:hr>144</ns3:hr>
            <ns3:cad>82</ns3:cad>
          </ns3:TrackPointExtension>
        </extensions>
      </trkpt>
      <trkpt lat="43.84946820326149463653564453125" lon="87.51059831120073795318603515625">
        <ele>813</ele>
        <time>2026-08-06T12:57:24.000Z</time>
        <extensions>
          <ns3:TrackPointExtension>
            <ns3:hr>147</ns3:hr>
            <ns3:cad>82</ns3:cad>
          </ns3:TrackPointExtension>
        </extensions>
      </trkpt>
      <trkpt lat="43.8493891619145870208740234375" lon="87.51057718880474567413330078125">
        <ele>812.79998779296875</ele>
        <time>2026-08-06T12:57:27.000Z</time>
        <extensions>
          <ns3:TrackPointExtension>
            <ns3:hr>149</ns3:hr>
            <ns3:cad>82</ns3:cad>
          </ns3:TrackPointExtension>
        </extensions>
      </trkpt>
      <trkpt lat="43.84920534677803516387939453125" lon="87.510562352836132049560546875">
        <ele>812.79998779296875</ele>
        <time>2026-08-06T12:57:35.000Z</time>
        <extensions>
          <ns3:TrackPointExtension>
            <ns3:hr>151</ns3:hr>
            <ns3:cad>80</ns3:cad>
          </ns3:TrackPointExtension>
        </extensions>
      </trkpt>
      <trkpt lat="43.8490840606391429901123046875" lon="87.510559670627117156982421875">
        <ele>813.5999755859375</ele>
        <time>2026-08-06T12:57:40.000Z</time>
        <extensions>
          <ns3:TrackPointExtension>
            <ns3:hr>154</ns3:hr>
            <ns3:cad>82</ns3:cad>
          </ns3:TrackPointExtension>
        </extensions>
      </trkpt>
      <trkpt lat="43.84889312088489532470703125" lon="87.51052387990057468414306640625">
        <ele>814.5999755859375</ele>
        <time>2026-08-06T12:57:48.000Z</time>
        <extensions>
          <ns3:TrackPointExtension>
            <ns3:hr>156</ns3:hr>
            <ns3:cad>81</ns3:cad>
          </ns3:TrackPointExtension>
        </extensions>
      </trkpt>
      <trkpt lat="43.84887568652629852294921875" lon="87.51052304171025753021240234375">
        <ele>814.5999755859375</ele>
        <time>2026-08-06T12:57:49.000Z</time>
        <extensions>
          <ns3:TrackPointExtension>
            <ns3:hr>156</ns3:hr>
            <ns3:cad>80</ns3:cad>
          </ns3:TrackPointExtension>
        </extensions>
      </trkpt>
      <trkpt lat="43.84879698045551776885986328125" lon="87.51052069477736949920654296875">
        <ele>814.4000244140625</ele>
        <time>2026-08-06T12:57:52.000Z</time>
        <extensions>
          <ns3:TrackPointExtension>
            <ns3:hr>153</ns3:hr>
            <ns3:cad>81</ns3:cad>
          </ns3:TrackPointExtension>
        </extensions>
      </trkpt>
      <trkpt lat="43.84874300099909305572509765625" lon="87.510527484118938446044921875">
        <ele>814.5999755859375</ele>
        <time>2026-08-06T12:57:55.000Z</time>
        <extensions>
          <ns3:TrackPointExtension>
            <ns3:hr>152</ns3:hr>
            <ns3:cad>82</ns3:cad>
          </ns3:TrackPointExtension>
        </extensions>
      </trkpt>
      <trkpt lat="43.8487306796014308929443359375" lon="87.51052857376635074615478515625">
        <ele>814.79998779296875</ele>
        <time>2026-08-06T12:57:56.000Z</time>
        <extensions>
          <ns3:TrackPointExtension>
            <ns3:hr>148</ns3:hr>
            <ns3:cad>82</ns3:cad>
          </ns3:TrackPointExtension>
        </extensions>
      </trkpt>
      <trkpt lat="43.848706372082233428955078125" lon="87.51052689738571643829345703125">
        <ele>814.79998779296875</ele>
        <time>2026-08-06T12:57:58.000Z</time>
        <extensions>
          <ns3:TrackPointExtension>
            <ns3:hr>152</ns3:hr>
            <ns3:cad>82</ns3:cad>
          </ns3:TrackPointExtension>
        </extensions>
      </trkpt>
      <trkpt lat="43.8486817292869091033935546875" lon="87.51052756793797016143798828125">
        <ele>815</ele>
        <time>2026-08-06T12:58:00.000Z</time>
        <extensions>
          <ns3:TrackPointExtension>
            <ns3:hr>153</ns3:hr>
            <ns3:cad>82</ns3:cad>
          </ns3:TrackPointExtension>
        </extensions>
      </trkpt>
      <trkpt lat="43.8486646302044391632080078125" lon="87.510523460805416107177734375">
        <ele>815</ele>
        <time>2026-08-06T12:58:01.000Z</time>
        <extensions>
          <ns3:TrackPointExtension>
            <ns3:hr>153</ns3:hr>
            <ns3:cad>53</ns3:cad>
          </ns3:TrackPointExtension>
        </extensions>
      </trkpt>
      <trkpt lat="43.84844929911196231842041015625" lon="87.51036747358739376068115234375">
        <ele>813.4000244140625</ele>
        <time>2026-08-06T12:59:28.000Z</time>
        <extensions>
          <ns3:TrackPointExtension>
            <ns3:hr>118</ns3:hr>
            <ns3:cad>49</ns3:cad>
          </ns3:TrackPointExtension>
        </extensions>
      </trkpt>
      <trkpt lat="43.84843169711530208587646484375" lon="87.51036646775901317596435546875">
        <ele>813.4000244140625</ele>
        <time>2026-08-06T12:59:29.000Z</time>
        <extensions>
          <ns3:TrackPointExtension>
            <ns3:hr>119</ns3:hr>
            <ns3:cad>0</ns3:cad>
          </ns3:TrackPointExtension>
        </extensions>
      </trkpt>
      <trkpt lat="43.84835592471063137054443359375" lon="87.5103734247386455535888671875">
        <ele>813.4000244140625</ele>
        <time>2026-08-06T12:59:32.000Z</time>
        <extensions>
          <ns3:TrackPointExtension>
            <ns3:hr>117</ns3:hr>
            <ns3:cad>0</ns3:cad>
          </ns3:TrackPointExtension>
        </extensions>
      </trkpt>
      <trkpt lat="43.848160207271575927734375" lon="87.51033377833664417266845703125">
        <ele>814.4000244140625</ele>
        <time>2026-08-06T12:59:39.000Z</time>
        <extensions>
          <ns3:TrackPointExtension>
            <ns3:hr>120</ns3:hr>
            <ns3:cad>82</ns3:cad>
          </ns3:TrackPointExtension>
        </extensions>
      </trkpt>
      <trkpt lat="43.84813137352466583251953125" lon="87.5103271566331386566162109375">
        <ele>814.5999755859375</ele>
        <time>2026-08-06T12:59:40.000Z</time>
        <extensions>
          <ns3:TrackPointExtension>
            <ns3:hr>121</ns3:hr>
            <ns3:cad>82</ns3:cad>
          </ns3:TrackPointExtension>
        </extensions>
      </trkpt>
      <trkpt lat="43.84794990532100200653076171875" lon="87.5103087164461612701416015625">
        <ele>815</ele>
        <time>2026-08-06T12:59:47.000Z</time>
        <extensions>
          <ns3:TrackPointExtension>
            <ns3:hr>123</ns3:hr>
            <ns3:cad>81</ns3:cad>
          </ns3:TrackPointExtension>
        </extensions>
      </trkpt>
      <trkpt lat="43.847927190363407135009765625" lon="87.5103113986551761627197265625">
        <ele>815</ele>
        <time>2026-08-06T12:59:48.000Z</time>
        <extensions>
          <ns3:TrackPointExtension>
            <ns3:hr>123</ns3:hr>
            <ns3:cad>80</ns3:cad>
          </ns3:TrackPointExtension>
        </extensions>
      </trkpt>
      <trkpt lat="43.8478753902018070220947265625" lon="87.51032690517604351043701171875">
        <ele>815</ele>
        <time>2026-08-06T12:59:50.000Z</time>
        <extensions>
          <ns3:TrackPointExtension>
            <ns3:hr>126</ns3:hr>
            <ns3:cad>79</ns3:cad>
          </ns3:TrackPointExtension>
        </extensions>
      </trkpt>
      <trkpt lat="43.84782937355339527130126953125" lon="87.5103492848575115203857421875">
        <ele>815</ele>
        <time>2026-08-06T12:59:52.000Z</time>
        <extensions>
          <ns3:TrackPointExtension>
            <ns3:hr>129</ns3:hr>
            <ns3:cad>79</ns3:cad>
          </ns3:TrackPointExtension>
        </extensions>
      </trkpt>
      <trkpt lat="43.847754187881946563720703125" lon="87.51035355962812900543212890625">
        <ele>815.5999755859375</ele>
        <time>2026-08-06T12:59:55.000Z</time>
        <extensions>
          <ns3:TrackPointExtension>
            <ns3:hr>131</ns3:hr>
            <ns3:cad>80</ns3:cad>
          </ns3:TrackPointExtension>
        </extensions>
      </trkpt>
      <trkpt lat="43.84763340465724468231201171875" lon="87.51032724045217037200927734375">
        <ele>816.79998779296875</ele>
        <time>2026-08-06T13:00:01.000Z</time>
        <extensions>
          <ns3:TrackPointExtension>
            <ns3:hr>134</ns3:hr>
            <ns3:cad>81</ns3:cad>
          </ns3:TrackPointExtension>
        </extensions>
      </trkpt>
      <trkpt lat="43.84759501554071903228759765625" lon="87.51032204367220401763916015625">
        <ele>817.20001220703125</ele>
        <time>2026-08-06T13:00:03.000Z</time>
        <extensions>
          <ns3:TrackPointExtension>
            <ns3:hr>136</ns3:hr>
            <ns3:cad>81</ns3:cad>
          </ns3:TrackPointExtension>
        </extensions>
      </trkpt>
      <trkpt lat="43.84750801138579845428466796875" lon="87.5102999992668628692626953125">
        <ele>818</ele>
        <time>2026-08-06T13:00:07.000Z</time>
        <extensions>
          <ns3:TrackPointExtension>
            <ns3:hr>140</ns3:hr>
            <ns3:cad>80</ns3:cad>
          </ns3:TrackPointExtension>
        </extensions>
      </trkpt>
      <trkpt lat="43.84743073023855686187744140625" lon="87.5102756917476654052734375">
        <ele>818.79998779296875</ele>
        <time>2026-08-06T13:00:11.000Z</time>
        <extensions>
          <ns3:TrackPointExtension>
            <ns3:hr>143</ns3:hr>
            <ns3:cad>81</ns3:cad>
          </ns3:TrackPointExtension>
        </extensions>
      </trkpt>
      <trkpt lat="43.8474093563854694366455078125" lon="87.51026630401611328125">
        <ele>819</ele>
        <time>2026-08-06T13:00:14.000Z</time>
        <extensions>
          <ns3:TrackPointExtension>
            <ns3:hr>145</ns3:hr>
            <ns3:cad>81</ns3:cad>
          </ns3:TrackPointExtension>
        </extensions>
      </trkpt>
      <trkpt lat="43.8473810255527496337890625" lon="87.51026655547320842742919921875">
        <ele>819.20001220703125</ele>
        <time>2026-08-06T13:00:19.000Z</time>
        <extensions>
          <ns3:TrackPointExtension>
            <ns3:hr>146</ns3:hr>
            <ns3:cad>79</ns3:cad>
          </ns3:TrackPointExtension>
        </extensions>
      </trkpt>
      <trkpt lat="43.84735529311001300811767578125" lon="87.5102140009403228759765625">
        <ele>819.4000244140625</ele>
        <time>2026-08-06T13:00:23.000Z</time>
        <extensions>
          <ns3:TrackPointExtension>
            <ns3:hr>146</ns3:hr>
            <ns3:cad>79</ns3:cad>
          </ns3:TrackPointExtension>
        </extensions>
      </trkpt>
      <trkpt lat="43.8473184965550899505615234375" lon="87.5101813115179538726806640625">
        <ele>819.5999755859375</ele>
        <time>2026-08-06T13:00:25.000Z</time>
        <extensions>
          <ns3:TrackPointExtension>
            <ns3:hr>146</ns3:hr>
            <ns3:cad>54</ns3:cad>
          </ns3:TrackPointExtension>
        </extensions>
      </trkpt>
      <trkpt lat="43.84728270582854747772216796875" lon="87.51016614027321338653564453125">
        <ele>820</ele>
        <time>2026-08-06T13:00:27.000Z</time>
        <extensions>
          <ns3:TrackPointExtension>
            <ns3:hr>146</ns3:hr>
            <ns3:cad>54</ns3:cad>
          </ns3:TrackPointExtension>
        </extensions>
      </trkpt>
      <trkpt lat="43.84727532975375652313232421875" lon="87.5101608596742153167724609375">
        <ele>820</ele>
        <time>2026-08-06T13:00:28.000Z</time>
        <extensions>
          <ns3:TrackPointExtension>
            <ns3:hr>146</ns3:hr>
            <ns3:cad>54</ns3:cad>
          </ns3:TrackPointExtension>
        </extensions>
      </trkpt>
      <trkpt lat="43.8472361862659454345703125" lon="87.51014920882880687713623046875">
        <ele>820.4000244140625</ele>
        <time>2026-08-06T13:00:33.000Z</time>
        <extensions>
          <ns3:TrackPointExtension>
            <ns3:hr>145</ns3:hr>
            <ns3:cad>55</ns3:cad>
          </ns3:TrackPointExtension>
        </extensions>
      </trkpt>
      <trkpt lat="43.84719318710267543792724609375" lon="87.5101521424949169158935546875">
        <ele>820.5999755859375</ele>
        <time>2026-08-06T13:00:36.000Z</time>
        <extensions>
          <ns3:TrackPointExtension>
            <ns3:hr>144</ns3:hr>
            <ns3:cad>55</ns3:cad>
          </ns3:TrackPointExtension>
        </extensions>
      </trkpt>
      <trkpt lat="43.8471508584916591644287109375" lon="87.51014971174299716949462890625">
        <ele>821</ele>
        <time>2026-08-06T13:00:38.000Z</time>
        <extensions>
          <ns3:TrackPointExtension>
            <ns3:hr>144</ns3:hr>
            <ns3:cad>55</ns3:cad>
          </ns3:TrackPointExtension>
        </extensions>
      </trkpt>
      <trkpt lat="43.84697525762021541595458984375" lon="87.51017116941511631011962890625">
        <ele>822</ele>
        <time>2026-08-06T13:00:46.000Z</time>
        <extensions>
          <ns3:TrackPointExtension>
            <ns3:hr>146</ns3:hr>
            <ns3:cad>78</ns3:cad>
          </ns3:TrackPointExtension>
        </extensions>
      </trkpt>
      <trkpt lat="43.846879117190837860107421875" lon="87.5101424194872379302978515625">
        <ele>822.79998779296875</ele>
        <time>2026-08-06T13:00:52.000Z</time>
        <extensions>
          <ns3:TrackPointExtension>
            <ns3:hr>149</ns3:hr>
            <ns3:cad>0</ns3:cad>
          </ns3:TrackPointExtension>
        </extensions>
      </trkpt>
      <trkpt lat="43.8468259759247303009033203125" lon="87.510149963200092315673828125">
        <ele>823.4000244140625</ele>
        <time>2026-08-06T13:00:55.000Z</time>
        <extensions>
          <ns3:TrackPointExtension>
            <ns3:hr>152</ns3:hr>
            <ns3:cad>0</ns3:cad>
          </ns3:TrackPointExtension>
        </extensions>
      </trkpt>
      <trkpt lat="43.846695385873317718505859375" lon="87.5101736001670360565185546875">
        <ele>824.79998779296875</ele>
        <time>2026-08-06T13:00:59.000Z</time>
        <extensions>
          <ns3:TrackPointExtension>
            <ns3:hr>153</ns3:hr>
            <ns3:cad>79</ns3:cad>
          </ns3:TrackPointExtension>
        </extensions>
      </trkpt>
      <trkpt lat="43.846519030630588531494140625" lon="87.51019748859107494354248046875">
        <ele>824.5999755859375</ele>
        <time>2026-08-06T13:01:06.000Z</time>
        <extensions>
          <ns3:TrackPointExtension>
            <ns3:hr>154</ns3:hr>
            <ns3:cad>79</ns3:cad>
          </ns3:TrackPointExtension>
        </extensions>
      </trkpt>
      <trkpt lat="43.84633052162826061248779296875" lon="87.51014761626720428466796875">
        <ele>824.4000244140625</ele>
        <time>2026-08-06T13:01:15.000Z</time>
        <extensions>
          <ns3:TrackPointExtension>
            <ns3:hr>154</ns3:hr>
            <ns3:cad>79</ns3:cad>
          </ns3:TrackPointExtension>
        </extensions>
      </trkpt>
      <trkpt lat="43.8461731933057308197021484375" lon="87.5101313553750514984130859375">
        <ele>823.4000244140625</ele>
        <time>2026-08-06T13:01:24.000Z</time>
        <extensions>
          <ns3:TrackPointExtension>
            <ns3:hr>156</ns3:hr>
            <ns3:cad>80</ns3:cad>
          </ns3:TrackPointExtension>
        </extensions>
      </trkpt>
      <trkpt lat="43.8461165316402912139892578125" lon="87.51013177447021007537841796875">
        <ele>823</ele>
        <time>2026-08-06T13:01:29.000Z</time>
        <extensions>
          <ns3:TrackPointExtension>
            <ns3:hr>157</ns3:hr>
            <ns3:cad>80</ns3:cad>
          </ns3:TrackPointExtension>
        </extensions>
      </trkpt>
      <trkpt lat="43.846084512770175933837890625" lon="87.51011601649224758148193359375">
        <ele>823.20001220703125</ele>
        <time>2026-08-06T13:01:31.000Z</time>
        <extensions>
          <ns3:TrackPointExtension>
            <ns3:hr>158</ns3:hr>
            <ns3:cad>80</ns3:cad>
          </ns3:TrackPointExtension>
        </extensions>
      </trkpt>
      <trkpt lat="43.84602852165699005126953125" lon="87.51010914333164691925048828125">
        <ele>823.4000244140625</ele>
        <time>2026-08-06T13:01:35.000Z</time>
        <extensions>
          <ns3:TrackPointExtension>
            <ns3:hr>161</ns3:hr>
            <ns3:cad>56</ns3:cad>
          </ns3:TrackPointExtension>
        </extensions>
      </trkpt>
      <trkpt lat="43.84595341980457305908203125" lon="87.510108053684234619140625">
        <ele>823.5999755859375</ele>
        <time>2026-08-06T13:01:39.000Z</time>
        <extensions>
          <ns3:TrackPointExtension>
            <ns3:hr>164</ns3:hr>
            <ns3:cad>55</ns3:cad>
          </ns3:TrackPointExtension>
        </extensions>
      </trkpt>
      <trkpt lat="43.8457993604242801666259765625" lon="87.5100584328174591064453125">
        <ele>824.4000244140625</ele>
        <time>2026-08-06T13:01:48.000Z</time>
        <extensions>
          <ns3:TrackPointExtension>
            <ns3:hr>166</ns3:hr>
            <ns3:cad>79</ns3:cad>
          </ns3:TrackPointExtension>
        </extensions>
      </trkpt>
      <trkpt lat="43.84570129215717315673828125" lon="87.51003538258373737335205078125">
        <ele>825.20001220703125</ele>
        <time>2026-08-06T13:01:54.000Z</time>
        <extensions>
          <ns3:TrackPointExtension>
            <ns3:hr>168</ns3:hr>
            <ns3:cad>79</ns3:cad>
          </ns3:TrackPointExtension>
        </extensions>
      </trkpt>
      <trkpt lat="43.84550406597554683685302734375" lon="87.510038651525974273681640625">
        <ele>826.4000244140625</ele>
        <time>2026-08-06T13:02:02.000Z</time>
        <extensions>
          <ns3:TrackPointExtension>
            <ns3:hr>169</ns3:hr>
            <ns3:cad>79</ns3:cad>
          </ns3:TrackPointExtension>
        </extensions>
      </trkpt>
      <trkpt lat="43.84540281258523464202880859375" lon="87.5100173614919185638427734375">
        <ele>827</ele>
        <time>2026-08-06T13:02:08.000Z</time>
        <extensions>
          <ns3:TrackPointExtension>
            <ns3:hr>168</ns3:hr>
            <ns3:cad>79</ns3:cad>
          </ns3:TrackPointExtension>
        </extensions>
      </trkpt>
      <trkpt lat="43.84538940154016017913818359375" lon="87.51001928932964801788330078125">
        <ele>827.20001220703125</ele>
        <time>2026-08-06T13:02:09.000Z</time>
        <extensions>
          <ns3:TrackPointExtension>
            <ns3:hr>168</ns3:hr>
            <ns3:cad>79</ns3:cad>
          </ns3:TrackPointExtension>
        </extensions>
      </trkpt>
      <trkpt lat="43.8453738950192928314208984375" lon="87.510025240480899810791015625">
        <ele>827.4000244140625</ele>
        <time>2026-08-06T13:02:10.000Z</time>
        <extensions>
          <ns3:TrackPointExtension>
            <ns3:hr>168</ns3:hr>
            <ns3:cad>55</ns3:cad>
          </ns3:TrackPointExtension>
        </extensions>
      </trkpt>
      <trkpt lat="43.84530910290777683258056640625" lon="87.51002716831862926483154296875">
        <ele>827.79998779296875</ele>
        <time>2026-08-06T13:02:14.000Z</time>
        <extensions>
          <ns3:TrackPointExtension>
            <ns3:hr>166</ns3:hr>
            <ns3:cad>55</ns3:cad>
          </ns3:TrackPointExtension>
        </extensions>
      </trkpt>
      <trkpt lat="43.845262415707111358642578125" lon="87.5100284256041049957275390625">
        <ele>828</ele>
        <time>2026-08-06T13:02:17.000Z</time>
        <extensions>
          <ns3:TrackPointExtension>
            <ns3:hr>163</ns3:hr>
            <ns3:cad>56</ns3:cad>
          </ns3:TrackPointExtension>
        </extensions>
      </trkpt>
      <trkpt lat="43.84524908848106861114501953125" lon="87.51003119163215160369873046875">
        <ele>828</ele>
        <time>2026-08-06T13:02:18.000Z</time>
        <extensions>
          <ns3:TrackPointExtension>
            <ns3:hr>163</ns3:hr>
            <ns3:cad>56</ns3:cad>
          </ns3:TrackPointExtension>
        </extensions>
      </trkpt>
      <trkpt lat="43.845130316913127899169921875" lon="87.51002012751996517181396484375">
        <ele>828</ele>
        <time>2026-08-06T13:02:25.000Z</time>
        <extensions>
          <ns3:TrackPointExtension>
            <ns3:hr>164</ns3:hr>
            <ns3:cad>55</ns3:cad>
          </ns3:TrackPointExtension>
        </extensions>
      </trkpt>
      <trkpt lat="43.84512000717222690582275390625" lon="87.51002012751996517181396484375">
        <ele>828</ele>
        <time>2026-08-06T13:02:26.000Z</time>
        <extensions>
          <ns3:TrackPointExtension>
            <ns3:hr>165</ns3:hr>
            <ns3:cad>55</ns3:cad>
          </ns3:TrackPointExtension>
        </extensions>
      </trkpt>
      <trkpt lat="43.8450708054006099700927734375" lon="87.5100327841937541961669921875">
        <ele>828</ele>
        <time>2026-08-06T13:02:31.000Z</time>
        <extensions>
          <ns3:TrackPointExtension>
            <ns3:hr>164</ns3:hr>
            <ns3:cad>55</ns3:cad>
          </ns3:TrackPointExtension>
        </extensions>
      </trkpt>
      <trkpt lat="43.84499050676822662353515625" lon="87.510029263794422149658203125">
        <ele>828</ele>
        <time>2026-08-06T13:02:35.000Z</time>
        <extensions>
          <ns3:TrackPointExtension>
            <ns3:hr>161</ns3:hr>
            <ns3:cad>55</ns3:cad>
          </ns3:TrackPointExtension>
        </extensions>
      </trkpt>
      <trkpt lat="43.8449759222567081451416015625" lon="87.5100193731486797332763671875">
        <ele>828.20001220703125</ele>
        <time>2026-08-06T13:02:37.000Z</time>
        <extensions>
          <ns3:TrackPointExtension>
            <ns3:hr>159</ns3:hr>
            <ns3:cad>0</ns3:cad>
          </ns3:TrackPointExtension>
        </extensions>
      </trkpt>
      <trkpt lat="43.84496209211647510528564453125" lon="87.51001811586320400238037109375">
        <ele>828.20001220703125</ele>
        <time>2026-08-06T13:02:39.000Z</time>
        <extensions>
          <ns3:TrackPointExtension>
            <ns3:hr>154</ns3:hr>
            <ns3:cad>0</ns3:cad>
          </ns3:TrackPointExtension>
        </extensions>
      </trkpt>
      <trkpt lat="43.8449420593678951263427734375" lon="87.5100187025964260101318359375">
        <ele>828.20001220703125</ele>
        <time>2026-08-06T13:02:41.000Z</time>
        <extensions>
          <ns3:TrackPointExtension>
            <ns3:hr>150</ns3:hr>
            <ns3:cad>57</ns3:cad>
          </ns3:TrackPointExtension>
        </extensions>
      </trkpt>
      <trkpt lat="43.84489688090980052947998046875" lon="87.5100076384842395782470703125">
        <ele>828.4000244140625</ele>
        <time>2026-08-06T13:02:44.000Z</time>
        <extensions>
          <ns3:TrackPointExtension>
            <ns3:hr>147</ns3:hr>
            <ns3:cad>57</ns3:cad>
          </ns3:TrackPointExtension>
        </extensions>
      </trkpt>
      <trkpt lat="43.8448867388069629669189453125" lon="87.5100002624094486236572265625">
        <ele>828.4000244140625</ele>
        <time>2026-08-06T13:02:45.000Z</time>
        <extensions>
          <ns3:TrackPointExtension>
            <ns3:hr>146</ns3:hr>
            <ns3:cad>56</ns3:cad>
          </ns3:TrackPointExtension>
        </extensions>
      </trkpt>
      <trkpt lat="43.84484491311013698577880859375" lon="87.5099952332675457000732421875">
        <ele>828.5999755859375</ele>
        <time>2026-08-06T13:02:48.000Z</time>
        <extensions>
          <ns3:TrackPointExtension>
            <ns3:hr>143</ns3:hr>
            <ns3:cad>56</ns3:cad>
          </ns3:TrackPointExtension>
        </extensions>
      </trkpt>
      <trkpt lat="43.8448035903275012969970703125" lon="87.5099965743720531463623046875">
        <ele>828.79998779296875</ele>
        <time>2026-08-06T13:02:52.000Z</time>
        <extensions>
          <ns3:TrackPointExtension>
            <ns3:hr>140</ns3:hr>
            <ns3:cad>56</ns3:cad>
          </ns3:TrackPointExtension>
        </extensions>
      </trkpt>
      <trkpt lat="43.84479738771915435791015625" lon="87.50999900512397289276123046875">
        <ele>828.79998779296875</ele>
        <time>2026-08-06T13:02:53.000Z</time>
        <extensions>
          <ns3:TrackPointExtension>
            <ns3:hr>139</ns3:hr>
            <ns3:cad>56</ns3:cad>
          </ns3:TrackPointExtension>
        </extensions>
      </trkpt>
      <trkpt lat="43.84479336440563201904296875" lon="87.50999514944851398468017578125">
        <ele>828.79998779296875</ele>
        <time>2026-08-06T13:02:54.000Z</time>
        <extensions>
          <ns3:TrackPointExtension>
            <ns3:hr>139</ns3:hr>
            <ns3:cad>56</ns3:cad>
          </ns3:TrackPointExtension>
        </extensions>
      </trkpt>
      <trkpt lat="43.844775594770908355712890625" lon="87.509993724524974822998046875">
        <ele>828.79998779296875</ele>
        <time>2026-08-06T13:02:57.000Z</time>
        <extensions>
          <ns3:TrackPointExtension>
            <ns3:hr>138</ns3:hr>
            <ns3:cad>55</ns3:cad>
          </ns3:TrackPointExtension>
        </extensions>
      </trkpt>
      <trkpt lat="43.84477249346673488616943359375" lon="87.509995065629482269287109375">
        <ele>828.79998779296875</ele>
        <time>2026-08-06T13:02:58.000Z</time>
        <extensions>
          <ns3:TrackPointExtension>
            <ns3:hr>138</ns3:hr>
            <ns3:cad>55</ns3:cad>
          </ns3:TrackPointExtension>
        </extensions>
      </trkpt>
      <trkpt lat="43.8447318412363529205322265625" lon="87.51000948250293731689453125">
        <ele>829</ele>
        <time>2026-08-06T13:03:03.000Z</time>
        <extensions>
          <ns3:TrackPointExtension>
            <ns3:hr>135</ns3:hr>
            <ns3:cad>56</ns3:cad>
          </ns3:TrackPointExtension>
        </extensions>
      </trkpt>
      <trkpt lat="43.8446607626974582672119140625" lon="87.5100049562752246856689453125">
        <ele>829.20001220703125</ele>
        <time>2026-08-06T13:03:09.000Z</time>
        <extensions>
          <ns3:TrackPointExtension>
            <ns3:hr>132</ns3:hr>
            <ns3:cad>55</ns3:cad>
          </ns3:TrackPointExtension>
        </extensions>
      </trkpt>
      <trkpt lat="43.84464961476624011993408203125" lon="87.51000277698040008544921875">
        <ele>829.20001220703125</ele>
        <time>2026-08-06T13:03:10.000Z</time>
        <extensions>
          <ns3:TrackPointExtension>
            <ns3:hr>132</ns3:hr>
            <ns3:cad>55</ns3:cad>
          </ns3:TrackPointExtension>
        </extensions>
      </trkpt>
      <trkpt lat="43.8445571623742580413818359375" lon="87.50999431125819683074951171875">
        <ele>829.20001220703125</ele>
        <time>2026-08-06T13:03:15.000Z</time>
        <extensions>
          <ns3:TrackPointExtension>
            <ns3:hr>130</ns3:hr>
            <ns3:cad>0</ns3:cad>
          </ns3:TrackPointExtension>
        </extensions>
      </trkpt>
      <trkpt lat="43.8444575853645801544189453125" lon="87.509989701211452484130859375">
        <ele>829.20001220703125</ele>
        <time>2026-08-06T13:03:20.000Z</time>
        <extensions>
          <ns3:TrackPointExtension>
            <ns3:hr>134</ns3:hr>
            <ns3:cad>77</ns3:cad>
          </ns3:TrackPointExtension>
        </extensions>
      </trkpt>
      <trkpt lat="43.84444559924304485321044921875" lon="87.50998861156404018402099609375">
        <ele>829.20001220703125</ele>
        <time>2026-08-06T13:03:21.000Z</time>
        <extensions>
          <ns3:TrackPointExtension>
            <ns3:hr>135</ns3:hr>
            <ns3:cad>77</ns3:cad>
          </ns3:TrackPointExtension>
        </extensions>
      </trkpt>
      <trkpt lat="43.844412155449390411376953125" lon="87.50998609699308872222900390625">
        <ele>829</ele>
        <time>2026-08-06T13:03:23.000Z</time>
        <extensions>
          <ns3:TrackPointExtension>
            <ns3:hr>137</ns3:hr>
            <ns3:cad>0</ns3:cad>
          </ns3:TrackPointExtension>
        </extensions>
      </trkpt>
      <trkpt lat="43.8442902825772762298583984375" lon="87.5099871866405010223388671875">
        <ele>829.4000244140625</ele>
        <time>2026-08-06T13:03:28.000Z</time>
        <extensions>
          <ns3:TrackPointExtension>
            <ns3:hr>136</ns3:hr>
            <ns3:cad>79</ns3:cad>
          </ns3:TrackPointExtension>
        </extensions>
      </trkpt>
      <trkpt lat="43.844092972576618194580078125" lon="87.50991024076938629150390625">
        <ele>829.79998779296875</ele>
        <time>2026-08-06T13:03:34.000Z</time>
        <extensions>
          <ns3:TrackPointExtension>
            <ns3:hr>138</ns3:hr>
            <ns3:cad>79</ns3:cad>
          </ns3:TrackPointExtension>
        </extensions>
      </trkpt>
      <trkpt lat="43.8440631330013275146484375" lon="87.50989356078207492828369140625">
        <ele>829.79998779296875</ele>
        <time>2026-08-06T13:03:35.000Z</time>
        <extensions>
          <ns3:TrackPointExtension>
            <ns3:hr>139</ns3:hr>
            <ns3:cad>80</ns3:cad>
          </ns3:TrackPointExtension>
        </extensions>
      </trkpt>
      <trkpt lat="43.8439773023128509521484375" lon="87.50984678976237773895263671875">
        <ele>830</ele>
        <time>2026-08-06T13:03:39.000Z</time>
        <extensions>
          <ns3:TrackPointExtension>
            <ns3:hr>142</ns3:hr>
            <ns3:cad>79</ns3:cad>
          </ns3:TrackPointExtension>
        </extensions>
      </trkpt>
      <trkpt lat="43.84393882937729358673095703125" lon="87.5098312832415103912353515625">
        <ele>830.20001220703125</ele>
        <time>2026-08-06T13:03:42.000Z</time>
        <extensions>
          <ns3:TrackPointExtension>
            <ns3:hr>143</ns3:hr>
            <ns3:cad>0</ns3:cad>
          </ns3:TrackPointExtension>
        </extensions>
      </trkpt>
      <trkpt lat="43.8438970036804676055908203125" lon="87.5098255835473537445068359375">
        <ele>830.5999755859375</ele>
        <time>2026-08-06T13:03:47.000Z</time>
        <extensions>
          <ns3:TrackPointExtension>
            <ns3:hr>146</ns3:hr>
            <ns3:cad>55</ns3:cad>
          </ns3:TrackPointExtension>
        </extensions>
      </trkpt>
      <trkpt lat="43.8438731990754604339599609375" lon="87.50981636345386505126953125">
        <ele>830.5999755859375</ele>
        <time>2026-08-06T13:03:49.000Z</time>
        <extensions>
          <ns3:TrackPointExtension>
            <ns3:hr>146</ns3:hr>
            <ns3:cad>55</ns3:cad>
          </ns3:TrackPointExtension>
        </extensions>
      </trkpt>
      <trkpt lat="43.84379130788147449493408203125" lon="87.50979498960077762603759765625">
        <ele>830.5999755859375</ele>
        <time>2026-08-06T13:03:54.000Z</time>
        <extensions>
          <ns3:TrackPointExtension>
            <ns3:hr>149</ns3:hr>
            <ns3:cad>78</ns3:cad>
          </ns3:TrackPointExtension>
        </extensions>
      </trkpt>
      <trkpt lat="43.84376767091453075408935546875" lon="87.5097933970391750335693359375">
        <ele>830.5999755859375</ele>
        <time>2026-08-06T13:03:57.000Z</time>
        <extensions>
          <ns3:TrackPointExtension>
            <ns3:hr>149</ns3:hr>
            <ns3:cad>78</ns3:cad>
          </ns3:TrackPointExtension>
        </extensions>
      </trkpt>
      <trkpt lat="43.84374470449984073638916015625" lon="87.50978040508925914764404296875">
        <ele>830.5999755859375</ele>
        <time>2026-08-06T13:03:59.000Z</time>
        <extensions>
          <ns3:TrackPointExtension>
            <ns3:hr>151</ns3:hr>
            <ns3:cad>79</ns3:cad>
          </ns3:TrackPointExtension>
        </extensions>
      </trkpt>
      <trkpt lat="43.84362450800836086273193359375" lon="87.50978015363216400146484375">
        <ele>831</ele>
        <time>2026-08-06T13:04:06.000Z</time>
        <extensions>
          <ns3:TrackPointExtension>
            <ns3:hr>155</ns3:hr>
            <ns3:cad>79</ns3:cad>
          </ns3:TrackPointExtension>
        </extensions>
      </trkpt>
      <trkpt lat="43.843591399490833282470703125" lon="87.5097692571580410003662109375">
        <ele>831.20001220703125</ele>
        <time>2026-08-06T13:04:08.000Z</time>
        <extensions>
          <ns3:TrackPointExtension>
            <ns3:hr>152</ns3:hr>
            <ns3:cad>81</ns3:cad>
          </ns3:TrackPointExtension>
        </extensions>
      </trkpt>
      <trkpt lat="43.84351193904876708984375" lon="87.50976867042481899261474609375">
        <ele>831.79998779296875</ele>
        <time>2026-08-06T13:04:12.000Z</time>
        <extensions>
          <ns3:TrackPointExtension>
            <ns3:hr>153</ns3:hr>
            <ns3:cad>79</ns3:cad>
          </ns3:TrackPointExtension>
        </extensions>
      </trkpt>
      <trkpt lat="43.84339719079434871673583984375" lon="87.50974134542047977447509765625">
        <ele>832.5999755859375</ele>
        <time>2026-08-06T13:04:17.000Z</time>
        <extensions>
          <ns3:TrackPointExtension>
            <ns3:hr>156</ns3:hr>
            <ns3:cad>80</ns3:cad>
          </ns3:TrackPointExtension>
        </extensions>
      </trkpt>
      <trkpt lat="43.84334874339401721954345703125" lon="87.50975291244685649871826171875">
        <ele>833</ele>
        <time>2026-08-06T13:04:19.000Z</time>
        <extensions>
          <ns3:TrackPointExtension>
            <ns3:hr>157</ns3:hr>
            <ns3:cad>80</ns3:cad>
          </ns3:TrackPointExtension>
        </extensions>
      </trkpt>
      <trkpt lat="43.84329895488917827606201171875" lon="87.50976867042481899261474609375">
        <ele>833.5999755859375</ele>
        <time>2026-08-06T13:04:21.000Z</time>
        <extensions>
          <ns3:TrackPointExtension>
            <ns3:hr>158</ns3:hr>
            <ns3:cad>54</ns3:cad>
          </ns3:TrackPointExtension>
        </extensions>
      </trkpt>
      <trkpt lat="43.8432009704411029815673828125" lon="87.50976917333900928497314453125">
        <ele>834.5999755859375</ele>
        <time>2026-08-06T13:04:25.000Z</time>
        <extensions>
          <ns3:TrackPointExtension>
            <ns3:hr>158</ns3:hr>
            <ns3:cad>55</ns3:cad>
          </ns3:TrackPointExtension>
        </extensions>
      </trkpt>
      <trkpt lat="43.84304992854595184326171875" lon="87.50976129435002803802490234375">
        <ele>836</ele>
        <time>2026-08-06T13:04:33.000Z</time>
        <extensions>
          <ns3:TrackPointExtension>
            <ns3:hr>158</ns3:hr>
            <ns3:cad>56</ns3:cad>
          </ns3:TrackPointExtension>
        </extensions>
      </trkpt>
      <trkpt lat="43.8429193384945392608642578125" lon="87.509707398712635040283203125">
        <ele>836.20001220703125</ele>
        <time>2026-08-06T13:04:38.000Z</time>
        <extensions>
          <ns3:TrackPointExtension>
            <ns3:hr>155</ns3:hr>
            <ns3:cad>79</ns3:cad>
          </ns3:TrackPointExtension>
        </extensions>
      </trkpt>
      <trkpt lat="43.8428408838808536529541015625" lon="87.50969968736171722412109375">
        <ele>836.5999755859375</ele>
        <time>2026-08-06T13:04:41.000Z</time>
        <extensions>
          <ns3:TrackPointExtension>
            <ns3:hr>156</ns3:hr>
            <ns3:cad>79</ns3:cad>
          </ns3:TrackPointExtension>
        </extensions>
      </trkpt>
      <trkpt lat="43.8426558114588260650634765625" lon="87.50969625078141689300537109375">
        <ele>836.5999755859375</ele>
        <time>2026-08-06T13:04:48.000Z</time>
        <extensions>
          <ns3:TrackPointExtension>
            <ns3:hr>157</ns3:hr>
            <ns3:cad>80</ns3:cad>
          </ns3:TrackPointExtension>
        </extensions>
      </trkpt>
      <trkpt lat="43.84261147119104862213134765625" lon="87.50967998988926410675048828125">
        <ele>836.5999755859375</ele>
        <time>2026-08-06T13:04:50.000Z</time>
        <extensions>
          <ns3:TrackPointExtension>
            <ns3:hr>157</ns3:hr>
            <ns3:cad>81</ns3:cad>
          </ns3:TrackPointExtension>
        </extensions>
      </trkpt>
      <trkpt lat="43.84242354892194271087646484375" lon="87.5096485577523708343505859375">
        <ele>837</ele>
        <time>2026-08-06T13:04:57.000Z</time>
        <extensions>
          <ns3:TrackPointExtension>
            <ns3:hr>158</ns3:hr>
            <ns3:cad>81</ns3:cad>
          </ns3:TrackPointExtension>
        </extensions>
      </trkpt>
      <trkpt lat="43.84240142069756984710693359375" lon="87.50964579172432422637939453125">
        <ele>837</ele>
        <time>2026-08-06T13:04:58.000Z</time>
        <extensions>
          <ns3:TrackPointExtension>
            <ns3:hr>158</ns3:hr>
            <ns3:cad>81</ns3:cad>
          </ns3:TrackPointExtension>
        </extensions>
      </trkpt>
      <trkpt lat="43.8423332758247852325439453125" lon="87.50964931212365627288818359375">
        <ele>837.20001220703125</ele>
        <time>2026-08-06T13:05:03.000Z</time>
        <extensions>
          <ns3:TrackPointExtension>
            <ns3:hr>159</ns3:hr>
            <ns3:cad>81</ns3:cad>
          </ns3:TrackPointExtension>
        </extensions>
      </trkpt>
      <trkpt lat="43.8422052003443241119384765625" lon="87.50966188497841358184814453125">
        <ele>838</ele>
        <time>2026-08-06T13:05:10.000Z</time>
        <extensions>
          <ns3:TrackPointExtension>
            <ns3:hr>162</ns3:hr>
            <ns3:cad>57</ns3:cad>
          </ns3:TrackPointExtension>
        </extensions>
      </trkpt>
      <trkpt lat="43.84218701161444187164306640625" lon="87.50965182669460773468017578125">
        <ele>838</ele>
        <time>2026-08-06T13:05:11.000Z</time>
        <extensions>
          <ns3:TrackPointExtension>
            <ns3:hr>162</ns3:hr>
            <ns3:cad>57</ns3:cad>
          </ns3:TrackPointExtension>
        </extensions>
      </trkpt>
      <trkpt lat="43.84205658920109272003173828125" lon="87.5095885433256626129150390625">
        <ele>838.20001220703125</ele>
        <time>2026-08-06T13:05:20.000Z</time>
        <extensions>
          <ns3:TrackPointExtension>
            <ns3:hr>161</ns3:hr>
            <ns3:cad>56</ns3:cad>
          </ns3:TrackPointExtension>
        </extensions>
      </trkpt>
      <trkpt lat="43.8418886996805667877197265625" lon="87.509593404829502105712890625">
        <ele>840.20001220703125</ele>
        <time>2026-08-06T13:05:26.000Z</time>
        <extensions>
          <ns3:TrackPointExtension>
            <ns3:hr>162</ns3:hr>
            <ns3:cad>80</ns3:cad>
          </ns3:TrackPointExtension>
        </extensions>
      </trkpt>
      <trkpt lat="43.84184318594634532928466796875" lon="87.50955275259912014007568359375">
        <ele>840</ele>
        <time>2026-08-06T13:05:32.000Z</time>
        <extensions>
          <ns3:TrackPointExtension>
            <ns3:hr>163</ns3:hr>
            <ns3:cad>81</ns3:cad>
          </ns3:TrackPointExtension>
        </extensions>
      </trkpt>
      <trkpt lat="43.84183480404317378997802734375" lon="87.5095488131046295166015625">
        <ele>840</ele>
        <time>2026-08-06T13:05:33.000Z</time>
        <extensions>
          <ns3:TrackPointExtension>
            <ns3:hr>164</ns3:hr>
            <ns3:cad>81</ns3:cad>
          </ns3:TrackPointExtension>
        </extensions>
      </trkpt>
      <trkpt lat="43.84179792366921901702880859375" lon="87.50955241732299327850341796875">
        <ele>840.5999755859375</ele>
        <time>2026-08-06T13:06:31.000Z</time>
        <extensions>
          <ns3:TrackPointExtension>
            <ns3:hr>127</ns3:hr>
            <ns3:cad>0</ns3:cad>
          </ns3:TrackPointExtension>
        </extensions>
      </trkpt>
      <trkpt lat="43.84179775603115558624267578125" lon="87.50955409370362758636474609375">
        <ele>840.5999755859375</ele>
        <time>2026-08-06T13:06:32.000Z</time>
        <extensions>
          <ns3:TrackPointExtension>
            <ns3:hr>127</ns3:hr>
            <ns3:cad>0</ns3:cad>
          </ns3:TrackPointExtension>
        </extensions>
      </trkpt>
      <trkpt lat="43.8417725265026092529296875" lon="87.50955208204686641693115234375">
        <ele>840.79998779296875</ele>
        <time>2026-08-06T13:06:34.000Z</time>
        <extensions>
          <ns3:TrackPointExtension>
            <ns3:hr>125</ns3:hr>
            <ns3:cad>0</ns3:cad>
          </ns3:TrackPointExtension>
        </extensions>
      </trkpt>
      <trkpt lat="43.84172433055937290191650390625" lon="87.50953900627791881561279296875">
        <ele>841.20001220703125</ele>
        <time>2026-08-06T13:06:36.000Z</time>
        <extensions>
          <ns3:TrackPointExtension>
            <ns3:hr>122</ns3:hr>
            <ns3:cad>0</ns3:cad>
          </ns3:TrackPointExtension>
        </extensions>
      </trkpt>
      <trkpt lat="43.84157999418675899505615234375" lon="87.5094802491366863250732421875">
        <ele>842</ele>
        <time>2026-08-06T13:06:41.000Z</time>
        <extensions>
          <ns3:TrackPointExtension>
            <ns3:hr>125</ns3:hr>
            <ns3:cad>80</ns3:cad>
          </ns3:TrackPointExtension>
        </extensions>
      </trkpt>
      <trkpt lat="43.84155468083918094635009765625" lon="87.50947027467191219329833984375">
        <ele>842.20001220703125</ele>
        <time>2026-08-06T13:06:42.000Z</time>
        <extensions>
          <ns3:TrackPointExtension>
            <ns3:hr>126</ns3:hr>
            <ns3:cad>80</ns3:cad>
          </ns3:TrackPointExtension>
        </extensions>
      </trkpt>
      <trkpt lat="43.84144621901214122772216796875" lon="87.50942551530897617340087890625">
        <ele>843.20001220703125</ele>
        <time>2026-08-06T13:06:46.000Z</time>
        <extensions>
          <ns3:TrackPointExtension>
            <ns3:hr>129</ns3:hr>
            <ns3:cad>79</ns3:cad>
          </ns3:TrackPointExtension>
        </extensions>
      </trkpt>
      <trkpt lat="43.84135670028626918792724609375" lon="87.50938863493502140045166015625">
        <ele>844</ele>
        <time>2026-08-06T13:06:50.000Z</time>
        <extensions>
          <ns3:TrackPointExtension>
            <ns3:hr>132</ns3:hr>
            <ns3:cad>82</ns3:cad>
          </ns3:TrackPointExtension>
        </extensions>
      </trkpt>
      <trkpt lat="43.84132795035839080810546875" lon="87.50937606208026409149169921875">
        <ele>844</ele>
        <time>2026-08-06T13:06:51.000Z</time>
        <extensions>
          <ns3:TrackPointExtension>
            <ns3:hr>134</ns3:hr>
            <ns3:cad>82</ns3:cad>
          </ns3:TrackPointExtension>
        </extensions>
      </trkpt>
      <trkpt lat="43.84128101170063018798828125" lon="87.50936181284487247467041015625">
        <ele>844.4000244140625</ele>
        <time>2026-08-06T13:06:53.000Z</time>
        <extensions>
          <ns3:TrackPointExtension>
            <ns3:hr>138</ns3:hr>
            <ns3:cad>82</ns3:cad>
          </ns3:TrackPointExtension>
        </extensions>
      </trkpt>
      <trkpt lat="43.84123750962316989898681640625" lon="87.50934923999011516571044921875">
        <ele>844.5999755859375</ele>
        <time>2026-08-06T13:06:55.000Z</time>
        <extensions>
          <ns3:TrackPointExtension>
            <ns3:hr>142</ns3:hr>
            <ns3:cad>81</ns3:cad>
          </ns3:TrackPointExtension>
        </extensions>
      </trkpt>
      <trkpt lat="43.84118654765188694000244140625" lon="87.50933893024921417236328125">
        <ele>845</ele>
        <time>2026-08-06T13:06:57.000Z</time>
        <extensions>
          <ns3:TrackPointExtension>
            <ns3:hr>145</ns3:hr>
            <ns3:cad>81</ns3:cad>
          </ns3:TrackPointExtension>
        </extensions>
      </trkpt>
      <trkpt lat="43.841145224869251251220703125" lon="87.50932878814637660980224609375">
        <ele>845.20001220703125</ele>
        <time>2026-08-06T13:06:59.000Z</time>
        <extensions>
          <ns3:TrackPointExtension>
            <ns3:hr>147</ns3:hr>
            <ns3:cad>81</ns3:cad>
          </ns3:TrackPointExtension>
        </extensions>
      </trkpt>
      <trkpt lat="43.84100030176341533660888671875" lon="87.50931303016841411590576171875">
        <ele>846.5999755859375</ele>
        <time>2026-08-06T13:07:05.000Z</time>
        <extensions>
          <ns3:TrackPointExtension>
            <ns3:hr>150</ns3:hr>
            <ns3:cad>81</ns3:cad>
          </ns3:TrackPointExtension>
        </extensions>
      </trkpt>
      <trkpt lat="43.840898461639881134033203125" lon="87.50931152142584323883056640625">
        <ele>847.4000244140625</ele>
        <time>2026-08-06T13:07:09.000Z</time>
        <extensions>
          <ns3:TrackPointExtension>
            <ns3:hr>153</ns3:hr>
            <ns3:cad>81</ns3:cad>
          </ns3:TrackPointExtension>
        </extensions>
      </trkpt>
      <trkpt lat="43.8407568074762821197509765625" lon="87.50928319059312343597412109375">
        <ele>847.79998779296875</ele>
        <time>2026-08-06T13:07:15.000Z</time>
        <extensions>
          <ns3:TrackPointExtension>
            <ns3:hr>154</ns3:hr>
            <ns3:cad>81</ns3:cad>
          </ns3:TrackPointExtension>
        </extensions>
      </trkpt>
      <trkpt lat="43.84070140309631824493408203125" lon="87.50927749089896678924560546875">
        <ele>847.79998779296875</ele>
        <time>2026-08-06T13:07:18.000Z</time>
        <extensions>
          <ns3:TrackPointExtension>
            <ns3:hr>155</ns3:hr>
            <ns3:cad>81</ns3:cad>
          </ns3:TrackPointExtension>
        </extensions>
      </trkpt>
      <trkpt lat="43.8406294025480747222900390625" lon="87.5092844478785991668701171875">
        <ele>847.79998779296875</ele>
        <time>2026-08-06T13:07:22.000Z</time>
        <extensions>
          <ns3:TrackPointExtension>
            <ns3:hr>156</ns3:hr>
            <ns3:cad>0</ns3:cad>
          </ns3:TrackPointExtension>
        </extensions>
      </trkpt>
      <trkpt lat="43.8405509479343891143798828125" lon="87.509271539747714996337890625">
        <ele>848</ele>
        <time>2026-08-06T13:07:29.000Z</time>
        <extensions>
          <ns3:TrackPointExtension>
            <ns3:hr>157</ns3:hr>
            <ns3:cad>55</ns3:cad>
          </ns3:TrackPointExtension>
        </extensions>
      </trkpt>
      <trkpt lat="43.840365372598171234130859375" lon="87.50924245454370975494384765625">
        <ele>848.79998779296875</ele>
        <time>2026-08-06T13:07:38.000Z</time>
        <extensions>
          <ns3:TrackPointExtension>
            <ns3:hr>158</ns3:hr>
            <ns3:cad>82</ns3:cad>
          </ns3:TrackPointExtension>
        </extensions>
      </trkpt>
      <trkpt lat="43.84021575562655925750732421875" lon="87.509222589433193206787109375">
        <ele>849.79998779296875</ele>
        <time>2026-08-06T13:07:45.000Z</time>
        <extensions>
          <ns3:TrackPointExtension>
            <ns3:hr>160</ns3:hr>
            <ns3:cad>80</ns3:cad>
          </ns3:TrackPointExtension>
        </extensions>
      </trkpt>
      <trkpt lat="43.84003805927932262420654296875" lon="87.50921244733035564422607421875">
        <ele>851.5999755859375</ele>
        <time>2026-08-06T13:07:54.000Z</time>
        <extensions>
          <ns3:TrackPointExtension>
            <ns3:hr>160</ns3:hr>
            <ns3:cad>80</ns3:cad>
          </ns3:TrackPointExtension>
        </extensions>
      </trkpt>
      <trkpt lat="43.83995004929602146148681640625" lon="87.509219907224178314208984375">
        <ele>852.4000244140625</ele>
        <time>2026-08-06T13:08:02.000Z</time>
        <extensions>
          <ns3:TrackPointExtension>
            <ns3:hr>161</ns3:hr>
            <ns3:cad>53</ns3:cad>
          </ns3:TrackPointExtension>
        </extensions>
      </trkpt>
      <trkpt lat="43.83980738930404186248779296875" lon="87.50917573459446430206298828125">
        <ele>853.20001220703125</ele>
        <time>2026-08-06T13:08:11.000Z</time>
        <extensions>
          <ns3:TrackPointExtension>
            <ns3:hr>158</ns3:hr>
            <ns3:cad>53</ns3:cad>
          </ns3:TrackPointExtension>
        </extensions>
      </trkpt>
      <trkpt lat="43.83979531936347484588623046875" lon="87.50919685699045658111572265625">
        <ele>853.4000244140625</ele>
        <time>2026-08-06T13:08:16.000Z</time>
        <extensions>
          <ns3:TrackPointExtension>
            <ns3:hr>157</ns3:hr>
            <ns3:cad>54</ns3:cad>
          </ns3:TrackPointExtension>
        </extensions>
      </trkpt>
      <trkpt lat="43.839777298271656036376953125" lon="87.50919467769563198089599609375">
        <ele>853.5999755859375</ele>
        <time>2026-08-06T13:08:18.000Z</time>
        <extensions>
          <ns3:TrackPointExtension>
            <ns3:hr>157</ns3:hr>
            <ns3:cad>54</ns3:cad>
          </ns3:TrackPointExtension>
        </extensions>
      </trkpt>
      <trkpt lat="43.8396658189594745635986328125" lon="87.50917707569897174835205078125">
        <ele>853.79998779296875</ele>
        <time>2026-08-06T13:08:27.000Z</time>
        <extensions>
          <ns3:TrackPointExtension>
            <ns3:hr>154</ns3:hr>
            <ns3:cad>54</ns3:cad>
          </ns3:TrackPointExtension>
        </extensions>
      </trkpt>
      <trkpt lat="43.83957554586231708526611328125" lon="87.5091774947941303253173828125">
        <ele>853.79998779296875</ele>
        <time>2026-08-06T13:08:34.000Z</time>
        <extensions>
          <ns3:TrackPointExtension>
            <ns3:hr>151</ns3:hr>
            <ns3:cad>53</ns3:cad>
          </ns3:TrackPointExtension>
        </extensions>
      </trkpt>
      <trkpt lat="43.8395464606583118438720703125" lon="87.50916659832000732421875">
        <ele>853.79998779296875</ele>
        <time>2026-08-06T13:08:36.000Z</time>
        <extensions>
          <ns3:TrackPointExtension>
            <ns3:hr>149</ns3:hr>
            <ns3:cad>53</ns3:cad>
          </ns3:TrackPointExtension>
        </extensions>
      </trkpt>
      <trkpt lat="43.8394847698509693145751953125" lon="87.509137429296970367431640625">
        <ele>853.79998779296875</ele>
        <time>2026-08-06T13:08:39.000Z</time>
        <extensions>
          <ns3:TrackPointExtension>
            <ns3:hr>146</ns3:hr>
            <ns3:cad>0</ns3:cad>
          </ns3:TrackPointExtension>
        </extensions>
      </trkpt>
      <trkpt lat="43.839383013546466827392578125" lon="87.50911764800548553466796875">
        <ele>854.20001220703125</ele>
        <time>2026-08-06T13:08:44.000Z</time>
        <extensions>
          <ns3:TrackPointExtension>
            <ns3:hr>145</ns3:hr>
            <ns3:cad>80</ns3:cad>
          </ns3:TrackPointExtension>
        </extensions>
      </trkpt>
      <trkpt lat="43.83924261666834354400634765625" lon="87.5090879760682582855224609375">
        <ele>855</ele>
        <time>2026-08-06T13:08:50.000Z</time>
        <extensions>
          <ns3:TrackPointExtension>
            <ns3:hr>148</ns3:hr>
            <ns3:cad>81</ns3:cad>
          </ns3:TrackPointExtension>
        </extensions>
      </trkpt>
      <trkpt lat="43.8391868770122528076171875" lon="87.5090772472321987152099609375">
        <ele>855.4000244140625</ele>
        <time>2026-08-06T13:08:53.000Z</time>
        <extensions>
          <ns3:TrackPointExtension>
            <ns3:hr>150</ns3:hr>
            <ns3:cad>82</ns3:cad>
          </ns3:TrackPointExtension>
        </extensions>
      </trkpt>
      <trkpt lat="43.83915443904697895050048828125" lon="87.5090749002993106842041015625">
        <ele>855.5999755859375</ele>
        <time>2026-08-06T13:08:55.000Z</time>
        <extensions>
          <ns3:TrackPointExtension>
            <ns3:hr>154</ns3:hr>
            <ns3:cad>82</ns3:cad>
          </ns3:TrackPointExtension>
        </extensions>
      </trkpt>
      <trkpt lat="43.8391434587538242340087890625" lon="87.50907515175640583038330078125">
        <ele>855.5999755859375</ele>
        <time>2026-08-06T13:08:57.000Z</time>
        <extensions>
          <ns3:TrackPointExtension>
            <ns3:hr>157</ns3:hr>
            <ns3:cad>82</ns3:cad>
          </ns3:TrackPointExtension>
        </extensions>
      </trkpt>
      <trkpt lat="43.8391317240893840789794921875" lon="87.5090648420155048370361328125">
        <ele>855.5999755859375</ele>
        <time>2026-08-06T13:08:58.000Z</time>
        <extensions>
          <ns3:TrackPointExtension>
            <ns3:hr>158</ns3:hr>
            <ns3:cad>52</ns3:cad>
          </ns3:TrackPointExtension>
        </extensions>
      </trkpt>
      <trkpt lat="43.83905989117920398712158203125" lon="87.50906660221517086029052734375">
        <ele>855.79998779296875</ele>
        <time>2026-08-06T13:09:03.000Z</time>
        <extensions>
          <ns3:TrackPointExtension>
            <ns3:hr>155</ns3:hr>
            <ns3:cad>52</ns3:cad>
          </ns3:TrackPointExtension>
        </extensions>
      </trkpt>
      <trkpt lat="43.83902921341359615325927734375" lon="87.50906945206224918365478515625">
        <ele>856</ele>
        <time>2026-08-06T13:09:05.000Z</time>
        <extensions>
          <ns3:TrackPointExtension>
            <ns3:hr>155</ns3:hr>
            <ns3:cad>52</ns3:cad>
          </ns3:TrackPointExtension>
        </extensions>
      </trkpt>
      <trkpt lat="43.83893148042261600494384765625" lon="87.509056627750396728515625">
        <ele>856</ele>
        <time>2026-08-06T13:09:14.000Z</time>
        <extensions>
          <ns3:TrackPointExtension>
            <ns3:hr>154</ns3:hr>
            <ns3:cad>53</ns3:cad>
          </ns3:TrackPointExtension>
        </extensions>
      </trkpt>
      <trkpt lat="43.83891128003597259521484375" lon="87.50906509347259998321533203125">
        <ele>856</ele>
        <time>2026-08-06T13:09:17.000Z</time>
        <extensions>
          <ns3:TrackPointExtension>
            <ns3:hr>151</ns3:hr>
            <ns3:cad>53</ns3:cad>
          </ns3:TrackPointExtension>
        </extensions>
      </trkpt>
      <trkpt lat="43.8388953544199466705322265625" lon="87.50905352644622325897216796875">
        <ele>856</ele>
        <time>2026-08-06T13:09:21.000Z</time>
        <extensions>
          <ns3:TrackPointExtension>
            <ns3:hr>148</ns3:hr>
            <ns3:cad>0</ns3:cad>
          </ns3:TrackPointExtension>
        </extensions>
      </trkpt>
      <trkpt lat="43.838890157639980316162109375" lon="87.5090474076569080352783203125">
        <ele>856</ele>
        <time>2026-08-06T13:09:25.000Z</time>
        <extensions>
          <ns3:TrackPointExtension>
            <ns3:hr>145</ns3:hr>
            <ns3:cad>0</ns3:cad>
          </ns3:TrackPointExtension>
        </extensions>
      </trkpt>
      <trkpt lat="43.8388628326356410980224609375" lon="87.50904782675206661224365234375">
        <ele>856.20001220703125</ele>
        <time>2026-08-06T13:09:32.000Z</time>
        <extensions>
          <ns3:TrackPointExtension>
            <ns3:hr>143</ns3:hr>
            <ns3:cad>0</ns3:cad>
          </ns3:TrackPointExtension>
        </extensions>
      </trkpt>
      <trkpt lat="43.8387444801628589630126953125" lon="87.5090564601123332977294921875">
        <ele>857</ele>
        <time>2026-08-06T13:09:37.000Z</time>
        <extensions>
          <ns3:TrackPointExtension>
            <ns3:hr>140</ns3:hr>
            <ns3:cad>79</ns3:cad>
          </ns3:TrackPointExtension>
        </extensions>
      </trkpt>
      <trkpt lat="43.8387132994830608367919921875" lon="87.509050257503986358642578125">
        <ele>857.20001220703125</ele>
        <time>2026-08-06T13:09:38.000Z</time>
        <extensions>
          <ns3:TrackPointExtension>
            <ns3:hr>139</ns3:hr>
            <ns3:cad>79</ns3:cad>
          </ns3:TrackPointExtension>
        </extensions>
      </trkpt>
      <trkpt lat="43.83853836916387081146240234375" lon="87.50899334438145160675048828125">
        <ele>858</ele>
        <time>2026-08-06T13:09:44.000Z</time>
        <extensions>
          <ns3:TrackPointExtension>
            <ns3:hr>141</ns3:hr>
            <ns3:cad>80</ns3:cad>
          </ns3:TrackPointExtension>
        </extensions>
      </trkpt>
      <trkpt lat="43.83848656900227069854736328125" lon="87.50897423364222049713134765625">
        <ele>858.4000244140625</ele>
        <time>2026-08-06T13:09:46.000Z</time>
        <extensions>
          <ns3:TrackPointExtension>
            <ns3:hr>141</ns3:hr>
            <ns3:cad>80</ns3:cad>
          </ns3:TrackPointExtension>
        </extensions>
      </trkpt>
      <trkpt lat="43.83830283768475055694580078125" lon="87.50895193777978420257568359375">
        <ele>858.79998779296875</ele>
        <time>2026-08-06T13:09:53.000Z</time>
        <extensions>
          <ns3:TrackPointExtension>
            <ns3:hr>142</ns3:hr>
            <ns3:cad>82</ns3:cad>
          </ns3:TrackPointExtension>
        </extensions>
      </trkpt>
      <trkpt lat="43.8382807932794094085693359375" lon="87.50895269215106964111328125">
        <ele>858.79998779296875</ele>
        <time>2026-08-06T13:09:54.000Z</time>
        <extensions>
          <ns3:TrackPointExtension>
            <ns3:hr>143</ns3:hr>
            <ns3:cad>82</ns3:cad>
          </ns3:TrackPointExtension>
        </extensions>
      </trkpt>
      <trkpt lat="43.83821231313049793243408203125" lon="87.50894808210432529449462890625">
        <ele>858.5999755859375</ele>
        <time>2026-08-06T13:09:57.000Z</time>
        <extensions>
          <ns3:TrackPointExtension>
            <ns3:hr>146</ns3:hr>
            <ns3:cad>82</ns3:cad>
          </ns3:TrackPointExtension>
        </extensions>
      </trkpt>
      <trkpt lat="43.8381205312907695770263671875" lon="87.50893031246960163116455078125">
        <ele>858.20001220703125</ele>
        <time>2026-08-06T13:10:01.000Z</time>
        <extensions>
          <ns3:TrackPointExtension>
            <ns3:hr>150</ns3:hr>
            <ns3:cad>82</ns3:cad>
          </ns3:TrackPointExtension>
        </extensions>
      </trkpt>
      <trkpt lat="43.8380608521401882171630859375" lon="87.5089213438332080841064453125">
        <ele>858</ele>
        <time>2026-08-06T13:10:04.000Z</time>
        <extensions>
          <ns3:TrackPointExtension>
            <ns3:hr>153</ns3:hr>
            <ns3:cad>82</ns3:cad>
          </ns3:TrackPointExtension>
        </extensions>
      </trkpt>
      <trkpt lat="43.8379193656146526336669921875" lon="87.5088997185230255126953125">
        <ele>858.5999755859375</ele>
        <time>2026-08-06T13:10:10.000Z</time>
        <extensions>
          <ns3:TrackPointExtension>
            <ns3:hr>155</ns3:hr>
            <ns3:cad>82</ns3:cad>
          </ns3:TrackPointExtension>
        </extensions>
      </trkpt>
      <trkpt lat="43.83781802840530872344970703125" lon="87.50886392779648303985595703125">
        <ele>859.20001220703125</ele>
        <time>2026-08-06T13:10:14.000Z</time>
        <extensions>
          <ns3:TrackPointExtension>
            <ns3:hr>158</ns3:hr>
            <ns3:cad>81</ns3:cad>
          </ns3:TrackPointExtension>
        </extensions>
      </trkpt>
      <trkpt lat="43.8377631269395351409912109375" lon="87.50885345041751861572265625">
        <ele>859.4000244140625</ele>
        <time>2026-08-06T13:10:17.000Z</time>
        <extensions>
          <ns3:TrackPointExtension>
            <ns3:hr>161</ns3:hr>
            <ns3:cad>81</ns3:cad>
          </ns3:TrackPointExtension>
        </extensions>
      </trkpt>
      <trkpt lat="43.837752230465412139892578125" lon="87.5088415481150150299072265625">
        <ele>859.4000244140625</ele>
        <time>2026-08-06T13:10:18.000Z</time>
        <extensions>
          <ns3:TrackPointExtension>
            <ns3:hr>162</ns3:hr>
            <ns3:cad>80</ns3:cad>
          </ns3:TrackPointExtension>
        </extensions>
      </trkpt>
      <trkpt lat="43.83773982524871826171875" lon="87.50883492641150951385498046875">
        <ele>859.5999755859375</ele>
        <time>2026-08-06T13:10:19.000Z</time>
        <extensions>
          <ns3:TrackPointExtension>
            <ns3:hr>162</ns3:hr>
            <ns3:cad>80</ns3:cad>
          </ns3:TrackPointExtension>
        </extensions>
      </trkpt>
      <trkpt lat="43.8376742787659168243408203125" lon="87.50882889144122600555419921875">
        <ele>859.79998779296875</ele>
        <time>2026-08-06T13:10:23.000Z</time>
        <extensions>
          <ns3:TrackPointExtension>
            <ns3:hr>164</ns3:hr>
            <ns3:cad>56</ns3:cad>
          </ns3:TrackPointExtension>
        </extensions>
      </trkpt>
      <trkpt lat="43.837603367865085601806640625" lon="87.5088375248014926910400390625">
        <ele>860.79998779296875</ele>
        <time>2026-08-06T13:10:29.000Z</time>
        <extensions>
          <ns3:TrackPointExtension>
            <ns3:hr>165</ns3:hr>
            <ns3:cad>56</ns3:cad>
          </ns3:TrackPointExtension>
        </extensions>
      </trkpt>
      <trkpt lat="43.83756757713854312896728515625" lon="87.508866526186466217041015625">
        <ele>861.5999755859375</ele>
        <time>2026-08-06T13:10:32.000Z</time>
        <extensions>
          <ns3:TrackPointExtension>
            <ns3:hr>163</ns3:hr>
            <ns3:cad>18</ns3:cad>
          </ns3:TrackPointExtension>
        </extensions>
      </trkpt>
      <trkpt lat="43.83751074783504009246826171875" lon="87.508856467902660369873046875">
        <ele>862.4000244140625</ele>
        <time>2026-08-06T13:10:40.000Z</time>
        <extensions>
          <ns3:TrackPointExtension>
            <ns3:hr>160</ns3:hr>
            <ns3:cad>0</ns3:cad>
          </ns3:TrackPointExtension>
        </extensions>
      </trkpt>
      <trkpt lat="43.83750437758862972259521484375" lon="87.50886208377778530120849609375">
        <ele>862.4000244140625</ele>
        <time>2026-08-06T13:10:44.000Z</time>
        <extensions>
          <ns3:TrackPointExtension>
            <ns3:hr>157</ns3:hr>
            <ns3:cad>0</ns3:cad>
          </ns3:TrackPointExtension>
        </extensions>
      </trkpt>
      <trkpt lat="43.8375039584934711456298828125" lon="87.5088586471974849700927734375">
        <ele>862.4000244140625</ele>
        <time>2026-08-06T13:10:47.000Z</time>
        <extensions>
          <ns3:TrackPointExtension>
            <ns3:hr>156</ns3:hr>
            <ns3:cad>0</ns3:cad>
          </ns3:TrackPointExtension>
        </extensions>
      </trkpt>
      <trkpt lat="43.8375039584934711456298828125" lon="87.508858479559421539306640625">
        <ele>862.4000244140625</ele>
        <time>2026-08-06T13:10:57.000Z</time>
        <extensions>
          <ns3:TrackPointExtension>
            <ns3:hr>153</ns3:hr>
            <ns3:cad>0</ns3:cad>
          </ns3:TrackPointExtension>
        </extensions>
      </trkpt>
      <trkpt lat="43.8375039584934711456298828125" lon="87.508858479559421539306640625">
        <ele>862.4000244140625</ele>
        <time>2026-08-06T13:11:00.000Z</time>
        <extensions>
          <ns3:TrackPointExtension>
            <ns3:hr>150</ns3:hr>
            <ns3:cad>0</ns3:cad>
          </ns3:TrackPointExtension>
        </extensions>
      </trkpt>
      <trkpt lat="43.8375039584934711456298828125" lon="87.508858479559421539306640625">
        <ele>862.4000244140625</ele>
        <time>2026-08-06T13:11:02.000Z</time>
        <extensions>
          <ns3:TrackPointExtension>
            <ns3:hr>147</ns3:hr>
            <ns3:cad>0</ns3:cad>
          </ns3:TrackPointExtension>
        </extensions>
      </trkpt>
      <trkpt lat="43.8375039584934711456298828125" lon="87.508858479559421539306640625">
        <ele>862.4000244140625</ele>
        <time>2026-08-06T13:11:04.000Z</time>
        <extensions>
          <ns3:TrackPointExtension>
            <ns3:hr>144</ns3:hr>
            <ns3:cad>0</ns3:cad>
          </ns3:TrackPointExtension>
        </extensions>
      </trkpt>
      <trkpt lat="43.8375036232173442840576171875" lon="87.508858479559421539306640625">
        <ele>862.4000244140625</ele>
        <time>2026-08-06T13:11:08.000Z</time>
        <extensions>
          <ns3:TrackPointExtension>
            <ns3:hr>141</ns3:hr>
            <ns3:cad>0</ns3:cad>
          </ns3:TrackPointExtension>
        </extensions>
      </trkpt>
      <trkpt lat="43.83750320412218570709228515625" lon="87.50885889865458011627197265625">
        <ele>862.4000244140625</ele>
        <time>2026-08-06T13:11:11.000Z</time>
        <extensions>
          <ns3:TrackPointExtension>
            <ns3:hr>138</ns3:hr>
            <ns3:cad>0</ns3:cad>
          </ns3:TrackPointExtension>
        </extensions>
      </trkpt>
      <trkpt lat="43.83750177919864654541015625" lon="87.50885906629264354705810546875">
        <ele>862.4000244140625</ele>
        <time>2026-08-06T13:11:13.000Z</time>
        <extensions>
          <ns3:TrackPointExtension>
            <ns3:hr>135</ns3:hr>
            <ns3:cad>0</ns3:cad>
          </ns3:TrackPointExtension>
        </extensions>
      </trkpt>
      <trkpt lat="43.83750085718929767608642578125" lon="87.50885906629264354705810546875">
        <ele>862.4000244140625</ele>
        <time>2026-08-06T13:11:15.000Z</time>
        <extensions>
          <ns3:TrackPointExtension>
            <ns3:hr>132</ns3:hr>
            <ns3:cad>0</ns3:cad>
          </ns3:TrackPointExtension>
        </extensions>
      </trkpt>
      <trkpt lat="43.83749582804739475250244140625" lon="87.50886007212102413177490234375">
        <ele>862.5999755859375</ele>
        <time>2026-08-06T13:11:20.000Z</time>
        <extensions>
          <ns3:TrackPointExtension>
            <ns3:hr>129</ns3:hr>
            <ns3:cad>0</ns3:cad>
          </ns3:TrackPointExtension>
        </extensions>
      </trkpt>
      <trkpt lat="43.83749297820031642913818359375" lon="87.50886124558746814727783203125">
        <ele>862.5999755859375</ele>
        <time>2026-08-06T13:11:27.000Z</time>
        <extensions>
          <ns3:TrackPointExtension>
            <ns3:hr>126</ns3:hr>
            <ns3:cad>0</ns3:cad>
          </ns3:TrackPointExtension>
        </extensions>
      </trkpt>
      <trkpt lat="43.83749105036258697509765625" lon="87.50886283814907073974609375">
        <ele>862.5999755859375</ele>
        <time>2026-08-06T13:11:35.000Z</time>
        <extensions>
          <ns3:TrackPointExtension>
            <ns3:hr>123</ns3:hr>
            <ns3:cad>0</ns3:cad>
          </ns3:TrackPointExtension>
        </extensions>
      </trkpt>
      <trkpt lat="43.837490379810333251953125" lon="87.50886275433003902435302734375">
        <ele>862.5999755859375</ele>
        <time>2026-08-06T13:11:47.000Z</time>
        <extensions>
          <ns3:TrackPointExtension>
            <ns3:hr>126</ns3:hr>
            <ns3:cad>0</ns3:cad>
          </ns3:TrackPointExtension>
        </extensions>
      </trkpt>
      <trkpt lat="43.8374246656894683837890625" lon="87.5088512711226940155029296875">
        <ele>863.5999755859375</ele>
        <time>2026-08-06T13:11:55.000Z</time>
        <extensions>
          <ns3:TrackPointExtension>
            <ns3:hr>127</ns3:hr>
            <ns3:cad>0</ns3:cad>
          </ns3:TrackPointExtension>
        </extensions>
      </trkpt>
      <trkpt lat="43.83728628046810626983642578125" lon="87.5087734870612621307373046875">
        <ele>864.5999755859375</ele>
        <time>2026-08-06T13:12:00.000Z</time>
        <extensions>
          <ns3:TrackPointExtension>
            <ns3:hr>130</ns3:hr>
            <ns3:cad>81</ns3:cad>
          </ns3:TrackPointExtension>
        </extensions>
      </trkpt>
      <trkpt lat="43.83723028935492038726806640625" lon="87.50874817371368408203125">
        <ele>865</ele>
        <time>2026-08-06T13:12:02.000Z</time>
        <extensions>
          <ns3:TrackPointExtension>
            <ns3:hr>133</ns3:hr>
            <ns3:cad>81</ns3:cad>
          </ns3:TrackPointExtension>
        </extensions>
      </trkpt>
      <trkpt lat="43.8371864520013332366943359375" lon="87.5087387859821319580078125">
        <ele>865.5999755859375</ele>
        <time>2026-08-06T13:12:04.000Z</time>
        <extensions>
          <ns3:TrackPointExtension>
            <ns3:hr>136</ns3:hr>
            <ns3:cad>81</ns3:cad>
          </ns3:TrackPointExtension>
        </extensions>
      </trkpt>
      <trkpt lat="43.83711478672921657562255859375" lon="87.50873937271535396575927734375">
        <ele>866.5999755859375</ele>
        <time>2026-08-06T13:12:07.000Z</time>
        <extensions>
          <ns3:TrackPointExtension>
            <ns3:hr>139</ns3:hr>
            <ns3:cad>81</ns3:cad>
          </ns3:TrackPointExtension>
        </extensions>
      </trkpt>
      <trkpt lat="43.8370442949235439300537109375" lon="87.50872478820383548736572265625">
        <ele>867.5999755859375</ele>
        <time>2026-08-06T13:12:10.000Z</time>
        <extensions>
          <ns3:TrackPointExtension>
            <ns3:hr>137</ns3:hr>
            <ns3:cad>81</ns3:cad>
          </ns3:TrackPointExtension>
        </extensions>
      </trkpt>
      <trkpt lat="43.83692921139299869537353515625" lon="87.5087087787687778472900390625">
        <ele>869.20001220703125</ele>
        <time>2026-08-06T13:12:15.000Z</time>
        <extensions>
          <ns3:TrackPointExtension>
            <ns3:hr>140</ns3:hr>
            <ns3:cad>81</ns3:cad>
          </ns3:TrackPointExtension>
        </extensions>
      </trkpt>
      <trkpt lat="43.8368729688227176666259765625" lon="87.50866971909999847412109375">
        <ele>869.4000244140625</ele>
        <time>2026-08-06T13:12:18.000Z</time>
        <extensions>
          <ns3:TrackPointExtension>
            <ns3:hr>142</ns3:hr>
            <ns3:cad>81</ns3:cad>
          </ns3:TrackPointExtension>
        </extensions>
      </trkpt>
      <trkpt lat="43.8367837853729724884033203125" lon="87.5086427293717861175537109375">
        <ele>869.4000244140625</ele>
        <time>2026-08-06T13:12:22.000Z</time>
        <extensions>
          <ns3:TrackPointExtension>
            <ns3:hr>145</ns3:hr>
            <ns3:cad>81</ns3:cad>
          </ns3:TrackPointExtension>
        </extensions>
      </trkpt>
      <trkpt lat="43.836686722934246063232421875" lon="87.50862286426126956939697265625">
        <ele>869.5999755859375</ele>
        <time>2026-08-06T13:12:26.000Z</time>
        <extensions>
          <ns3:TrackPointExtension>
            <ns3:hr>148</ns3:hr>
            <ns3:cad>82</ns3:cad>
          </ns3:TrackPointExtension>
        </extensions>
      </trkpt>
      <trkpt lat="43.8366654329001903533935546875" lon="87.50861951150000095367431640625">
        <ele>869.5999755859375</ele>
        <time>2026-08-06T13:12:27.000Z</time>
        <extensions>
          <ns3:TrackPointExtension>
            <ns3:hr>148</ns3:hr>
            <ns3:cad>82</ns3:cad>
          </ns3:TrackPointExtension>
        </extensions>
      </trkpt>
      <trkpt lat="43.8365135528147220611572265625" lon="87.50862135551869869232177734375">
        <ele>868.20001220703125</ele>
        <time>2026-08-06T13:12:32.000Z</time>
        <extensions>
          <ns3:TrackPointExtension>
            <ns3:hr>151</ns3:hr>
            <ns3:cad>82</ns3:cad>
          </ns3:TrackPointExtension>
        </extensions>
      </trkpt>
      <trkpt lat="43.8364501856267452239990234375" lon="87.50858522951602935791015625">
        <ele>867.4000244140625</ele>
        <time>2026-08-06T13:12:35.000Z</time>
        <extensions>
          <ns3:TrackPointExtension>
            <ns3:hr>152</ns3:hr>
            <ns3:cad>82</ns3:cad>
          </ns3:TrackPointExtension>
        </extensions>
      </trkpt>
      <trkpt lat="43.83632688783109188079833984375" lon="87.50857056118547916412353515625">
        <ele>867</ele>
        <time>2026-08-06T13:12:41.000Z</time>
        <extensions>
          <ns3:TrackPointExtension>
            <ns3:hr>155</ns3:hr>
            <ns3:cad>82</ns3:cad>
          </ns3:TrackPointExtension>
        </extensions>
      </trkpt>
      <trkpt lat="43.83627307601273059844970703125" lon="87.508585564792156219482421875">
        <ele>867</ele>
        <time>2026-08-06T13:12:46.000Z</time>
        <extensions>
          <ns3:TrackPointExtension>
            <ns3:hr>157</ns3:hr>
            <ns3:cad>0</ns3:cad>
          </ns3:TrackPointExtension>
        </extensions>
      </trkpt>
      <trkpt lat="43.836146928369998931884765625" lon="87.508613057434558868408203125">
        <ele>867</ele>
        <time>2026-08-06T13:12:55.000Z</time>
        <extensions>
          <ns3:TrackPointExtension>
            <ns3:hr>159</ns3:hr>
            <ns3:cad>56</ns3:cad>
          </ns3:TrackPointExtension>
        </extensions>
      </trkpt>
      <trkpt lat="43.83607358671724796295166015625" lon="87.50861146487295627593994140625">
        <ele>867.20001220703125</ele>
        <time>2026-08-06T13:12:59.000Z</time>
        <extensions>
          <ns3:TrackPointExtension>
            <ns3:hr>156</ns3:hr>
            <ns3:cad>82</ns3:cad>
          </ns3:TrackPointExtension>
        </extensions>
      </trkpt>
      <trkpt lat="43.83600217290222644805908203125" lon="87.50858883373439311981201171875">
        <ele>867.4000244140625</ele>
        <time>2026-08-06T13:13:03.000Z</time>
        <extensions>
          <ns3:TrackPointExtension>
            <ns3:hr>155</ns3:hr>
            <ns3:cad>82</ns3:cad>
          </ns3:TrackPointExtension>
        </extensions>
      </trkpt>
      <trkpt lat="43.83580603636801242828369140625" lon="87.50856352038681507110595703125">
        <ele>868.20001220703125</ele>
        <time>2026-08-06T13:13:10.000Z</time>
        <extensions>
          <ns3:TrackPointExtension>
            <ns3:hr>153</ns3:hr>
            <ns3:cad>81</ns3:cad>
          </ns3:TrackPointExtension>
        </extensions>
      </trkpt>
      <trkpt lat="43.8357145898044109344482421875" lon="87.50853963196277618408203125">
        <ele>868.4000244140625</ele>
        <time>2026-08-06T13:13:14.000Z</time>
        <extensions>
          <ns3:TrackPointExtension>
            <ns3:hr>154</ns3:hr>
            <ns3:cad>81</ns3:cad>
          </ns3:TrackPointExtension>
        </extensions>
      </trkpt>
      <trkpt lat="43.83552457205951213836669921875" lon="87.5085123069584369659423828125">
        <ele>869.20001220703125</ele>
        <time>2026-08-06T13:13:23.000Z</time>
        <extensions>
          <ns3:TrackPointExtension>
            <ns3:hr>153</ns3:hr>
            <ns3:cad>81</ns3:cad>
          </ns3:TrackPointExtension>
        </extensions>
      </trkpt>
      <trkpt lat="43.8354259170591831207275390625" lon="87.508512474596500396728515625">
        <ele>869.4000244140625</ele>
        <time>2026-08-06T13:13:30.000Z</time>
        <extensions>
          <ns3:TrackPointExtension>
            <ns3:hr>152</ns3:hr>
            <ns3:cad>0</ns3:cad>
          </ns3:TrackPointExtension>
        </extensions>
      </trkpt>
      <trkpt lat="43.8353568501770496368408203125" lon="87.50848196446895599365234375">
        <ele>869.79998779296875</ele>
        <time>2026-08-06T13:13:37.000Z</time>
        <extensions>
          <ns3:TrackPointExtension>
            <ns3:hr>154</ns3:hr>
            <ns3:cad>56</ns3:cad>
          </ns3:TrackPointExtension>
        </extensions>
      </trkpt>
      <trkpt lat="43.83519751019775867462158203125" lon="87.50850685872137546539306640625">
        <ele>871.4000244140625</ele>
        <time>2026-08-06T13:13:46.000Z</time>
        <extensions>
          <ns3:TrackPointExtension>
            <ns3:hr>157</ns3:hr>
            <ns3:cad>56</ns3:cad>
          </ns3:TrackPointExtension>
        </extensions>
      </trkpt>
      <trkpt lat="43.83516683243215084075927734375" lon="87.50850610435009002685546875">
        <ele>871.5999755859375</ele>
        <time>2026-08-06T13:13:47.000Z</time>
        <extensions>
          <ns3:TrackPointExtension>
            <ns3:hr>158</ns3:hr>
            <ns3:cad>56</ns3:cad>
          </ns3:TrackPointExtension>
        </extensions>
      </trkpt>
      <trkpt lat="43.83500757627189159393310546875" lon="87.5084992311894893646240234375">
        <ele>873.4000244140625</ele>
        <time>2026-08-06T13:13:54.000Z</time>
        <extensions>
          <ns3:TrackPointExtension>
            <ns3:hr>158</ns3:hr>
            <ns3:cad>80</ns3:cad>
          </ns3:TrackPointExtension>
        </extensions>
      </trkpt>
      <trkpt lat="43.83480724878609180450439453125" lon="87.5084740854799747467041015625">
        <ele>874.79998779296875</ele>
        <time>2026-08-06T13:14:03.000Z</time>
        <extensions>
          <ns3:TrackPointExtension>
            <ns3:hr>156</ns3:hr>
            <ns3:cad>80</ns3:cad>
          </ns3:TrackPointExtension>
        </extensions>
      </trkpt>
      <trkpt lat="43.83478763513267040252685546875" lon="87.50847081653773784637451171875">
        <ele>874.79998779296875</ele>
        <time>2026-08-06T13:14:04.000Z</time>
        <extensions>
          <ns3:TrackPointExtension>
            <ns3:hr>156</ns3:hr>
            <ns3:cad>80</ns3:cad>
          </ns3:TrackPointExtension>
        </extensions>
      </trkpt>
      <trkpt lat="43.83459166623651981353759765625" lon="87.50846318900585174560546875">
        <ele>875.20001220703125</ele>
        <time>2026-08-06T13:14:12.000Z</time>
        <extensions>
          <ns3:TrackPointExtension>
            <ns3:hr>156</ns3:hr>
            <ns3:cad>80</ns3:cad>
          </ns3:TrackPointExtension>
        </extensions>
      </trkpt>
      <trkpt lat="43.83444464765489101409912109375" lon="87.50843661837279796600341796875">
        <ele>875.20001220703125</ele>
        <time>2026-08-06T13:14:19.000Z</time>
        <extensions>
          <ns3:TrackPointExtension>
            <ns3:hr>153</ns3:hr>
            <ns3:cad>82</ns3:cad>
          </ns3:TrackPointExtension>
        </extensions>
      </trkpt>
      <trkpt lat="43.8344023190438747406005859375" lon="87.5084345228970050811767578125">
        <ele>875.20001220703125</ele>
        <time>2026-08-06T13:14:21.000Z</time>
        <extensions>
          <ns3:TrackPointExtension>
            <ns3:hr>153</ns3:hr>
            <ns3:cad>82</ns3:cad>
          </ns3:TrackPointExtension>
        </extensions>
      </trkpt>
      <trkpt lat="43.83433802984654903411865234375" lon="87.50841063447296619415283203125">
        <ele>875.20001220703125</ele>
        <time>2026-08-06T13:14:27.000Z</time>
        <extensions>
          <ns3:TrackPointExtension>
            <ns3:hr>152</ns3:hr>
            <ns3:cad>80</ns3:cad>
          </ns3:TrackPointExtension>
        </extensions>
      </trkpt>
      <trkpt lat="43.8341532088816165924072265625" lon="87.50843158923089504241943359375">
        <ele>875.4000244140625</ele>
        <time>2026-08-06T13:14:39.000Z</time>
        <extensions>
          <ns3:TrackPointExtension>
            <ns3:hr>152</ns3:hr>
            <ns3:cad>55</ns3:cad>
          </ns3:TrackPointExtension>
        </extensions>
      </trkpt>
      <trkpt lat="43.83408171124756336212158203125" lon="87.50842723064124584197998046875">
        <ele>876</ele>
        <time>2026-08-06T13:14:45.000Z</time>
        <extensions>
          <ns3:TrackPointExtension>
            <ns3:hr>149</ns3:hr>
            <ns3:cad>56</ns3:cad>
          </ns3:TrackPointExtension>
        </extensions>
      </trkpt>
      <trkpt lat="43.83404952473938465118408203125" lon="87.508420608937740325927734375">
        <ele>876.4000244140625</ele>
        <time>2026-08-06T13:14:47.000Z</time>
        <extensions>
          <ns3:TrackPointExtension>
            <ns3:hr>151</ns3:hr>
            <ns3:cad>56</ns3:cad>
          </ns3:TrackPointExtension>
        </extensions>
      </trkpt>
      <trkpt lat="43.83393066935241222381591796875" lon="87.50840895809233188629150390625">
        <ele>877.5999755859375</ele>
        <time>2026-08-06T13:14:54.000Z</time>
        <extensions>
          <ns3:TrackPointExtension>
            <ns3:hr>154</ns3:hr>
            <ns3:cad>60</ns3:cad>
          </ns3:TrackPointExtension>
        </extensions>
      </trkpt>
      <trkpt lat="43.83390351198613643646240234375" lon="87.5084006600081920623779296875">
        <ele>878</ele>
        <time>2026-08-06T13:14:56.000Z</time>
        <extensions>
          <ns3:TrackPointExtension>
            <ns3:hr>156</ns3:hr>
            <ns3:cad>0</ns3:cad>
          </ns3:TrackPointExtension>
        </extensions>
      </trkpt>
      <trkpt lat="43.833769820630550384521484375" lon="87.50833972357213497161865234375">
        <ele>879.4000244140625</ele>
        <time>2026-08-06T13:15:01.000Z</time>
        <extensions>
          <ns3:TrackPointExtension>
            <ns3:hr>158</ns3:hr>
            <ns3:cad>78</ns3:cad>
          </ns3:TrackPointExtension>
        </extensions>
      </trkpt>
      <trkpt lat="43.833576701581478118896484375" lon="87.50824400223791599273681640625">
        <ele>881.20001220703125</ele>
        <time>2026-08-06T13:15:08.000Z</time>
        <extensions>
          <ns3:TrackPointExtension>
            <ns3:hr>157</ns3:hr>
            <ns3:cad>81</ns3:cad>
          </ns3:TrackPointExtension>
        </extensions>
      </trkpt>
      <trkpt lat="43.83342909626662731170654296875" lon="87.508192621171474456787109375">
        <ele>881.4000244140625</ele>
        <time>2026-08-06T13:15:13.000Z</time>
        <extensions>
          <ns3:TrackPointExtension>
            <ns3:hr>160</ns3:hr>
            <ns3:cad>82</ns3:cad>
          </ns3:TrackPointExtension>
        </extensions>
      </trkpt>
      <trkpt lat="43.83338131941854953765869140625" lon="87.5081755220890045166015625">
        <ele>881.4000244140625</ele>
        <time>2026-08-06T13:15:15.000Z</time>
        <extensions>
          <ns3:TrackPointExtension>
            <ns3:hr>160</ns3:hr>
            <ns3:cad>82</ns3:cad>
          </ns3:TrackPointExtension>
        </extensions>
      </trkpt>
      <trkpt lat="43.83325290866196155548095703125" lon="87.50816546380519866943359375">
        <ele>881.5999755859375</ele>
        <time>2026-08-06T13:15:20.000Z</time>
        <extensions>
          <ns3:TrackPointExtension>
            <ns3:hr>163</ns3:hr>
            <ns3:cad>82</ns3:cad>
          </ns3:TrackPointExtension>
        </extensions>
      </trkpt>
      <trkpt lat="43.833145536482334136962890625" lon="87.50814274884760379791259765625">
        <ele>881.4000244140625</ele>
        <time>2026-08-06T13:15:24.000Z</time>
        <extensions>
          <ns3:TrackPointExtension>
            <ns3:hr>164</ns3:hr>
            <ns3:cad>82</ns3:cad>
          </ns3:TrackPointExtension>
        </extensions>
      </trkpt>
      <trkpt lat="43.832960464060306549072265625" lon="87.50810704194009304046630859375">
        <ele>881.79998779296875</ele>
        <time>2026-08-06T13:15:33.000Z</time>
        <extensions>
          <ns3:TrackPointExtension>
            <ns3:hr>165</ns3:hr>
            <ns3:cad>0</ns3:cad>
          </ns3:TrackPointExtension>
        </extensions>
      </trkpt>
      <trkpt lat="43.832916207611560821533203125" lon="87.508099079132080078125">
        <ele>882</ele>
        <time>2026-08-06T13:15:36.000Z</time>
        <extensions>
          <ns3:TrackPointExtension>
            <ns3:hr>166</ns3:hr>
            <ns3:cad>0</ns3:cad>
          </ns3:TrackPointExtension>
        </extensions>
      </trkpt>
      <trkpt lat="43.83286130614578723907470703125" lon="87.50807435251772403717041015625">
        <ele>882.20001220703125</ele>
        <time>2026-08-06T13:15:41.000Z</time>
        <extensions>
          <ns3:TrackPointExtension>
            <ns3:hr>164</ns3:hr>
            <ns3:cad>55</ns3:cad>
          </ns3:TrackPointExtension>
        </extensions>
      </trkpt>
      <trkpt lat="43.832820989191532135009765625" lon="87.50807016156613826751708984375">
        <ele>882.5999755859375</ele>
        <time>2026-08-06T13:15:46.000Z</time>
        <extensions>
          <ns3:TrackPointExtension>
            <ns3:hr>166</ns3:hr>
            <ns3:cad>56</ns3:cad>
          </ns3:TrackPointExtension>
        </extensions>
      </trkpt>
      <trkpt lat="43.83279492147266864776611328125" lon="87.50805943273007869720458984375">
        <ele>882.79998779296875</ele>
        <time>2026-08-06T13:15:48.000Z</time>
        <extensions>
          <ns3:TrackPointExtension>
            <ns3:hr>165</ns3:hr>
            <ns3:cad>55</ns3:cad>
          </ns3:TrackPointExtension>
        </extensions>
      </trkpt>
      <trkpt lat="43.83262845687568187713623046875" lon="87.5080509670078754425048828125">
        <ele>883.5999755859375</ele>
        <time>2026-08-06T13:15:57.000Z</time>
        <extensions>
          <ns3:TrackPointExtension>
            <ns3:hr>163</ns3:hr>
            <ns3:cad>78</ns3:cad>
          </ns3:TrackPointExtension>
        </extensions>
      </trkpt>
      <trkpt lat="43.83244807831943035125732421875" lon="87.5080680660903453826904296875">
        <ele>884.20001220703125</ele>
        <time>2026-08-06T13:16:04.000Z</time>
        <extensions>
          <ns3:TrackPointExtension>
            <ns3:hr>165</ns3:hr>
            <ns3:cad>81</ns3:cad>
          </ns3:TrackPointExtension>
        </extensions>
      </trkpt>
      <trkpt lat="43.832293264567852020263671875" lon="87.5080596841871738433837890625">
        <ele>884.79998779296875</ele>
        <time>2026-08-06T13:16:10.000Z</time>
        <extensions>
          <ns3:TrackPointExtension>
            <ns3:hr>168</ns3:hr>
            <ns3:cad>82</ns3:cad>
          </ns3:TrackPointExtension>
        </extensions>
      </trkpt>
      <trkpt lat="43.832250349223613739013671875" lon="87.508043758571147918701171875">
        <ele>884.79998779296875</ele>
        <time>2026-08-06T13:16:12.000Z</time>
        <extensions>
          <ns3:TrackPointExtension>
            <ns3:hr>168</ns3:hr>
            <ns3:cad>82</ns3:cad>
          </ns3:TrackPointExtension>
        </extensions>
      </trkpt>
      <trkpt lat="43.8321365229785442352294921875" lon="87.50803478993475437164306640625">
        <ele>885</ele>
        <time>2026-08-06T13:16:20.000Z</time>
        <extensions>
          <ns3:TrackPointExtension>
            <ns3:hr>168</ns3:hr>
            <ns3:cad>58</ns3:cad>
          </ns3:TrackPointExtension>
        </extensions>
      </trkpt>
      <trkpt lat="43.832105509936809539794921875" lon="87.5080305151641368865966796875">
        <ele>885</ele>
        <time>2026-08-06T13:16:23.000Z</time>
        <extensions>
          <ns3:TrackPointExtension>
            <ns3:hr>165</ns3:hr>
            <ns3:cad>56</ns3:cad>
          </ns3:TrackPointExtension>
        </extensions>
      </trkpt>
      <trkpt lat="43.83207256905734539031982421875" lon="87.508006878197193145751953125">
        <ele>885</ele>
        <time>2026-08-06T13:16:26.000Z</time>
        <extensions>
          <ns3:TrackPointExtension>
            <ns3:hr>162</ns3:hr>
            <ns3:cad>56</ns3:cad>
          </ns3:TrackPointExtension>
        </extensions>
      </trkpt>
      <trkpt lat="43.832061588764190673828125" lon="87.507990114390850067138671875">
        <ele>885</ele>
        <time>2026-08-06T13:16:28.000Z</time>
        <extensions>
          <ns3:TrackPointExtension>
            <ns3:hr>162</ns3:hr>
            <ns3:cad>56</ns3:cad>
          </ns3:TrackPointExtension>
        </extensions>
      </trkpt>
      <trkpt lat="43.8320054300129413604736328125" lon="87.50796304084360599517822265625">
        <ele>885</ele>
        <time>2026-08-06T13:16:32.000Z</time>
        <extensions>
          <ns3:TrackPointExtension>
            <ns3:hr>164</ns3:hr>
            <ns3:cad>56</ns3:cad>
          </ns3:TrackPointExtension>
        </extensions>
      </trkpt>
      <trkpt lat="43.831968717277050018310546875" lon="87.5079366378486156463623046875">
        <ele>885</ele>
        <time>2026-08-06T13:16:35.000Z</time>
        <extensions>
          <ns3:TrackPointExtension>
            <ns3:hr>165</ns3:hr>
            <ns3:cad>55</ns3:cad>
          </ns3:TrackPointExtension>
        </extensions>
      </trkpt>
      <trkpt lat="43.831941895186901092529296875" lon="87.5079165212810039520263671875">
        <ele>885</ele>
        <time>2026-08-06T13:16:37.000Z</time>
        <extensions>
          <ns3:TrackPointExtension>
            <ns3:hr>165</ns3:hr>
            <ns3:cad>56</ns3:cad>
          </ns3:TrackPointExtension>
        </extensions>
      </trkpt>
      <trkpt lat="43.8318797014653682708740234375" lon="87.5078836642205715179443359375">
        <ele>885.20001220703125</ele>
        <time>2026-08-06T13:16:41.000Z</time>
        <extensions>
          <ns3:TrackPointExtension>
            <ns3:hr>165</ns3:hr>
            <ns3:cad>0</ns3:cad>
          </ns3:TrackPointExtension>
        </extensions>
      </trkpt>
      <trkpt lat="43.83183427155017852783203125" lon="87.50782893039286136627197265625">
        <ele>885.4000244140625</ele>
        <time>2026-08-06T13:16:45.000Z</time>
        <extensions>
          <ns3:TrackPointExtension>
            <ns3:hr>162</ns3:hr>
            <ns3:cad>0</ns3:cad>
          </ns3:TrackPointExtension>
        </extensions>
      </trkpt>
      <trkpt lat="43.831819184124469757080078125" lon="87.50779892317950725555419921875">
        <ele>885.20001220703125</ele>
        <time>2026-08-06T13:16:47.000Z</time>
        <extensions>
          <ns3:TrackPointExtension>
            <ns3:hr>158</ns3:hr>
            <ns3:cad>57</ns3:cad>
          </ns3:TrackPointExtension>
        </extensions>
      </trkpt>
      <trkpt lat="43.831803090870380401611328125" lon="87.5077820755541324615478515625">
        <ele>885.20001220703125</ele>
        <time>2026-08-06T13:16:49.000Z</time>
        <extensions>
          <ns3:TrackPointExtension>
            <ns3:hr>156</ns3:hr>
            <ns3:cad>55</ns3:cad>
          </ns3:TrackPointExtension>
        </extensions>
      </trkpt>
      <trkpt lat="43.83178708143532276153564453125" lon="87.50777117908000946044921875">
        <ele>885.20001220703125</ele>
        <time>2026-08-06T13:16:51.000Z</time>
        <extensions>
          <ns3:TrackPointExtension>
            <ns3:hr>155</ns3:hr>
            <ns3:cad>55</ns3:cad>
          </ns3:TrackPointExtension>
        </extensions>
      </trkpt>
      <trkpt lat="43.83176042698323726654052734375" lon="87.50773790292441844940185546875">
        <ele>885</ele>
        <time>2026-08-06T13:16:55.000Z</time>
        <extensions>
          <ns3:TrackPointExtension>
            <ns3:hr>154</ns3:hr>
            <ns3:cad>55</ns3:cad>
          </ns3:TrackPointExtension>
        </extensions>
      </trkpt>
      <trkpt lat="43.831700496375560760498046875" lon="87.507653497159481048583984375">
        <ele>884.5999755859375</ele>
        <time>2026-08-06T13:17:01.000Z</time>
        <extensions>
          <ns3:TrackPointExtension>
            <ns3:hr>151</ns3:hr>
            <ns3:cad>55</ns3:cad>
          </ns3:TrackPointExtension>
        </extensions>
      </trkpt>
      <trkpt lat="43.8316902704536914825439453125" lon="87.507640086114406585693359375">
        <ele>884.5999755859375</ele>
        <time>2026-08-06T13:17:02.000Z</time>
        <extensions>
          <ns3:TrackPointExtension>
            <ns3:hr>150</ns3:hr>
            <ns3:cad>55</ns3:cad>
          </ns3:TrackPointExtension>
        </extensions>
      </trkpt>
      <trkpt lat="43.8316647894680500030517578125" lon="87.5075854361057281494140625">
        <ele>884.20001220703125</ele>
        <time>2026-08-06T13:17:05.000Z</time>
        <extensions>
          <ns3:TrackPointExtension>
            <ns3:hr>147</ns3:hr>
            <ns3:cad>54</ns3:cad>
          </ns3:TrackPointExtension>
        </extensions>
      </trkpt>
      <trkpt lat="43.83165657520294189453125" lon="87.507550232112407684326171875">
        <ele>884</ele>
        <time>2026-08-06T13:17:07.000Z</time>
        <extensions>
          <ns3:TrackPointExtension>
            <ns3:hr>146</ns3:hr>
            <ns3:cad>62</ns3:cad>
          </ns3:TrackPointExtension>
        </extensions>
      </trkpt>
      <trkpt lat="43.83158440701663494110107421875" lon="87.5073307938873767852783203125">
        <ele>885</ele>
        <time>2026-08-06T13:17:15.000Z</time>
        <extensions>
          <ns3:TrackPointExtension>
            <ns3:hr>144</ns3:hr>
            <ns3:cad>79</ns3:cad>
          </ns3:TrackPointExtension>
        </extensions>
      </trkpt>
      <trkpt lat="43.8314827345311641693115234375" lon="87.50712635926902294158935546875">
        <ele>887.20001220703125</ele>
        <time>2026-08-06T13:17:23.000Z</time>
        <extensions>
          <ns3:TrackPointExtension>
            <ns3:hr>147</ns3:hr>
            <ns3:cad>80</ns3:cad>
          </ns3:TrackPointExtension>
        </extensions>
      </trkpt>
      <trkpt lat="43.83147091604769229888916015625" lon="87.50707271508872509002685546875">
        <ele>887.79998779296875</ele>
        <time>2026-08-06T13:17:25.000Z</time>
        <extensions>
          <ns3:TrackPointExtension>
            <ns3:hr>149</ns3:hr>
            <ns3:cad>80</ns3:cad>
          </ns3:TrackPointExtension>
        </extensions>
      </trkpt>
      <trkpt lat="43.8314579240977764129638671875" lon="87.507034577429294586181640625">
        <ele>888.20001220703125</ele>
        <time>2026-08-06T13:17:27.000Z</time>
        <extensions>
          <ns3:TrackPointExtension>
            <ns3:hr>151</ns3:hr>
            <ns3:cad>80</ns3:cad>
          </ns3:TrackPointExtension>
        </extensions>
      </trkpt>
      <trkpt lat="43.8314460217952728271484375" lon="87.5069978646934032440185546875">
        <ele>888.4000244140625</ele>
        <time>2026-08-06T13:17:29.000Z</time>
        <extensions>
          <ns3:TrackPointExtension>
            <ns3:hr>153</ns3:hr>
            <ns3:cad>80</ns3:cad>
          </ns3:TrackPointExtension>
        </extensions>
      </trkpt>
      <trkpt lat="43.83143453858792781829833984375" lon="87.5069918297231197357177734375">
        <ele>888.5999755859375</ele>
        <time>2026-08-06T13:17:30.000Z</time>
        <extensions>
          <ns3:TrackPointExtension>
            <ns3:hr>154</ns3:hr>
            <ns3:cad>80</ns3:cad>
          </ns3:TrackPointExtension>
        </extensions>
      </trkpt>
      <trkpt lat="43.83137427270412445068359375" lon="87.5069298036396503448486328125">
        <ele>889.5999755859375</ele>
        <time>2026-08-06T13:17:37.000Z</time>
        <extensions>
          <ns3:TrackPointExtension>
            <ns3:hr>154</ns3:hr>
            <ns3:cad>56</ns3:cad>
          </ns3:TrackPointExtension>
        </extensions>
      </trkpt>
      <trkpt lat="43.83135977201163768768310546875" lon="87.5069147162139415740966796875">
        <ele>890</ele>
        <time>2026-08-06T13:17:38.000Z</time>
        <extensions>
          <ns3:TrackPointExtension>
            <ns3:hr>154</ns3:hr>
            <ns3:cad>56</ns3:cad>
          </ns3:TrackPointExtension>
        </extensions>
      </trkpt>
      <trkpt lat="43.83125935681164264678955078125" lon="87.50684355385601520538330078125">
        <ele>891.4000244140625</ele>
        <time>2026-08-06T13:17:46.000Z</time>
        <extensions>
          <ns3:TrackPointExtension>
            <ns3:hr>153</ns3:hr>
            <ns3:cad>56</ns3:cad>
          </ns3:TrackPointExtension>
        </extensions>
      </trkpt>
      <trkpt lat="43.83124359883368015289306640625" lon="87.50682570040225982666015625">
        <ele>891.79998779296875</ele>
        <time>2026-08-06T13:17:48.000Z</time>
        <extensions>
          <ns3:TrackPointExtension>
            <ns3:hr>150</ns3:hr>
            <ns3:cad>56</ns3:cad>
          </ns3:TrackPointExtension>
        </extensions>
      </trkpt>
      <trkpt lat="43.831162713468074798583984375" lon="87.506785802543163299560546875">
        <ele>892.79998779296875</ele>
        <time>2026-08-06T13:17:56.000Z</time>
        <extensions>
          <ns3:TrackPointExtension>
            <ns3:hr>147</ns3:hr>
            <ns3:cad>55</ns3:cad>
          </ns3:TrackPointExtension>
        </extensions>
      </trkpt>
      <trkpt lat="43.8311498053371906280517578125" lon="87.50677297823131084442138671875">
        <ele>893</ele>
        <time>2026-08-06T13:17:57.000Z</time>
        <extensions>
          <ns3:TrackPointExtension>
            <ns3:hr>147</ns3:hr>
            <ns3:cad>55</ns3:cad>
          </ns3:TrackPointExtension>
        </extensions>
      </trkpt>
      <trkpt lat="43.8310705125331878662109375" lon="87.5067034922540187835693359375">
        <ele>894</ele>
        <time>2026-08-06T13:18:01.000Z</time>
        <extensions>
          <ns3:TrackPointExtension>
            <ns3:hr>147</ns3:hr>
            <ns3:cad>78</ns3:cad>
          </ns3:TrackPointExtension>
        </extensions>
      </trkpt>
      <trkpt lat="43.83095291443169116973876953125" lon="87.50663031823933124542236328125">
        <ele>894.5999755859375</ele>
        <time>2026-08-06T13:18:07.000Z</time>
        <extensions>
          <ns3:TrackPointExtension>
            <ns3:hr>146</ns3:hr>
            <ns3:cad>80</ns3:cad>
          </ns3:TrackPointExtension>
        </extensions>
      </trkpt>
      <trkpt lat="43.8309503160417079925537109375" lon="87.50661606900393962860107421875">
        <ele>894.5999755859375</ele>
        <time>2026-08-06T13:18:08.000Z</time>
        <extensions>
          <ns3:TrackPointExtension>
            <ns3:hr>146</ns3:hr>
            <ns3:cad>80</ns3:cad>
          </ns3:TrackPointExtension>
        </extensions>
      </trkpt>
      <trkpt lat="43.8309439457952976226806640625" lon="87.50654968433082103729248046875">
        <ele>895.20001220703125</ele>
        <time>2026-08-06T13:18:11.000Z</time>
        <extensions>
          <ns3:TrackPointExtension>
            <ns3:hr>149</ns3:hr>
            <ns3:cad>74</ns3:cad>
          </ns3:TrackPointExtension>
        </extensions>
      </trkpt>
      <trkpt lat="43.83094050921499729156494140625" lon="87.50635455362498760223388671875">
        <ele>896</ele>
        <time>2026-08-06T13:18:17.000Z</time>
        <extensions>
          <ns3:TrackPointExtension>
            <ns3:hr>149</ns3:hr>
            <ns3:cad>78</ns3:cad>
          </ns3:TrackPointExtension>
        </extensions>
      </trkpt>
      <trkpt lat="43.8309570215642452239990234375" lon="87.50608297996222972869873046875">
        <ele>895.5999755859375</ele>
        <time>2026-08-06T13:18:25.000Z</time>
        <extensions>
          <ns3:TrackPointExtension>
            <ns3:hr>152</ns3:hr>
            <ns3:cad>79</ns3:cad>
          </ns3:TrackPointExtension>
        </extensions>
      </trkpt>
      <trkpt lat="43.83095425553619861602783203125" lon="87.5059253163635730743408203125">
        <ele>895.20001220703125</ele>
        <time>2026-08-06T13:18:30.000Z</time>
        <extensions>
          <ns3:TrackPointExtension>
            <ns3:hr>155</ns3:hr>
            <ns3:cad>81</ns3:cad>
          </ns3:TrackPointExtension>
        </extensions>
      </trkpt>
      <trkpt lat="43.8309469632804393768310546875" lon="87.50583873130381107330322265625">
        <ele>895.20001220703125</ele>
        <time>2026-08-06T13:18:33.000Z</time>
        <extensions>
          <ns3:TrackPointExtension>
            <ns3:hr>156</ns3:hr>
            <ns3:cad>80</ns3:cad>
          </ns3:TrackPointExtension>
        </extensions>
      </trkpt>
      <trkpt lat="43.83096582256257534027099609375" lon="87.50561811961233615875244140625">
        <ele>895</ele>
        <time>2026-08-06T13:18:40.000Z</time>
        <extensions>
          <ns3:TrackPointExtension>
            <ns3:hr>157</ns3:hr>
            <ns3:cad>81</ns3:cad>
          </ns3:TrackPointExtension>
        </extensions>
      </trkpt>
      <trkpt lat="43.830983005464076995849609375" lon="87.5054059736430644989013671875">
        <ele>894.79998779296875</ele>
        <time>2026-08-06T13:18:46.000Z</time>
        <extensions>
          <ns3:TrackPointExtension>
            <ns3:hr>161</ns3:hr>
            <ns3:cad>79</ns3:cad>
          </ns3:TrackPointExtension>
        </extensions>
      </trkpt>
      <trkpt lat="43.830997087061405181884765625" lon="87.5053417682647705078125">
        <ele>894.79998779296875</ele>
        <time>2026-08-06T13:18:48.000Z</time>
        <extensions>
          <ns3:TrackPointExtension>
            <ns3:hr>160</ns3:hr>
            <ns3:cad>79</ns3:cad>
          </ns3:TrackPointExtension>
        </extensions>
      </trkpt>
      <trkpt lat="43.83102399297058582305908203125" lon="87.50528418458998203277587890625">
        <ele>894.5999755859375</ele>
        <time>2026-08-06T13:18:52.000Z</time>
        <extensions>
          <ns3:TrackPointExtension>
            <ns3:hr>161</ns3:hr>
            <ns3:cad>78</ns3:cad>
          </ns3:TrackPointExtension>
        </extensions>
      </trkpt>
      <trkpt lat="43.8310686685144901275634765625" lon="87.5052510760724544525146484375">
        <ele>894.20001220703125</ele>
        <time>2026-08-06T13:18:56.000Z</time>
        <extensions>
          <ns3:TrackPointExtension>
            <ns3:hr>164</ns3:hr>
            <ns3:cad>0</ns3:cad>
          </ns3:TrackPointExtension>
        </extensions>
      </trkpt>
      <trkpt lat="43.831105045974254608154296875" lon="87.5052316300570964813232421875">
        <ele>894</ele>
        <time>2026-08-06T13:18:59.000Z</time>
        <extensions>
          <ns3:TrackPointExtension>
            <ns3:hr>165</ns3:hr>
            <ns3:cad>0</ns3:cad>
          </ns3:TrackPointExtension>
        </extensions>
      </trkpt>
      <trkpt lat="43.83119548670947551727294921875" lon="87.50519500114023685455322265625">
        <ele>893.4000244140625</ele>
        <time>2026-08-06T13:19:07.000Z</time>
        <extensions>
          <ns3:TrackPointExtension>
            <ns3:hr>163</ns3:hr>
            <ns3:cad>56</ns3:cad>
          </ns3:TrackPointExtension>
        </extensions>
      </trkpt>
      <trkpt lat="43.831288106739521026611328125" lon="87.5051593780517578125">
        <ele>892.4000244140625</ele>
        <time>2026-08-06T13:19:14.000Z</time>
        <extensions>
          <ns3:TrackPointExtension>
            <ns3:hr>166</ns3:hr>
            <ns3:cad>58</ns3:cad>
          </ns3:TrackPointExtension>
        </extensions>
      </trkpt>
      <trkpt lat="43.83133730851113796234130859375" lon="87.5051437877118587493896484375">
        <ele>891.79998779296875</ele>
        <time>2026-08-06T13:19:17.000Z</time>
        <extensions>
          <ns3:TrackPointExtension>
            <ns3:hr>167</ns3:hr>
            <ns3:cad>78</ns3:cad>
          </ns3:TrackPointExtension>
        </extensions>
      </trkpt>
      <trkpt lat="43.831466138362884521484375" lon="87.50511570833623409271240234375">
        <ele>891</ele>
        <time>2026-08-06T13:19:25.000Z</time>
        <extensions>
          <ns3:TrackPointExtension>
            <ns3:hr>168</ns3:hr>
            <ns3:cad>79</ns3:cad>
          </ns3:TrackPointExtension>
        </extensions>
      </trkpt>
      <trkpt lat="43.831659592688083648681640625" lon="87.50509123317897319793701171875">
        <ele>890.20001220703125</ele>
        <time>2026-08-06T13:19:34.000Z</time>
        <extensions>
          <ns3:TrackPointExtension>
            <ns3:hr>168</ns3:hr>
            <ns3:cad>77</ns3:cad>
          </ns3:TrackPointExtension>
        </extensions>
      </trkpt>
      <trkpt lat="43.83178557269275188446044921875" lon="87.50506172887980937957763671875">
        <ele>890</ele>
        <time>2026-08-06T13:19:40.000Z</time>
        <extensions>
          <ns3:TrackPointExtension>
            <ns3:hr>164</ns3:hr>
            <ns3:cad>78</ns3:cad>
          </ns3:TrackPointExtension>
        </extensions>
      </trkpt>
      <trkpt lat="43.8318297453224658966064453125" lon="87.50503859482705593109130859375">
        <ele>890</ele>
        <time>2026-08-06T13:19:42.000Z</time>
        <extensions>
          <ns3:TrackPointExtension>
            <ns3:hr>164</ns3:hr>
            <ns3:cad>79</ns3:cad>
          </ns3:TrackPointExtension>
        </extensions>
      </trkpt>
      <trkpt lat="43.8319172523915767669677734375" lon="87.505020238459110260009765625">
        <ele>890</ele>
        <time>2026-08-06T13:19:45.000Z</time>
        <extensions>
          <ns3:TrackPointExtension>
            <ns3:hr>161</ns3:hr>
            <ns3:cad>79</ns3:cad>
          </ns3:TrackPointExtension>
        </extensions>
      </trkpt>
      <trkpt lat="43.8319346867501735687255859375" lon="87.5050177238881587982177734375">
        <ele>890</ele>
        <time>2026-08-06T13:19:46.000Z</time>
        <extensions>
          <ns3:TrackPointExtension>
            <ns3:hr>158</ns3:hr>
            <ns3:cad>79</ns3:cad>
          </ns3:TrackPointExtension>
        </extensions>
      </trkpt>
      <trkpt lat="43.8319648616015911102294921875" lon="87.50501981936395168304443359375">
        <ele>889.79998779296875</ele>
        <time>2026-08-06T13:19:48.000Z</time>
        <extensions>
          <ns3:TrackPointExtension>
            <ns3:hr>155</ns3:hr>
            <ns3:cad>81</ns3:cad>
          </ns3:TrackPointExtension>
        </extensions>
      </trkpt>
      <trkpt lat="43.832010962069034576416015625" lon="87.505016885697841644287109375">
        <ele>889.4000244140625</ele>
        <time>2026-08-06T13:19:51.000Z</time>
        <extensions>
          <ns3:TrackPointExtension>
            <ns3:hr>155</ns3:hr>
            <ns3:cad>57</ns3:cad>
          </ns3:TrackPointExtension>
        </extensions>
      </trkpt>
      <trkpt lat="43.8321247883141040802001953125" lon="87.5049984455108642578125">
        <ele>888.5999755859375</ele>
        <time>2026-08-06T13:19:58.000Z</time>
        <extensions>
          <ns3:TrackPointExtension>
            <ns3:hr>152</ns3:hr>
            <ns3:cad>56</ns3:cad>
          </ns3:TrackPointExtension>
        </extensions>
      </trkpt>
      <trkpt lat="43.8321680389344692230224609375" lon="87.504986040294170379638671875">
        <ele>888.4000244140625</ele>
        <time>2026-08-06T13:20:01.000Z</time>
        <extensions>
          <ns3:TrackPointExtension>
            <ns3:hr>152</ns3:hr>
            <ns3:cad>56</ns3:cad>
          </ns3:TrackPointExtension>
        </extensions>
      </trkpt>
      <trkpt lat="43.83218237198889255523681640625" lon="87.50498377718031406402587890625">
        <ele>888.20001220703125</ele>
        <time>2026-08-06T13:20:02.000Z</time>
        <extensions>
          <ns3:TrackPointExtension>
            <ns3:hr>152</ns3:hr>
            <ns3:cad>56</ns3:cad>
          </ns3:TrackPointExtension>
        </extensions>
      </trkpt>
      <trkpt lat="43.83227993734180927276611328125" lon="87.5049670971930027008056640625">
        <ele>887.79998779296875</ele>
        <time>2026-08-06T13:20:07.000Z</time>
        <extensions>
          <ns3:TrackPointExtension>
            <ns3:hr>149</ns3:hr>
            <ns3:cad>57</ns3:cad>
          </ns3:TrackPointExtension>
        </extensions>
      </trkpt>
      <trkpt lat="43.83238605223596096038818359375" lon="87.504944466054439544677734375">
        <ele>887</ele>
        <time>2026-08-06T13:20:13.000Z</time>
        <extensions>
          <ns3:TrackPointExtension>
            <ns3:hr>146</ns3:hr>
            <ns3:cad>78</ns3:cad>
          </ns3:TrackPointExtension>
        </extensions>
      </trkpt>
      <trkpt lat="43.8324275426566600799560546875" lon="87.5049416162073612213134765625">
        <ele>886.5999755859375</ele>
        <time>2026-08-06T13:20:15.000Z</time>
        <extensions>
          <ns3:TrackPointExtension>
            <ns3:hr>144</ns3:hr>
            <ns3:cad>78</ns3:cad>
          </ns3:TrackPointExtension>
        </extensions>
      </trkpt>
      <trkpt lat="43.8325623236596584320068359375" lon="87.504894845187664031982421875">
        <ele>885.5999755859375</ele>
        <time>2026-08-06T13:20:23.000Z</time>
        <extensions>
          <ns3:TrackPointExtension>
            <ns3:hr>145</ns3:hr>
            <ns3:cad>76</ns3:cad>
          </ns3:TrackPointExtension>
        </extensions>
      </trkpt>
      <trkpt lat="43.8326664268970489501953125" lon="87.50489727593958377838134765625">
        <ele>885.5999755859375</ele>
        <time>2026-08-06T13:20:28.000Z</time>
        <extensions>
          <ns3:TrackPointExtension>
            <ns3:hr>148</ns3:hr>
            <ns3:cad>79</ns3:cad>
          </ns3:TrackPointExtension>
        </extensions>
      </trkpt>
      <trkpt lat="43.83268528617918491363525390625" lon="87.50489459373056888580322265625">
        <ele>885.5999755859375</ele>
        <time>2026-08-06T13:20:29.000Z</time>
        <extensions>
          <ns3:TrackPointExtension>
            <ns3:hr>149</ns3:hr>
            <ns3:cad>79</ns3:cad>
          </ns3:TrackPointExtension>
        </extensions>
      </trkpt>
      <trkpt lat="43.83285258896648883819580078125" lon="87.50485050491988658905029296875">
        <ele>885</ele>
        <time>2026-08-06T13:20:37.000Z</time>
        <extensions>
          <ns3:TrackPointExtension>
            <ns3:hr>149</ns3:hr>
            <ns3:cad>59</ns3:cad>
          </ns3:TrackPointExtension>
        </extensions>
      </trkpt>
      <trkpt lat="43.83289106190204620361328125" lon="87.50484891235828399658203125">
        <ele>885</ele>
        <time>2026-08-06T13:20:40.000Z</time>
        <extensions>
          <ns3:TrackPointExtension>
            <ns3:hr>152</ns3:hr>
            <ns3:cad>59</ns3:cad>
          </ns3:TrackPointExtension>
        </extensions>
      </trkpt>
      <trkpt lat="43.83293892256915569305419921875" lon="87.504840195178985595703125">
        <ele>885</ele>
        <time>2026-08-06T13:20:44.000Z</time>
        <extensions>
          <ns3:TrackPointExtension>
            <ns3:hr>154</ns3:hr>
            <ns3:cad>54</ns3:cad>
          </ns3:TrackPointExtension>
        </extensions>
      </trkpt>
      <trkpt lat="43.8330219872295856475830078125" lon="87.5048356689512729644775390625">
        <ele>885</ele>
        <time>2026-08-06T13:20:48.000Z</time>
        <extensions>
          <ns3:TrackPointExtension>
            <ns3:hr>151</ns3:hr>
            <ns3:cad>54</ns3:cad>
          </ns3:TrackPointExtension>
        </extensions>
      </trkpt>
      <trkpt lat="43.8330789841711521148681640625" lon="87.50481597147881984710693359375">
        <ele>885.20001220703125</ele>
        <time>2026-08-06T13:20:52.000Z</time>
        <extensions>
          <ns3:TrackPointExtension>
            <ns3:hr>149</ns3:hr>
            <ns3:cad>55</ns3:cad>
          </ns3:TrackPointExtension>
        </extensions>
      </trkpt>
      <trkpt lat="43.8331651501357555389404296875" lon="87.5047823600471019744873046875">
        <ele>885.4000244140625</ele>
        <time>2026-08-06T13:20:58.000Z</time>
        <extensions>
          <ns3:TrackPointExtension>
            <ns3:hr>146</ns3:hr>
            <ns3:cad>56</ns3:cad>
          </ns3:TrackPointExtension>
        </extensions>
      </trkpt>
      <trkpt lat="43.83321569301187992095947265625" lon="87.5047813542187213897705078125">
        <ele>885.5999755859375</ele>
        <time>2026-08-06T13:21:00.000Z</time>
        <extensions>
          <ns3:TrackPointExtension>
            <ns3:hr>144</ns3:hr>
            <ns3:cad>0</ns3:cad>
          </ns3:TrackPointExtension>
        </extensions>
      </trkpt>
      <trkpt lat="43.83337461389601230621337890625" lon="87.50473349355161190032958984375">
        <ele>885.5999755859375</ele>
        <time>2026-08-06T13:21:08.000Z</time>
        <extensions>
          <ns3:TrackPointExtension>
            <ns3:hr>145</ns3:hr>
            <ns3:cad>80</ns3:cad>
          </ns3:TrackPointExtension>
        </extensions>
      </trkpt>
      <trkpt lat="43.83355624973773956298828125" lon="87.50472242943942546844482421875">
        <ele>884.20001220703125</ele>
        <time>2026-08-06T13:21:15.000Z</time>
        <extensions>
          <ns3:TrackPointExtension>
            <ns3:hr>143</ns3:hr>
            <ns3:cad>80</ns3:cad>
          </ns3:TrackPointExtension>
        </extensions>
      </trkpt>
      <trkpt lat="43.83360997773706912994384765625" lon="87.50474162399768829345703125">
        <ele>884</ele>
        <time>2026-08-06T13:21:17.000Z</time>
        <extensions>
          <ns3:TrackPointExtension>
            <ns3:hr>143</ns3:hr>
            <ns3:cad>79</ns3:cad>
          </ns3:TrackPointExtension>
        </extensions>
      </trkpt>
      <trkpt lat="43.83372296579182147979736328125" lon="87.504941783845424652099609375">
        <ele>884</ele>
        <time>2026-08-06T13:21:24.000Z</time>
        <extensions>
          <ns3:TrackPointExtension>
            <ns3:hr>143</ns3:hr>
            <ns3:cad>79</ns3:cad>
          </ns3:TrackPointExtension>
        </extensions>
      </trkpt>
      <trkpt lat="43.8337532244622707366943359375" lon="87.5051491521298885345458984375">
        <ele>884</ele>
        <time>2026-08-06T13:21:31.000Z</time>
        <extensions>
          <ns3:TrackPointExtension>
            <ns3:hr>144</ns3:hr>
            <ns3:cad>79</ns3:cad>
          </ns3:TrackPointExtension>
        </extensions>
      </trkpt>
      <trkpt lat="43.83374995552003383636474609375" lon="87.50525518320500850677490234375">
        <ele>884.20001220703125</ele>
        <time>2026-08-06T13:21:37.000Z</time>
        <extensions>
          <ns3:TrackPointExtension>
            <ns3:hr>147</ns3:hr>
            <ns3:cad>53</ns3:cad>
          </ns3:TrackPointExtension>
        </extensions>
      </trkpt>
      <trkpt lat="43.8337585888803005218505859375" lon="87.50531829893589019775390625">
        <ele>884.4000244140625</ele>
        <time>2026-08-06T13:21:40.000Z</time>
        <extensions>
          <ns3:TrackPointExtension>
            <ns3:hr>147</ns3:hr>
            <ns3:cad>53</ns3:cad>
          </ns3:TrackPointExtension>
        </extensions>
      </trkpt>
      <trkpt lat="43.833755739033222198486328125" lon="87.5053711049258708953857421875">
        <ele>884.4000244140625</ele>
        <time>2026-08-06T13:21:43.000Z</time>
        <extensions>
          <ns3:TrackPointExtension>
            <ns3:hr>146</ns3:hr>
            <ns3:cad>0</ns3:cad>
          </ns3:TrackPointExtension>
        </extensions>
      </trkpt>
      <trkpt lat="43.83375967852771282196044921875" lon="87.50553329475224018096923828125">
        <ele>884.5999755859375</ele>
        <time>2026-08-06T13:21:49.000Z</time>
        <extensions>
          <ns3:TrackPointExtension>
            <ns3:hr>143</ns3:hr>
            <ns3:cad>0</ns3:cad>
          </ns3:TrackPointExtension>
        </extensions>
      </trkpt>
      <trkpt lat="43.8337622769176959991455078125" lon="87.5055662356317043304443359375">
        <ele>884.79998779296875</ele>
        <time>2026-08-06T13:21:50.000Z</time>
        <extensions>
          <ns3:TrackPointExtension>
            <ns3:hr>143</ns3:hr>
            <ns3:cad>78</ns3:cad>
          </ns3:TrackPointExtension>
        </extensions>
      </trkpt>
      <trkpt lat="43.83376470766961574554443359375" lon="87.5056393258273601531982421875">
        <ele>884.79998779296875</ele>
        <time>2026-08-06T13:21:52.000Z</time>
        <extensions>
          <ns3:TrackPointExtension>
            <ns3:hr>140</ns3:hr>
            <ns3:cad>80</ns3:cad>
          </ns3:TrackPointExtension>
        </extensions>
      </trkpt>
      <trkpt lat="43.8337512128055095672607421875" lon="87.5057347118854522705078125">
        <ele>885</ele>
        <time>2026-08-06T13:21:55.000Z</time>
        <extensions>
          <ns3:TrackPointExtension>
            <ns3:hr>139</ns3:hr>
            <ns3:cad>81</ns3:cad>
          </ns3:TrackPointExtension>
        </extensions>
      </trkpt>
      <trkpt lat="43.83373050950467586517333984375" lon="87.50597921200096607208251953125">
        <ele>885.4000244140625</ele>
        <time>2026-08-06T13:22:02.000Z</time>
        <extensions>
          <ns3:TrackPointExtension>
            <ns3:hr>139</ns3:hr>
            <ns3:cad>82</ns3:cad>
          </ns3:TrackPointExtension>
        </extensions>
      </trkpt>
      <trkpt lat="43.83373285643756389617919921875" lon="87.506097145378589630126953125">
        <ele>885.79998779296875</ele>
        <time>2026-08-06T13:22:05.000Z</time>
        <extensions>
          <ns3:TrackPointExtension>
            <ns3:hr>143</ns3:hr>
            <ns3:cad>82</ns3:cad>
          </ns3:TrackPointExtension>
        </extensions>
      </trkpt>
      <trkpt lat="43.833736293017864227294921875" lon="87.50619479455053806304931640625">
        <ele>886.20001220703125</ele>
        <time>2026-08-06T13:22:08.000Z</time>
        <extensions>
          <ns3:TrackPointExtension>
            <ns3:hr>145</ns3:hr>
            <ns3:cad>81</ns3:cad>
          </ns3:TrackPointExtension>
        </extensions>
      </trkpt>
      <trkpt lat="43.833740986883640289306640625" lon="87.5063014961779117584228515625">
        <ele>886.5999755859375</ele>
        <time>2026-08-06T13:22:13.000Z</time>
        <extensions>
          <ns3:TrackPointExtension>
            <ns3:hr>148</ns3:hr>
            <ns3:cad>57</ns3:cad>
          </ns3:TrackPointExtension>
        </extensions>
      </trkpt>
      <trkpt lat="43.83374040015041828155517578125" lon="87.50631616450846195220947265625">
        <ele>886.5999755859375</ele>
        <time>2026-08-06T13:22:14.000Z</time>
        <extensions>
          <ns3:TrackPointExtension>
            <ns3:hr>148</ns3:hr>
            <ns3:cad>57</ns3:cad>
          </ns3:TrackPointExtension>
        </extensions>
      </trkpt>
      <trkpt lat="43.83375079371035099029541015625" lon="87.50635690055787563323974609375">
        <ele>886.4000244140625</ele>
        <time>2026-08-06T13:22:16.000Z</time>
        <extensions>
          <ns3:TrackPointExtension>
            <ns3:hr>149</ns3:hr>
            <ns3:cad>57</ns3:cad>
          </ns3:TrackPointExtension>
        </extensions>
      </trkpt>
      <trkpt lat="43.833759762346744537353515625" lon="87.50639277510344982147216796875">
        <ele>886.4000244140625</ele>
        <time>2026-08-06T13:22:18.000Z</time>
        <extensions>
          <ns3:TrackPointExtension>
            <ns3:hr>150</ns3:hr>
            <ns3:cad>57</ns3:cad>
          </ns3:TrackPointExtension>
        </extensions>
      </trkpt>
      <trkpt lat="43.83376940153539180755615234375" lon="87.50653124414384365081787109375">
        <ele>886.79998779296875</ele>
        <time>2026-08-06T13:22:25.000Z</time>
        <extensions>
          <ns3:TrackPointExtension>
            <ns3:hr>149</ns3:hr>
            <ns3:cad>0</ns3:cad>
          </ns3:TrackPointExtension>
        </extensions>
      </trkpt>
      <trkpt lat="43.8337763585150241851806640625" lon="87.5066334195435047149658203125">
        <ele>887.20001220703125</ele>
        <time>2026-08-06T13:22:28.000Z</time>
        <extensions>
          <ns3:TrackPointExtension>
            <ns3:hr>146</ns3:hr>
            <ns3:cad>0</ns3:cad>
          </ns3:TrackPointExtension>
        </extensions>
      </trkpt>
      <trkpt lat="43.8337756879627704620361328125" lon="87.50671304762363433837890625">
        <ele>887.4000244140625</ele>
        <time>2026-08-06T13:22:31.000Z</time>
        <extensions>
          <ns3:TrackPointExtension>
            <ns3:hr>143</ns3:hr>
            <ns3:cad>78</ns3:cad>
          </ns3:TrackPointExtension>
        </extensions>
      </trkpt>
      <trkpt lat="43.83377619087696075439453125" lon="87.50681941397488117218017578125">
        <ele>887.79998779296875</ele>
        <time>2026-08-06T13:22:34.000Z</time>
        <extensions>
          <ns3:TrackPointExtension>
            <ns3:hr>141</ns3:hr>
            <ns3:cad>79</ns3:cad>
          </ns3:TrackPointExtension>
        </extensions>
      </trkpt>
      <trkpt lat="43.83377459831535816192626953125" lon="87.5069643370807170867919921875">
        <ele>887.5999755859375</ele>
        <time>2026-08-06T13:22:39.000Z</time>
        <extensions>
          <ns3:TrackPointExtension>
            <ns3:hr>138</ns3:hr>
            <ns3:cad>80</ns3:cad>
          </ns3:TrackPointExtension>
        </extensions>
      </trkpt>
      <trkpt lat="43.8337740115821361541748046875" lon="87.507050670683383941650390625">
        <ele>887</ele>
        <time>2026-08-06T13:22:42.000Z</time>
        <extensions>
          <ns3:TrackPointExtension>
            <ns3:hr>135</ns3:hr>
            <ns3:cad>81</ns3:cad>
          </ns3:TrackPointExtension>
        </extensions>
      </trkpt>
      <trkpt lat="43.83377325721085071563720703125" lon="87.50708126462996006011962890625">
        <ele>886.5999755859375</ele>
        <time>2026-08-06T13:22:43.000Z</time>
        <extensions>
          <ns3:TrackPointExtension>
            <ns3:hr>134</ns3:hr>
            <ns3:cad>81</ns3:cad>
          </ns3:TrackPointExtension>
        </extensions>
      </trkpt>
      <trkpt lat="43.83376386947929859161376953125" lon="87.50725359655916690826416015625">
        <ele>885</ele>
        <time>2026-08-06T13:22:49.000Z</time>
        <extensions>
          <ns3:TrackPointExtension>
            <ns3:hr>137</ns3:hr>
            <ns3:cad>80</ns3:cad>
          </ns3:TrackPointExtension>
        </extensions>
      </trkpt>
      <trkpt lat="43.83376269601285457611083984375" lon="87.5073240883648395538330078125">
        <ele>884.4000244140625</ele>
        <time>2026-08-06T13:22:51.000Z</time>
        <extensions>
          <ns3:TrackPointExtension>
            <ns3:hr>139</ns3:hr>
            <ns3:cad>81</ns3:cad>
          </ns3:TrackPointExtension>
        </extensions>
      </trkpt>
      <trkpt lat="43.8337656296789646148681640625" lon="87.507491223514080047607421875">
        <ele>882.5999755859375</ele>
        <time>2026-08-06T13:22:57.000Z</time>
        <extensions>
          <ns3:TrackPointExtension>
            <ns3:hr>142</ns3:hr>
            <ns3:cad>80</ns3:cad>
          </ns3:TrackPointExtension>
        </extensions>
      </trkpt>
      <trkpt lat="43.8337647914886474609375" lon="87.50750698149204254150390625">
        <ele>882.4000244140625</ele>
        <time>2026-08-06T13:22:58.000Z</time>
        <extensions>
          <ns3:TrackPointExtension>
            <ns3:hr>142</ns3:hr>
            <ns3:cad>79</ns3:cad>
          </ns3:TrackPointExtension>
        </extensions>
      </trkpt>
      <trkpt lat="43.83376336656510829925537109375" lon="87.50754914246499538421630859375">
        <ele>882</ele>
        <time>2026-08-06T13:23:00.000Z</time>
        <extensions>
          <ns3:TrackPointExtension>
            <ns3:hr>142</ns3:hr>
            <ns3:cad>79</ns3:cad>
          </ns3:TrackPointExtension>
        </extensions>
      </trkpt>
      <trkpt lat="43.833759091794490814208984375" lon="87.50759339891374111175537109375">
        <ele>881.4000244140625</ele>
        <time>2026-08-06T13:23:02.000Z</time>
        <extensions>
          <ns3:TrackPointExtension>
            <ns3:hr>144</ns3:hr>
            <ns3:cad>79</ns3:cad>
          </ns3:TrackPointExtension>
        </extensions>
      </trkpt>
      <trkpt lat="43.8337656296789646148681640625" lon="87.50762927345931529998779296875">
        <ele>881</ele>
        <time>2026-08-06T13:23:04.000Z</time>
        <extensions>
          <ns3:TrackPointExtension>
            <ns3:hr>146</ns3:hr>
            <ns3:cad>55</ns3:cad>
          </ns3:TrackPointExtension>
        </extensions>
      </trkpt>
      <trkpt lat="43.833765126764774322509765625" lon="87.50765374861657619476318359375">
        <ele>880.79998779296875</ele>
        <time>2026-08-06T13:23:05.000Z</time>
        <extensions>
          <ns3:TrackPointExtension>
            <ns3:hr>147</ns3:hr>
            <ns3:cad>55</ns3:cad>
          </ns3:TrackPointExtension>
        </extensions>
      </trkpt>
      <trkpt lat="43.83376554585993289947509765625" lon="87.50768928788602352142333984375">
        <ele>880.4000244140625</ele>
        <time>2026-08-06T13:23:07.000Z</time>
        <extensions>
          <ns3:TrackPointExtension>
            <ns3:hr>148</ns3:hr>
            <ns3:cad>55</ns3:cad>
          </ns3:TrackPointExtension>
        </extensions>
      </trkpt>
      <trkpt lat="43.8337647914886474609375" lon="87.507730610668659210205078125">
        <ele>880</ele>
        <time>2026-08-06T13:23:09.000Z</time>
        <extensions>
          <ns3:TrackPointExtension>
            <ns3:hr>148</ns3:hr>
            <ns3:cad>56</ns3:cad>
          </ns3:TrackPointExtension>
        </extensions>
      </trkpt>
      <trkpt lat="43.83378264494240283966064453125" lon="87.50783261843025684356689453125">
        <ele>879</ele>
        <time>2026-08-06T13:23:14.000Z</time>
        <extensions>
          <ns3:TrackPointExtension>
            <ns3:hr>145</ns3:hr>
            <ns3:cad>56</ns3:cad>
          </ns3:TrackPointExtension>
        </extensions>
      </trkpt>
      <trkpt lat="43.8337820582091808319091796875" lon="87.50788324512541294097900390625">
        <ele>878.5999755859375</ele>
        <time>2026-08-06T13:23:17.000Z</time>
        <extensions>
          <ns3:TrackPointExtension>
            <ns3:hr>142</ns3:hr>
            <ns3:cad>56</ns3:cad>
          </ns3:TrackPointExtension>
        </extensions>
      </trkpt>
      <trkpt lat="43.83377929218113422393798828125" lon="87.5079059600830078125">
        <ele>878.4000244140625</ele>
        <time>2026-08-06T13:23:18.000Z</time>
        <extensions>
          <ns3:TrackPointExtension>
            <ns3:hr>141</ns3:hr>
            <ns3:cad>56</ns3:cad>
          </ns3:TrackPointExtension>
        </extensions>
      </trkpt>
      <trkpt lat="43.833761774003505706787109375" lon="87.5080038607120513916015625">
        <ele>878</ele>
        <time>2026-08-06T13:23:22.000Z</time>
        <extensions>
          <ns3:TrackPointExtension>
            <ns3:hr>138</ns3:hr>
            <ns3:cad>56</ns3:cad>
          </ns3:TrackPointExtension>
        </extensions>
      </trkpt>
      <trkpt lat="43.83375473320484161376953125" lon="87.50806312076747417449951171875">
        <ele>878.4000244140625</ele>
        <time>2026-08-06T13:23:25.000Z</time>
        <extensions>
          <ns3:TrackPointExtension>
            <ns3:hr>135</ns3:hr>
            <ns3:cad>58</ns3:cad>
          </ns3:TrackPointExtension>
        </extensions>
      </trkpt>
      <trkpt lat="43.83376412093639373779296875" lon="87.50808642245829105377197265625">
        <ele>878.20001220703125</ele>
        <time>2026-08-06T13:23:26.000Z</time>
        <extensions>
          <ns3:TrackPointExtension>
            <ns3:hr>135</ns3:hr>
            <ns3:cad>58</ns3:cad>
          </ns3:TrackPointExtension>
        </extensions>
      </trkpt>
      <trkpt lat="43.8337840698659420013427734375" lon="87.5081260688602924346923828125">
        <ele>878.20001220703125</ele>
        <time>2026-08-06T13:23:28.000Z</time>
        <extensions>
          <ns3:TrackPointExtension>
            <ns3:hr>134</ns3:hr>
            <ns3:cad>58</ns3:cad>
          </ns3:TrackPointExtension>
        </extensions>
      </trkpt>
      <trkpt lat="43.8337984867393970489501953125" lon="87.508187927305698394775390625">
        <ele>878.20001220703125</ele>
        <time>2026-08-06T13:23:30.000Z</time>
        <extensions>
          <ns3:TrackPointExtension>
            <ns3:hr>133</ns3:hr>
            <ns3:cad>58</ns3:cad>
          </ns3:TrackPointExtension>
        </extensions>
      </trkpt>
      <trkpt lat="43.83378968574106693267822265625" lon="87.508224807679653167724609375">
        <ele>878.5999755859375</ele>
        <time>2026-08-06T13:23:31.000Z</time>
        <extensions>
          <ns3:TrackPointExtension>
            <ns3:hr>133</ns3:hr>
            <ns3:cad>79</ns3:cad>
          </ns3:TrackPointExtension>
        </extensions>
      </trkpt>
      <trkpt lat="43.83376169018447399139404296875" lon="87.50841750763356685638427734375">
        <ele>880</ele>
        <time>2026-08-06T13:23:36.000Z</time>
        <extensions>
          <ns3:TrackPointExtension>
            <ns3:hr>131</ns3:hr>
            <ns3:cad>80</ns3:cad>
          </ns3:TrackPointExtension>
        </extensions>
      </trkpt>
      <trkpt lat="43.8337549008429050445556640625" lon="87.50849562697112560272216796875">
        <ele>880.4000244140625</ele>
        <time>2026-08-06T13:23:39.000Z</time>
        <extensions>
          <ns3:TrackPointExtension>
            <ns3:hr>134</ns3:hr>
            <ns3:cad>81</ns3:cad>
          </ns3:TrackPointExtension>
        </extensions>
      </trkpt>
      <trkpt lat="43.83375112898647785186767578125" lon="87.50861280597746372222900390625">
        <ele>880.79998779296875</ele>
        <time>2026-08-06T13:23:42.000Z</time>
        <extensions>
          <ns3:TrackPointExtension>
            <ns3:hr>137</ns3:hr>
            <ns3:cad>79</ns3:cad>
          </ns3:TrackPointExtension>
        </extensions>
      </trkpt>
      <trkpt lat="43.83374475874006748199462890625" lon="87.5087399594485759735107421875">
        <ele>881.4000244140625</ele>
        <time>2026-08-06T13:23:46.000Z</time>
        <extensions>
          <ns3:TrackPointExtension>
            <ns3:hr>138</ns3:hr>
            <ns3:cad>80</ns3:cad>
          </ns3:TrackPointExtension>
        </extensions>
      </trkpt>
      <trkpt lat="43.83373755030333995819091796875" lon="87.50875663943588733673095703125">
        <ele>881.5999755859375</ele>
        <time>2026-08-06T13:23:48.000Z</time>
        <extensions>
          <ns3:TrackPointExtension>
            <ns3:hr>139</ns3:hr>
            <ns3:cad>74</ns3:cad>
          </ns3:TrackPointExtension>
        </extensions>
      </trkpt>
      <trkpt lat="43.83374459110200405120849609375" lon="87.5087751634418964385986328125">
        <ele>881.5999755859375</ele>
        <time>2026-08-06T13:23:53.000Z</time>
        <extensions>
          <ns3:TrackPointExtension>
            <ns3:hr>142</ns3:hr>
            <ns3:cad>74</ns3:cad>
          </ns3:TrackPointExtension>
        </extensions>
      </trkpt>
      <trkpt lat="43.8337421603500843048095703125" lon="87.508770637214183807373046875">
        <ele>881.5999755859375</ele>
        <time>2026-08-06T13:23:54.000Z</time>
        <extensions>
          <ns3:TrackPointExtension>
            <ns3:hr>142</ns3:hr>
            <ns3:cad>74</ns3:cad>
          </ns3:TrackPointExtension>
        </extensions>
      </trkpt>
      <trkpt lat="43.83373972959816455841064453125" lon="87.50876761972904205322265625">
        <ele>881.5999755859375</ele>
        <time>2026-08-06T13:23:58.000Z</time>
        <extensions>
          <ns3:TrackPointExtension>
            <ns3:hr>139</ns3:hr>
            <ns3:cad>0</ns3:cad>
          </ns3:TrackPointExtension>
        </extensions>
      </trkpt>
      <trkpt lat="43.83373620919883251190185546875" lon="87.50876636244356632232666015625">
        <ele>881.5999755859375</ele>
        <time>2026-08-06T13:24:00.000Z</time>
        <extensions>
          <ns3:TrackPointExtension>
            <ns3:hr>137</ns3:hr>
            <ns3:cad>0</ns3:cad>
          </ns3:TrackPointExtension>
        </extensions>
      </trkpt>
      <trkpt lat="43.833828829228878021240234375" lon="87.50875554978847503662109375">
        <ele>880.20001220703125</ele>
        <time>2026-08-06T13:24:05.000Z</time>
        <extensions>
          <ns3:TrackPointExtension>
            <ns3:hr>137</ns3:hr>
            <ns3:cad>78</ns3:cad>
          </ns3:TrackPointExtension>
        </extensions>
      </trkpt>
      <trkpt lat="43.83395631797611713409423828125" lon="87.50876518897712230682373046875">
        <ele>879.20001220703125</ele>
        <time>2026-08-06T13:24:10.000Z</time>
        <extensions>
          <ns3:TrackPointExtension>
            <ns3:hr>140</ns3:hr>
            <ns3:cad>82</ns3:cad>
          </ns3:TrackPointExtension>
        </extensions>
      </trkpt>
      <trkpt lat="43.8340080343186855316162109375" lon="87.50877440907061100006103515625">
        <ele>879</ele>
        <time>2026-08-06T13:24:12.000Z</time>
        <extensions>
          <ns3:TrackPointExtension>
            <ns3:hr>143</ns3:hr>
            <ns3:cad>82</ns3:cad>
          </ns3:TrackPointExtension>
        </extensions>
      </trkpt>
      <trkpt lat="43.8341330923140048980712890625" lon="87.5088425539433956146240234375">
        <ele>878.4000244140625</ele>
        <time>2026-08-06T13:24:18.000Z</time>
        <extensions>
          <ns3:TrackPointExtension>
            <ns3:hr>146</ns3:hr>
            <ns3:cad>80</ns3:cad>
          </ns3:TrackPointExtension>
        </extensions>
      </trkpt>
      <trkpt lat="43.8341535441577434539794921875" lon="87.5088583119213581085205078125">
        <ele>878.4000244140625</ele>
        <time>2026-08-06T13:24:19.000Z</time>
        <extensions>
          <ns3:TrackPointExtension>
            <ns3:hr>146</ns3:hr>
            <ns3:cad>81</ns3:cad>
          </ns3:TrackPointExtension>
        </extensions>
      </trkpt>
      <trkpt lat="43.834208361804485321044921875" lon="87.5089005567133426666259765625">
        <ele>878.4000244140625</ele>
        <time>2026-08-06T13:24:25.000Z</time>
        <extensions>
          <ns3:TrackPointExtension>
            <ns3:hr>147</ns3:hr>
            <ns3:cad>0</ns3:cad>
          </ns3:TrackPointExtension>
        </extensions>
      </trkpt>
      <trkpt lat="43.83421263657510280609130859375" lon="87.508899383246898651123046875">
        <ele>878.20001220703125</ele>
        <time>2026-08-06T13:24:31.000Z</time>
        <extensions>
          <ns3:TrackPointExtension>
            <ns3:hr>145</ns3:hr>
            <ns3:cad>0</ns3:cad>
          </ns3:TrackPointExtension>
        </extensions>
      </trkpt>
      <trkpt lat="43.8342427276074886322021484375" lon="87.50889879651367664337158203125">
        <ele>878</ele>
        <time>2026-08-06T13:24:38.000Z</time>
        <extensions>
          <ns3:TrackPointExtension>
            <ns3:hr>144</ns3:hr>
            <ns3:cad>0</ns3:cad>
          </ns3:TrackPointExtension>
        </extensions>
      </trkpt>
      <trkpt lat="43.83436501957476139068603515625" lon="87.50889142043888568878173828125">
        <ele>877</ele>
        <time>2026-08-06T13:24:44.000Z</time>
        <extensions>
          <ns3:TrackPointExtension>
            <ns3:hr>147</ns3:hr>
            <ns3:cad>82</ns3:cad>
          </ns3:TrackPointExtension>
        </extensions>
      </trkpt>
      <trkpt lat="43.83450918830931186676025390625" lon="87.508914470672607421875">
        <ele>877</ele>
        <time>2026-08-06T13:24:51.000Z</time>
        <extensions>
          <ns3:TrackPointExtension>
            <ns3:hr>148</ns3:hr>
            <ns3:cad>83</ns3:cad>
          </ns3:TrackPointExtension>
        </extensions>
      </trkpt>
      <trkpt lat="43.834542296826839447021484375" lon="87.50891455449163913726806640625">
        <ele>877</ele>
        <time>2026-08-06T13:24:53.000Z</time>
        <extensions>
          <ns3:TrackPointExtension>
            <ns3:hr>145</ns3:hr>
            <ns3:cad>82</ns3:cad>
          </ns3:TrackPointExtension>
        </extensions>
      </trkpt>
      <trkpt lat="43.834599293768405914306640625" lon="87.50893550924956798553466796875">
        <ele>877</ele>
        <time>2026-08-06T13:24:56.000Z</time>
        <extensions>
          <ns3:TrackPointExtension>
            <ns3:hr>144</ns3:hr>
            <ns3:cad>82</ns3:cad>
          </ns3:TrackPointExtension>
        </extensions>
      </trkpt>
      <trkpt lat="43.83472611196339130401611328125" lon="87.50896132551133632659912109375">
        <ele>877</ele>
        <time>2026-08-06T13:25:02.000Z</time>
        <extensions>
          <ns3:TrackPointExtension>
            <ns3:hr>146</ns3:hr>
            <ns3:cad>83</ns3:cad>
          </ns3:TrackPointExtension>
        </extensions>
      </trkpt>
      <trkpt lat="43.834876902401447296142578125" lon="87.50897306017577648162841796875">
        <ele>876.5999755859375</ele>
        <time>2026-08-06T13:25:07.000Z</time>
        <extensions>
          <ns3:TrackPointExtension>
            <ns3:hr>149</ns3:hr>
            <ns3:cad>82</ns3:cad>
          </ns3:TrackPointExtension>
        </extensions>
      </trkpt>
      <trkpt lat="43.8349608890712261199951171875" lon="87.508960068225860595703125">
        <ele>876.20001220703125</ele>
        <time>2026-08-06T13:25:09.000Z</time>
        <extensions>
          <ns3:TrackPointExtension>
            <ns3:hr>149</ns3:hr>
            <ns3:cad>82</ns3:cad>
          </ns3:TrackPointExtension>
        </extensions>
      </trkpt>
      <trkpt lat="43.83517504669725894927978515625" lon="87.508973814547061920166015625">
        <ele>874.4000244140625</ele>
        <time>2026-08-06T13:25:15.000Z</time>
        <extensions>
          <ns3:TrackPointExtension>
            <ns3:hr>149</ns3:hr>
            <ns3:cad>82</ns3:cad>
          </ns3:TrackPointExtension>
        </extensions>
      </trkpt>
      <trkpt lat="43.83520237170159816741943359375" lon="87.5089736469089984893798828125">
        <ele>874.20001220703125</ele>
        <time>2026-08-06T13:25:16.000Z</time>
        <extensions>
          <ns3:TrackPointExtension>
            <ns3:hr>149</ns3:hr>
            <ns3:cad>82</ns3:cad>
          </ns3:TrackPointExtension>
        </extensions>
      </trkpt>
      <trkpt lat="43.83538425900042057037353515625" lon="87.5089964456856250762939453125">
        <ele>872.4000244140625</ele>
        <time>2026-08-06T13:25:23.000Z</time>
        <extensions>
          <ns3:TrackPointExtension>
            <ns3:hr>151</ns3:hr>
            <ns3:cad>83</ns3:cad>
          </ns3:TrackPointExtension>
        </extensions>
      </trkpt>
      <trkpt lat="43.8355191238224506378173828125" lon="87.5090138800442218780517578125">
        <ele>871</ele>
        <time>2026-08-06T13:25:27.000Z</time>
        <extensions>
          <ns3:TrackPointExtension>
            <ns3:hr>154</ns3:hr>
            <ns3:cad>82</ns3:cad>
          </ns3:TrackPointExtension>
        </extensions>
      </trkpt>
      <trkpt lat="43.83560067974030971527099609375" lon="87.509036175906658172607421875">
        <ele>870.4000244140625</ele>
        <time>2026-08-06T13:25:32.000Z</time>
        <extensions>
          <ns3:TrackPointExtension>
            <ns3:hr>155</ns3:hr>
            <ns3:cad>58</ns3:cad>
          </ns3:TrackPointExtension>
        </extensions>
      </trkpt>
      <trkpt lat="43.8357001729309558868408203125" lon="87.5090339966118335723876953125">
        <ele>869.5999755859375</ele>
        <time>2026-08-06T13:25:39.000Z</time>
        <extensions>
          <ns3:TrackPointExtension>
            <ns3:hr>154</ns3:hr>
            <ns3:cad>56</ns3:cad>
          </ns3:TrackPointExtension>
        </extensions>
      </trkpt>
      <trkpt lat="43.83576831780374050140380859375" lon="87.50904313288629055023193359375">
        <ele>869.20001220703125</ele>
        <time>2026-08-06T13:25:46.000Z</time>
        <extensions>
          <ns3:TrackPointExtension>
            <ns3:hr>152</ns3:hr>
            <ns3:cad>56</ns3:cad>
          </ns3:TrackPointExtension>
        </extensions>
      </trkpt>
      <trkpt lat="43.83587158285081386566162109375" lon="87.50907381065189838409423828125">
        <ele>869</ele>
        <time>2026-08-06T13:25:52.000Z</time>
        <extensions>
          <ns3:TrackPointExtension>
            <ns3:hr>150</ns3:hr>
            <ns3:cad>72</ns3:cad>
          </ns3:TrackPointExtension>
        </extensions>
      </trkpt>
      <trkpt lat="43.83595741353929042816162109375" lon="87.50909141264855861663818359375">
        <ele>869</ele>
        <time>2026-08-06T13:25:56.000Z</time>
        <extensions>
          <ns3:TrackPointExtension>
            <ns3:hr>147</ns3:hr>
            <ns3:cad>79</ns3:cad>
          </ns3:TrackPointExtension>
        </extensions>
      </trkpt>
      <trkpt lat="43.83597962558269500732421875" lon="87.50909929163753986358642578125">
        <ele>869.20001220703125</ele>
        <time>2026-08-06T13:25:57.000Z</time>
        <extensions>
          <ns3:TrackPointExtension>
            <ns3:hr>146</ns3:hr>
            <ns3:cad>79</ns3:cad>
          </ns3:TrackPointExtension>
        </extensions>
      </trkpt>
      <trkpt lat="43.83616738021373748779296875" lon="87.50913566909730434417724609375">
        <ele>869.20001220703125</ele>
        <time>2026-08-06T13:26:03.000Z</time>
        <extensions>
          <ns3:TrackPointExtension>
            <ns3:hr>146</ns3:hr>
            <ns3:cad>81</ns3:cad>
          </ns3:TrackPointExtension>
        </extensions>
      </trkpt>
      <trkpt lat="43.83633233606815338134765625" lon="87.5091169774532318115234375">
        <ele>869.20001220703125</ele>
        <time>2026-08-06T13:26:10.000Z</time>
        <extensions>
          <ns3:TrackPointExtension>
            <ns3:hr>144</ns3:hr>
            <ns3:cad>82</ns3:cad>
          </ns3:TrackPointExtension>
        </extensions>
      </trkpt>
      <trkpt lat="43.83642361499369144439697265625" lon="87.509106583893299102783203125">
        <ele>870</ele>
        <time>2026-08-06T13:26:16.000Z</time>
        <extensions>
          <ns3:TrackPointExtension>
            <ns3:hr>145</ns3:hr>
            <ns3:cad>60</ns3:cad>
          </ns3:TrackPointExtension>
        </extensions>
      </trkpt>
      <trkpt lat="43.83647977374494075775146484375" lon="87.50909526832401752471923828125">
        <ele>870.4000244140625</ele>
        <time>2026-08-06T13:26:21.000Z</time>
        <extensions>
          <ns3:TrackPointExtension>
            <ns3:hr>147</ns3:hr>
            <ns3:cad>57</ns3:cad>
          </ns3:TrackPointExtension>
        </extensions>
      </trkpt>
      <trkpt lat="43.8364899158477783203125" lon="87.5090886466205120086669921875">
        <ele>870.5999755859375</ele>
        <time>2026-08-06T13:26:22.000Z</time>
        <extensions>
          <ns3:TrackPointExtension>
            <ns3:hr>147</ns3:hr>
            <ns3:cad>57</ns3:cad>
          </ns3:TrackPointExtension>
        </extensions>
      </trkpt>
      <trkpt lat="43.83649838156998157501220703125" lon="87.50908772461116313934326171875">
        <ele>870.5999755859375</ele>
        <time>2026-08-06T13:26:23.000Z</time>
        <extensions>
          <ns3:TrackPointExtension>
            <ns3:hr>146</ns3:hr>
            <ns3:cad>56</ns3:cad>
          </ns3:TrackPointExtension>
        </extensions>
      </trkpt>
      <trkpt lat="43.8365668617188930511474609375" lon="87.50910230912268161773681640625">
        <ele>871.4000244140625</ele>
        <time>2026-08-06T13:26:27.000Z</time>
        <extensions>
          <ns3:TrackPointExtension>
            <ns3:hr>145</ns3:hr>
            <ns3:cad>0</ns3:cad>
          </ns3:TrackPointExtension>
        </extensions>
      </trkpt>
      <trkpt lat="43.83662142790853977203369140625" lon="87.509124018251895904541015625">
        <ele>872</ele>
        <time>2026-08-06T13:26:29.000Z</time>
        <extensions>
          <ns3:TrackPointExtension>
            <ns3:hr>142</ns3:hr>
            <ns3:cad>79</ns3:cad>
          </ns3:TrackPointExtension>
        </extensions>
      </trkpt>
      <trkpt lat="43.83670876733958721160888671875" lon="87.50915276817977428436279296875">
        <ele>872.4000244140625</ele>
        <time>2026-08-06T13:26:32.000Z</time>
        <extensions>
          <ns3:TrackPointExtension>
            <ns3:hr>140</ns3:hr>
            <ns3:cad>80</ns3:cad>
          </ns3:TrackPointExtension>
        </extensions>
      </trkpt>
      <trkpt lat="43.83682125248014926910400390625" lon="87.50918872654438018798828125">
        <ele>872.20001220703125</ele>
        <time>2026-08-06T13:26:38.000Z</time>
        <extensions>
          <ns3:TrackPointExtension>
            <ns3:hr>139</ns3:hr>
            <ns3:cad>82</ns3:cad>
          </ns3:TrackPointExtension>
        </extensions>
      </trkpt>
      <trkpt lat="43.83696642704308032989501953125" lon="87.50922870822250843048095703125">
        <ele>871.79998779296875</ele>
        <time>2026-08-06T13:26:45.000Z</time>
        <extensions>
          <ns3:TrackPointExtension>
            <ns3:hr>140</ns3:hr>
            <ns3:cad>82</ns3:cad>
          </ns3:TrackPointExtension>
        </extensions>
      </trkpt>
      <trkpt lat="43.83708829991519451141357421875" lon="87.50923390500247478485107421875">
        <ele>870.20001220703125</ele>
        <time>2026-08-06T13:26:49.000Z</time>
        <extensions>
          <ns3:TrackPointExtension>
            <ns3:hr>143</ns3:hr>
            <ns3:cad>82</ns3:cad>
          </ns3:TrackPointExtension>
        </extensions>
      </trkpt>
      <trkpt lat="43.8371301256120204925537109375" lon="87.50925720669329166412353515625">
        <ele>869.79998779296875</ele>
        <time>2026-08-06T13:26:51.000Z</time>
        <extensions>
          <ns3:TrackPointExtension>
            <ns3:hr>144</ns3:hr>
            <ns3:cad>82</ns3:cad>
          </ns3:TrackPointExtension>
        </extensions>
      </trkpt>
      <trkpt lat="43.8372342288494110107421875" lon="87.50926315784454345703125">
        <ele>868.20001220703125</ele>
        <time>2026-08-06T13:26:57.000Z</time>
        <extensions>
          <ns3:TrackPointExtension>
            <ns3:hr>147</ns3:hr>
            <ns3:cad>0</ns3:cad>
          </ns3:TrackPointExtension>
        </extensions>
      </trkpt>
      <trkpt lat="43.83724696934223175048828125" lon="87.509265504777431488037109375">
        <ele>868</ele>
        <time>2026-08-06T13:26:58.000Z</time>
        <extensions>
          <ns3:TrackPointExtension>
            <ns3:hr>147</ns3:hr>
            <ns3:cad>0</ns3:cad>
          </ns3:TrackPointExtension>
        </extensions>
      </trkpt>
      <trkpt lat="43.83735501207411289215087890625" lon="87.5092643313109874725341796875">
        <ele>866.5999755859375</ele>
        <time>2026-08-06T13:27:06.000Z</time>
        <extensions>
          <ns3:TrackPointExtension>
            <ns3:hr>145</ns3:hr>
            <ns3:cad>54</ns3:cad>
          </ns3:TrackPointExtension>
        </extensions>
      </trkpt>
      <trkpt lat="43.83738376200199127197265625" lon="87.50926223583519458770751953125">
        <ele>866</ele>
        <time>2026-08-06T13:27:12.000Z</time>
        <extensions>
          <ns3:TrackPointExtension>
            <ns3:hr>143</ns3:hr>
            <ns3:cad>0</ns3:cad>
          </ns3:TrackPointExtension>
        </extensions>
      </trkpt>
      <trkpt lat="43.83738719858229160308837890625" lon="87.5092599727213382720947265625">
        <ele>866</ele>
        <time>2026-08-06T13:27:18.000Z</time>
        <extensions>
          <ns3:TrackPointExtension>
            <ns3:hr>140</ns3:hr>
            <ns3:cad>0</ns3:cad>
          </ns3:TrackPointExtension>
        </extensions>
      </trkpt>
      <trkpt lat="43.83738937787711620330810546875" lon="87.50925720669329166412353515625">
        <ele>866</ele>
        <time>2026-08-06T13:27:20.000Z</time>
        <extensions>
          <ns3:TrackPointExtension>
            <ns3:hr>137</ns3:hr>
            <ns3:cad>0</ns3:cad>
          </ns3:TrackPointExtension>
        </extensions>
      </trkpt>
      <trkpt lat="43.83739088661968708038330078125" lon="87.5092552788555622100830078125">
        <ele>866</ele>
        <time>2026-08-06T13:27:22.000Z</time>
        <extensions>
          <ns3:TrackPointExtension>
            <ns3:hr>134</ns3:hr>
            <ns3:cad>0</ns3:cad>
          </ns3:TrackPointExtension>
        </extensions>
      </trkpt>
      <trkpt lat="43.83739088661968708038330078125" lon="87.509255446493625640869140625">
        <ele>866</ele>
        <time>2026-08-06T13:27:36.000Z</time>
        <extensions>
          <ns3:TrackPointExtension>
            <ns3:hr>131</ns3:hr>
            <ns3:cad>0</ns3:cad>
          </ns3:TrackPointExtension>
        </extensions>
      </trkpt>
      <trkpt lat="43.83739490993320941925048828125" lon="87.50925553031265735626220703125">
        <ele>865.79998779296875</ele>
        <time>2026-08-06T13:27:41.000Z</time>
        <extensions>
          <ns3:TrackPointExtension>
            <ns3:hr>128</ns3:hr>
            <ns3:cad>0</ns3:cad>
          </ns3:TrackPointExtension>
        </extensions>
      </trkpt>
      <trkpt lat="43.83742131292819976806640625" lon="87.5092482380568981170654296875">
        <ele>865.4000244140625</ele>
        <time>2026-08-06T13:27:53.000Z</time>
        <extensions>
          <ns3:TrackPointExtension>
            <ns3:hr>125</ns3:hr>
            <ns3:cad>0</ns3:cad>
          </ns3:TrackPointExtension>
        </extensions>
      </trkpt>
      <trkpt lat="43.83747084997594356536865234375" lon="87.50925720669329166412353515625">
        <ele>864.79998779296875</ele>
        <time>2026-08-06T13:27:55.000Z</time>
        <extensions>
          <ns3:TrackPointExtension>
            <ns3:hr>122</ns3:hr>
            <ns3:cad>0</ns3:cad>
          </ns3:TrackPointExtension>
        </extensions>
      </trkpt>
      <trkpt lat="43.83767419494688510894775390625" lon="87.50932157970964908599853515625">
        <ele>862.4000244140625</ele>
        <time>2026-08-06T13:28:01.000Z</time>
        <extensions>
          <ns3:TrackPointExtension>
            <ns3:hr>124</ns3:hr>
            <ns3:cad>82</ns3:cad>
          </ns3:TrackPointExtension>
        </extensions>
      </trkpt>
      <trkpt lat="43.83775658905506134033203125" lon="87.50934907235205173492431640625">
        <ele>861.4000244140625</ele>
        <time>2026-08-06T13:28:04.000Z</time>
        <extensions>
          <ns3:TrackPointExtension>
            <ns3:hr>128</ns3:hr>
            <ns3:cad>82</ns3:cad>
          </ns3:TrackPointExtension>
        </extensions>
      </trkpt>
      <trkpt lat="43.83782557211816310882568359375" lon="87.50936575233936309814453125">
        <ele>860.5999755859375</ele>
        <time>2026-08-06T13:28:07.000Z</time>
        <extensions>
          <ns3:TrackPointExtension>
            <ns3:hr>129</ns3:hr>
            <ns3:cad>82</ns3:cad>
          </ns3:TrackPointExtension>
        </extensions>
      </trkpt>
      <trkpt lat="43.83790008723735809326171875" lon="87.5093877129256725311279296875">
        <ele>860</ele>
        <time>2026-08-06T13:28:10.000Z</time>
        <extensions>
          <ns3:TrackPointExtension>
            <ns3:hr>132</ns3:hr>
            <ns3:cad>82</ns3:cad>
          </ns3:TrackPointExtension>
        </extensions>
      </trkpt>
      <trkpt lat="43.83800377137959003448486328125" lon="87.5094120204448699951171875">
        <ele>859.20001220703125</ele>
        <time>2026-08-06T13:28:15.000Z</time>
        <extensions>
          <ns3:TrackPointExtension>
            <ns3:hr>134</ns3:hr>
            <ns3:cad>83</ns3:cad>
          </ns3:TrackPointExtension>
        </extensions>
      </trkpt>
      <trkpt lat="43.83812178857624530792236328125" lon="87.5094307959079742431640625">
        <ele>858.5999755859375</ele>
        <time>2026-08-06T13:28:20.000Z</time>
        <extensions>
          <ns3:TrackPointExtension>
            <ns3:hr>137</ns3:hr>
            <ns3:cad>82</ns3:cad>
          </ns3:TrackPointExtension>
        </extensions>
      </trkpt>
      <trkpt lat="43.83820460177958011627197265625" lon="87.5094500742852687835693359375">
        <ele>858.4000244140625</ele>
        <time>2026-08-06T13:28:23.000Z</time>
        <extensions>
          <ns3:TrackPointExtension>
            <ns3:hr>138</ns3:hr>
            <ns3:cad>82</ns3:cad>
          </ns3:TrackPointExtension>
        </extensions>
      </trkpt>
      <trkpt lat="43.83839361369609832763671875" lon="87.50948242843151092529296875">
        <ele>858</ele>
        <time>2026-08-06T13:28:29.000Z</time>
        <extensions>
          <ns3:TrackPointExtension>
            <ns3:hr>141</ns3:hr>
            <ns3:cad>83</ns3:cad>
          </ns3:TrackPointExtension>
        </extensions>
      </trkpt>
      <trkpt lat="43.83845102973282337188720703125" lon="87.50949709676206111907958984375">
        <ele>858</ele>
        <time>2026-08-06T13:28:31.000Z</time>
        <extensions>
          <ns3:TrackPointExtension>
            <ns3:hr>141</ns3:hr>
            <ns3:cad>83</ns3:cad>
          </ns3:TrackPointExtension>
        </extensions>
      </trkpt>
      <trkpt lat="43.838638365268707275390625" lon="87.50948938541114330291748046875">
        <ele>858</ele>
        <time>2026-08-06T13:28:38.000Z</time>
        <extensions>
          <ns3:TrackPointExtension>
            <ns3:hr>143</ns3:hr>
            <ns3:cad>81</ns3:cad>
          </ns3:TrackPointExtension>
        </extensions>
      </trkpt>
      <trkpt lat="43.838819749653339385986328125" lon="87.5095084123313426971435546875">
        <ele>858.79998779296875</ele>
        <time>2026-08-06T13:28:45.000Z</time>
        <extensions>
          <ns3:TrackPointExtension>
            <ns3:hr>145</ns3:hr>
            <ns3:cad>82</ns3:cad>
          </ns3:TrackPointExtension>
        </extensions>
      </trkpt>
      <trkpt lat="43.83884095586836338043212890625" lon="87.50950992107391357421875">
        <ele>859</ele>
        <time>2026-08-06T13:28:46.000Z</time>
        <extensions>
          <ns3:TrackPointExtension>
            <ns3:hr>145</ns3:hr>
            <ns3:cad>82</ns3:cad>
          </ns3:TrackPointExtension>
        </extensions>
      </trkpt>
      <trkpt lat="43.8388675265014171600341796875" lon="87.5095291994512081146240234375">
        <ele>859.4000244140625</ele>
        <time>2026-08-06T13:28:48.000Z</time>
        <extensions>
          <ns3:TrackPointExtension>
            <ns3:hr>143</ns3:hr>
            <ns3:cad>0</ns3:cad>
          </ns3:TrackPointExtension>
        </extensions>
      </trkpt>
      <trkpt lat="43.8389687798917293548583984375" lon="87.50959902070462703704833984375">
        <ele>859.79998779296875</ele>
        <time>2026-08-06T13:28:51.000Z</time>
        <extensions>
          <ns3:TrackPointExtension>
            <ns3:hr>145</ns3:hr>
            <ns3:cad>40</ns3:cad>
          </ns3:TrackPointExtension>
        </extensions>
      </trkpt>
      <trkpt lat="43.83913013152778148651123046875" lon="87.50963397324085235595703125">
        <ele>858.79998779296875</ele>
        <time>2026-08-06T13:28:57.000Z</time>
        <extensions>
          <ns3:TrackPointExtension>
            <ns3:hr>145</ns3:hr>
            <ns3:cad>82</ns3:cad>
          </ns3:TrackPointExtension>
        </extensions>
      </trkpt>
      <trkpt lat="43.83931570686399936676025390625" lon="87.50963933765888214111328125">
        <ele>857</ele>
        <time>2026-08-06T13:29:03.000Z</time>
        <extensions>
          <ns3:TrackPointExtension>
            <ns3:hr>145</ns3:hr>
            <ns3:cad>82</ns3:cad>
          </ns3:TrackPointExtension>
        </extensions>
      </trkpt>
      <trkpt lat="43.83936314843595027923583984375" lon="87.509653754532337188720703125">
        <ele>856.79998779296875</ele>
        <time>2026-08-06T13:29:06.000Z</time>
        <extensions>
          <ns3:TrackPointExtension>
            <ns3:hr>146</ns3:hr>
            <ns3:cad>82</ns3:cad>
          </ns3:TrackPointExtension>
        </extensions>
      </trkpt>
      <trkpt lat="43.839502371847629547119140625" lon="87.50966892577707767486572265625">
        <ele>856</ele>
        <time>2026-08-06T13:29:15.000Z</time>
        <extensions>
          <ns3:TrackPointExtension>
            <ns3:hr>147</ns3:hr>
            <ns3:cad>58</ns3:cad>
          </ns3:TrackPointExtension>
        </extensions>
      </trkpt>
      <trkpt lat="43.8396312855184078216552734375" lon="87.50968627631664276123046875">
        <ele>855.79998779296875</ele>
        <time>2026-08-06T13:29:21.000Z</time>
        <extensions>
          <ns3:TrackPointExtension>
            <ns3:hr>148</ns3:hr>
            <ns3:cad>81</ns3:cad>
          </ns3:TrackPointExtension>
        </extensions>
      </trkpt>
      <trkpt lat="43.8397528231143951416015625" lon="87.50970781780779361724853515625">
        <ele>855.79998779296875</ele>
        <time>2026-08-06T13:29:25.000Z</time>
        <extensions>
          <ns3:TrackPointExtension>
            <ns3:hr>151</ns3:hr>
            <ns3:cad>81</ns3:cad>
          </ns3:TrackPointExtension>
        </extensions>
      </trkpt>
      <trkpt lat="43.8398693315684795379638671875" lon="87.5097286887466907501220703125">
        <ele>855.79998779296875</ele>
        <time>2026-08-06T13:29:30.000Z</time>
        <extensions>
          <ns3:TrackPointExtension>
            <ns3:hr>153</ns3:hr>
            <ns3:cad>81</ns3:cad>
          </ns3:TrackPointExtension>
        </extensions>
      </trkpt>
      <trkpt lat="43.8400540687143802642822265625" lon="87.50974838621914386749267578125">
        <ele>855.5999755859375</ele>
        <time>2026-08-06T13:29:37.000Z</time>
        <extensions>
          <ns3:TrackPointExtension>
            <ns3:hr>154</ns3:hr>
            <ns3:cad>83</ns3:cad>
          </ns3:TrackPointExtension>
        </extensions>
      </trkpt>
      <trkpt lat="43.8400827348232269287109375" lon="87.50975643284618854522705078125">
        <ele>855.4000244140625</ele>
        <time>2026-08-06T13:29:38.000Z</time>
        <extensions>
          <ns3:TrackPointExtension>
            <ns3:hr>154</ns3:hr>
            <ns3:cad>82</ns3:cad>
          </ns3:TrackPointExtension>
        </extensions>
      </trkpt>
      <trkpt lat="43.8402753509581089019775390625" lon="87.5098195485770702362060546875">
        <ele>854.4000244140625</ele>
        <time>2026-08-06T13:29:45.000Z</time>
        <extensions>
          <ns3:TrackPointExtension>
            <ns3:hr>156</ns3:hr>
            <ns3:cad>82</ns3:cad>
          </ns3:TrackPointExtension>
        </extensions>
      </trkpt>
      <trkpt lat="43.8402973115444183349609375" lon="87.50982248224318027496337890625">
        <ele>854.20001220703125</ele>
        <time>2026-08-06T13:29:46.000Z</time>
        <extensions>
          <ns3:TrackPointExtension>
            <ns3:hr>157</ns3:hr>
            <ns3:cad>82</ns3:cad>
          </ns3:TrackPointExtension>
        </extensions>
      </trkpt>
      <trkpt lat="43.840490765869617462158203125" lon="87.5098554231226444244384765625">
        <ele>851.4000244140625</ele>
        <time>2026-08-06T13:29:54.000Z</time>
        <extensions>
          <ns3:TrackPointExtension>
            <ns3:hr>157</ns3:hr>
            <ns3:cad>82</ns3:cad>
          </ns3:TrackPointExtension>
        </extensions>
      </trkpt>
      <trkpt lat="43.84060853160917758941650390625" lon="87.50983186997473239898681640625">
        <ele>850</ele>
        <time>2026-08-06T13:30:01.000Z</time>
        <extensions>
          <ns3:TrackPointExtension>
            <ns3:hr>158</ns3:hr>
            <ns3:cad>58</ns3:cad>
          </ns3:TrackPointExtension>
        </extensions>
      </trkpt>
      <trkpt lat="43.8407055102288722991943359375" lon="87.50984829850494861602783203125">
        <ele>849.20001220703125</ele>
        <time>2026-08-06T13:30:09.000Z</time>
        <extensions>
          <ns3:TrackPointExtension>
            <ns3:hr>156</ns3:hr>
            <ns3:cad>57</ns3:cad>
          </ns3:TrackPointExtension>
        </extensions>
      </trkpt>
      <trkpt lat="43.84082478471100330352783203125" lon="87.5098438560962677001953125">
        <ele>848.4000244140625</ele>
        <time>2026-08-06T13:30:15.000Z</time>
        <extensions>
          <ns3:TrackPointExtension>
            <ns3:hr>153</ns3:hr>
            <ns3:cad>56</ns3:cad>
          </ns3:TrackPointExtension>
        </extensions>
      </trkpt>
      <trkpt lat="43.84084515273571014404296875" lon="87.509844861924648284912109375">
        <ele>848.20001220703125</ele>
        <time>2026-08-06T13:30:17.000Z</time>
        <extensions>
          <ns3:TrackPointExtension>
            <ns3:hr>151</ns3:hr>
            <ns3:cad>57</ns3:cad>
          </ns3:TrackPointExtension>
        </extensions>
      </trkpt>
      <trkpt lat="43.84092704392969608306884765625" lon="87.5098631344735622406005859375">
        <ele>848</ele>
        <time>2026-08-06T13:30:24.000Z</time>
        <extensions>
          <ns3:TrackPointExtension>
            <ns3:hr>147</ns3:hr>
            <ns3:cad>79</ns3:cad>
          </ns3:TrackPointExtension>
        </extensions>
      </trkpt>
      <trkpt lat="43.84098471142351627349853515625" lon="87.5098651461303234100341796875">
        <ele>847.79998779296875</ele>
        <time>2026-08-06T13:30:27.000Z</time>
        <extensions>
          <ns3:TrackPointExtension>
            <ns3:hr>144</ns3:hr>
            <ns3:cad>81</ns3:cad>
          </ns3:TrackPointExtension>
        </extensions>
      </trkpt>
      <trkpt lat="43.841027207672595977783203125" lon="87.5098658166825771331787109375">
        <ele>847.5999755859375</ele>
        <time>2026-08-06T13:30:29.000Z</time>
        <extensions>
          <ns3:TrackPointExtension>
            <ns3:hr>141</ns3:hr>
            <ns3:cad>81</ns3:cad>
          </ns3:TrackPointExtension>
        </extensions>
      </trkpt>
      <trkpt lat="43.8411155529320240020751953125" lon="87.50987545587122440338134765625">
        <ele>847.4000244140625</ele>
        <time>2026-08-06T13:30:33.000Z</time>
        <extensions>
          <ns3:TrackPointExtension>
            <ns3:hr>139</ns3:hr>
            <ns3:cad>81</ns3:cad>
          </ns3:TrackPointExtension>
        </extensions>
      </trkpt>
      <trkpt lat="43.8412245176732540130615234375" lon="87.509875707328319549560546875">
        <ele>847.79998779296875</ele>
        <time>2026-08-06T13:30:37.000Z</time>
        <extensions>
          <ns3:TrackPointExtension>
            <ns3:hr>140</ns3:hr>
            <ns3:cad>81</ns3:cad>
          </ns3:TrackPointExtension>
        </extensions>
      </trkpt>
      <trkpt lat="43.84137430228292942047119140625" lon="87.50989423133432865142822265625">
        <ele>847.79998779296875</ele>
        <time>2026-08-06T13:30:43.000Z</time>
        <extensions>
          <ns3:TrackPointExtension>
            <ns3:hr>143</ns3:hr>
            <ns3:cad>82</ns3:cad>
          </ns3:TrackPointExtension>
        </extensions>
      </trkpt>
      <trkpt lat="43.841477148234844207763671875" lon="87.50992122106254100799560546875">
        <ele>847.79998779296875</ele>
        <time>2026-08-06T13:30:46.000Z</time>
        <extensions>
          <ns3:TrackPointExtension>
            <ns3:hr>146</ns3:hr>
            <ns3:cad>83</ns3:cad>
          </ns3:TrackPointExtension>
        </extensions>
      </trkpt>
      <trkpt lat="43.841512016952037811279296875" lon="87.5099308602511882781982421875">
        <ele>847.79998779296875</ele>
        <time>2026-08-06T13:30:47.000Z</time>
        <extensions>
          <ns3:TrackPointExtension>
            <ns3:hr>146</ns3:hr>
            <ns3:cad>83</ns3:cad>
          </ns3:TrackPointExtension>
        </extensions>
      </trkpt>
      <trkpt lat="43.84170371107757091522216796875" lon="87.50995525158941745758056640625">
        <ele>846.4000244140625</ele>
        <time>2026-08-06T13:30:53.000Z</time>
        <extensions>
          <ns3:TrackPointExtension>
            <ns3:hr>148</ns3:hr>
            <ns3:cad>82</ns3:cad>
          </ns3:TrackPointExtension>
        </extensions>
      </trkpt>
      <trkpt lat="43.8417700119316577911376953125" lon="87.50995592214167118072509765625">
        <ele>846.20001220703125</ele>
        <time>2026-08-06T13:30:55.000Z</time>
        <extensions>
          <ns3:TrackPointExtension>
            <ns3:hr>150</ns3:hr>
            <ns3:cad>83</ns3:cad>
          </ns3:TrackPointExtension>
        </extensions>
      </trkpt>
      <trkpt lat="43.8419322855770587921142578125" lon="87.51006505452096462249755859375">
        <ele>847.20001220703125</ele>
        <time>2026-08-06T13:31:01.000Z</time>
        <extensions>
          <ns3:TrackPointExtension>
            <ns3:hr>153</ns3:hr>
            <ns3:cad>83</ns3:cad>
          </ns3:TrackPointExtension>
        </extensions>
      </trkpt>
      <trkpt lat="43.84200981818139553070068359375" lon="87.51007310114800930023193359375">
        <ele>846.79998779296875</ele>
        <time>2026-08-06T13:31:06.000Z</time>
        <extensions>
          <ns3:TrackPointExtension>
            <ns3:hr>155</ns3:hr>
            <ns3:cad>80</ns3:cad>
          </ns3:TrackPointExtension>
        </extensions>
      </trkpt>
      <trkpt lat="43.84216924197971820831298828125" lon="87.510051392018795013427734375">
        <ele>845.4000244140625</ele>
        <time>2026-08-06T13:31:16.000Z</time>
        <extensions>
          <ns3:TrackPointExtension>
            <ns3:hr>156</ns3:hr>
            <ns3:cad>56</ns3:cad>
          </ns3:TrackPointExtension>
        </extensions>
      </trkpt>
      <trkpt lat="43.84222322143614292144775390625" lon="87.510068155825138092041015625">
        <ele>845.20001220703125</ele>
        <time>2026-08-06T13:31:21.000Z</time>
        <extensions>
          <ns3:TrackPointExtension>
            <ns3:hr>153</ns3:hr>
            <ns3:cad>58</ns3:cad>
          </ns3:TrackPointExtension>
        </extensions>
      </trkpt>
      <trkpt lat="43.8422699086368083953857421875" lon="87.51005281694233417510986328125">
        <ele>844.4000244140625</ele>
        <time>2026-08-06T13:31:25.000Z</time>
        <extensions>
          <ns3:TrackPointExtension>
            <ns3:hr>153</ns3:hr>
            <ns3:cad>58</ns3:cad>
          </ns3:TrackPointExtension>
        </extensions>
      </trkpt>
      <trkpt lat="43.84228415787220001220703125" lon="87.51004971563816070556640625">
        <ele>844.20001220703125</ele>
        <time>2026-08-06T13:31:28.000Z</time>
        <extensions>
          <ns3:TrackPointExtension>
            <ns3:hr>150</ns3:hr>
            <ns3:cad>56</ns3:cad>
          </ns3:TrackPointExtension>
        </extensions>
      </trkpt>
      <trkpt lat="43.84231357835233211517333984375" lon="87.5100624561309814453125">
        <ele>844</ele>
        <time>2026-08-06T13:31:30.000Z</time>
        <extensions>
          <ns3:TrackPointExtension>
            <ns3:hr>147</ns3:hr>
            <ns3:cad>56</ns3:cad>
          </ns3:TrackPointExtension>
        </extensions>
      </trkpt>
      <trkpt lat="43.84233201853930950164794921875" lon="87.5100743584334850311279296875">
        <ele>843.79998779296875</ele>
        <time>2026-08-06T13:31:32.000Z</time>
        <extensions>
          <ns3:TrackPointExtension>
            <ns3:hr>144</ns3:hr>
            <ns3:cad>56</ns3:cad>
          </ns3:TrackPointExtension>
        </extensions>
      </trkpt>
      <trkpt lat="43.84235951118171215057373046875" lon="87.510094977915287017822265625">
        <ele>843.5999755859375</ele>
        <time>2026-08-06T13:31:34.000Z</time>
        <extensions>
          <ns3:TrackPointExtension>
            <ns3:hr>141</ns3:hr>
            <ns3:cad>56</ns3:cad>
          </ns3:TrackPointExtension>
        </extensions>
      </trkpt>
      <trkpt lat="43.842386417090892791748046875" lon="87.510100342333316802978515625">
        <ele>843.20001220703125</ele>
        <time>2026-08-06T13:31:36.000Z</time>
        <extensions>
          <ns3:TrackPointExtension>
            <ns3:hr>138</ns3:hr>
            <ns3:cad>56</ns3:cad>
          </ns3:TrackPointExtension>
        </extensions>
      </trkpt>
      <trkpt lat="43.8424522988498210906982421875" lon="87.51009128987789154052734375">
        <ele>842.20001220703125</ele>
        <time>2026-08-06T13:31:40.000Z</time>
        <extensions>
          <ns3:TrackPointExtension>
            <ns3:hr>137</ns3:hr>
            <ns3:cad>0</ns3:cad>
          </ns3:TrackPointExtension>
        </extensions>
      </trkpt>
      <trkpt lat="43.84256268851459026336669921875" lon="87.51009305007755756378173828125">
        <ele>840.79998779296875</ele>
        <time>2026-08-06T13:31:46.000Z</time>
        <extensions>
          <ns3:TrackPointExtension>
            <ns3:hr>137</ns3:hr>
            <ns3:cad>81</ns3:cad>
          </ns3:TrackPointExtension>
        </extensions>
      </trkpt>
      <trkpt lat="43.84259261190891265869140625" lon="87.51009221188724040985107421875">
        <ele>840.5999755859375</ele>
        <time>2026-08-06T13:31:48.000Z</time>
        <extensions>
          <ns3:TrackPointExtension>
            <ns3:hr>137</ns3:hr>
            <ns3:cad>81</ns3:cad>
          </ns3:TrackPointExtension>
        </extensions>
      </trkpt>
      <trkpt lat="43.84273367933928966522216796875" lon="87.51015792600810527801513671875">
        <ele>839.79998779296875</ele>
        <time>2026-08-06T13:31:54.000Z</time>
        <extensions>
          <ns3:TrackPointExtension>
            <ns3:hr>136</ns3:hr>
            <ns3:cad>81</ns3:cad>
          </ns3:TrackPointExtension>
        </extensions>
      </trkpt>
      <trkpt lat="43.84289813227951526641845703125" lon="87.51019363291561603546142578125">
        <ele>839.20001220703125</ele>
        <time>2026-08-06T13:32:01.000Z</time>
        <extensions>
          <ns3:TrackPointExtension>
            <ns3:hr>139</ns3:hr>
            <ns3:cad>82</ns3:cad>
          </ns3:TrackPointExtension>
        </extensions>
      </trkpt>
      <trkpt lat="43.84303517639636993408203125" lon="87.510194219648838043212890625">
        <ele>838.20001220703125</ele>
        <time>2026-08-06T13:32:06.000Z</time>
        <extensions>
          <ns3:TrackPointExtension>
            <ns3:hr>142</ns3:hr>
            <ns3:cad>83</ns3:cad>
          </ns3:TrackPointExtension>
        </extensions>
      </trkpt>
      <trkpt lat="43.84309418499469757080078125" lon="87.510199248790740966796875">
        <ele>837.79998779296875</ele>
        <time>2026-08-06T13:32:08.000Z</time>
        <extensions>
          <ns3:TrackPointExtension>
            <ns3:hr>143</ns3:hr>
            <ns3:cad>83</ns3:cad>
          </ns3:TrackPointExtension>
        </extensions>
      </trkpt>
      <trkpt lat="43.84319837205111980438232421875" lon="87.51021190546452999114990234375">
        <ele>837.20001220703125</ele>
        <time>2026-08-06T13:32:12.000Z</time>
        <extensions>
          <ns3:TrackPointExtension>
            <ns3:hr>146</ns3:hr>
            <ns3:cad>81</ns3:cad>
          </ns3:TrackPointExtension>
        </extensions>
      </trkpt>
      <trkpt lat="43.84323122911155223846435546875" lon="87.510199248790740966796875">
        <ele>836.79998779296875</ele>
        <time>2026-08-06T13:32:13.000Z</time>
        <extensions>
          <ns3:TrackPointExtension>
            <ns3:hr>147</ns3:hr>
            <ns3:cad>81</ns3:cad>
          </ns3:TrackPointExtension>
        </extensions>
      </trkpt>
      <trkpt lat="43.84327657520771026611328125" lon="87.51020352356135845184326171875">
        <ele>836.5999755859375</ele>
        <time>2026-08-06T13:32:15.000Z</time>
        <extensions>
          <ns3:TrackPointExtension>
            <ns3:hr>150</ns3:hr>
            <ns3:cad>81</ns3:cad>
          </ns3:TrackPointExtension>
        </extensions>
      </trkpt>
      <trkpt lat="43.8433615677058696746826171875" lon="87.51021894626319408416748046875">
        <ele>836.20001220703125</ele>
        <time>2026-08-06T13:32:20.000Z</time>
        <extensions>
          <ns3:TrackPointExtension>
            <ns3:hr>151</ns3:hr>
            <ns3:cad>55</ns3:cad>
          </ns3:TrackPointExtension>
        </extensions>
      </trkpt>
      <trkpt lat="43.84340641088783740997314453125" lon="87.51024710945785045623779296875">
        <ele>836.5999755859375</ele>
        <time>2026-08-06T13:32:24.000Z</time>
        <extensions>
          <ns3:TrackPointExtension>
            <ns3:hr>148</ns3:hr>
            <ns3:cad>56</ns3:cad>
          </ns3:TrackPointExtension>
        </extensions>
      </trkpt>
      <trkpt lat="43.84344077669084072113037109375" lon="87.51023210585117340087890625">
        <ele>836.5999755859375</ele>
        <time>2026-08-06T13:32:27.000Z</time>
        <extensions>
          <ns3:TrackPointExtension>
            <ns3:hr>145</ns3:hr>
            <ns3:cad>56</ns3:cad>
          </ns3:TrackPointExtension>
        </extensions>
      </trkpt>
      <trkpt lat="43.84346139617264270782470703125" lon="87.51022766344249248504638671875">
        <ele>836.5999755859375</ele>
        <time>2026-08-06T13:32:29.000Z</time>
        <extensions>
          <ns3:TrackPointExtension>
            <ns3:hr>141</ns3:hr>
            <ns3:cad>56</ns3:cad>
          </ns3:TrackPointExtension>
        </extensions>
      </trkpt>
      <trkpt lat="43.84347648359835147857666015625" lon="87.51023101620376110076904296875">
        <ele>836.79998779296875</ele>
        <time>2026-08-06T13:32:30.000Z</time>
        <extensions>
          <ns3:TrackPointExtension>
            <ns3:hr>140</ns3:hr>
            <ns3:cad>56</ns3:cad>
          </ns3:TrackPointExtension>
        </extensions>
      </trkpt>
      <trkpt lat="43.84350833483040332794189453125" lon="87.5102386437356472015380859375">
        <ele>836.79998779296875</ele>
        <time>2026-08-06T13:32:32.000Z</time>
        <extensions>
          <ns3:TrackPointExtension>
            <ns3:hr>137</ns3:hr>
            <ns3:cad>56</ns3:cad>
          </ns3:TrackPointExtension>
        </extensions>
      </trkpt>
      <trkpt lat="43.8435640744864940643310546875" lon="87.51024610362946987152099609375">
        <ele>837</ele>
        <time>2026-08-06T13:32:35.000Z</time>
        <extensions>
          <ns3:TrackPointExtension>
            <ns3:hr>134</ns3:hr>
            <ns3:cad>57</ns3:cad>
          </ns3:TrackPointExtension>
        </extensions>
      </trkpt>
      <trkpt lat="43.8436049781739711761474609375" lon="87.51025314442813396453857421875">
        <ele>837</ele>
        <time>2026-08-06T13:32:37.000Z</time>
        <extensions>
          <ns3:TrackPointExtension>
            <ns3:hr>133</ns3:hr>
            <ns3:cad>57</ns3:cad>
          </ns3:TrackPointExtension>
        </extensions>
      </trkpt>
      <trkpt lat="43.8437484763562679290771484375" lon="87.5102979876101016998291015625">
        <ele>837.4000244140625</ele>
        <time>2026-08-06T13:32:44.000Z</time>
        <extensions>
          <ns3:TrackPointExtension>
            <ns3:hr>133</ns3:hr>
            <ns3:cad>81</ns3:cad>
          </ns3:TrackPointExtension>
        </extensions>
      </trkpt>
      <trkpt lat="43.84389826096594333648681640625" lon="87.5103400647640228271484375">
        <ele>838</ele>
        <time>2026-08-06T13:32:49.000Z</time>
        <extensions>
          <ns3:TrackPointExtension>
            <ns3:hr>136</ns3:hr>
            <ns3:cad>81</ns3:cad>
          </ns3:TrackPointExtension>
        </extensions>
      </trkpt>
      <trkpt lat="43.8439707644283771514892578125" lon="87.5103293359279632568359375">
        <ele>836.4000244140625</ele>
        <time>2026-08-06T13:32:52.000Z</time>
        <extensions>
          <ns3:TrackPointExtension>
            <ns3:hr>139</ns3:hr>
            <ns3:cad>82</ns3:cad>
          </ns3:TrackPointExtension>
        </extensions>
      </trkpt>
      <trkpt lat="43.84402130730450153350830078125" lon="87.510309554636478424072265625">
        <ele>835</ele>
        <time>2026-08-06T13:32:55.000Z</time>
        <extensions>
          <ns3:TrackPointExtension>
            <ns3:hr>141</ns3:hr>
            <ns3:cad>82</ns3:cad>
          </ns3:TrackPointExtension>
        </extensions>
      </trkpt>
      <trkpt lat="43.84416480548679828643798828125" lon="87.510301172733306884765625">
        <ele>832</ele>
        <time>2026-08-06T13:33:02.000Z</time>
        <extensions>
          <ns3:TrackPointExtension>
            <ns3:hr>143</ns3:hr>
            <ns3:cad>79</ns3:cad>
          </ns3:TrackPointExtension>
        </extensions>
      </trkpt>
      <trkpt lat="43.844188861548900604248046875" lon="87.51030829735100269317626953125">
        <ele>831.79998779296875</ele>
        <time>2026-08-06T13:33:03.000Z</time>
        <extensions>
          <ns3:TrackPointExtension>
            <ns3:hr>143</ns3:hr>
            <ns3:cad>79</ns3:cad>
          </ns3:TrackPointExtension>
        </extensions>
      </trkpt>
      <trkpt lat="43.84430696256458759307861328125" lon="87.51037719659507274627685546875">
        <ele>831.79998779296875</ele>
        <time>2026-08-06T13:33:07.000Z</time>
        <extensions>
          <ns3:TrackPointExtension>
            <ns3:hr>145</ns3:hr>
            <ns3:cad>0</ns3:cad>
          </ns3:TrackPointExtension>
        </extensions>
      </trkpt>
      <trkpt lat="43.8443982414901256561279296875" lon="87.51042044721543788909912109375">
        <ele>831.5999755859375</ele>
        <time>2026-08-06T13:33:11.000Z</time>
        <extensions>
          <ns3:TrackPointExtension>
            <ns3:hr>146</ns3:hr>
            <ns3:cad>81</ns3:cad>
          </ns3:TrackPointExtension>
        </extensions>
      </trkpt>
      <trkpt lat="43.84450192563235759735107421875" lon="87.51045263372361660003662109375">
        <ele>831.20001220703125</ele>
        <time>2026-08-06T13:33:17.000Z</time>
        <extensions>
          <ns3:TrackPointExtension>
            <ns3:hr>148</ns3:hr>
            <ns3:cad>81</ns3:cad>
          </ns3:TrackPointExtension>
        </extensions>
      </trkpt>
      <trkpt lat="43.8447068631649017333984375" lon="87.5104877538979053497314453125">
        <ele>829.79998779296875</ele>
        <time>2026-08-06T13:33:26.000Z</time>
        <extensions>
          <ns3:TrackPointExtension>
            <ns3:hr>148</ns3:hr>
            <ns3:cad>81</ns3:cad>
          </ns3:TrackPointExtension>
        </extensions>
      </trkpt>
      <trkpt lat="43.8447539694607257843017578125" lon="87.5104968063533306121826171875">
        <ele>829.5999755859375</ele>
        <time>2026-08-06T13:33:28.000Z</time>
        <extensions>
          <ns3:TrackPointExtension>
            <ns3:hr>148</ns3:hr>
            <ns3:cad>81</ns3:cad>
          </ns3:TrackPointExtension>
        </extensions>
      </trkpt>
      <trkpt lat="43.84479110129177570343017578125" lon="87.510521113872528076171875">
        <ele>829.4000244140625</ele>
        <time>2026-08-06T13:33:32.000Z</time>
        <extensions>
          <ns3:TrackPointExtension>
            <ns3:hr>149</ns3:hr>
            <ns3:cad>82</ns3:cad>
          </ns3:TrackPointExtension>
        </extensions>
      </trkpt>
      <trkpt lat="43.844893276691436767578125" lon="87.510521449148654937744140625">
        <ele>829.20001220703125</ele>
        <time>2026-08-06T13:33:39.000Z</time>
        <extensions>
          <ns3:TrackPointExtension>
            <ns3:hr>151</ns3:hr>
            <ns3:cad>57</ns3:cad>
          </ns3:TrackPointExtension>
        </extensions>
      </trkpt>
      <trkpt lat="43.84495739825069904327392578125" lon="87.5105323456227779388427734375">
        <ele>828.79998779296875</ele>
        <time>2026-08-06T13:33:43.000Z</time>
        <extensions>
          <ns3:TrackPointExtension>
            <ns3:hr>148</ns3:hr>
            <ns3:cad>57</ns3:cad>
          </ns3:TrackPointExtension>
        </extensions>
      </trkpt>
      <trkpt lat="43.84501556865870952606201171875" lon="87.5105276517570018768310546875">
        <ele>828.4000244140625</ele>
        <time>2026-08-06T13:33:46.000Z</time>
        <extensions>
          <ns3:TrackPointExtension>
            <ns3:hr>145</ns3:hr>
            <ns3:cad>57</ns3:cad>
          </ns3:TrackPointExtension>
        </extensions>
      </trkpt>
      <trkpt lat="43.845064602792263031005859375" lon="87.51053511165082454681396484375">
        <ele>829</ele>
        <time>2026-08-06T13:33:48.000Z</time>
        <extensions>
          <ns3:TrackPointExtension>
            <ns3:hr>145</ns3:hr>
            <ns3:cad>79</ns3:cad>
          </ns3:TrackPointExtension>
        </extensions>
      </trkpt>
      <trkpt lat="43.8451844640076160430908203125" lon="87.51056394539773464202880859375">
        <ele>830.4000244140625</ele>
        <time>2026-08-06T13:33:53.000Z</time>
        <extensions>
          <ns3:TrackPointExtension>
            <ns3:hr>143</ns3:hr>
            <ns3:cad>81</ns3:cad>
          </ns3:TrackPointExtension>
        </extensions>
      </trkpt>
      <trkpt lat="43.84526954032480716705322265625" lon="87.51060300506651401519775390625">
        <ele>831.5999755859375</ele>
        <time>2026-08-06T13:33:56.000Z</time>
        <extensions>
          <ns3:TrackPointExtension>
            <ns3:hr>140</ns3:hr>
            <ns3:cad>81</ns3:cad>
          </ns3:TrackPointExtension>
        </extensions>
      </trkpt>
      <trkpt lat="43.8454339094460010528564453125" lon="87.51064374111592769622802734375">
        <ele>831.4000244140625</ele>
        <time>2026-08-06T13:34:02.000Z</time>
        <extensions>
          <ns3:TrackPointExtension>
            <ns3:hr>140</ns3:hr>
            <ns3:cad>81</ns3:cad>
          </ns3:TrackPointExtension>
        </extensions>
      </trkpt>
      <trkpt lat="43.8455893099308013916015625" lon="87.5106282345950603485107421875">
        <ele>830</ele>
        <time>2026-08-06T13:34:08.000Z</time>
        <extensions>
          <ns3:TrackPointExtension>
            <ns3:hr>143</ns3:hr>
            <ns3:cad>82</ns3:cad>
          </ns3:TrackPointExtension>
        </extensions>
      </trkpt>
      <trkpt lat="43.84570020250976085662841796875" lon="87.51064340583980083465576171875">
        <ele>828.5999755859375</ele>
        <time>2026-08-06T13:34:12.000Z</time>
        <extensions>
          <ns3:TrackPointExtension>
            <ns3:hr>146</ns3:hr>
            <ns3:cad>82</ns3:cad>
          </ns3:TrackPointExtension>
        </extensions>
      </trkpt>
      <trkpt lat="43.845789469778537750244140625" lon="87.51065044663846492767333984375">
        <ele>827.4000244140625</ele>
        <time>2026-08-06T13:34:15.000Z</time>
        <extensions>
          <ns3:TrackPointExtension>
            <ns3:hr>147</ns3:hr>
            <ns3:cad>82</ns3:cad>
          </ns3:TrackPointExtension>
        </extensions>
      </trkpt>
      <trkpt lat="43.84589533321559429168701171875" lon="87.51067123375833034515380859375">
        <ele>826.5999755859375</ele>
        <time>2026-08-06T13:34:21.000Z</time>
        <extensions>
          <ns3:TrackPointExtension>
            <ns3:hr>150</ns3:hr>
            <ns3:cad>82</ns3:cad>
          </ns3:TrackPointExtension>
        </extensions>
      </trkpt>
      <trkpt lat="43.84595618583261966705322265625" lon="87.510671317577362060546875">
        <ele>826.5999755859375</ele>
        <time>2026-08-06T13:34:24.000Z</time>
        <extensions>
          <ns3:TrackPointExtension>
            <ns3:hr>153</ns3:hr>
            <ns3:cad>56</ns3:cad>
          </ns3:TrackPointExtension>
        </extensions>
      </trkpt>
      <trkpt lat="43.84598962962627410888671875" lon="87.51067601144313812255859375">
        <ele>826.5999755859375</ele>
        <time>2026-08-06T13:34:27.000Z</time>
        <extensions>
          <ns3:TrackPointExtension>
            <ns3:hr>154</ns3:hr>
            <ns3:cad>56</ns3:cad>
          </ns3:TrackPointExtension>
        </extensions>
      </trkpt>
      <trkpt lat="43.84603078477084636688232421875" lon="87.51065723598003387451171875">
        <ele>826.4000244140625</ele>
        <time>2026-08-06T13:34:31.000Z</time>
        <extensions>
          <ns3:TrackPointExtension>
            <ns3:hr>153</ns3:hr>
            <ns3:cad>56</ns3:cad>
          </ns3:TrackPointExtension>
        </extensions>
      </trkpt>
      <trkpt lat="43.84604738093912601470947265625" lon="87.5106493569910526275634765625">
        <ele>826.4000244140625</ele>
        <time>2026-08-06T13:34:33.000Z</time>
        <extensions>
          <ns3:TrackPointExtension>
            <ns3:hr>151</ns3:hr>
            <ns3:cad>56</ns3:cad>
          </ns3:TrackPointExtension>
        </extensions>
      </trkpt>
      <trkpt lat="43.84605442173779010772705078125" lon="87.51064382493495941162109375">
        <ele>826.4000244140625</ele>
        <time>2026-08-06T13:34:34.000Z</time>
        <extensions>
          <ns3:TrackPointExtension>
            <ns3:hr>150</ns3:hr>
            <ns3:cad>56</ns3:cad>
          </ns3:TrackPointExtension>
        </extensions>
      </trkpt>
      <trkpt lat="43.84606548584997653961181640625" lon="87.51064189709722995758056640625">
        <ele>826.4000244140625</ele>
        <time>2026-08-06T13:34:35.000Z</time>
        <extensions>
          <ns3:TrackPointExtension>
            <ns3:hr>148</ns3:hr>
            <ns3:cad>56</ns3:cad>
          </ns3:TrackPointExtension>
        </extensions>
      </trkpt>
      <trkpt lat="43.84609758853912353515625" lon="87.51063619740307331085205078125">
        <ele>826.20001220703125</ele>
        <time>2026-08-06T13:34:37.000Z</time>
        <extensions>
          <ns3:TrackPointExtension>
            <ns3:hr>144</ns3:hr>
            <ns3:cad>56</ns3:cad>
          </ns3:TrackPointExtension>
        </extensions>
      </trkpt>
      <trkpt lat="43.84611644782125949859619140625" lon="87.510624714195728302001953125">
        <ele>826.20001220703125</ele>
        <time>2026-08-06T13:34:39.000Z</time>
        <extensions>
          <ns3:TrackPointExtension>
            <ns3:hr>143</ns3:hr>
            <ns3:cad>56</ns3:cad>
          </ns3:TrackPointExtension>
        </extensions>
      </trkpt>
      <trkpt lat="43.8462174497544765472412109375" lon="87.51065262593328952789306640625">
        <ele>826.79998779296875</ele>
        <time>2026-08-06T13:34:43.000Z</time>
        <extensions>
          <ns3:TrackPointExtension>
            <ns3:hr>140</ns3:hr>
            <ns3:cad>57</ns3:cad>
          </ns3:TrackPointExtension>
        </extensions>
      </trkpt>
      <trkpt lat="43.84625156410038471221923828125" lon="87.5106647796928882598876953125">
        <ele>827</ele>
        <time>2026-08-06T13:34:44.000Z</time>
        <extensions>
          <ns3:TrackPointExtension>
            <ns3:hr>138</ns3:hr>
            <ns3:cad>57</ns3:cad>
          </ns3:TrackPointExtension>
        </extensions>
      </trkpt>
      <trkpt lat="43.84636522270739078521728515625" lon="87.51067693345248699188232421875">
        <ele>827.5999755859375</ele>
        <time>2026-08-06T13:34:48.000Z</time>
        <extensions>
          <ns3:TrackPointExtension>
            <ns3:hr>135</ns3:hr>
            <ns3:cad>80</ns3:cad>
          </ns3:TrackPointExtension>
        </extensions>
      </trkpt>
      <trkpt lat="43.8464223034679889678955078125" lon="87.51068271696567535400390625">
        <ele>827.5999755859375</ele>
        <time>2026-08-06T13:34:50.000Z</time>
        <extensions>
          <ns3:TrackPointExtension>
            <ns3:hr>135</ns3:hr>
            <ns3:cad>80</ns3:cad>
          </ns3:TrackPointExtension>
        </extensions>
      </trkpt>
      <trkpt lat="43.84661567397415637969970703125" lon="87.5107314996421337127685546875">
        <ele>827.4000244140625</ele>
        <time>2026-08-06T13:34:57.000Z</time>
        <extensions>
          <ns3:TrackPointExtension>
            <ns3:hr>137</ns3:hr>
            <ns3:cad>82</ns3:cad>
          </ns3:TrackPointExtension>
        </extensions>
      </trkpt>
      <trkpt lat="43.846652805805206298828125" lon="87.51074516214430332183837890625">
        <ele>827.4000244140625</ele>
        <time>2026-08-06T13:34:58.000Z</time>
        <extensions>
          <ns3:TrackPointExtension>
            <ns3:hr>137</ns3:hr>
            <ns3:cad>82</ns3:cad>
          </ns3:TrackPointExtension>
        </extensions>
      </trkpt>
      <trkpt lat="43.84673788212239742279052734375" lon="87.5107895024120807647705078125">
        <ele>827.4000244140625</ele>
        <time>2026-08-06T13:35:02.000Z</time>
        <extensions>
          <ns3:TrackPointExtension>
            <ns3:hr>140</ns3:hr>
            <ns3:cad>81</ns3:cad>
          </ns3:TrackPointExtension>
        </extensions>
      </trkpt>
      <trkpt lat="43.8468437455594539642333984375" lon="87.510842978954315185546875">
        <ele>827.20001220703125</ele>
        <time>2026-08-06T13:35:07.000Z</time>
        <extensions>
          <ns3:TrackPointExtension>
            <ns3:hr>142</ns3:hr>
            <ns3:cad>82</ns3:cad>
          </ns3:TrackPointExtension>
        </extensions>
      </trkpt>
      <trkpt lat="43.8468913547694683074951171875" lon="87.510866113007068634033203125">
        <ele>827.20001220703125</ele>
        <time>2026-08-06T13:35:09.000Z</time>
        <extensions>
          <ns3:TrackPointExtension>
            <ns3:hr>145</ns3:hr>
            <ns3:cad>82</ns3:cad>
          </ns3:TrackPointExtension>
        </extensions>
      </trkpt>
      <trkpt lat="43.84699671529233455657958984375" lon="87.51091481186449527740478515625">
        <ele>826.79998779296875</ele>
        <time>2026-08-06T13:35:14.000Z</time>
        <extensions>
          <ns3:TrackPointExtension>
            <ns3:hr>148</ns3:hr>
            <ns3:cad>83</ns3:cad>
          </ns3:TrackPointExtension>
        </extensions>
      </trkpt>
      <trkpt lat="43.8470539636909961700439453125" lon="87.51093023456633090972900390625">
        <ele>826.4000244140625</ele>
        <time>2026-08-06T13:35:17.000Z</time>
        <extensions>
          <ns3:TrackPointExtension>
            <ns3:hr>149</ns3:hr>
            <ns3:cad>82</ns3:cad>
          </ns3:TrackPointExtension>
        </extensions>
      </trkpt>
      <trkpt lat="43.847126550972461700439453125" lon="87.51091741025447845458984375">
        <ele>825.4000244140625</ele>
        <time>2026-08-06T13:35:19.000Z</time>
        <extensions>
          <ns3:TrackPointExtension>
            <ns3:hr>150</ns3:hr>
            <ns3:cad>82</ns3:cad>
          </ns3:TrackPointExtension>
        </extensions>
      </trkpt>
      <trkpt lat="43.84718229062855243682861328125" lon="87.51090927980840206146240234375">
        <ele>824.79998779296875</ele>
        <time>2026-08-06T13:35:21.000Z</time>
        <extensions>
          <ns3:TrackPointExtension>
            <ns3:hr>150</ns3:hr>
            <ns3:cad>82</ns3:cad>
          </ns3:TrackPointExtension>
        </extensions>
      </trkpt>
      <trkpt lat="43.8472645170986652374267578125" lon="87.51092000864446163177490234375">
        <ele>824</ele>
        <time>2026-08-06T13:35:28.000Z</time>
        <extensions>
          <ns3:TrackPointExtension>
            <ns3:hr>149</ns3:hr>
            <ns3:cad>56</ns3:cad>
          </ns3:TrackPointExtension>
        </extensions>
      </trkpt>
      <trkpt lat="43.8473469950258731842041015625" lon="87.51091766171157360076904296875">
        <ele>823.4000244140625</ele>
        <time>2026-08-06T13:35:34.000Z</time>
        <extensions>
          <ns3:TrackPointExtension>
            <ns3:hr>148</ns3:hr>
            <ns3:cad>57</ns3:cad>
          </ns3:TrackPointExtension>
        </extensions>
      </trkpt>
      <trkpt lat="43.8473689556121826171875" lon="87.51090693287551403045654296875">
        <ele>823.20001220703125</ele>
        <time>2026-08-06T13:35:37.000Z</time>
        <extensions>
          <ns3:TrackPointExtension>
            <ns3:hr>145</ns3:hr>
            <ns3:cad>56</ns3:cad>
          </ns3:TrackPointExtension>
        </extensions>
      </trkpt>
      <trkpt lat="43.8473905809223651885986328125" lon="87.510902993381023406982421875">
        <ele>823</ele>
        <time>2026-08-06T13:35:40.000Z</time>
        <extensions>
          <ns3:TrackPointExtension>
            <ns3:hr>142</ns3:hr>
            <ns3:cad>57</ns3:cad>
          </ns3:TrackPointExtension>
        </extensions>
      </trkpt>
      <trkpt lat="43.84742729365825653076171875" lon="87.5109014846384525299072265625">
        <ele>822.79998779296875</ele>
        <time>2026-08-06T13:35:42.000Z</time>
        <extensions>
          <ns3:TrackPointExtension>
            <ns3:hr>141</ns3:hr>
            <ns3:cad>58</ns3:cad>
          </ns3:TrackPointExtension>
        </extensions>
      </trkpt>
      <trkpt lat="43.84757883846759796142578125" lon="87.51091497950255870819091796875">
        <ele>821.79998779296875</ele>
        <time>2026-08-06T13:35:48.000Z</time>
        <extensions>
          <ns3:TrackPointExtension>
            <ns3:hr>142</ns3:hr>
            <ns3:cad>82</ns3:cad>
          </ns3:TrackPointExtension>
        </extensions>
      </trkpt>
      <trkpt lat="43.8477141223847866058349609375" lon="87.51095705665647983551025390625">
        <ele>821</ele>
        <time>2026-08-06T13:35:52.000Z</time>
        <extensions>
          <ns3:TrackPointExtension>
            <ns3:hr>139</ns3:hr>
            <ns3:cad>82</ns3:cad>
          </ns3:TrackPointExtension>
        </extensions>
      </trkpt>
      <trkpt lat="43.847807161509990692138671875" lon="87.5109876506030559539794921875">
        <ele>820.5999755859375</ele>
        <time>2026-08-06T13:35:55.000Z</time>
        <extensions>
          <ns3:TrackPointExtension>
            <ns3:hr>138</ns3:hr>
            <ns3:cad>82</ns3:cad>
          </ns3:TrackPointExtension>
        </extensions>
      </trkpt>
      <trkpt lat="43.84786625392735004425048828125" lon="87.5110205076634883880615234375">
        <ele>821</ele>
        <time>2026-08-06T13:35:58.000Z</time>
        <extensions>
          <ns3:TrackPointExtension>
            <ns3:hr>141</ns3:hr>
            <ns3:cad>81</ns3:cad>
          </ns3:TrackPointExtension>
        </extensions>
      </trkpt>
      <trkpt lat="43.8478911481797695159912109375" lon="87.5110392831265926361083984375">
        <ele>821</ele>
        <time>2026-08-06T13:36:00.000Z</time>
        <extensions>
          <ns3:TrackPointExtension>
            <ns3:hr>143</ns3:hr>
            <ns3:cad>81</ns3:cad>
          </ns3:TrackPointExtension>
        </extensions>
      </trkpt>
      <trkpt lat="43.847937919199466705322265625" lon="87.5110667757689952850341796875">
        <ele>821.20001220703125</ele>
        <time>2026-08-06T13:36:05.000Z</time>
        <extensions>
          <ns3:TrackPointExtension>
            <ns3:hr>146</ns3:hr>
            <ns3:cad>56</ns3:cad>
          </ns3:TrackPointExtension>
        </extensions>
      </trkpt>
      <trkpt lat="43.847942613065242767333984375" lon="87.5110684521496295928955078125">
        <ele>821.20001220703125</ele>
        <time>2026-08-06T13:36:06.000Z</time>
        <extensions>
          <ns3:TrackPointExtension>
            <ns3:hr>146</ns3:hr>
            <ns3:cad>56</ns3:cad>
          </ns3:TrackPointExtension>
        </extensions>
      </trkpt>
      <trkpt lat="43.8479535095393657684326171875" lon="87.511078678071498870849609375">
        <ele>821.4000244140625</ele>
        <time>2026-08-06T13:36:12.000Z</time>
        <extensions>
          <ns3:TrackPointExtension>
            <ns3:hr>148</ns3:hr>
            <ns3:cad>0</ns3:cad>
          </ns3:TrackPointExtension>
        </extensions>
      </trkpt>
      <trkpt lat="43.84804797358810901641845703125" lon="87.51109183765947818756103515625">
        <ele>821</ele>
        <time>2026-08-06T13:36:16.000Z</time>
        <extensions>
          <ns3:TrackPointExtension>
            <ns3:hr>149</ns3:hr>
            <ns3:cad>82</ns3:cad>
          </ns3:TrackPointExtension>
        </extensions>
      </trkpt>
      <trkpt lat="43.84813933633267879486083984375" lon="87.5111018121242523193359375">
        <ele>820.79998779296875</ele>
        <time>2026-08-06T13:36:19.000Z</time>
        <extensions>
          <ns3:TrackPointExtension>
            <ns3:hr>146</ns3:hr>
            <ns3:cad>82</ns3:cad>
          </ns3:TrackPointExtension>
        </extensions>
      </trkpt>
      <trkpt lat="43.848328180611133575439453125" lon="87.511125616729259490966796875">
        <ele>820.5999755859375</ele>
        <time>2026-08-06T13:36:25.000Z</time>
        <extensions>
          <ns3:TrackPointExtension>
            <ns3:hr>146</ns3:hr>
            <ns3:cad>82</ns3:cad>
          </ns3:TrackPointExtension>
        </extensions>
      </trkpt>
      <trkpt lat="43.84842582978308200836181640625" lon="87.51111530698835849761962890625">
        <ele>820.79998779296875</ele>
        <time>2026-08-06T13:36:29.000Z</time>
        <extensions>
          <ns3:TrackPointExtension>
            <ns3:hr>145</ns3:hr>
            <ns3:cad>82</ns3:cad>
          </ns3:TrackPointExtension>
        </extensions>
      </trkpt>
      <trkpt lat="43.848438821732997894287109375" lon="87.511100135743618011474609375">
        <ele>820.79998779296875</ele>
        <time>2026-08-06T13:36:30.000Z</time>
        <extensions>
          <ns3:TrackPointExtension>
            <ns3:hr>145</ns3:hr>
            <ns3:cad>82</ns3:cad>
          </ns3:TrackPointExtension>
        </extensions>
      </trkpt>
      <trkpt lat="43.84855809621512889862060546875" lon="87.511008940637111663818359375">
        <ele>820.20001220703125</ele>
        <time>2026-08-06T13:36:38.000Z</time>
        <extensions>
          <ns3:TrackPointExtension>
            <ns3:hr>146</ns3:hr>
            <ns3:cad>79</ns3:cad>
          </ns3:TrackPointExtension>
        </extensions>
      </trkpt>
      <trkpt lat="43.84868030436336994171142578125" lon="87.5110057555139064788818359375">
        <ele>820</ele>
        <time>2026-08-06T13:36:42.000Z</time>
        <extensions>
          <ns3:TrackPointExtension>
            <ns3:hr>149</ns3:hr>
            <ns3:cad>81</ns3:cad>
          </ns3:TrackPointExtension>
        </extensions>
      </trkpt>
      <trkpt lat="43.84876311756670475006103515625" lon="87.51100215129554271697998046875">
        <ele>819.79998779296875</ele>
        <time>2026-08-06T13:36:45.000Z</time>
        <extensions>
          <ns3:TrackPointExtension>
            <ns3:hr>150</ns3:hr>
            <ns3:cad>82</ns3:cad>
          </ns3:TrackPointExtension>
        </extensions>
      </trkpt>
      <trkpt lat="43.84896612726151943206787109375" lon="87.511004917323589324951171875">
        <ele>818.79998779296875</ele>
        <time>2026-08-06T13:36:53.000Z</time>
        <extensions>
          <ns3:TrackPointExtension>
            <ns3:hr>152</ns3:hr>
            <ns3:cad>83</ns3:cad>
          </ns3:TrackPointExtension>
        </extensions>
      </trkpt>
      <trkpt lat="43.84899529628455638885498046875" lon="87.510999552905559539794921875">
        <ele>818.5999755859375</ele>
        <time>2026-08-06T13:36:54.000Z</time>
        <extensions>
          <ns3:TrackPointExtension>
            <ns3:hr>153</ns3:hr>
            <ns3:cad>83</ns3:cad>
          </ns3:TrackPointExtension>
        </extensions>
      </trkpt>
      <trkpt lat="43.8491497747600078582763671875" lon="87.51101857982575893402099609375">
        <ele>817.20001220703125</ele>
        <time>2026-08-06T13:37:00.000Z</time>
        <extensions>
          <ns3:TrackPointExtension>
            <ns3:hr>157</ns3:hr>
            <ns3:cad>83</ns3:cad>
          </ns3:TrackPointExtension>
        </extensions>
      </trkpt>
      <trkpt lat="43.8492268882691860198974609375" lon="87.5110349245369434356689453125">
        <ele>817</ele>
        <time>2026-08-06T13:37:05.000Z</time>
        <extensions>
          <ns3:TrackPointExtension>
            <ns3:hr>156</ns3:hr>
            <ns3:cad>83</ns3:cad>
          </ns3:TrackPointExtension>
        </extensions>
      </trkpt>
      <trkpt lat="43.84927541948854923248291015625" lon="87.51103199087083339691162109375">
        <ele>816.79998779296875</ele>
        <time>2026-08-06T13:37:09.000Z</time>
        <extensions>
          <ns3:TrackPointExtension>
            <ns3:hr>159</ns3:hr>
            <ns3:cad>59</ns3:cad>
          </ns3:TrackPointExtension>
        </extensions>
      </trkpt>
      <trkpt lat="43.84930660016834735870361328125" lon="87.511016316711902618408203125">
        <ele>816.4000244140625</ele>
        <time>2026-08-06T13:37:11.000Z</time>
        <extensions>
          <ns3:TrackPointExtension>
            <ns3:hr>159</ns3:hr>
            <ns3:cad>59</ns3:cad>
          </ns3:TrackPointExtension>
        </extensions>
      </trkpt>
      <trkpt lat="43.8494114577770233154296875" lon="87.51102847047150135040283203125">
        <ele>816.4000244140625</ele>
        <time>2026-08-06T13:37:17.000Z</time>
        <extensions>
          <ns3:TrackPointExtension>
            <ns3:hr>159</ns3:hr>
            <ns3:cad>57</ns3:cad>
          </ns3:TrackPointExtension>
        </extensions>
      </trkpt>
      <trkpt lat="43.8495214283466339111328125" lon="87.511023692786693572998046875">
        <ele>816.20001220703125</ele>
        <time>2026-08-06T13:37:24.000Z</time>
        <extensions>
          <ns3:TrackPointExtension>
            <ns3:hr>157</ns3:hr>
            <ns3:cad>57</ns3:cad>
          </ns3:TrackPointExtension>
        </extensions>
      </trkpt>
      <trkpt lat="43.849615640938282012939453125" lon="87.5110493414103984832763671875">
        <ele>816.20001220703125</ele>
        <time>2026-08-06T13:37:29.000Z</time>
        <extensions>
          <ns3:TrackPointExtension>
            <ns3:hr>154</ns3:hr>
            <ns3:cad>54</ns3:cad>
          </ns3:TrackPointExtension>
        </extensions>
      </trkpt>
      <trkpt lat="43.8496503420174121856689453125" lon="87.511049844324588775634765625">
        <ele>816.20001220703125</ele>
        <time>2026-08-06T13:37:32.000Z</time>
        <extensions>
          <ns3:TrackPointExtension>
            <ns3:hr>152</ns3:hr>
            <ns3:cad>54</ns3:cad>
          </ns3:TrackPointExtension>
        </extensions>
      </trkpt>
      <trkpt lat="43.8496912457048892974853515625" lon="87.51105646602809429168701171875">
        <ele>816.20001220703125</ele>
        <time>2026-08-06T13:37:35.000Z</time>
        <extensions>
          <ns3:TrackPointExtension>
            <ns3:hr>149</ns3:hr>
            <ns3:cad>58</ns3:cad>
          </ns3:TrackPointExtension>
        </extensions>
      </trkpt>
      <trkpt lat="43.84973374195396900177001953125" lon="87.5110620819032192230224609375">
        <ele>816.20001220703125</ele>
        <time>2026-08-06T13:37:38.000Z</time>
        <extensions>
          <ns3:TrackPointExtension>
            <ns3:hr>146</ns3:hr>
            <ns3:cad>58</ns3:cad>
          </ns3:TrackPointExtension>
        </extensions>
      </trkpt>
      <trkpt lat="43.84978805668652057647705078125" lon="87.51105730421841144561767578125">
        <ele>815.79998779296875</ele>
        <time>2026-08-06T13:37:41.000Z</time>
        <extensions>
          <ns3:TrackPointExtension>
            <ns3:hr>143</ns3:hr>
            <ns3:cad>57</ns3:cad>
          </ns3:TrackPointExtension>
        </extensions>
      </trkpt>
      <trkpt lat="43.84983968921005725860595703125" lon="87.5110526941716670989990234375">
        <ele>815.20001220703125</ele>
        <time>2026-08-06T13:37:43.000Z</time>
        <extensions>
          <ns3:TrackPointExtension>
            <ns3:hr>142</ns3:hr>
            <ns3:cad>78</ns3:cad>
          </ns3:TrackPointExtension>
        </extensions>
      </trkpt>
      <trkpt lat="43.85000095702707767486572265625" lon="87.5110661052167415618896484375">
        <ele>814</ele>
        <time>2026-08-06T13:37:49.000Z</time>
        <extensions>
          <ns3:TrackPointExtension>
            <ns3:hr>142</ns3:hr>
            <ns3:cad>81</ns3:cad>
          </ns3:TrackPointExtension>
        </extensions>
      </trkpt>
      <trkpt lat="43.85018820874392986297607421875" lon="87.511095106601715087890625">
        <ele>814</ele>
        <time>2026-08-06T13:37:56.000Z</time>
        <extensions>
          <ns3:TrackPointExtension>
            <ns3:hr>145</ns3:hr>
            <ns3:cad>82</ns3:cad>
          </ns3:TrackPointExtension>
        </extensions>
      </trkpt>
      <trkpt lat="43.85021737776696681976318359375" lon="87.51109602861106395721435546875">
        <ele>814</ele>
        <time>2026-08-06T13:37:57.000Z</time>
        <extensions>
          <ns3:TrackPointExtension>
            <ns3:hr>145</ns3:hr>
            <ns3:cad>82</ns3:cad>
          </ns3:TrackPointExtension>
        </extensions>
      </trkpt>
      <trkpt lat="43.85035752318799495697021484375" lon="87.5110991299152374267578125">
        <ele>813.20001220703125</ele>
        <time>2026-08-06T13:38:02.000Z</time>
        <extensions>
          <ns3:TrackPointExtension>
            <ns3:hr>148</ns3:hr>
            <ns3:cad>82</ns3:cad>
          </ns3:TrackPointExtension>
        </extensions>
      </trkpt>
      <trkpt lat="43.85045877657830715179443359375" lon="87.5110991299152374267578125">
        <ele>813</ele>
        <time>2026-08-06T13:38:06.000Z</time>
        <extensions>
          <ns3:TrackPointExtension>
            <ns3:hr>148</ns3:hr>
            <ns3:cad>83</ns3:cad>
          </ns3:TrackPointExtension>
        </extensions>
      </trkpt>
      <trkpt lat="43.85057494975626468658447265625" lon="87.51111296005547046661376953125">
        <ele>813</ele>
        <time>2026-08-06T13:38:10.000Z</time>
        <extensions>
          <ns3:TrackPointExtension>
            <ns3:hr>151</ns3:hr>
            <ns3:cad>82</ns3:cad>
          </ns3:TrackPointExtension>
        </extensions>
      </trkpt>
      <trkpt lat="43.8506424240767955780029296875" lon="87.51113290898501873016357421875">
        <ele>812.5999755859375</ele>
        <time>2026-08-06T13:38:14.000Z</time>
        <extensions>
          <ns3:TrackPointExtension>
            <ns3:hr>153</ns3:hr>
            <ns3:cad>83</ns3:cad>
          </ns3:TrackPointExtension>
        </extensions>
      </trkpt>
      <trkpt lat="43.85072045959532260894775390625" lon="87.51113106496632099151611328125">
        <ele>812</ele>
        <time>2026-08-06T13:38:21.000Z</time>
        <extensions>
          <ns3:TrackPointExtension>
            <ns3:hr>155</ns3:hr>
            <ns3:cad>59</ns3:cad>
          </ns3:TrackPointExtension>
        </extensions>
      </trkpt>
      <trkpt lat="43.85084333829581737518310546875" lon="87.511132992804050445556640625">
        <ele>811</ele>
        <time>2026-08-06T13:38:29.000Z</time>
        <extensions>
          <ns3:TrackPointExtension>
            <ns3:hr>155</ns3:hr>
            <ns3:cad>57</ns3:cad>
          </ns3:TrackPointExtension>
        </extensions>
      </trkpt>
      <trkpt lat="43.85090284980833530426025390625" lon="87.51114129088819026947021484375">
        <ele>810.5999755859375</ele>
        <time>2026-08-06T13:38:34.000Z</time>
        <extensions>
          <ns3:TrackPointExtension>
            <ns3:hr>152</ns3:hr>
            <ns3:cad>57</ns3:cad>
          </ns3:TrackPointExtension>
        </extensions>
      </trkpt>
      <trkpt lat="43.85092757642269134521484375" lon="87.5111465714871883392333984375">
        <ele>810.4000244140625</ele>
        <time>2026-08-06T13:38:36.000Z</time>
        <extensions>
          <ns3:TrackPointExtension>
            <ns3:hr>149</ns3:hr>
            <ns3:cad>57</ns3:cad>
          </ns3:TrackPointExtension>
        </extensions>
      </trkpt>
      <trkpt lat="43.85095800273120403289794921875" lon="87.511153109371662139892578125">
        <ele>810.20001220703125</ele>
        <time>2026-08-06T13:38:38.000Z</time>
        <extensions>
          <ns3:TrackPointExtension>
            <ns3:hr>147</ns3:hr>
            <ns3:cad>56</ns3:cad>
          </ns3:TrackPointExtension>
        </extensions>
      </trkpt>
      <trkpt lat="43.85110619477927684783935546875" lon="87.51116358675062656402587890625">
        <ele>809.20001220703125</ele>
        <time>2026-08-06T13:38:44.000Z</time>
        <extensions>
          <ns3:TrackPointExtension>
            <ns3:hr>147</ns3:hr>
            <ns3:cad>82</ns3:cad>
          </ns3:TrackPointExtension>
        </extensions>
      </trkpt>
      <trkpt lat="43.851303420960903167724609375" lon="87.51118571497499942779541015625">
        <ele>808.4000244140625</ele>
        <time>2026-08-06T13:38:52.000Z</time>
        <extensions>
          <ns3:TrackPointExtension>
            <ns3:hr>148</ns3:hr>
            <ns3:cad>82</ns3:cad>
          </ns3:TrackPointExtension>
        </extensions>
      </trkpt>
      <trkpt lat="43.85136477649211883544921875" lon="87.51118688844144344329833984375">
        <ele>808.20001220703125</ele>
        <time>2026-08-06T13:38:54.000Z</time>
        <extensions>
          <ns3:TrackPointExtension>
            <ns3:hr>147</ns3:hr>
            <ns3:cad>82</ns3:cad>
          </ns3:TrackPointExtension>
        </extensions>
      </trkpt>
      <trkpt lat="43.8514474220573902130126953125" lon="87.51119409687817096710205078125">
        <ele>807.79998779296875</ele>
        <time>2026-08-06T13:38:57.000Z</time>
        <extensions>
          <ns3:TrackPointExtension>
            <ns3:hr>147</ns3:hr>
            <ns3:cad>83</ns3:cad>
          </ns3:TrackPointExtension>
        </extensions>
      </trkpt>
      <trkpt lat="43.8516029901802539825439453125" lon="87.5112018920481204986572265625">
        <ele>806.79998779296875</ele>
        <time>2026-08-06T13:39:04.000Z</time>
        <extensions>
          <ns3:TrackPointExtension>
            <ns3:hr>150</ns3:hr>
            <ns3:cad>82</ns3:cad>
          </ns3:TrackPointExtension>
        </extensions>
      </trkpt>
      <trkpt lat="43.8516591489315032958984375" lon="87.51118554733693599700927734375">
        <ele>806.20001220703125</ele>
        <time>2026-08-06T13:39:08.000Z</time>
        <extensions>
          <ns3:TrackPointExtension>
            <ns3:hr>153</ns3:hr>
            <ns3:cad>58</ns3:cad>
          </ns3:TrackPointExtension>
        </extensions>
      </trkpt>
      <trkpt lat="43.8516913354396820068359375" lon="87.51118563115596771240234375">
        <ele>806</ele>
        <time>2026-08-06T13:39:10.000Z</time>
        <extensions>
          <ns3:TrackPointExtension>
            <ns3:hr>152</ns3:hr>
            <ns3:cad>58</ns3:cad>
          </ns3:TrackPointExtension>
        </extensions>
      </trkpt>
      <trkpt lat="43.8517122901976108551025390625" lon="87.51118722371757030487060546875">
        <ele>805.79998779296875</ele>
        <time>2026-08-06T13:39:12.000Z</time>
        <extensions>
          <ns3:TrackPointExtension>
            <ns3:hr>151</ns3:hr>
            <ns3:cad>58</ns3:cad>
          </ns3:TrackPointExtension>
        </extensions>
      </trkpt>
      <trkpt lat="43.85184162296354770660400390625" lon="87.51120767556130886077880859375">
        <ele>804.5999755859375</ele>
        <time>2026-08-06T13:39:20.000Z</time>
        <extensions>
          <ns3:TrackPointExtension>
            <ns3:hr>150</ns3:hr>
            <ns3:cad>58</ns3:cad>
          </ns3:TrackPointExtension>
        </extensions>
      </trkpt>
      <trkpt lat="43.85196249000728130340576171875" lon="87.51122427172958850860595703125">
        <ele>803.20001220703125</ele>
        <time>2026-08-06T13:39:25.000Z</time>
        <extensions>
          <ns3:TrackPointExtension>
            <ns3:hr>148</ns3:hr>
            <ns3:cad>82</ns3:cad>
          </ns3:TrackPointExtension>
        </extensions>
      </trkpt>
      <trkpt lat="43.8521699421107769012451171875" lon="87.5112300552427768707275390625">
        <ele>802.20001220703125</ele>
        <time>2026-08-06T13:39:32.000Z</time>
        <extensions>
          <ns3:TrackPointExtension>
            <ns3:hr>148</ns3:hr>
            <ns3:cad>83</ns3:cad>
          </ns3:TrackPointExtension>
        </extensions>
      </trkpt>
      <trkpt lat="43.85219885967671871185302734375" lon="87.5112243555486202239990234375">
        <ele>802.20001220703125</ele>
        <time>2026-08-06T13:39:33.000Z</time>
        <extensions>
          <ns3:TrackPointExtension>
            <ns3:hr>148</ns3:hr>
            <ns3:cad>82</ns3:cad>
          </ns3:TrackPointExtension>
        </extensions>
      </trkpt>
      <trkpt lat="43.8524053059518337249755859375" lon="87.5112471543252468109130859375">
        <ele>802</ele>
        <time>2026-08-06T13:39:40.000Z</time>
        <extensions>
          <ns3:TrackPointExtension>
            <ns3:hr>149</ns3:hr>
            <ns3:cad>83</ns3:cad>
          </ns3:TrackPointExtension>
        </extensions>
      </trkpt>
      <trkpt lat="43.8525898754596710205078125" lon="87.51127305440604686737060546875">
        <ele>801.20001220703125</ele>
        <time>2026-08-06T13:39:47.000Z</time>
        <extensions>
          <ns3:TrackPointExtension>
            <ns3:hr>151</ns3:hr>
            <ns3:cad>79</ns3:cad>
          </ns3:TrackPointExtension>
        </extensions>
      </trkpt>
      <trkpt lat="43.8528029434382915496826171875" lon="87.51126433722674846649169921875">
        <ele>800.4000244140625</ele>
        <time>2026-08-06T13:39:54.000Z</time>
        <extensions>
          <ns3:TrackPointExtension>
            <ns3:hr>153</ns3:hr>
            <ns3:cad>82</ns3:cad>
          </ns3:TrackPointExtension>
        </extensions>
      </trkpt>
      <trkpt lat="43.85291685350239276885986328125" lon="87.511257715523242950439453125">
        <ele>799.4000244140625</ele>
        <time>2026-08-06T13:39:58.000Z</time>
        <extensions>
          <ns3:TrackPointExtension>
            <ns3:hr>155</ns3:hr>
            <ns3:cad>82</ns3:cad>
          </ns3:TrackPointExtension>
        </extensions>
      </trkpt>
      <trkpt lat="43.85309857316315174102783203125" lon="87.51126852817833423614501953125">
        <ele>797.5999755859375</ele>
        <time>2026-08-06T13:40:04.000Z</time>
        <extensions>
          <ns3:TrackPointExtension>
            <ns3:hr>155</ns3:hr>
            <ns3:cad>83</ns3:cad>
          </ns3:TrackPointExtension>
        </extensions>
      </trkpt>
      <trkpt lat="43.85323855094611644744873046875" lon="87.51129283569753170013427734375">
        <ele>796.79998779296875</ele>
        <time>2026-08-06T13:40:09.000Z</time>
        <extensions>
          <ns3:TrackPointExtension>
            <ns3:hr>155</ns3:hr>
            <ns3:cad>84</ns3:cad>
          </ns3:TrackPointExtension>
        </extensions>
      </trkpt>
      <trkpt lat="43.85341976769268512725830078125" lon="87.51130633056163787841796875">
        <ele>796.20001220703125</ele>
        <time>2026-08-06T13:40:15.000Z</time>
        <extensions>
          <ns3:TrackPointExtension>
            <ns3:hr>156</ns3:hr>
            <ns3:cad>83</ns3:cad>
          </ns3:TrackPointExtension>
        </extensions>
      </trkpt>
      <trkpt lat="43.85348414070904254913330078125" lon="87.51130809076130390167236328125">
        <ele>796</ele>
        <time>2026-08-06T13:40:17.000Z</time>
        <extensions>
          <ns3:TrackPointExtension>
            <ns3:hr>157</ns3:hr>
            <ns3:cad>83</ns3:cad>
          </ns3:TrackPointExtension>
        </extensions>
      </trkpt>
      <trkpt lat="43.8536823727190494537353515625" lon="87.511304318904876708984375">
        <ele>795.4000244140625</ele>
        <time>2026-08-06T13:40:23.000Z</time>
        <extensions>
          <ns3:TrackPointExtension>
            <ns3:hr>159</ns3:hr>
            <ns3:cad>83</ns3:cad>
          </ns3:TrackPointExtension>
        </extensions>
      </trkpt>
      <trkpt lat="43.8537279702723026275634765625" lon="87.51130976714193820953369140625">
        <ele>795.5999755859375</ele>
        <time>2026-08-06T13:40:25.000Z</time>
        <extensions>
          <ns3:TrackPointExtension>
            <ns3:hr>159</ns3:hr>
            <ns3:cad>83</ns3:cad>
          </ns3:TrackPointExtension>
        </extensions>
      </trkpt>
      <trkpt lat="43.85379024781286716461181640625" lon="87.51133893616497516632080078125">
        <ele>795.5999755859375</ele>
        <time>2026-08-06T13:40:31.000Z</time>
        <extensions>
          <ns3:TrackPointExtension>
            <ns3:hr>160</ns3:hr>
            <ns3:cad>57</ns3:cad>
          </ns3:TrackPointExtension>
        </extensions>
      </trkpt>
      <trkpt lat="43.853851519525051116943359375" lon="87.5113638304173946380615234375">
        <ele>795.5999755859375</ele>
        <time>2026-08-06T13:40:35.000Z</time>
        <extensions>
          <ns3:TrackPointExtension>
            <ns3:hr>163</ns3:hr>
            <ns3:cad>56</ns3:cad>
          </ns3:TrackPointExtension>
        </extensions>
      </trkpt>
      <trkpt lat="43.8539224304258823394775390625" lon="87.51135871745645999908447265625">
        <ele>795.4000244140625</ele>
        <time>2026-08-06T13:40:40.000Z</time>
        <extensions>
          <ns3:TrackPointExtension>
            <ns3:hr>164</ns3:hr>
            <ns3:cad>57</ns3:cad>
          </ns3:TrackPointExtension>
        </extensions>
      </trkpt>
      <trkpt lat="43.85398252867162227630615234375" lon="87.51135285012423992156982421875">
        <ele>795</ele>
        <time>2026-08-06T13:40:46.000Z</time>
        <extensions>
          <ns3:TrackPointExtension>
            <ns3:hr>168</ns3:hr>
            <ns3:cad>56</ns3:cad>
          </ns3:TrackPointExtension>
        </extensions>
      </trkpt>
      <trkpt lat="43.85401236824691295623779296875" lon="87.5113499164581298828125">
        <ele>795</ele>
        <time>2026-08-06T13:40:49.000Z</time>
        <extensions>
          <ns3:TrackPointExtension>
            <ns3:hr>170</ns3:hr>
            <ns3:cad>58</ns3:cad>
          </ns3:TrackPointExtension>
        </extensions>
      </trkpt>
      <trkpt lat="43.8540716283023357391357421875" lon="87.5113584659993648529052734375">
        <ele>794.79998779296875</ele>
        <time>2026-08-06T13:40:54.000Z</time>
        <extensions>
          <ns3:TrackPointExtension>
            <ns3:hr>167</ns3:hr>
            <ns3:cad>56</ns3:cad>
          </ns3:TrackPointExtension>
        </extensions>
      </trkpt>
      <trkpt lat="43.85411202907562255859375" lon="87.5113594718277454376220703125">
        <ele>794.5999755859375</ele>
        <time>2026-08-06T13:40:57.000Z</time>
        <extensions>
          <ns3:TrackPointExtension>
            <ns3:hr>163</ns3:hr>
            <ns3:cad>56</ns3:cad>
          </ns3:TrackPointExtension>
        </extensions>
      </trkpt>
      <trkpt lat="43.85415385477244853973388671875" lon="87.51135997474193572998046875">
        <ele>794.5999755859375</ele>
        <time>2026-08-06T13:41:00.000Z</time>
        <extensions>
          <ns3:TrackPointExtension>
            <ns3:hr>160</ns3:hr>
            <ns3:cad>57</ns3:cad>
          </ns3:TrackPointExtension>
        </extensions>
      </trkpt>
      <trkpt lat="43.85416223667562007904052734375" lon="87.51135905273258686065673828125">
        <ele>794.5999755859375</ele>
        <time>2026-08-06T13:41:01.000Z</time>
        <extensions>
          <ns3:TrackPointExtension>
            <ns3:hr>159</ns3:hr>
            <ns3:cad>57</ns3:cad>
          </ns3:TrackPointExtension>
        </extensions>
      </trkpt>
      <trkpt lat="43.85417413897812366485595703125" lon="87.5113601423799991607666015625">
        <ele>794.5999755859375</ele>
        <time>2026-08-06T13:41:02.000Z</time>
        <extensions>
          <ns3:TrackPointExtension>
            <ns3:hr>156</ns3:hr>
            <ns3:cad>56</ns3:cad>
          </ns3:TrackPointExtension>
        </extensions>
      </trkpt>
      <trkpt lat="43.85419006459414958953857421875" lon="87.5113624893128871917724609375">
        <ele>794.5999755859375</ele>
        <time>2026-08-06T13:41:03.000Z</time>
        <extensions>
          <ns3:TrackPointExtension>
            <ns3:hr>151</ns3:hr>
            <ns3:cad>56</ns3:cad>
          </ns3:TrackPointExtension>
        </extensions>
      </trkpt>
      <trkpt lat="43.8542080856859683990478515625" lon="87.51136207021772861480712890625">
        <ele>794.5999755859375</ele>
        <time>2026-08-06T13:41:04.000Z</time>
        <extensions>
          <ns3:TrackPointExtension>
            <ns3:hr>145</ns3:hr>
            <ns3:cad>56</ns3:cad>
          </ns3:TrackPointExtension>
        </extensions>
      </trkpt>
      <trkpt lat="43.8542282022535800933837890625" lon="87.51136609353125095367431640625">
        <ele>794.5999755859375</ele>
        <time>2026-08-06T13:41:05.000Z</time>
        <extensions>
          <ns3:TrackPointExtension>
            <ns3:hr>142</ns3:hr>
            <ns3:cad>56</ns3:cad>
          </ns3:TrackPointExtension>
        </extensions>
      </trkpt>
      <trkpt lat="43.854250498116016387939453125" lon="87.5113715417683124542236328125">
        <ele>794.5999755859375</ele>
        <time>2026-08-06T13:41:06.000Z</time>
        <extensions>
          <ns3:TrackPointExtension>
            <ns3:hr>142</ns3:hr>
            <ns3:cad>64</ns3:cad>
          </ns3:TrackPointExtension>
        </extensions>
      </trkpt>
      <trkpt lat="43.8543596304953098297119140625" lon="87.5113876350224018096923828125">
        <ele>794.20001220703125</ele>
        <time>2026-08-06T13:41:11.000Z</time>
        <extensions>
          <ns3:TrackPointExtension>
            <ns3:hr>140</ns3:hr>
            <ns3:cad>78</ns3:cad>
          </ns3:TrackPointExtension>
        </extensions>
      </trkpt>
      <trkpt lat="43.8544970937073230743408203125" lon="87.5113966874778270721435546875">
        <ele>794</ele>
        <time>2026-08-06T13:41:16.000Z</time>
        <extensions>
          <ns3:TrackPointExtension>
            <ns3:hr>137</ns3:hr>
            <ns3:cad>81</ns3:cad>
          </ns3:TrackPointExtension>
        </extensions>
      </trkpt>
      <trkpt lat="43.85459725745022296905517578125" lon="87.5114104337990283966064453125">
        <ele>793.5999755859375</ele>
        <time>2026-08-06T13:41:20.000Z</time>
        <extensions>
          <ns3:TrackPointExtension>
            <ns3:hr>138</ns3:hr>
            <ns3:cad>82</ns3:cad>
          </ns3:TrackPointExtension>
        </extensions>
      </trkpt>
      <trkpt lat="43.85471644811332225799560546875" lon="87.51141118817031383514404296875">
        <ele>793.20001220703125</ele>
        <time>2026-08-06T13:41:25.000Z</time>
        <extensions>
          <ns3:TrackPointExtension>
            <ns3:hr>141</ns3:hr>
            <ns3:cad>82</ns3:cad>
          </ns3:TrackPointExtension>
        </extensions>
      </trkpt>
      <trkpt lat="43.85483077727258205413818359375" lon="87.5114171393215656280517578125">
        <ele>792.20001220703125</ele>
        <time>2026-08-06T13:41:29.000Z</time>
        <extensions>
          <ns3:TrackPointExtension>
            <ns3:hr>144</ns3:hr>
            <ns3:cad>82</ns3:cad>
          </ns3:TrackPointExtension>
        </extensions>
      </trkpt>
      <trkpt lat="43.8550298474729061126708984375" lon="87.51143013127148151397705078125">
        <ele>790</ele>
        <time>2026-08-06T13:41:35.000Z</time>
        <extensions>
          <ns3:TrackPointExtension>
            <ns3:hr>147</ns3:hr>
            <ns3:cad>82</ns3:cad>
          </ns3:TrackPointExtension>
        </extensions>
      </trkpt>
      <trkpt lat="43.85506060905754566192626953125" lon="87.511430047452449798583984375">
        <ele>789.5999755859375</ele>
        <time>2026-08-06T13:41:36.000Z</time>
        <extensions>
          <ns3:TrackPointExtension>
            <ns3:hr>148</ns3:hr>
            <ns3:cad>82</ns3:cad>
          </ns3:TrackPointExtension>
        </extensions>
      </trkpt>
      <trkpt lat="43.8551924563944339752197265625" lon="87.5114369206130504608154296875">
        <ele>788.20001220703125</ele>
        <time>2026-08-06T13:41:41.000Z</time>
        <extensions>
          <ns3:TrackPointExtension>
            <ns3:hr>151</ns3:hr>
            <ns3:cad>83</ns3:cad>
          </ns3:TrackPointExtension>
        </extensions>
      </trkpt>
      <trkpt lat="43.85522590018808841705322265625" lon="87.51144446432590484619140625">
        <ele>787.79998779296875</ele>
        <time>2026-08-06T13:41:43.000Z</time>
        <extensions>
          <ns3:TrackPointExtension>
            <ns3:hr>152</ns3:hr>
            <ns3:cad>83</ns3:cad>
          </ns3:TrackPointExtension>
        </extensions>
      </trkpt>
      <trkpt lat="43.855301924049854278564453125" lon="87.51150942407548427581787109375">
        <ele>787.4000244140625</ele>
        <time>2026-08-06T13:41:49.000Z</time>
        <extensions>
          <ns3:TrackPointExtension>
            <ns3:hr>153</ns3:hr>
            <ns3:cad>57</ns3:cad>
          </ns3:TrackPointExtension>
        </extensions>
      </trkpt>
      <trkpt lat="43.85534073226153850555419921875" lon="87.51163230277597904205322265625">
        <ele>788.20001220703125</ele>
        <time>2026-08-06T13:41:57.000Z</time>
        <extensions>
          <ns3:TrackPointExtension>
            <ns3:hr>153</ns3:hr>
            <ns3:cad>56</ns3:cad>
          </ns3:TrackPointExtension>
        </extensions>
      </trkpt>
      <trkpt lat="43.85534106753766536712646484375" lon="87.51171796582639217376708984375">
        <ele>788.79998779296875</ele>
        <time>2026-08-06T13:42:01.000Z</time>
        <extensions>
          <ns3:TrackPointExtension>
            <ns3:hr>150</ns3:hr>
            <ns3:cad>56</ns3:cad>
          </ns3:TrackPointExtension>
        </extensions>
      </trkpt>
      <trkpt lat="43.85533520020544528961181640625" lon="87.51176708377897739410400390625">
        <ele>789.20001220703125</ele>
        <time>2026-08-06T13:42:03.000Z</time>
        <extensions>
          <ns3:TrackPointExtension>
            <ns3:hr>147</ns3:hr>
            <ns3:cad>56</ns3:cad>
          </ns3:TrackPointExtension>
        </extensions>
      </trkpt>
      <trkpt lat="43.85532732121646404266357421875" lon="87.5118147768080234527587890625">
        <ele>789.5999755859375</ele>
        <time>2026-08-06T13:42:05.000Z</time>
        <extensions>
          <ns3:TrackPointExtension>
            <ns3:hr>145</ns3:hr>
            <ns3:cad>57</ns3:cad>
          </ns3:TrackPointExtension>
        </extensions>
      </trkpt>
      <trkpt lat="43.85532111860811710357666015625" lon="87.51189264468848705291748046875">
        <ele>790.20001220703125</ele>
        <time>2026-08-06T13:42:09.000Z</time>
        <extensions>
          <ns3:TrackPointExtension>
            <ns3:hr>142</ns3:hr>
            <ns3:cad>57</ns3:cad>
          </ns3:TrackPointExtension>
        </extensions>
      </trkpt>
      <trkpt lat="43.8553124852478504180908203125" lon="87.51196883618831634521484375">
        <ele>790.79998779296875</ele>
        <time>2026-08-06T13:42:13.000Z</time>
        <extensions>
          <ns3:TrackPointExtension>
            <ns3:hr>139</ns3:hr>
            <ns3:cad>56</ns3:cad>
          </ns3:TrackPointExtension>
        </extensions>
      </trkpt>
      <trkpt lat="43.85530292987823486328125" lon="87.5120244920253753662109375">
        <ele>791.20001220703125</ele>
        <time>2026-08-06T13:42:15.000Z</time>
        <extensions>
          <ns3:TrackPointExtension>
            <ns3:hr>138</ns3:hr>
            <ns3:cad>56</ns3:cad>
          </ns3:TrackPointExtension>
        </extensions>
      </trkpt>
      <trkpt lat="43.8552715815603733062744140625" lon="87.51228868961334228515625">
        <ele>793.4000244140625</ele>
        <time>2026-08-06T13:42:23.000Z</time>
        <extensions>
          <ns3:TrackPointExtension>
            <ns3:hr>139</ns3:hr>
            <ns3:cad>82</ns3:cad>
          </ns3:TrackPointExtension>
        </extensions>
      </trkpt>
      <trkpt lat="43.85526026599109172821044921875" lon="87.51244568265974521636962890625">
        <ele>795.5999755859375</ele>
        <time>2026-08-06T13:42:28.000Z</time>
        <extensions>
          <ns3:TrackPointExtension>
            <ns3:hr>142</ns3:hr>
            <ns3:cad>82</ns3:cad>
          </ns3:TrackPointExtension>
        </extensions>
      </trkpt>
      <trkpt lat="43.85525758378207683563232421875" lon="87.51247837208211421966552734375">
        <ele>796.20001220703125</ele>
        <time>2026-08-06T13:42:30.000Z</time>
        <extensions>
          <ns3:TrackPointExtension>
            <ns3:hr>144</ns3:hr>
            <ns3:cad>82</ns3:cad>
          </ns3:TrackPointExtension>
        </extensions>
      </trkpt>
      <trkpt lat="43.855250291526317596435546875" lon="87.512550540268421173095703125">
        <ele>797.20001220703125</ele>
        <time>2026-08-06T13:42:34.000Z</time>
        <extensions>
          <ns3:TrackPointExtension>
            <ns3:hr>147</ns3:hr>
            <ns3:cad>59</ns3:cad>
          </ns3:TrackPointExtension>
        </extensions>
      </trkpt>
      <trkpt lat="43.855235539376735687255859375" lon="87.51267467625439167022705078125">
        <ele>799.20001220703125</ele>
        <time>2026-08-06T13:42:40.000Z</time>
        <extensions>
          <ns3:TrackPointExtension>
            <ns3:hr>148</ns3:hr>
            <ns3:cad>58</ns3:cad>
          </ns3:TrackPointExtension>
        </extensions>
      </trkpt>
      <trkpt lat="43.85520477779209613800048828125" lon="87.512855641543865203857421875">
        <ele>801</ele>
        <time>2026-08-06T13:42:49.000Z</time>
        <extensions>
          <ns3:TrackPointExtension>
            <ns3:hr>147</ns3:hr>
            <ns3:cad>56</ns3:cad>
          </ns3:TrackPointExtension>
        </extensions>
      </trkpt>
      <trkpt lat="43.85520494543015956878662109375" lon="87.5128908455371856689453125">
        <ele>801.4000244140625</ele>
        <time>2026-08-06T13:42:51.000Z</time>
        <extensions>
          <ns3:TrackPointExtension>
            <ns3:hr>147</ns3:hr>
            <ns3:cad>56</ns3:cad>
          </ns3:TrackPointExtension>
        </extensions>
      </trkpt>
      <trkpt lat="43.85519756935536861419677734375" lon="87.5130133889615535736083984375">
        <ele>802.20001220703125</ele>
        <time>2026-08-06T13:42:57.000Z</time>
        <extensions>
          <ns3:TrackPointExtension>
            <ns3:hr>145</ns3:hr>
            <ns3:cad>56</ns3:cad>
          </ns3:TrackPointExtension>
        </extensions>
      </trkpt>
      <trkpt lat="43.855179212987422943115234375" lon="87.51318848691880702972412109375">
        <ele>802.5999755859375</ele>
        <time>2026-08-06T13:43:07.000Z</time>
        <extensions>
          <ns3:TrackPointExtension>
            <ns3:hr>142</ns3:hr>
            <ns3:cad>55</ns3:cad>
          </ns3:TrackPointExtension>
        </extensions>
      </trkpt>
      <trkpt lat="43.8551505468785762786865234375" lon="87.51335679553449153900146484375">
        <ele>802.4000244140625</ele>
        <time>2026-08-06T13:43:16.000Z</time>
        <extensions>
          <ns3:TrackPointExtension>
            <ns3:hr>140</ns3:hr>
            <ns3:cad>55</ns3:cad>
          </ns3:TrackPointExtension>
        </extensions>
      </trkpt>
      <trkpt lat="43.8551495410501956939697265625" lon="87.51340448856353759765625">
        <ele>802.4000244140625</ele>
        <time>2026-08-06T13:43:19.000Z</time>
        <extensions>
          <ns3:TrackPointExtension>
            <ns3:hr>137</ns3:hr>
            <ns3:cad>55</ns3:cad>
          </ns3:TrackPointExtension>
        </extensions>
      </trkpt>
      <trkpt lat="43.8551254011690616607666015625" lon="87.51350716687738895416259765625">
        <ele>802</ele>
        <time>2026-08-06T13:43:25.000Z</time>
        <extensions>
          <ns3:TrackPointExtension>
            <ns3:hr>135</ns3:hr>
            <ns3:cad>55</ns3:cad>
          </ns3:TrackPointExtension>
        </extensions>
      </trkpt>
      <trkpt lat="43.85512850247323513031005859375" lon="87.513658963143825531005859375">
        <ele>801.4000244140625</ele>
        <time>2026-08-06T13:43:32.000Z</time>
        <extensions>
          <ns3:TrackPointExtension>
            <ns3:hr>133</ns3:hr>
            <ns3:cad>56</ns3:cad>
          </ns3:TrackPointExtension>
        </extensions>
      </trkpt>
      <trkpt lat="43.85512330569326877593994140625" lon="87.51376063562929630279541015625">
        <ele>800.4000244140625</ele>
        <time>2026-08-06T13:43:38.000Z</time>
        <extensions>
          <ns3:TrackPointExtension>
            <ns3:hr>130</ns3:hr>
            <ns3:cad>56</ns3:cad>
          </ns3:TrackPointExtension>
        </extensions>
      </trkpt>
      <trkpt lat="43.8551203720271587371826171875" lon="87.51377270556986331939697265625">
        <ele>800.4000244140625</ele>
        <time>2026-08-06T13:43:39.000Z</time>
        <extensions>
          <ns3:TrackPointExtension>
            <ns3:hr>130</ns3:hr>
            <ns3:cad>56</ns3:cad>
          </ns3:TrackPointExtension>
        </extensions>
      </trkpt>
      <trkpt lat="43.85510335676372051239013671875" lon="87.5138596259057521820068359375">
        <ele>799.79998779296875</ele>
        <time>2026-08-06T13:43:44.000Z</time>
        <extensions>
          <ns3:TrackPointExtension>
            <ns3:hr>131</ns3:hr>
            <ns3:cad>54</ns3:cad>
          </ns3:TrackPointExtension>
        </extensions>
      </trkpt>
      <trkpt lat="43.855096064507961273193359375" lon="87.5139028765261173248291015625">
        <ele>799.4000244140625</ele>
        <time>2026-08-06T13:43:47.000Z</time>
        <extensions>
          <ns3:TrackPointExtension>
            <ns3:hr>131</ns3:hr>
            <ns3:cad>18</ns3:cad>
          </ns3:TrackPointExtension>
        </extensions>
      </trkpt>
      <trkpt lat="43.85508441366255283355712890625" lon="87.51399164088070392608642578125">
        <ele>798.5999755859375</ele>
        <time>2026-08-06T13:43:52.000Z</time>
        <extensions>
          <ns3:TrackPointExtension>
            <ns3:hr>131</ns3:hr>
            <ns3:cad>54</ns3:cad>
          </ns3:TrackPointExtension>
        </extensions>
      </trkpt>
    </trkseg>
  </trk>
</gpx>
