<gpx xmlns:ns3="http://www.garmin.com/xmlschemas/TrackPointExtension/v1" xmlns="http://www.topografix.com/GPX/1/1" xmlns:xsi="http://www.w3.org/2001/XMLSchema-instance" xmlns:ns2="http://www.garmin.com/xmlschemas/GpxExtensions/v3" creator="Garmin Connect" version="1.1" xsi:schemaLocation="http://www.topografix.com/GPX/1/1 http://www.topografix.com/GPX/11.xsd">
  <extensions>
<distance>4102.2</distance>
<average_hr>144.0</average_hr>
<average_speed>2.174999952316284</average_speed>
<start_time>2026-08-09T12:55:25+00:00</start_time>
<end_time>2026-08-09T13:26:50.922000+00:00</end_time>
<moving_time>1874.922</moving_time>
<elapsed_time>2020.112</elapsed_time>
</extensions>
<metadata>
    <link href="connect.garmin.com">
      <text>Garmin Connect</text>
    </link>
    <time>2026-08-09T12:55:25.000Z</time>
  </metadata>
  <trk>
    <name>乌鲁木齐市 - 基础训练</name>
    <type>running</type>
    <trkseg>
      <trkpt lat="43.8557349331676959991455078125" lon="87.51722303219139575958251953125">
        <ele>784.5999755859375</ele>
        <time>2026-08-09T12:55:39.000Z</time>
        <extensions>
          <ns3:TrackPointExtension>
            <ns3:hr>78</ns3:hr>
            <ns3:cad>55</ns3:cad>
          </ns3:TrackPointExtension>
        </extensions>
      </trkpt>
      <trkpt lat="43.85572244413197040557861328125" lon="87.5173632614314556121826171875">
        <ele>783.79998779296875</ele>
        <time>2026-08-09T12:55:41.000Z</time>
        <extensions>
          <ns3:TrackPointExtension>
            <ns3:hr>81</ns3:hr>
            <ns3:cad>78</ns3:cad>
          </ns3:TrackPointExtension>
        </extensions>
      </trkpt>
      <trkpt lat="43.8556195981800556182861328125" lon="87.51734758727252483367919921875">
        <ele>783.79998779296875</ele>
        <time>2026-08-09T12:55:42.000Z</time>
        <extensions>
          <ns3:TrackPointExtension>
            <ns3:hr>86</ns3:hr>
            <ns3:cad>78</ns3:cad>
          </ns3:TrackPointExtension>
        </extensions>
      </trkpt>
      <trkpt lat="43.85560333728790283203125" lon="87.5173079408705234527587890625">
        <ele>784</ele>
        <time>2026-08-09T12:55:43.000Z</time>
        <extensions>
          <ns3:TrackPointExtension>
            <ns3:hr>89</ns3:hr>
            <ns3:cad>79</ns3:cad>
          </ns3:TrackPointExtension>
        </extensions>
      </trkpt>
      <trkpt lat="43.85556184686720371246337890625" lon="87.51727558672428131103515625">
        <ele>784.4000244140625</ele>
        <time>2026-08-09T12:55:44.000Z</time>
        <extensions>
          <ns3:TrackPointExtension>
            <ns3:hr>94</ns3:hr>
            <ns3:cad>79</ns3:cad>
          </ns3:TrackPointExtension>
        </extensions>
      </trkpt>
      <trkpt lat="43.8555216975510120391845703125" lon="87.517240047454833984375">
        <ele>784.79998779296875</ele>
        <time>2026-08-09T12:55:45.000Z</time>
        <extensions>
          <ns3:TrackPointExtension>
            <ns3:hr>97</ns3:hr>
            <ns3:cad>80</ns3:cad>
          </ns3:TrackPointExtension>
        </extensions>
      </trkpt>
      <trkpt lat="43.8554767705500125885009765625" lon="87.51717156730592250823974609375">
        <ele>785.4000244140625</ele>
        <time>2026-08-09T12:55:47.000Z</time>
        <extensions>
          <ns3:TrackPointExtension>
            <ns3:hr>103</ns3:hr>
            <ns3:cad>81</ns3:cad>
          </ns3:TrackPointExtension>
        </extensions>
      </trkpt>
      <trkpt lat="43.85542522184550762176513671875" lon="87.5171232037246227264404296875">
        <ele>786</ele>
        <time>2026-08-09T12:55:50.000Z</time>
        <extensions>
          <ns3:TrackPointExtension>
            <ns3:hr>103</ns3:hr>
            <ns3:cad>79</ns3:cad>
          </ns3:TrackPointExtension>
        </extensions>
      </trkpt>
      <trkpt lat="43.85539085604250431060791015625" lon="87.5171019136905670166015625">
        <ele>786.20001220703125</ele>
        <time>2026-08-09T12:55:52.000Z</time>
        <extensions>
          <ns3:TrackPointExtension>
            <ns3:hr>106</ns3:hr>
            <ns3:cad>79</ns3:cad>
          </ns3:TrackPointExtension>
        </extensions>
      </trkpt>
      <trkpt lat="43.85537224821746349334716796875" lon="87.517087161540985107421875">
        <ele>786.4000244140625</ele>
        <time>2026-08-09T12:55:55.000Z</time>
        <extensions>
          <ns3:TrackPointExtension>
            <ns3:hr>108</ns3:hr>
            <ns3:cad>80</ns3:cad>
          </ns3:TrackPointExtension>
        </extensions>
      </trkpt>
      <trkpt lat="43.85536118410527706146240234375" lon="87.51708439551293849945068359375">
        <ele>786.4000244140625</ele>
        <time>2026-08-09T12:55:56.000Z</time>
        <extensions>
          <ns3:TrackPointExtension>
            <ns3:hr>111</ns3:hr>
            <ns3:cad>80</ns3:cad>
          </ns3:TrackPointExtension>
        </extensions>
      </trkpt>
      <trkpt lat="43.85536420159041881561279296875" lon="87.51707936637103557586669921875">
        <ele>786.4000244140625</ele>
        <time>2026-08-09T12:55:59.000Z</time>
        <extensions>
          <ns3:TrackPointExtension>
            <ns3:hr>115</ns3:hr>
            <ns3:cad>77</ns3:cad>
          </ns3:TrackPointExtension>
        </extensions>
      </trkpt>
      <trkpt lat="43.85534383356571197509765625" lon="87.5170831382274627685546875">
        <ele>786.4000244140625</ele>
        <time>2026-08-09T12:56:01.000Z</time>
        <extensions>
          <ns3:TrackPointExtension>
            <ns3:hr>118</ns3:hr>
            <ns3:cad>77</ns3:cad>
          </ns3:TrackPointExtension>
        </extensions>
      </trkpt>
      <trkpt lat="43.85525104589760303497314453125" lon="87.51703192479908466339111328125">
        <ele>787.20001220703125</ele>
        <time>2026-08-09T12:56:05.000Z</time>
        <extensions>
          <ns3:TrackPointExtension>
            <ns3:hr>121</ns3:hr>
            <ns3:cad>80</ns3:cad>
          </ns3:TrackPointExtension>
        </extensions>
      </trkpt>
      <trkpt lat="43.8551689870655536651611328125" lon="87.5169870816171169281005859375">
        <ele>787.79998779296875</ele>
        <time>2026-08-09T12:56:08.000Z</time>
        <extensions>
          <ns3:TrackPointExtension>
            <ns3:hr>124</ns3:hr>
            <ns3:cad>79</ns3:cad>
          </ns3:TrackPointExtension>
        </extensions>
      </trkpt>
      <trkpt lat="43.85514040477573871612548828125" lon="87.51696713268756866455078125">
        <ele>788</ele>
        <time>2026-08-09T12:56:09.000Z</time>
        <extensions>
          <ns3:TrackPointExtension>
            <ns3:hr>125</ns3:hr>
            <ns3:cad>79</ns3:cad>
          </ns3:TrackPointExtension>
        </extensions>
      </trkpt>
      <trkpt lat="43.85503345169126987457275390625" lon="87.516854815185070037841796875">
        <ele>789.20001220703125</ele>
        <time>2026-08-09T12:56:13.000Z</time>
        <extensions>
          <ns3:TrackPointExtension>
            <ns3:hr>128</ns3:hr>
            <ns3:cad>79</ns3:cad>
          </ns3:TrackPointExtension>
        </extensions>
      </trkpt>
      <trkpt lat="43.85497746057808399200439453125" lon="87.516803853213787078857421875">
        <ele>789.5999755859375</ele>
        <time>2026-08-09T12:56:15.000Z</time>
        <extensions>
          <ns3:TrackPointExtension>
            <ns3:hr>128</ns3:hr>
            <ns3:cad>79</ns3:cad>
          </ns3:TrackPointExtension>
        </extensions>
      </trkpt>
      <trkpt lat="43.85490302927792072296142578125" lon="87.516773007810115814208984375">
        <ele>789.79998779296875</ele>
        <time>2026-08-09T12:56:20.000Z</time>
        <extensions>
          <ns3:TrackPointExtension>
            <ns3:hr>130</ns3:hr>
            <ns3:cad>79</ns3:cad>
          </ns3:TrackPointExtension>
        </extensions>
      </trkpt>
      <trkpt lat="43.85488810949027538299560546875" lon="87.51676085405051708221435546875">
        <ele>790</ele>
        <time>2026-08-09T12:56:21.000Z</time>
        <extensions>
          <ns3:TrackPointExtension>
            <ns3:hr>131</ns3:hr>
            <ns3:cad>0</ns3:cad>
          </ns3:TrackPointExtension>
        </extensions>
      </trkpt>
      <trkpt lat="43.85487017221748828887939453125" lon="87.516702599823474884033203125">
        <ele>789.79998779296875</ele>
        <time>2026-08-09T12:56:24.000Z</time>
        <extensions>
          <ns3:TrackPointExtension>
            <ns3:hr>132</ns3:hr>
            <ns3:cad>55</ns3:cad>
          </ns3:TrackPointExtension>
        </extensions>
      </trkpt>
      <trkpt lat="43.85487847030162811279296875" lon="87.51651249825954437255859375">
        <ele>789.4000244140625</ele>
        <time>2026-08-09T12:56:30.000Z</time>
        <extensions>
          <ns3:TrackPointExtension>
            <ns3:hr>133</ns3:hr>
            <ns3:cad>79</ns3:cad>
          </ns3:TrackPointExtension>
        </extensions>
      </trkpt>
      <trkpt lat="43.8548987545073032379150390625" lon="87.51631862483918666839599609375">
        <ele>789.4000244140625</ele>
        <time>2026-08-09T12:56:35.000Z</time>
        <extensions>
          <ns3:TrackPointExtension>
            <ns3:hr>136</ns3:hr>
            <ns3:cad>79</ns3:cad>
          </ns3:TrackPointExtension>
        </extensions>
      </trkpt>
      <trkpt lat="43.8549037836492061614990234375" lon="87.51623162068426609039306640625">
        <ele>789.5999755859375</ele>
        <time>2026-08-09T12:56:37.000Z</time>
        <extensions>
          <ns3:TrackPointExtension>
            <ns3:hr>137</ns3:hr>
            <ns3:cad>79</ns3:cad>
          </ns3:TrackPointExtension>
        </extensions>
      </trkpt>
      <trkpt lat="43.85498651303350925445556640625" lon="87.51608602702617645263671875">
        <ele>789.79998779296875</ele>
        <time>2026-08-09T12:56:43.000Z</time>
        <extensions>
          <ns3:TrackPointExtension>
            <ns3:hr>137</ns3:hr>
            <ns3:cad>78</ns3:cad>
          </ns3:TrackPointExtension>
        </extensions>
      </trkpt>
      <trkpt lat="43.85501568205654621124267578125" lon="87.51587237231433391571044921875">
        <ele>789.5999755859375</ele>
        <time>2026-08-09T12:56:50.000Z</time>
        <extensions>
          <ns3:TrackPointExtension>
            <ns3:hr>139</ns3:hr>
            <ns3:cad>78</ns3:cad>
          </ns3:TrackPointExtension>
        </extensions>
      </trkpt>
      <trkpt lat="43.85505616664886474609375" lon="87.5156228430569171905517578125">
        <ele>793.20001220703125</ele>
        <time>2026-08-09T12:56:58.000Z</time>
        <extensions>
          <ns3:TrackPointExtension>
            <ns3:hr>138</ns3:hr>
            <ns3:cad>79</ns3:cad>
          </ns3:TrackPointExtension>
        </extensions>
      </trkpt>
      <trkpt lat="43.85506630875170230865478515625" lon="87.515559308230876922607421875">
        <ele>794</ele>
        <time>2026-08-09T12:57:00.000Z</time>
        <extensions>
          <ns3:TrackPointExtension>
            <ns3:hr>139</ns3:hr>
            <ns3:cad>78</ns3:cad>
          </ns3:TrackPointExtension>
        </extensions>
      </trkpt>
      <trkpt lat="43.8550965674221515655517578125" lon="87.51537834294140338897705078125">
        <ele>796.5999755859375</ele>
        <time>2026-08-09T12:57:06.000Z</time>
        <extensions>
          <ns3:TrackPointExtension>
            <ns3:hr>142</ns3:hr>
            <ns3:cad>80</ns3:cad>
          </ns3:TrackPointExtension>
        </extensions>
      </trkpt>
      <trkpt lat="43.85510805062949657440185546875" lon="87.51527331769466400146484375">
        <ele>797.79998779296875</ele>
        <time>2026-08-09T12:57:09.000Z</time>
        <extensions>
          <ns3:TrackPointExtension>
            <ns3:hr>143</ns3:hr>
            <ns3:cad>79</ns3:cad>
          </ns3:TrackPointExtension>
        </extensions>
      </trkpt>
      <trkpt lat="43.8551264069974422454833984375" lon="87.5151573121547698974609375">
        <ele>799</ele>
        <time>2026-08-09T12:57:13.000Z</time>
        <extensions>
          <ns3:TrackPointExtension>
            <ns3:hr>146</ns3:hr>
            <ns3:cad>79</ns3:cad>
          </ns3:TrackPointExtension>
        </extensions>
      </trkpt>
      <trkpt lat="43.85513386689126491546630859375" lon="87.51507877372205257415771484375">
        <ele>799.4000244140625</ele>
        <time>2026-08-09T12:57:17.000Z</time>
        <extensions>
          <ns3:TrackPointExtension>
            <ns3:hr>148</ns3:hr>
            <ns3:cad>79</ns3:cad>
          </ns3:TrackPointExtension>
        </extensions>
      </trkpt>
      <trkpt lat="43.855141662061214447021484375" lon="87.5149626843631267547607421875">
        <ele>799.20001220703125</ele>
        <time>2026-08-09T12:57:24.000Z</time>
        <extensions>
          <ns3:TrackPointExtension>
            <ns3:hr>148</ns3:hr>
            <ns3:cad>51</ns3:cad>
          </ns3:TrackPointExtension>
        </extensions>
      </trkpt>
      <trkpt lat="43.8551793806254863739013671875" lon="87.51470628194510936737060546875">
        <ele>798.20001220703125</ele>
        <time>2026-08-09T12:57:34.000Z</time>
        <extensions>
          <ns3:TrackPointExtension>
            <ns3:hr>146</ns3:hr>
            <ns3:cad>77</ns3:cad>
          </ns3:TrackPointExtension>
        </extensions>
      </trkpt>
      <trkpt lat="43.8551830686628818511962890625" lon="87.51467292197048664093017578125">
        <ele>798</ele>
        <time>2026-08-09T12:57:35.000Z</time>
        <extensions>
          <ns3:TrackPointExtension>
            <ns3:hr>146</ns3:hr>
            <ns3:cad>77</ns3:cad>
          </ns3:TrackPointExtension>
        </extensions>
      </trkpt>
      <trkpt lat="43.8552098907530307769775390625" lon="87.5144074670970439910888671875">
        <ele>797.4000244140625</ele>
        <time>2026-08-09T12:57:43.000Z</time>
        <extensions>
          <ns3:TrackPointExtension>
            <ns3:hr>147</ns3:hr>
            <ns3:cad>79</ns3:cad>
          </ns3:TrackPointExtension>
        </extensions>
      </trkpt>
      <trkpt lat="43.85524752549827098846435546875" lon="87.51417956314980983734130859375">
        <ele>796.5999755859375</ele>
        <time>2026-08-09T12:57:50.000Z</time>
        <extensions>
          <ns3:TrackPointExtension>
            <ns3:hr>147</ns3:hr>
            <ns3:cad>79</ns3:cad>
          </ns3:TrackPointExtension>
        </extensions>
      </trkpt>
      <trkpt lat="43.85526663623750209808349609375" lon="87.51408509910106658935546875">
        <ele>797.5999755859375</ele>
        <time>2026-08-09T12:57:53.000Z</time>
        <extensions>
          <ns3:TrackPointExtension>
            <ns3:hr>150</ns3:hr>
            <ns3:cad>79</ns3:cad>
          </ns3:TrackPointExtension>
        </extensions>
      </trkpt>
      <trkpt lat="43.85529463179409503936767578125" lon="87.5138854421675205230712890625">
        <ele>799.79998779296875</ele>
        <time>2026-08-09T12:57:59.000Z</time>
        <extensions>
          <ns3:TrackPointExtension>
            <ns3:hr>149</ns3:hr>
            <ns3:cad>79</ns3:cad>
          </ns3:TrackPointExtension>
        </extensions>
      </trkpt>
      <trkpt lat="43.85533369146287441253662109375" lon="87.513761557638645172119140625">
        <ele>801</ele>
        <time>2026-08-09T12:58:05.000Z</time>
        <extensions>
          <ns3:TrackPointExtension>
            <ns3:hr>149</ns3:hr>
            <ns3:cad>79</ns3:cad>
          </ns3:TrackPointExtension>
        </extensions>
      </trkpt>
      <trkpt lat="43.85537576861679553985595703125" lon="87.51351102255284786224365234375">
        <ele>802</ele>
        <time>2026-08-09T12:58:15.000Z</time>
        <extensions>
          <ns3:TrackPointExtension>
            <ns3:hr>149</ns3:hr>
            <ns3:cad>77</ns3:cad>
          </ns3:TrackPointExtension>
        </extensions>
      </trkpt>
      <trkpt lat="43.85539303533732891082763671875" lon="87.5133248604834079742431640625">
        <ele>802.4000244140625</ele>
        <time>2026-08-09T12:58:21.000Z</time>
        <extensions>
          <ns3:TrackPointExtension>
            <ns3:hr>146</ns3:hr>
            <ns3:cad>77</ns3:cad>
          </ns3:TrackPointExtension>
        </extensions>
      </trkpt>
      <trkpt lat="43.85540778748691082000732421875" lon="87.51322637312114238739013671875">
        <ele>802.4000244140625</ele>
        <time>2026-08-09T12:58:24.000Z</time>
        <extensions>
          <ns3:TrackPointExtension>
            <ns3:hr>144</ns3:hr>
            <ns3:cad>77</ns3:cad>
          </ns3:TrackPointExtension>
        </extensions>
      </trkpt>
      <trkpt lat="43.8554549776017665863037109375" lon="87.512967623770236968994140625">
        <ele>800.4000244140625</ele>
        <time>2026-08-09T12:58:32.000Z</time>
        <extensions>
          <ns3:TrackPointExtension>
            <ns3:hr>143</ns3:hr>
            <ns3:cad>79</ns3:cad>
          </ns3:TrackPointExtension>
        </extensions>
      </trkpt>
      <trkpt lat="43.8554596714675426483154296875" lon="87.512934096157550811767578125">
        <ele>800</ele>
        <time>2026-08-09T12:58:33.000Z</time>
        <extensions>
          <ns3:TrackPointExtension>
            <ns3:hr>143</ns3:hr>
            <ns3:cad>79</ns3:cad>
          </ns3:TrackPointExtension>
        </extensions>
      </trkpt>
      <trkpt lat="43.85549328289926052093505859375" lon="87.5126653723418712615966796875">
        <ele>796.79998779296875</ele>
        <time>2026-08-09T12:58:41.000Z</time>
        <extensions>
          <ns3:TrackPointExtension>
            <ns3:hr>143</ns3:hr>
            <ns3:cad>79</ns3:cad>
          </ns3:TrackPointExtension>
        </extensions>
      </trkpt>
      <trkpt lat="43.85549663566052913665771484375" lon="87.51264885999262332916259765625">
        <ele>796.5999755859375</ele>
        <time>2026-08-09T12:58:42.000Z</time>
        <extensions>
          <ns3:TrackPointExtension>
            <ns3:hr>143</ns3:hr>
            <ns3:cad>79</ns3:cad>
          </ns3:TrackPointExtension>
        </extensions>
      </trkpt>
      <trkpt lat="43.85551390238106250762939453125" lon="87.51254525966942310333251953125">
        <ele>795.20001220703125</ele>
        <time>2026-08-09T12:58:48.000Z</time>
        <extensions>
          <ns3:TrackPointExtension>
            <ns3:hr>144</ns3:hr>
            <ns3:cad>0</ns3:cad>
          </ns3:TrackPointExtension>
        </extensions>
      </trkpt>
      <trkpt lat="43.8555113039910793304443359375" lon="87.51247233711183071136474609375">
        <ele>794.20001220703125</ele>
        <time>2026-08-09T12:58:53.000Z</time>
        <extensions>
          <ns3:TrackPointExtension>
            <ns3:hr>142</ns3:hr>
            <ns3:cad>54</ns3:cad>
          </ns3:TrackPointExtension>
        </extensions>
      </trkpt>
      <trkpt lat="43.8555186800658702850341796875" lon="87.51243126578629016876220703125">
        <ele>793.79998779296875</ele>
        <time>2026-08-09T12:58:55.000Z</time>
        <extensions>
          <ns3:TrackPointExtension>
            <ns3:hr>142</ns3:hr>
            <ns3:cad>54</ns3:cad>
          </ns3:TrackPointExtension>
        </extensions>
      </trkpt>
      <trkpt lat="43.85554273612797260284423828125" lon="87.51228877343237400054931640625">
        <ele>792.20001220703125</ele>
        <time>2026-08-09T12:59:01.000Z</time>
        <extensions>
          <ns3:TrackPointExtension>
            <ns3:hr>139</ns3:hr>
            <ns3:cad>77</ns3:cad>
          </ns3:TrackPointExtension>
        </extensions>
      </trkpt>
      <trkpt lat="43.8555726595222949981689453125" lon="87.51217880286276340484619140625">
        <ele>791.5999755859375</ele>
        <time>2026-08-09T12:59:05.000Z</time>
        <extensions>
          <ns3:TrackPointExtension>
            <ns3:hr>136</ns3:hr>
            <ns3:cad>78</ns3:cad>
          </ns3:TrackPointExtension>
        </extensions>
      </trkpt>
      <trkpt lat="43.855582214891910552978515625" lon="87.5121195428073406219482421875">
        <ele>791.4000244140625</ele>
        <time>2026-08-09T12:59:07.000Z</time>
        <extensions>
          <ns3:TrackPointExtension>
            <ns3:hr>135</ns3:hr>
            <ns3:cad>78</ns3:cad>
          </ns3:TrackPointExtension>
        </extensions>
      </trkpt>
      <trkpt lat="43.85561297647655010223388671875" lon="87.5118472985923290252685546875">
        <ele>789.20001220703125</ele>
        <time>2026-08-09T12:59:16.000Z</time>
        <extensions>
          <ns3:TrackPointExtension>
            <ns3:hr>135</ns3:hr>
            <ns3:cad>78</ns3:cad>
          </ns3:TrackPointExtension>
        </extensions>
      </trkpt>
      <trkpt lat="43.855627477169036865234375" lon="87.51173523254692554473876953125">
        <ele>787.79998779296875</ele>
        <time>2026-08-09T12:59:20.000Z</time>
        <extensions>
          <ns3:TrackPointExtension>
            <ns3:hr>138</ns3:hr>
            <ns3:cad>78</ns3:cad>
          </ns3:TrackPointExtension>
        </extensions>
      </trkpt>
      <trkpt lat="43.85563460178673267364501953125" lon="87.5116354040801525115966796875">
        <ele>786.4000244140625</ele>
        <time>2026-08-09T12:59:24.000Z</time>
        <extensions>
          <ns3:TrackPointExtension>
            <ns3:hr>139</ns3:hr>
            <ns3:cad>78</ns3:cad>
          </ns3:TrackPointExtension>
        </extensions>
      </trkpt>
      <trkpt lat="43.85565103031694889068603515625" lon="87.5113638304173946380615234375">
        <ele>783.4000244140625</ele>
        <time>2026-08-09T12:59:32.000Z</time>
        <extensions>
          <ns3:TrackPointExtension>
            <ns3:hr>139</ns3:hr>
            <ns3:cad>79</ns3:cad>
          </ns3:TrackPointExtension>
        </extensions>
      </trkpt>
      <trkpt lat="43.855657987296581268310546875" lon="87.51108781434595584869384765625">
        <ele>781.79998779296875</ele>
        <time>2026-08-09T12:59:39.000Z</time>
        <extensions>
          <ns3:TrackPointExtension>
            <ns3:hr>141</ns3:hr>
            <ns3:cad>79</ns3:cad>
          </ns3:TrackPointExtension>
        </extensions>
      </trkpt>
      <trkpt lat="43.85565765202045440673828125" lon="87.5110077671706676483154296875">
        <ele>781.4000244140625</ele>
        <time>2026-08-09T12:59:41.000Z</time>
        <extensions>
          <ns3:TrackPointExtension>
            <ns3:hr>141</ns3:hr>
            <ns3:cad>79</ns3:cad>
          </ns3:TrackPointExtension>
        </extensions>
      </trkpt>
      <trkpt lat="43.8556529581546783447265625" lon="87.510871477425098419189453125">
        <ele>781.20001220703125</ele>
        <time>2026-08-09T12:59:45.000Z</time>
        <extensions>
          <ns3:TrackPointExtension>
            <ns3:hr>145</ns3:hr>
            <ns3:cad>80</ns3:cad>
          </ns3:TrackPointExtension>
        </extensions>
      </trkpt>
      <trkpt lat="43.85565320961177349090576171875" lon="87.51084239222109317779541015625">
        <ele>781.20001220703125</ele>
        <time>2026-08-09T12:59:46.000Z</time>
        <extensions>
          <ns3:TrackPointExtension>
            <ns3:hr>142</ns3:hr>
            <ns3:cad>80</ns3:cad>
          </ns3:TrackPointExtension>
        </extensions>
      </trkpt>
      <trkpt lat="43.85565890930593013763427734375" lon="87.51078438945114612579345703125">
        <ele>781.20001220703125</ele>
        <time>2026-08-09T12:59:48.000Z</time>
        <extensions>
          <ns3:TrackPointExtension>
            <ns3:hr>143</ns3:hr>
            <ns3:cad>77</ns3:cad>
          </ns3:TrackPointExtension>
        </extensions>
      </trkpt>
      <trkpt lat="43.8556672073900699615478515625" lon="87.510704509913921356201171875">
        <ele>781.4000244140625</ele>
        <time>2026-08-09T12:59:51.000Z</time>
        <extensions>
          <ns3:TrackPointExtension>
            <ns3:hr>146</ns3:hr>
            <ns3:cad>78</ns3:cad>
          </ns3:TrackPointExtension>
        </extensions>
      </trkpt>
      <trkpt lat="43.8556615076959133148193359375" lon="87.51064592041075229644775390625">
        <ele>781.20001220703125</ele>
        <time>2026-08-09T12:59:54.000Z</time>
        <extensions>
          <ns3:TrackPointExtension>
            <ns3:hr>148</ns3:hr>
            <ns3:cad>77</ns3:cad>
          </ns3:TrackPointExtension>
        </extensions>
      </trkpt>
      <trkpt lat="43.85565496981143951416015625" lon="87.5104605965316295623779296875">
        <ele>781.79998779296875</ele>
        <time>2026-08-09T13:00:02.000Z</time>
        <extensions>
          <ns3:TrackPointExtension>
            <ns3:hr>148</ns3:hr>
            <ns3:cad>79</ns3:cad>
          </ns3:TrackPointExtension>
        </extensions>
      </trkpt>
      <trkpt lat="43.85565941222012042999267578125" lon="87.510244511067867279052734375">
        <ele>782</ele>
        <time>2026-08-09T13:00:09.000Z</time>
        <extensions>
          <ns3:TrackPointExtension>
            <ns3:hr>149</ns3:hr>
            <ns3:cad>79</ns3:cad>
          </ns3:TrackPointExtension>
        </extensions>
      </trkpt>
      <trkpt lat="43.85565019212663173675537109375" lon="87.50997955910861492156982421875">
        <ele>782.5999755859375</ele>
        <time>2026-08-09T13:00:17.000Z</time>
        <extensions>
          <ns3:TrackPointExtension>
            <ns3:hr>147</ns3:hr>
            <ns3:cad>79</ns3:cad>
          </ns3:TrackPointExtension>
        </extensions>
      </trkpt>
      <trkpt lat="43.85565203614532947540283203125" lon="87.50994821079075336456298828125">
        <ele>782.5999755859375</ele>
        <time>2026-08-09T13:00:18.000Z</time>
        <extensions>
          <ns3:TrackPointExtension>
            <ns3:hr>147</ns3:hr>
            <ns3:cad>79</ns3:cad>
          </ns3:TrackPointExtension>
        </extensions>
      </trkpt>
      <trkpt lat="43.85565337724983692169189453125" lon="87.5096884556114673614501953125">
        <ele>784</ele>
        <time>2026-08-09T13:00:26.000Z</time>
        <extensions>
          <ns3:TrackPointExtension>
            <ns3:hr>149</ns3:hr>
            <ns3:cad>79</ns3:cad>
          </ns3:TrackPointExtension>
        </extensions>
      </trkpt>
      <trkpt lat="43.855644576251506805419921875" lon="87.5095835141837596893310546875">
        <ele>785</ele>
        <time>2026-08-09T13:00:31.000Z</time>
        <extensions>
          <ns3:TrackPointExtension>
            <ns3:hr>152</ns3:hr>
            <ns3:cad>74</ns3:cad>
          </ns3:TrackPointExtension>
        </extensions>
      </trkpt>
      <trkpt lat="43.85564113967120647430419921875" lon="87.5095607154071331024169921875">
        <ele>785.4000244140625</ele>
        <time>2026-08-09T13:00:33.000Z</time>
        <extensions>
          <ns3:TrackPointExtension>
            <ns3:hr>152</ns3:hr>
            <ns3:cad>74</ns3:cad>
          </ns3:TrackPointExtension>
        </extensions>
      </trkpt>
      <trkpt lat="43.85564130730926990509033203125" lon="87.50945292413234710693359375">
        <ele>786.5999755859375</ele>
        <time>2026-08-09T13:00:39.000Z</time>
        <extensions>
          <ns3:TrackPointExtension>
            <ns3:hr>152</ns3:hr>
            <ns3:cad>58</ns3:cad>
          </ns3:TrackPointExtension>
        </extensions>
      </trkpt>
      <trkpt lat="43.855635188519954681396484375" lon="87.50922049395740032196044921875">
        <ele>791</ele>
        <time>2026-08-09T13:00:47.000Z</time>
        <extensions>
          <ns3:TrackPointExtension>
            <ns3:hr>149</ns3:hr>
            <ns3:cad>78</ns3:cad>
          </ns3:TrackPointExtension>
        </extensions>
      </trkpt>
      <trkpt lat="43.8556340150535106658935546875" lon="87.5091893970966339111328125">
        <ele>791.4000244140625</ele>
        <time>2026-08-09T13:00:48.000Z</time>
        <extensions>
          <ns3:TrackPointExtension>
            <ns3:hr>147</ns3:hr>
            <ns3:cad>78</ns3:cad>
          </ns3:TrackPointExtension>
        </extensions>
      </trkpt>
      <trkpt lat="43.85562286712229251861572265625" lon="87.50897222198545932769775390625">
        <ele>794.4000244140625</ele>
        <time>2026-08-09T13:00:55.000Z</time>
        <extensions>
          <ns3:TrackPointExtension>
            <ns3:hr>145</ns3:hr>
            <ns3:cad>78</ns3:cad>
          </ns3:TrackPointExtension>
        </extensions>
      </trkpt>
      <trkpt lat="43.85562789626419544219970703125" lon="87.50871523283421993255615234375">
        <ele>798</ele>
        <time>2026-08-09T13:01:03.000Z</time>
        <extensions>
          <ns3:TrackPointExtension>
            <ns3:hr>145</ns3:hr>
            <ns3:cad>78</ns3:cad>
          </ns3:TrackPointExtension>
        </extensions>
      </trkpt>
      <trkpt lat="43.8556263037025928497314453125" lon="87.50853619538247585296630859375">
        <ele>799</ele>
        <time>2026-08-09T13:01:09.000Z</time>
        <extensions>
          <ns3:TrackPointExtension>
            <ns3:hr>148</ns3:hr>
            <ns3:cad>79</ns3:cad>
          </ns3:TrackPointExtension>
        </extensions>
      </trkpt>
      <trkpt lat="43.8556283153593540191650390625" lon="87.50844298861920833587646484375">
        <ele>799.4000244140625</ele>
        <time>2026-08-09T13:01:12.000Z</time>
        <extensions>
          <ns3:TrackPointExtension>
            <ns3:hr>149</ns3:hr>
            <ns3:cad>80</ns3:cad>
          </ns3:TrackPointExtension>
        </extensions>
      </trkpt>
      <trkpt lat="43.85564080439507961273193359375" lon="87.508238218724727630615234375">
        <ele>798.5999755859375</ele>
        <time>2026-08-09T13:01:19.000Z</time>
        <extensions>
          <ns3:TrackPointExtension>
            <ns3:hr>149</ns3:hr>
            <ns3:cad>79</ns3:cad>
          </ns3:TrackPointExtension>
        </extensions>
      </trkpt>
      <trkpt lat="43.85564013384282588958740234375" lon="87.50799790956079959869384765625">
        <ele>797.4000244140625</ele>
        <time>2026-08-09T13:01:26.000Z</time>
        <extensions>
          <ns3:TrackPointExtension>
            <ns3:hr>150</ns3:hr>
            <ns3:cad>79</ns3:cad>
          </ns3:TrackPointExtension>
        </extensions>
      </trkpt>
      <trkpt lat="43.855648599565029144287109375" lon="87.5079366378486156463623046875">
        <ele>796.79998779296875</ele>
        <time>2026-08-09T13:01:28.000Z</time>
        <extensions>
          <ns3:TrackPointExtension>
            <ns3:hr>151</ns3:hr>
            <ns3:cad>79</ns3:cad>
          </ns3:TrackPointExtension>
        </extensions>
      </trkpt>
      <trkpt lat="43.8556571491062641143798828125" lon="87.5078429281711578369140625">
        <ele>796</ele>
        <time>2026-08-09T13:01:31.000Z</time>
        <extensions>
          <ns3:TrackPointExtension>
            <ns3:hr>152</ns3:hr>
            <ns3:cad>79</ns3:cad>
          </ns3:TrackPointExtension>
        </extensions>
      </trkpt>
      <trkpt lat="43.8556641899049282073974609375" lon="87.507696412503719329833984375">
        <ele>793.79998779296875</ele>
        <time>2026-08-09T13:01:36.000Z</time>
        <extensions>
          <ns3:TrackPointExtension>
            <ns3:hr>153</ns3:hr>
            <ns3:cad>79</ns3:cad>
          </ns3:TrackPointExtension>
        </extensions>
      </trkpt>
      <trkpt lat="43.8556662015616893768310546875" lon="87.50761653296649456024169921875">
        <ele>793</ele>
        <time>2026-08-09T13:01:42.000Z</time>
        <extensions>
          <ns3:TrackPointExtension>
            <ns3:hr>154</ns3:hr>
            <ns3:cad>76</ns3:cad>
          </ns3:TrackPointExtension>
        </extensions>
      </trkpt>
      <trkpt lat="43.85567164979875087738037109375" lon="87.50745107419788837432861328125">
        <ele>792</ele>
        <time>2026-08-09T13:01:49.000Z</time>
        <extensions>
          <ns3:TrackPointExtension>
            <ns3:hr>154</ns3:hr>
            <ns3:cad>78</ns3:cad>
          </ns3:TrackPointExtension>
        </extensions>
      </trkpt>
      <trkpt lat="43.855681456625461578369140625" lon="87.5072905607521533966064453125">
        <ele>790.79998779296875</ele>
        <time>2026-08-09T13:01:54.000Z</time>
        <extensions>
          <ns3:TrackPointExtension>
            <ns3:hr>151</ns3:hr>
            <ns3:cad>80</ns3:cad>
          </ns3:TrackPointExtension>
        </extensions>
      </trkpt>
      <trkpt lat="43.85567232035100460052490234375" lon="87.50718939118087291717529296875">
        <ele>790.20001220703125</ele>
        <time>2026-08-09T13:01:57.000Z</time>
        <extensions>
          <ns3:TrackPointExtension>
            <ns3:hr>151</ns3:hr>
            <ns3:cad>79</ns3:cad>
          </ns3:TrackPointExtension>
        </extensions>
      </trkpt>
      <trkpt lat="43.85568422265350818634033203125" lon="87.5069576315581798553466796875">
        <ele>788.4000244140625</ele>
        <time>2026-08-09T13:02:04.000Z</time>
        <extensions>
          <ns3:TrackPointExtension>
            <ns3:hr>149</ns3:hr>
            <ns3:cad>79</ns3:cad>
          </ns3:TrackPointExtension>
        </extensions>
      </trkpt>
      <trkpt lat="43.85568724013864994049072265625" lon="87.5066984631121158599853515625">
        <ele>787.5999755859375</ele>
        <time>2026-08-09T13:02:11.000Z</time>
        <extensions>
          <ns3:TrackPointExtension>
            <ns3:hr>149</ns3:hr>
            <ns3:cad>79</ns3:cad>
          </ns3:TrackPointExtension>
        </extensions>
      </trkpt>
      <trkpt lat="43.8556822948157787322998046875" lon="87.50654985196888446807861328125">
        <ele>786.4000244140625</ele>
        <time>2026-08-09T13:02:15.000Z</time>
        <extensions>
          <ns3:TrackPointExtension>
            <ns3:hr>149</ns3:hr>
            <ns3:cad>80</ns3:cad>
          </ns3:TrackPointExtension>
        </extensions>
      </trkpt>
      <trkpt lat="43.8556977175176143646240234375" lon="87.5063462555408477783203125">
        <ele>784.5999755859375</ele>
        <time>2026-08-09T13:02:21.000Z</time>
        <extensions>
          <ns3:TrackPointExtension>
            <ns3:hr>150</ns3:hr>
            <ns3:cad>81</ns3:cad>
          </ns3:TrackPointExtension>
        </extensions>
      </trkpt>
      <trkpt lat="43.8557054288685321807861328125" lon="87.50628112815320491790771484375">
        <ele>784</ele>
        <time>2026-08-09T13:02:23.000Z</time>
        <extensions>
          <ns3:TrackPointExtension>
            <ns3:hr>151</ns3:hr>
            <ns3:cad>81</ns3:cad>
          </ns3:TrackPointExtension>
        </extensions>
      </trkpt>
      <trkpt lat="43.855719007551670074462890625" lon="87.5060842372477054595947265625">
        <ele>782</ele>
        <time>2026-08-09T13:02:29.000Z</time>
        <extensions>
          <ns3:TrackPointExtension>
            <ns3:hr>152</ns3:hr>
            <ns3:cad>81</ns3:cad>
          </ns3:TrackPointExtension>
        </extensions>
      </trkpt>
      <trkpt lat="43.85571490041911602020263671875" lon="87.50597736798226833343505859375">
        <ele>781.20001220703125</ele>
        <time>2026-08-09T13:02:32.000Z</time>
        <extensions>
          <ns3:TrackPointExtension>
            <ns3:hr>153</ns3:hr>
            <ns3:cad>80</ns3:cad>
          </ns3:TrackPointExtension>
        </extensions>
      </trkpt>
      <trkpt lat="43.8557218573987483978271484375" lon="87.5058639608323574066162109375">
        <ele>780.4000244140625</ele>
        <time>2026-08-09T13:02:37.000Z</time>
        <extensions>
          <ns3:TrackPointExtension>
            <ns3:hr>156</ns3:hr>
            <ns3:cad>80</ns3:cad>
          </ns3:TrackPointExtension>
        </extensions>
      </trkpt>
      <trkpt lat="43.8557275570929050445556640625" lon="87.50584929250180721282958984375">
        <ele>780.4000244140625</ele>
        <time>2026-08-09T13:02:38.000Z</time>
        <extensions>
          <ns3:TrackPointExtension>
            <ns3:hr>156</ns3:hr>
            <ns3:cad>55</ns3:cad>
          </ns3:TrackPointExtension>
        </extensions>
      </trkpt>
      <trkpt lat="43.8557441532611846923828125" lon="87.505729012191295623779296875">
        <ele>780.5999755859375</ele>
        <time>2026-08-09T13:02:46.000Z</time>
        <extensions>
          <ns3:TrackPointExtension>
            <ns3:hr>156</ns3:hr>
            <ns3:cad>54</ns3:cad>
          </ns3:TrackPointExtension>
        </extensions>
      </trkpt>
      <trkpt lat="43.85572596453130245208740234375" lon="87.5056446902453899383544921875">
        <ele>780.79998779296875</ele>
        <time>2026-08-09T13:02:52.000Z</time>
        <extensions>
          <ns3:TrackPointExtension>
            <ns3:hr>153</ns3:hr>
            <ns3:cad>54</ns3:cad>
          </ns3:TrackPointExtension>
        </extensions>
      </trkpt>
      <trkpt lat="43.8557285629212856292724609375" lon="87.50563303939998149871826171875">
        <ele>780.79998779296875</ele>
        <time>2026-08-09T13:02:53.000Z</time>
        <extensions>
          <ns3:TrackPointExtension>
            <ns3:hr>152</ns3:hr>
            <ns3:cad>54</ns3:cad>
          </ns3:TrackPointExtension>
        </extensions>
      </trkpt>
      <trkpt lat="43.8557248748838901519775390625" lon="87.5054405070841312408447265625">
        <ele>782.20001220703125</ele>
        <time>2026-08-09T13:02:59.000Z</time>
        <extensions>
          <ns3:TrackPointExtension>
            <ns3:hr>150</ns3:hr>
            <ns3:cad>81</ns3:cad>
          </ns3:TrackPointExtension>
        </extensions>
      </trkpt>
      <trkpt lat="43.8557168282568454742431640625" lon="87.5052121840417385101318359375">
        <ele>785.4000244140625</ele>
        <time>2026-08-09T13:03:06.000Z</time>
        <extensions>
          <ns3:TrackPointExtension>
            <ns3:hr>147</ns3:hr>
            <ns3:cad>77</ns3:cad>
          </ns3:TrackPointExtension>
        </extensions>
      </trkpt>
      <trkpt lat="43.85570735670626163482666015625" lon="87.50520966947078704833984375">
        <ele>785.4000244140625</ele>
        <time>2026-08-09T13:03:09.000Z</time>
        <extensions>
          <ns3:TrackPointExtension>
            <ns3:hr>143</ns3:hr>
            <ns3:cad>56</ns3:cad>
          </ns3:TrackPointExtension>
        </extensions>
      </trkpt>
      <trkpt lat="43.85567776858806610107421875" lon="87.5052195601165294647216796875">
        <ele>785</ele>
        <time>2026-08-09T13:03:11.000Z</time>
        <extensions>
          <ns3:TrackPointExtension>
            <ns3:hr>141</ns3:hr>
            <ns3:cad>56</ns3:cad>
          </ns3:TrackPointExtension>
        </extensions>
      </trkpt>
      <trkpt lat="43.8556494377553462982177734375" lon="87.50522710382938385009765625">
        <ele>784.79998779296875</ele>
        <time>2026-08-09T13:03:12.000Z</time>
        <extensions>
          <ns3:TrackPointExtension>
            <ns3:hr>140</ns3:hr>
            <ns3:cad>56</ns3:cad>
          </ns3:TrackPointExtension>
        </extensions>
      </trkpt>
      <trkpt lat="43.855564109981060028076171875" lon="87.50533682294189929962158203125">
        <ele>782.79998779296875</ele>
        <time>2026-08-09T13:03:18.000Z</time>
        <extensions>
          <ns3:TrackPointExtension>
            <ns3:hr>139</ns3:hr>
            <ns3:cad>78</ns3:cad>
          </ns3:TrackPointExtension>
        </extensions>
      </trkpt>
      <trkpt lat="43.85556955821812152862548828125" lon="87.50552189536392688751220703125">
        <ele>781.4000244140625</ele>
        <time>2026-08-09T13:03:23.000Z</time>
        <extensions>
          <ns3:TrackPointExtension>
            <ns3:hr>141</ns3:hr>
            <ns3:cad>79</ns3:cad>
          </ns3:TrackPointExtension>
        </extensions>
      </trkpt>
      <trkpt lat="43.85563041083514690399169921875" lon="87.505759187042713165283203125">
        <ele>780.79998779296875</ele>
        <time>2026-08-09T13:03:30.000Z</time>
        <extensions>
          <ns3:TrackPointExtension>
            <ns3:hr>141</ns3:hr>
            <ns3:cad>79</ns3:cad>
          </ns3:TrackPointExtension>
        </extensions>
      </trkpt>
      <trkpt lat="43.8556075282394886016845703125" lon="87.5058388151228427886962890625">
        <ele>780.79998779296875</ele>
        <time>2026-08-09T13:03:35.000Z</time>
        <extensions>
          <ns3:TrackPointExtension>
            <ns3:hr>143</ns3:hr>
            <ns3:cad>45</ns3:cad>
          </ns3:TrackPointExtension>
        </extensions>
      </trkpt>
      <trkpt lat="43.855575509369373321533203125" lon="87.50588583759963512420654296875">
        <ele>781</ele>
        <time>2026-08-09T13:03:39.000Z</time>
        <extensions>
          <ns3:TrackPointExtension>
            <ns3:hr>142</ns3:hr>
            <ns3:cad>0</ns3:cad>
          </ns3:TrackPointExtension>
        </extensions>
      </trkpt>
      <trkpt lat="43.8555760122835636138916015625" lon="87.50589723698794841766357421875">
        <ele>781.20001220703125</ele>
        <time>2026-08-09T13:03:40.000Z</time>
        <extensions>
          <ns3:TrackPointExtension>
            <ns3:hr>142</ns3:hr>
            <ns3:cad>0</ns3:cad>
          </ns3:TrackPointExtension>
        </extensions>
      </trkpt>
      <trkpt lat="43.8555719889700412750244140625" lon="87.50606353394687175750732421875">
        <ele>782.4000244140625</ele>
        <time>2026-08-09T13:03:47.000Z</time>
        <extensions>
          <ns3:TrackPointExtension>
            <ns3:hr>143</ns3:hr>
            <ns3:cad>78</ns3:cad>
          </ns3:TrackPointExtension>
        </extensions>
      </trkpt>
      <trkpt lat="43.855555057525634765625" lon="87.50627274625003337860107421875">
        <ele>784.4000244140625</ele>
        <time>2026-08-09T13:03:54.000Z</time>
        <extensions>
          <ns3:TrackPointExtension>
            <ns3:hr>141</ns3:hr>
            <ns3:cad>81</ns3:cad>
          </ns3:TrackPointExtension>
        </extensions>
      </trkpt>
      <trkpt lat="43.8555729947984218597412109375" lon="87.5065345130860805511474609375">
        <ele>786.79998779296875</ele>
        <time>2026-08-09T13:04:02.000Z</time>
        <extensions>
          <ns3:TrackPointExtension>
            <ns3:hr>140</ns3:hr>
            <ns3:cad>81</ns3:cad>
          </ns3:TrackPointExtension>
        </extensions>
      </trkpt>
      <trkpt lat="43.85556511580944061279296875" lon="87.50656963326036930084228515625">
        <ele>787</ele>
        <time>2026-08-09T13:04:03.000Z</time>
        <extensions>
          <ns3:TrackPointExtension>
            <ns3:hr>141</ns3:hr>
            <ns3:cad>81</ns3:cad>
          </ns3:TrackPointExtension>
        </extensions>
      </trkpt>
      <trkpt lat="43.85554323904216289520263671875" lon="87.50675722025334835052490234375">
        <ele>788.20001220703125</ele>
        <time>2026-08-09T13:04:09.000Z</time>
        <extensions>
          <ns3:TrackPointExtension>
            <ns3:hr>144</ns3:hr>
            <ns3:cad>80</ns3:cad>
          </ns3:TrackPointExtension>
        </extensions>
      </trkpt>
      <trkpt lat="43.85554390959441661834716796875" lon="87.50689418055117130279541015625">
        <ele>788.5999755859375</ele>
        <time>2026-08-09T13:04:13.000Z</time>
        <extensions>
          <ns3:TrackPointExtension>
            <ns3:hr>146</ns3:hr>
            <ns3:cad>80</ns3:cad>
          </ns3:TrackPointExtension>
        </extensions>
      </trkpt>
      <trkpt lat="43.85556352324783802032470703125" lon="87.50716659240424633026123046875">
        <ele>790.4000244140625</ele>
        <time>2026-08-09T13:04:21.000Z</time>
        <extensions>
          <ns3:TrackPointExtension>
            <ns3:hr>148</ns3:hr>
            <ns3:cad>79</ns3:cad>
          </ns3:TrackPointExtension>
        </extensions>
      </trkpt>
      <trkpt lat="43.85556788183748722076416015625" lon="87.5072027184069156646728515625">
        <ele>790.5999755859375</ele>
        <time>2026-08-09T13:04:22.000Z</time>
        <extensions>
          <ns3:TrackPointExtension>
            <ns3:hr>148</ns3:hr>
            <ns3:cad>79</ns3:cad>
          </ns3:TrackPointExtension>
        </extensions>
      </trkpt>
      <trkpt lat="43.8555170036852359771728515625" lon="87.507457695901393890380859375">
        <ele>792.4000244140625</ele>
        <time>2026-08-09T13:04:29.000Z</time>
        <extensions>
          <ns3:TrackPointExtension>
            <ns3:hr>150</ns3:hr>
            <ns3:cad>80</ns3:cad>
          </ns3:TrackPointExtension>
        </extensions>
      </trkpt>
      <trkpt lat="43.85551138781011104583740234375" lon="87.50748996622860431671142578125">
        <ele>792.79998779296875</ele>
        <time>2026-08-09T13:04:31.000Z</time>
        <extensions>
          <ns3:TrackPointExtension>
            <ns3:hr>150</ns3:hr>
            <ns3:cad>79</ns3:cad>
          </ns3:TrackPointExtension>
        </extensions>
      </trkpt>
      <trkpt lat="43.8555099628865718841552734375" lon="87.5075879506766796112060546875">
        <ele>794.5999755859375</ele>
        <time>2026-08-09T13:04:38.000Z</time>
        <extensions>
          <ns3:TrackPointExtension>
            <ns3:hr>151</ns3:hr>
            <ns3:cad>54</ns3:cad>
          </ns3:TrackPointExtension>
        </extensions>
      </trkpt>
      <trkpt lat="43.85551038198173046112060546875" lon="87.507752068340778350830078125">
        <ele>797</ele>
        <time>2026-08-09T13:04:47.000Z</time>
        <extensions>
          <ns3:TrackPointExtension>
            <ns3:hr>151</ns3:hr>
            <ns3:cad>56</ns3:cad>
          </ns3:TrackPointExtension>
        </extensions>
      </trkpt>
      <trkpt lat="43.85548741556704044342041015625" lon="87.507870756089687347412109375">
        <ele>798.5999755859375</ele>
        <time>2026-08-09T13:04:51.000Z</time>
        <extensions>
          <ns3:TrackPointExtension>
            <ns3:hr>147</ns3:hr>
            <ns3:cad>78</ns3:cad>
          </ns3:TrackPointExtension>
        </extensions>
      </trkpt>
      <trkpt lat="43.855474255979061126708984375" lon="87.5080415792763233184814453125">
        <ele>799.79998779296875</ele>
        <time>2026-08-09T13:04:56.000Z</time>
        <extensions>
          <ns3:TrackPointExtension>
            <ns3:hr>145</ns3:hr>
            <ns3:cad>80</ns3:cad>
          </ns3:TrackPointExtension>
        </extensions>
      </trkpt>
      <trkpt lat="43.855444081127643585205078125" lon="87.50831323675811290740966796875">
        <ele>800.79998779296875</ele>
        <time>2026-08-09T13:05:04.000Z</time>
        <extensions>
          <ns3:TrackPointExtension>
            <ns3:hr>144</ns3:hr>
            <ns3:cad>79</ns3:cad>
          </ns3:TrackPointExtension>
        </extensions>
      </trkpt>
      <trkpt lat="43.85544617660343647003173828125" lon="87.5083460099995136260986328125">
        <ele>800.5999755859375</ele>
        <time>2026-08-09T13:05:05.000Z</time>
        <extensions>
          <ns3:TrackPointExtension>
            <ns3:hr>144</ns3:hr>
            <ns3:cad>79</ns3:cad>
          </ns3:TrackPointExtension>
        </extensions>
      </trkpt>
      <trkpt lat="43.855442740023136138916015625" lon="87.50853024423122406005859375">
        <ele>800</ele>
        <time>2026-08-09T13:05:11.000Z</time>
        <extensions>
          <ns3:TrackPointExtension>
            <ns3:hr>145</ns3:hr>
            <ns3:cad>79</ns3:cad>
          </ns3:TrackPointExtension>
        </extensions>
      </trkpt>
      <trkpt lat="43.85542253963649272918701171875" lon="87.5087902508676052093505859375">
        <ele>797.20001220703125</ele>
        <time>2026-08-09T13:05:19.000Z</time>
        <extensions>
          <ns3:TrackPointExtension>
            <ns3:hr>148</ns3:hr>
            <ns3:cad>81</ns3:cad>
          </ns3:TrackPointExtension>
        </extensions>
      </trkpt>
      <trkpt lat="43.85541952215135097503662109375" lon="87.5088224373757839202880859375">
        <ele>796.79998779296875</ele>
        <time>2026-08-09T13:05:20.000Z</time>
        <extensions>
          <ns3:TrackPointExtension>
            <ns3:hr>148</ns3:hr>
            <ns3:cad>80</ns3:cad>
          </ns3:TrackPointExtension>
        </extensions>
      </trkpt>
      <trkpt lat="43.85541566647589206695556640625" lon="87.508997619152069091796875">
        <ele>794.79998779296875</ele>
        <time>2026-08-09T13:05:27.000Z</time>
        <extensions>
          <ns3:TrackPointExtension>
            <ns3:hr>148</ns3:hr>
            <ns3:cad>82</ns3:cad>
          </ns3:TrackPointExtension>
        </extensions>
      </trkpt>
      <trkpt lat="43.85542404837906360626220703125" lon="87.509012036025524139404296875">
        <ele>794.4000244140625</ele>
        <time>2026-08-09T13:05:28.000Z</time>
        <extensions>
          <ns3:TrackPointExtension>
            <ns3:hr>148</ns3:hr>
            <ns3:cad>82</ns3:cad>
          </ns3:TrackPointExtension>
        </extensions>
      </trkpt>
      <trkpt lat="43.855435363948345184326171875" lon="87.5090418756008148193359375">
        <ele>794</ele>
        <time>2026-08-09T13:05:30.000Z</time>
        <extensions>
          <ns3:TrackPointExtension>
            <ns3:hr>148</ns3:hr>
            <ns3:cad>57</ns3:cad>
          </ns3:TrackPointExtension>
        </extensions>
      </trkpt>
      <trkpt lat="43.85543108917772769927978515625" lon="87.50909149646759033203125">
        <ele>793.4000244140625</ele>
        <time>2026-08-09T13:05:33.000Z</time>
        <extensions>
          <ns3:TrackPointExtension>
            <ns3:hr>151</ns3:hr>
            <ns3:cad>54</ns3:cad>
          </ns3:TrackPointExtension>
        </extensions>
      </trkpt>
      <trkpt lat="43.85542505420744419097900390625" lon="87.5091089308261871337890625">
        <ele>793</ele>
        <time>2026-08-09T13:05:34.000Z</time>
        <extensions>
          <ns3:TrackPointExtension>
            <ns3:hr>151</ns3:hr>
            <ns3:cad>54</ns3:cad>
          </ns3:TrackPointExtension>
        </extensions>
      </trkpt>
      <trkpt lat="43.8554244674742221832275390625" lon="87.509213872253894805908203125">
        <ele>791.5999755859375</ele>
        <time>2026-08-09T13:05:40.000Z</time>
        <extensions>
          <ns3:TrackPointExtension>
            <ns3:hr>150</ns3:hr>
            <ns3:cad>56</ns3:cad>
          </ns3:TrackPointExtension>
        </extensions>
      </trkpt>
      <trkpt lat="43.85542429983615875244140625" lon="87.50926609151065349578857421875">
        <ele>790.5999755859375</ele>
        <time>2026-08-09T13:05:43.000Z</time>
        <extensions>
          <ns3:TrackPointExtension>
            <ns3:hr>147</ns3:hr>
            <ns3:cad>55</ns3:cad>
          </ns3:TrackPointExtension>
        </extensions>
      </trkpt>
      <trkpt lat="43.85544014163315296173095703125" lon="87.5093290396034717559814453125">
        <ele>789.4000244140625</ele>
        <time>2026-08-09T13:05:46.000Z</time>
        <extensions>
          <ns3:TrackPointExtension>
            <ns3:hr>143</ns3:hr>
            <ns3:cad>54</ns3:cad>
          </ns3:TrackPointExtension>
        </extensions>
      </trkpt>
      <trkpt lat="43.85544332675635814666748046875" lon="87.50937220640480518341064453125">
        <ele>788.79998779296875</ele>
        <time>2026-08-09T13:05:48.000Z</time>
        <extensions>
          <ns3:TrackPointExtension>
            <ns3:hr>141</ns3:hr>
            <ns3:cad>55</ns3:cad>
          </ns3:TrackPointExtension>
        </extensions>
      </trkpt>
      <trkpt lat="43.85543963871896266937255859375" lon="87.509422414004802703857421875">
        <ele>788.20001220703125</ele>
        <time>2026-08-09T13:05:50.000Z</time>
        <extensions>
          <ns3:TrackPointExtension>
            <ns3:hr>138</ns3:hr>
            <ns3:cad>55</ns3:cad>
          </ns3:TrackPointExtension>
        </extensions>
      </trkpt>
      <trkpt lat="43.85543142445385456085205078125" lon="87.5094765610992908477783203125">
        <ele>787.79998779296875</ele>
        <time>2026-08-09T13:05:52.000Z</time>
        <extensions>
          <ns3:TrackPointExtension>
            <ns3:hr>134</ns3:hr>
            <ns3:cad>78</ns3:cad>
          </ns3:TrackPointExtension>
        </extensions>
      </trkpt>
      <trkpt lat="43.8554298318922519683837890625" lon="87.50956331379711627960205078125">
        <ele>786.79998779296875</ele>
        <time>2026-08-09T13:05:55.000Z</time>
        <extensions>
          <ns3:TrackPointExtension>
            <ns3:hr>132</ns3:hr>
            <ns3:cad>79</ns3:cad>
          </ns3:TrackPointExtension>
        </extensions>
      </trkpt>
      <trkpt lat="43.8554288260638713836669921875" lon="87.50981678254902362823486328125">
        <ele>784.4000244140625</ele>
        <time>2026-08-09T13:06:03.000Z</time>
        <extensions>
          <ns3:TrackPointExtension>
            <ns3:hr>134</ns3:hr>
            <ns3:cad>79</ns3:cad>
          </ns3:TrackPointExtension>
        </extensions>
      </trkpt>
      <trkpt lat="43.85541834868490695953369140625" lon="87.51007326878607273101806640625">
        <ele>783.20001220703125</ele>
        <time>2026-08-09T13:06:11.000Z</time>
        <extensions>
          <ns3:TrackPointExtension>
            <ns3:hr>136</ns3:hr>
            <ns3:cad>79</ns3:cad>
          </ns3:TrackPointExtension>
        </extensions>
      </trkpt>
      <trkpt lat="43.8554174266755580902099609375" lon="87.51010612584650516510009765625">
        <ele>783.20001220703125</ele>
        <time>2026-08-09T13:06:12.000Z</time>
        <extensions>
          <ns3:TrackPointExtension>
            <ns3:hr>136</ns3:hr>
            <ns3:cad>79</ns3:cad>
          </ns3:TrackPointExtension>
        </extensions>
      </trkpt>
      <trkpt lat="43.85540627874433994293212890625" lon="87.5103402324020862579345703125">
        <ele>782.5999755859375</ele>
        <time>2026-08-09T13:06:19.000Z</time>
        <extensions>
          <ns3:TrackPointExtension>
            <ns3:hr>139</ns3:hr>
            <ns3:cad>81</ns3:cad>
          </ns3:TrackPointExtension>
        </extensions>
      </trkpt>
      <trkpt lat="43.85540460236370563507080078125" lon="87.51042120158672332763671875">
        <ele>782.4000244140625</ele>
        <time>2026-08-09T13:06:21.000Z</time>
        <extensions>
          <ns3:TrackPointExtension>
            <ns3:hr>142</ns3:hr>
            <ns3:cad>81</ns3:cad>
          </ns3:TrackPointExtension>
        </extensions>
      </trkpt>
      <trkpt lat="43.855401165783405303955078125" lon="87.51049186103045940399169921875">
        <ele>782</ele>
        <time>2026-08-09T13:06:23.000Z</time>
        <extensions>
          <ns3:TrackPointExtension>
            <ns3:hr>144</ns3:hr>
            <ns3:cad>81</ns3:cad>
          </ns3:TrackPointExtension>
        </extensions>
      </trkpt>
      <trkpt lat="43.85539454407989978790283203125" lon="87.51072236336767673492431640625">
        <ele>781.79998779296875</ele>
        <time>2026-08-09T13:06:30.000Z</time>
        <extensions>
          <ns3:TrackPointExtension>
            <ns3:hr>147</ns3:hr>
            <ns3:cad>81</ns3:cad>
          </ns3:TrackPointExtension>
        </extensions>
      </trkpt>
      <trkpt lat="43.855403177440166473388671875" lon="87.51075471751391887664794921875">
        <ele>781.79998779296875</ele>
        <time>2026-08-09T13:06:32.000Z</time>
        <extensions>
          <ns3:TrackPointExtension>
            <ns3:hr>148</ns3:hr>
            <ns3:cad>80</ns3:cad>
          </ns3:TrackPointExtension>
        </extensions>
      </trkpt>
      <trkpt lat="43.8554088771343231201171875" lon="87.51085831783711910247802734375">
        <ele>782.20001220703125</ele>
        <time>2026-08-09T13:06:38.000Z</time>
        <extensions>
          <ns3:TrackPointExtension>
            <ns3:hr>150</ns3:hr>
            <ns3:cad>54</ns3:cad>
          </ns3:TrackPointExtension>
        </extensions>
      </trkpt>
      <trkpt lat="43.8553842343389987945556640625" lon="87.510915733873844146728515625">
        <ele>782.5999755859375</ele>
        <time>2026-08-09T13:06:42.000Z</time>
        <extensions>
          <ns3:TrackPointExtension>
            <ns3:hr>150</ns3:hr>
            <ns3:cad>56</ns3:cad>
          </ns3:TrackPointExtension>
        </extensions>
      </trkpt>
      <trkpt lat="43.8553493656218051910400390625" lon="87.51095831394195556640625">
        <ele>783</ele>
        <time>2026-08-09T13:06:45.000Z</time>
        <extensions>
          <ns3:TrackPointExtension>
            <ns3:hr>149</ns3:hr>
            <ns3:cad>54</ns3:cad>
          </ns3:TrackPointExtension>
        </extensions>
      </trkpt>
      <trkpt lat="43.8552880100905895233154296875" lon="87.51103249378502368927001953125">
        <ele>784.4000244140625</ele>
        <time>2026-08-09T13:06:50.000Z</time>
        <extensions>
          <ns3:TrackPointExtension>
            <ns3:hr>146</ns3:hr>
            <ns3:cad>55</ns3:cad>
          </ns3:TrackPointExtension>
        </extensions>
      </trkpt>
      <trkpt lat="43.85521366260945796966552734375" lon="87.5110516883432865142822265625">
        <ele>786.20001220703125</ele>
        <time>2026-08-09T13:06:53.000Z</time>
        <extensions>
          <ns3:TrackPointExtension>
            <ns3:hr>144</ns3:hr>
            <ns3:cad>0</ns3:cad>
          </ns3:TrackPointExtension>
        </extensions>
      </trkpt>
      <trkpt lat="43.8550110720098018646240234375" lon="87.51109351404011249542236328125">
        <ele>790</ele>
        <time>2026-08-09T13:07:01.000Z</time>
        <extensions>
          <ns3:TrackPointExtension>
            <ns3:hr>143</ns3:hr>
            <ns3:cad>81</ns3:cad>
          </ns3:TrackPointExtension>
        </extensions>
      </trkpt>
      <trkpt lat="43.854817114770412445068359375" lon="87.5110785104334354400634765625">
        <ele>792.5999755859375</ele>
        <time>2026-08-09T13:07:09.000Z</time>
        <extensions>
          <ns3:TrackPointExtension>
            <ns3:hr>141</ns3:hr>
            <ns3:cad>81</ns3:cad>
          </ns3:TrackPointExtension>
        </extensions>
      </trkpt>
      <trkpt lat="43.85472466237843036651611328125" lon="87.51109519042074680328369140625">
        <ele>793.79998779296875</ele>
        <time>2026-08-09T13:07:13.000Z</time>
        <extensions>
          <ns3:TrackPointExtension>
            <ns3:hr>144</ns3:hr>
            <ns3:cad>81</ns3:cad>
          </ns3:TrackPointExtension>
        </extensions>
      </trkpt>
      <trkpt lat="43.8546861894428730010986328125" lon="87.5111060030758380889892578125">
        <ele>794</ele>
        <time>2026-08-09T13:07:16.000Z</time>
        <extensions>
          <ns3:TrackPointExtension>
            <ns3:hr>147</ns3:hr>
            <ns3:cad>80</ns3:cad>
          </ns3:TrackPointExtension>
        </extensions>
      </trkpt>
      <trkpt lat="43.8546734489500522613525390625" lon="87.51108831726014614105224609375">
        <ele>794</ele>
        <time>2026-08-09T13:07:18.000Z</time>
        <extensions>
          <ns3:TrackPointExtension>
            <ns3:hr>150</ns3:hr>
            <ns3:cad>80</ns3:cad>
          </ns3:TrackPointExtension>
        </extensions>
      </trkpt>
      <trkpt lat="43.8546697609126567840576171875" lon="87.51107792370021343231201171875">
        <ele>794</ele>
        <time>2026-08-09T13:07:19.000Z</time>
        <extensions>
          <ns3:TrackPointExtension>
            <ns3:hr>150</ns3:hr>
            <ns3:cad>80</ns3:cad>
          </ns3:TrackPointExtension>
        </extensions>
      </trkpt>
      <trkpt lat="43.85464821942150592803955078125" lon="87.5110412947833538055419921875">
        <ele>794</ele>
        <time>2026-08-09T13:07:22.000Z</time>
        <extensions>
          <ns3:TrackPointExtension>
            <ns3:hr>150</ns3:hr>
            <ns3:cad>54</ns3:cad>
          </ns3:TrackPointExtension>
        </extensions>
      </trkpt>
      <trkpt lat="43.85461854748427867889404296875" lon="87.511030733585357666015625">
        <ele>794</ele>
        <time>2026-08-09T13:07:24.000Z</time>
        <extensions>
          <ns3:TrackPointExtension>
            <ns3:hr>150</ns3:hr>
            <ns3:cad>54</ns3:cad>
          </ns3:TrackPointExtension>
        </extensions>
      </trkpt>
      <trkpt lat="43.854567669332027435302734375" lon="87.51102360896766185760498046875">
        <ele>794</ele>
        <time>2026-08-09T13:07:28.000Z</time>
        <extensions>
          <ns3:TrackPointExtension>
            <ns3:hr>150</ns3:hr>
            <ns3:cad>54</ns3:cad>
          </ns3:TrackPointExtension>
        </extensions>
      </trkpt>
      <trkpt lat="43.85443062521517276763916015625" lon="87.5110399536788463592529296875">
        <ele>793.79998779296875</ele>
        <time>2026-08-09T13:07:34.000Z</time>
        <extensions>
          <ns3:TrackPointExtension>
            <ns3:hr>149</ns3:hr>
            <ns3:cad>79</ns3:cad>
          </ns3:TrackPointExtension>
        </extensions>
      </trkpt>
      <trkpt lat="43.8542459718883037567138671875" lon="87.5110168196260929107666015625">
        <ele>793.4000244140625</ele>
        <time>2026-08-09T13:07:42.000Z</time>
        <extensions>
          <ns3:TrackPointExtension>
            <ns3:hr>148</ns3:hr>
            <ns3:cad>80</ns3:cad>
          </ns3:TrackPointExtension>
        </extensions>
      </trkpt>
      <trkpt lat="43.8542020507156848907470703125" lon="87.51100097782909870147705078125">
        <ele>793.4000244140625</ele>
        <time>2026-08-09T13:07:44.000Z</time>
        <extensions>
          <ns3:TrackPointExtension>
            <ns3:hr>147</ns3:hr>
            <ns3:cad>81</ns3:cad>
          </ns3:TrackPointExtension>
        </extensions>
      </trkpt>
      <trkpt lat="43.8540436327457427978515625" lon="87.51095973886549472808837890625">
        <ele>793.20001220703125</ele>
        <time>2026-08-09T13:07:52.000Z</time>
        <extensions>
          <ns3:TrackPointExtension>
            <ns3:hr>150</ns3:hr>
            <ns3:cad>79</ns3:cad>
          </ns3:TrackPointExtension>
        </extensions>
      </trkpt>
      <trkpt lat="43.854001723229885101318359375" lon="87.51095420680940151214599609375">
        <ele>793.20001220703125</ele>
        <time>2026-08-09T13:07:54.000Z</time>
        <extensions>
          <ns3:TrackPointExtension>
            <ns3:hr>150</ns3:hr>
            <ns3:cad>79</ns3:cad>
          </ns3:TrackPointExtension>
        </extensions>
      </trkpt>
      <trkpt lat="43.8538148067891597747802734375" lon="87.510916404426097869873046875">
        <ele>793</ele>
        <time>2026-08-09T13:08:02.000Z</time>
        <extensions>
          <ns3:TrackPointExtension>
            <ns3:hr>151</ns3:hr>
            <ns3:cad>80</ns3:cad>
          </ns3:TrackPointExtension>
        </extensions>
      </trkpt>
      <trkpt lat="43.8537936843931674957275390625" lon="87.51091330312192440032958984375">
        <ele>793</ele>
        <time>2026-08-09T13:08:04.000Z</time>
        <extensions>
          <ns3:TrackPointExtension>
            <ns3:hr>151</ns3:hr>
            <ns3:cad>81</ns3:cad>
          </ns3:TrackPointExtension>
        </extensions>
      </trkpt>
      <trkpt lat="43.853774406015872955322265625" lon="87.51090827398002147674560546875">
        <ele>793</ele>
        <time>2026-08-09T13:08:06.000Z</time>
        <extensions>
          <ns3:TrackPointExtension>
            <ns3:hr>154</ns3:hr>
            <ns3:cad>81</ns3:cad>
          </ns3:TrackPointExtension>
        </extensions>
      </trkpt>
      <trkpt lat="43.85373911820352077484130859375" lon="87.5109011493623256683349609375">
        <ele>793</ele>
        <time>2026-08-09T13:08:09.000Z</time>
        <extensions>
          <ns3:TrackPointExtension>
            <ns3:hr>157</ns3:hr>
            <ns3:cad>54</ns3:cad>
          </ns3:TrackPointExtension>
        </extensions>
      </trkpt>
      <trkpt lat="43.8536833785474300384521484375" lon="87.510896287858486175537109375">
        <ele>793</ele>
        <time>2026-08-09T13:08:13.000Z</time>
        <extensions>
          <ns3:TrackPointExtension>
            <ns3:hr>159</ns3:hr>
            <ns3:cad>54</ns3:cad>
          </ns3:TrackPointExtension>
        </extensions>
      </trkpt>
      <trkpt lat="43.85354675352573394775390625" lon="87.5109108723700046539306640625">
        <ele>793.79998779296875</ele>
        <time>2026-08-09T13:08:23.000Z</time>
        <extensions>
          <ns3:TrackPointExtension>
            <ns3:hr>159</ns3:hr>
            <ns3:cad>54</ns3:cad>
          </ns3:TrackPointExtension>
        </extensions>
      </trkpt>
      <trkpt lat="43.8534979708492755889892578125" lon="87.510901987552642822265625">
        <ele>794</ele>
        <time>2026-08-09T13:08:27.000Z</time>
        <extensions>
          <ns3:TrackPointExtension>
            <ns3:hr>156</ns3:hr>
            <ns3:cad>52</ns3:cad>
          </ns3:TrackPointExtension>
        </extensions>
      </trkpt>
      <trkpt lat="43.85340384207665920257568359375" lon="87.510900981724262237548828125">
        <ele>794.79998779296875</ele>
        <time>2026-08-09T13:08:32.000Z</time>
        <extensions>
          <ns3:TrackPointExtension>
            <ns3:hr>153</ns3:hr>
            <ns3:cad>0</ns3:cad>
          </ns3:TrackPointExtension>
        </extensions>
      </trkpt>
      <trkpt lat="43.85338054038584232330322265625" lon="87.5109061785042285919189453125">
        <ele>795</ele>
        <time>2026-08-09T13:08:33.000Z</time>
        <extensions>
          <ns3:TrackPointExtension>
            <ns3:hr>152</ns3:hr>
            <ns3:cad>0</ns3:cad>
          </ns3:TrackPointExtension>
        </extensions>
      </trkpt>
      <trkpt lat="43.85323687456548213958740234375" lon="87.5109068490564823150634765625">
        <ele>796</ele>
        <time>2026-08-09T13:08:39.000Z</time>
        <extensions>
          <ns3:TrackPointExtension>
            <ns3:hr>149</ns3:hr>
            <ns3:cad>79</ns3:cad>
          </ns3:TrackPointExtension>
        </extensions>
      </trkpt>
      <trkpt lat="43.85318893007934093475341796875" lon="87.51089687459170818328857421875">
        <ele>796.20001220703125</ele>
        <time>2026-08-09T13:08:41.000Z</time>
        <extensions>
          <ns3:TrackPointExtension>
            <ns3:hr>149</ns3:hr>
            <ns3:cad>79</ns3:cad>
          </ns3:TrackPointExtension>
        </extensions>
      </trkpt>
      <trkpt lat="43.853013329207897186279296875" lon="87.51091347075998783111572265625">
        <ele>797.4000244140625</ele>
        <time>2026-08-09T13:08:49.000Z</time>
        <extensions>
          <ns3:TrackPointExtension>
            <ns3:hr>151</ns3:hr>
            <ns3:cad>80</ns3:cad>
          </ns3:TrackPointExtension>
        </extensions>
      </trkpt>
      <trkpt lat="43.85285298340022563934326171875" lon="87.5109100341796875">
        <ele>798.5999755859375</ele>
        <time>2026-08-09T13:08:56.000Z</time>
        <extensions>
          <ns3:TrackPointExtension>
            <ns3:hr>153</ns3:hr>
            <ns3:cad>79</ns3:cad>
          </ns3:TrackPointExtension>
        </extensions>
      </trkpt>
      <trkpt lat="43.8527187891304492950439453125" lon="87.5109086930751800537109375">
        <ele>799.5999755859375</ele>
        <time>2026-08-09T13:09:02.000Z</time>
        <extensions>
          <ns3:TrackPointExtension>
            <ns3:hr>159</ns3:hr>
            <ns3:cad>80</ns3:cad>
          </ns3:TrackPointExtension>
        </extensions>
      </trkpt>
      <trkpt lat="43.85269439779222011566162109375" lon="87.5109008140861988067626953125">
        <ele>799.79998779296875</ele>
        <time>2026-08-09T13:09:03.000Z</time>
        <extensions>
          <ns3:TrackPointExtension>
            <ns3:hr>156</ns3:hr>
            <ns3:cad>80</ns3:cad>
          </ns3:TrackPointExtension>
        </extensions>
      </trkpt>
      <trkpt lat="43.85264687240123748779296875" lon="87.51089595258235931396484375">
        <ele>800.20001220703125</ele>
        <time>2026-08-09T13:09:05.000Z</time>
        <extensions>
          <ns3:TrackPointExtension>
            <ns3:hr>155</ns3:hr>
            <ns3:cad>81</ns3:cad>
          </ns3:TrackPointExtension>
        </extensions>
      </trkpt>
      <trkpt lat="43.85262449271976947784423828125" lon="87.51089486293494701385498046875">
        <ele>800.20001220703125</ele>
        <time>2026-08-09T13:09:06.000Z</time>
        <extensions>
          <ns3:TrackPointExtension>
            <ns3:hr>155</ns3:hr>
            <ns3:cad>81</ns3:cad>
          </ns3:TrackPointExtension>
        </extensions>
      </trkpt>
      <trkpt lat="43.85248786769807338714599609375" lon="87.51088513992726802825927734375">
        <ele>801.20001220703125</ele>
        <time>2026-08-09T13:09:12.000Z</time>
        <extensions>
          <ns3:TrackPointExtension>
            <ns3:hr>158</ns3:hr>
            <ns3:cad>80</ns3:cad>
          </ns3:TrackPointExtension>
        </extensions>
      </trkpt>
      <trkpt lat="43.85247563011944293975830078125" lon="87.51088346354663372039794921875">
        <ele>801.4000244140625</ele>
        <time>2026-08-09T13:09:13.000Z</time>
        <extensions>
          <ns3:TrackPointExtension>
            <ns3:hr>155</ns3:hr>
            <ns3:cad>79</ns3:cad>
          </ns3:TrackPointExtension>
        </extensions>
      </trkpt>
      <trkpt lat="43.8524509035050868988037109375" lon="87.51087927259504795074462890625">
        <ele>801.5999755859375</ele>
        <time>2026-08-09T13:09:15.000Z</time>
        <extensions>
          <ns3:TrackPointExtension>
            <ns3:hr>159</ns3:hr>
            <ns3:cad>79</ns3:cad>
          </ns3:TrackPointExtension>
        </extensions>
      </trkpt>
      <trkpt lat="43.85238544084131717681884765625" lon="87.510884217917919158935546875">
        <ele>802</ele>
        <time>2026-08-09T13:09:19.000Z</time>
        <extensions>
          <ns3:TrackPointExtension>
            <ns3:hr>162</ns3:hr>
            <ns3:cad>57</ns3:cad>
          </ns3:TrackPointExtension>
        </extensions>
      </trkpt>
      <trkpt lat="43.85235107503831386566162109375" lon="87.51089100725948810577392578125">
        <ele>802.20001220703125</ele>
        <time>2026-08-09T13:09:21.000Z</time>
        <extensions>
          <ns3:TrackPointExtension>
            <ns3:hr>161</ns3:hr>
            <ns3:cad>55</ns3:cad>
          </ns3:TrackPointExtension>
        </extensions>
      </trkpt>
      <trkpt lat="43.8522178865969181060791015625" lon="87.51090223900973796844482421875">
        <ele>803</ele>
        <time>2026-08-09T13:09:30.000Z</time>
        <extensions>
          <ns3:TrackPointExtension>
            <ns3:hr>159</ns3:hr>
            <ns3:cad>0</ns3:cad>
          </ns3:TrackPointExtension>
        </extensions>
      </trkpt>
      <trkpt lat="43.8521079160273075103759765625" lon="87.51087876968085765838623046875">
        <ele>803.4000244140625</ele>
        <time>2026-08-09T13:09:35.000Z</time>
        <extensions>
          <ns3:TrackPointExtension>
            <ns3:hr>159</ns3:hr>
            <ns3:cad>79</ns3:cad>
          </ns3:TrackPointExtension>
        </extensions>
      </trkpt>
      <trkpt lat="43.85194388218224048614501953125" lon="87.51083283685147762298583984375">
        <ele>804</ele>
        <time>2026-08-09T13:09:43.000Z</time>
        <extensions>
          <ns3:TrackPointExtension>
            <ns3:hr>158</ns3:hr>
            <ns3:cad>79</ns3:cad>
          </ns3:TrackPointExtension>
        </extensions>
      </trkpt>
      <trkpt lat="43.85181463323533535003662109375" lon="87.51083434559404850006103515625">
        <ele>804.4000244140625</ele>
        <time>2026-08-09T13:09:48.000Z</time>
        <extensions>
          <ns3:TrackPointExtension>
            <ns3:hr>161</ns3:hr>
            <ns3:cad>79</ns3:cad>
          </ns3:TrackPointExtension>
        </extensions>
      </trkpt>
      <trkpt lat="43.851695358753204345703125" lon="87.5108210183680057525634765625">
        <ele>804.79998779296875</ele>
        <time>2026-08-09T13:09:53.000Z</time>
        <extensions>
          <ns3:TrackPointExtension>
            <ns3:hr>161</ns3:hr>
            <ns3:cad>80</ns3:cad>
          </ns3:TrackPointExtension>
        </extensions>
      </trkpt>
      <trkpt lat="43.851507939398288726806640625" lon="87.51079226844012737274169921875">
        <ele>805.5999755859375</ele>
        <time>2026-08-09T13:10:01.000Z</time>
        <extensions>
          <ns3:TrackPointExtension>
            <ns3:hr>159</ns3:hr>
            <ns3:cad>81</ns3:cad>
          </ns3:TrackPointExtension>
        </extensions>
      </trkpt>
      <trkpt lat="43.8514085300266742706298828125" lon="87.51079738140106201171875">
        <ele>806.4000244140625</ele>
        <time>2026-08-09T13:10:06.000Z</time>
        <extensions>
          <ns3:TrackPointExtension>
            <ns3:hr>159</ns3:hr>
            <ns3:cad>79</ns3:cad>
          </ns3:TrackPointExtension>
        </extensions>
      </trkpt>
      <trkpt lat="43.85136921890079975128173828125" lon="87.51078329980373382568359375">
        <ele>806.5999755859375</ele>
        <time>2026-08-09T13:10:09.000Z</time>
        <extensions>
          <ns3:TrackPointExtension>
            <ns3:hr>161</ns3:hr>
            <ns3:cad>74</ns3:cad>
          </ns3:TrackPointExtension>
        </extensions>
      </trkpt>
      <trkpt lat="43.85128690861165523529052734375" lon="87.510788328945636749267578125">
        <ele>807.20001220703125</ele>
        <time>2026-08-09T13:10:15.000Z</time>
        <extensions>
          <ns3:TrackPointExtension>
            <ns3:hr>158</ns3:hr>
            <ns3:cad>56</ns3:cad>
          </ns3:TrackPointExtension>
        </extensions>
      </trkpt>
      <trkpt lat="43.8512321747839450836181640625" lon="87.5108022429049015045166015625">
        <ele>807.5999755859375</ele>
        <time>2026-08-09T13:10:20.000Z</time>
        <extensions>
          <ns3:TrackPointExtension>
            <ns3:hr>159</ns3:hr>
            <ns3:cad>54</ns3:cad>
          </ns3:TrackPointExtension>
        </extensions>
      </trkpt>
      <trkpt lat="43.8511054404079914093017578125" lon="87.51081188209354877471923828125">
        <ele>808.5999755859375</ele>
        <time>2026-08-09T13:10:30.000Z</time>
        <extensions>
          <ns3:TrackPointExtension>
            <ns3:hr>156</ns3:hr>
            <ns3:cad>56</ns3:cad>
          </ns3:TrackPointExtension>
        </extensions>
      </trkpt>
      <trkpt lat="43.85102589614689350128173828125" lon="87.5108019076287746429443359375">
        <ele>809.20001220703125</ele>
        <time>2026-08-09T13:10:34.000Z</time>
        <extensions>
          <ns3:TrackPointExtension>
            <ns3:hr>153</ns3:hr>
            <ns3:cad>78</ns3:cad>
          </ns3:TrackPointExtension>
        </extensions>
      </trkpt>
      <trkpt lat="43.8509820587933063507080078125" lon="87.5108042545616626739501953125">
        <ele>809.4000244140625</ele>
        <time>2026-08-09T13:10:36.000Z</time>
        <extensions>
          <ns3:TrackPointExtension>
            <ns3:hr>153</ns3:hr>
            <ns3:cad>78</ns3:cad>
          </ns3:TrackPointExtension>
        </extensions>
      </trkpt>
      <trkpt lat="43.85079623199999332427978515625" lon="87.51078606583178043365478515625">
        <ele>810.4000244140625</ele>
        <time>2026-08-09T13:10:43.000Z</time>
        <extensions>
          <ns3:TrackPointExtension>
            <ns3:hr>151</ns3:hr>
            <ns3:cad>80</ns3:cad>
          </ns3:TrackPointExtension>
        </extensions>
      </trkpt>
      <trkpt lat="43.85062339715659618377685546875" lon="87.51078304834663867950439453125">
        <ele>811.5999755859375</ele>
        <time>2026-08-09T13:10:50.000Z</time>
        <extensions>
          <ns3:TrackPointExtension>
            <ns3:hr>150</ns3:hr>
            <ns3:cad>81</ns3:cad>
          </ns3:TrackPointExtension>
        </extensions>
      </trkpt>
      <trkpt lat="43.8504275120794773101806640625" lon="87.51076678745448589324951171875">
        <ele>811.20001220703125</ele>
        <time>2026-08-09T13:10:58.000Z</time>
        <extensions>
          <ns3:TrackPointExtension>
            <ns3:hr>151</ns3:hr>
            <ns3:cad>80</ns3:cad>
          </ns3:TrackPointExtension>
        </extensions>
      </trkpt>
      <trkpt lat="43.85035333223640918731689453125" lon="87.510768212378025054931640625">
        <ele>810.79998779296875</ele>
        <time>2026-08-09T13:11:01.000Z</time>
        <extensions>
          <ns3:TrackPointExtension>
            <ns3:hr>154</ns3:hr>
            <ns3:cad>80</ns3:cad>
          </ns3:TrackPointExtension>
        </extensions>
      </trkpt>
      <trkpt lat="43.8502434454858303070068359375" lon="87.51075907610356807708740234375">
        <ele>811</ele>
        <time>2026-08-09T13:11:06.000Z</time>
        <extensions>
          <ns3:TrackPointExtension>
            <ns3:hr>153</ns3:hr>
            <ns3:cad>81</ns3:cad>
          </ns3:TrackPointExtension>
        </extensions>
      </trkpt>
      <trkpt lat="43.85008209384977817535400390625" lon="87.5107294879853725433349609375">
        <ele>811.79998779296875</ele>
        <time>2026-08-09T13:11:13.000Z</time>
        <extensions>
          <ns3:TrackPointExtension>
            <ns3:hr>156</ns3:hr>
            <ns3:cad>81</ns3:cad>
          </ns3:TrackPointExtension>
        </extensions>
      </trkpt>
      <trkpt lat="43.85004705749452114105224609375" lon="87.5107174180448055267333984375">
        <ele>812</ele>
        <time>2026-08-09T13:11:15.000Z</time>
        <extensions>
          <ns3:TrackPointExtension>
            <ns3:hr>157</ns3:hr>
            <ns3:cad>79</ns3:cad>
          </ns3:TrackPointExtension>
        </extensions>
      </trkpt>
      <trkpt lat="43.84999190457165241241455078125" lon="87.5107120536267757415771484375">
        <ele>812.20001220703125</ele>
        <time>2026-08-09T13:11:19.000Z</time>
        <extensions>
          <ns3:TrackPointExtension>
            <ns3:hr>160</ns3:hr>
            <ns3:cad>79</ns3:cad>
          </ns3:TrackPointExtension>
        </extensions>
      </trkpt>
      <trkpt lat="43.84996332228183746337890625" lon="87.51070057041943073272705078125">
        <ele>812.4000244140625</ele>
        <time>2026-08-09T13:11:21.000Z</time>
        <extensions>
          <ns3:TrackPointExtension>
            <ns3:hr>161</ns3:hr>
            <ns3:cad>79</ns3:cad>
          </ns3:TrackPointExtension>
        </extensions>
      </trkpt>
      <trkpt lat="43.8498592190444469451904296875" lon="87.51070677302777767181396484375">
        <ele>813.20001220703125</ele>
        <time>2026-08-09T13:11:28.000Z</time>
        <extensions>
          <ns3:TrackPointExtension>
            <ns3:hr>158</ns3:hr>
            <ns3:cad>56</ns3:cad>
          </ns3:TrackPointExtension>
        </extensions>
      </trkpt>
      <trkpt lat="43.84981580078601837158203125" lon="87.51070057041943073272705078125">
        <ele>813.4000244140625</ele>
        <time>2026-08-09T13:11:31.000Z</time>
        <extensions>
          <ns3:TrackPointExtension>
            <ns3:hr>157</ns3:hr>
            <ns3:cad>56</ns3:cad>
          </ns3:TrackPointExtension>
        </extensions>
      </trkpt>
      <trkpt lat="43.8496426306664943695068359375" lon="87.5106503628194332122802734375">
        <ele>813.20001220703125</ele>
        <time>2026-08-09T13:11:39.000Z</time>
        <extensions>
          <ns3:TrackPointExtension>
            <ns3:hr>157</ns3:hr>
            <ns3:cad>81</ns3:cad>
          </ns3:TrackPointExtension>
        </extensions>
      </trkpt>
      <trkpt lat="43.8494599051773548126220703125" lon="87.51056008972227573394775390625">
        <ele>812.5999755859375</ele>
        <time>2026-08-09T13:11:46.000Z</time>
        <extensions>
          <ns3:TrackPointExtension>
            <ns3:hr>159</ns3:hr>
            <ns3:cad>82</ns3:cad>
          </ns3:TrackPointExtension>
        </extensions>
      </trkpt>
      <trkpt lat="43.849425204098224639892578125" lon="87.5105766020715236663818359375">
        <ele>812.79998779296875</ele>
        <time>2026-08-09T13:11:47.000Z</time>
        <extensions>
          <ns3:TrackPointExtension>
            <ns3:hr>159</ns3:hr>
            <ns3:cad>82</ns3:cad>
          </ns3:TrackPointExtension>
        </extensions>
      </trkpt>
      <trkpt lat="43.84923233650624752044677734375" lon="87.5105960480868816375732421875">
        <ele>813</ele>
        <time>2026-08-09T13:11:54.000Z</time>
        <extensions>
          <ns3:TrackPointExtension>
            <ns3:hr>158</ns3:hr>
            <ns3:cad>82</ns3:cad>
          </ns3:TrackPointExtension>
        </extensions>
      </trkpt>
      <trkpt lat="43.849152289330959320068359375" lon="87.5105953775346279144287109375">
        <ele>813.20001220703125</ele>
        <time>2026-08-09T13:11:57.000Z</time>
        <extensions>
          <ns3:TrackPointExtension>
            <ns3:hr>157</ns3:hr>
            <ns3:cad>82</ns3:cad>
          </ns3:TrackPointExtension>
        </extensions>
      </trkpt>
      <trkpt lat="43.8489797897636890411376953125" lon="87.51058305613696575164794921875">
        <ele>814.4000244140625</ele>
        <time>2026-08-09T13:12:04.000Z</time>
        <extensions>
          <ns3:TrackPointExtension>
            <ns3:hr>159</ns3:hr>
            <ns3:cad>82</ns3:cad>
          </ns3:TrackPointExtension>
        </extensions>
      </trkpt>
      <trkpt lat="43.84891147725284099578857421875" lon="87.51064809970557689666748046875">
        <ele>815.4000244140625</ele>
        <time>2026-08-09T13:12:10.000Z</time>
        <extensions>
          <ns3:TrackPointExtension>
            <ns3:hr>161</ns3:hr>
            <ns3:cad>81</ns3:cad>
          </ns3:TrackPointExtension>
        </extensions>
      </trkpt>
      <trkpt lat="43.84885531850159168243408203125" lon="87.510655559599399566650390625">
        <ele>815.5999755859375</ele>
        <time>2026-08-09T13:12:14.000Z</time>
        <extensions>
          <ns3:TrackPointExtension>
            <ns3:hr>164</ns3:hr>
            <ns3:cad>56</ns3:cad>
          </ns3:TrackPointExtension>
        </extensions>
      </trkpt>
      <trkpt lat="43.8488155044615268707275390625" lon="87.5106641091406345367431640625">
        <ele>816</ele>
        <time>2026-08-09T13:12:17.000Z</time>
        <extensions>
          <ns3:TrackPointExtension>
            <ns3:hr>165</ns3:hr>
            <ns3:cad>56</ns3:cad>
          </ns3:TrackPointExtension>
        </extensions>
      </trkpt>
      <trkpt lat="43.8487065397202968597412109375" lon="87.5106252171099185943603515625">
        <ele>815.79998779296875</ele>
        <time>2026-08-09T13:12:26.000Z</time>
        <extensions>
          <ns3:TrackPointExtension>
            <ns3:hr>164</ns3:hr>
            <ns3:cad>55</ns3:cad>
          </ns3:TrackPointExtension>
        </extensions>
      </trkpt>
      <trkpt lat="43.84869086556136608123779296875" lon="87.510623037815093994140625">
        <ele>816</ele>
        <time>2026-08-09T13:12:27.000Z</time>
        <extensions>
          <ns3:TrackPointExtension>
            <ns3:hr>162</ns3:hr>
            <ns3:cad>55</ns3:cad>
          </ns3:TrackPointExtension>
        </extensions>
      </trkpt>
      <trkpt lat="43.8486508838832378387451171875" lon="87.51059697009623050689697265625">
        <ele>815.79998779296875</ele>
        <time>2026-08-09T13:12:29.000Z</time>
        <extensions>
          <ns3:TrackPointExtension>
            <ns3:hr>158</ns3:hr>
            <ns3:cad>55</ns3:cad>
          </ns3:TrackPointExtension>
        </extensions>
      </trkpt>
      <trkpt lat="43.8486146740615367889404296875" lon="87.5105524621903896331787109375">
        <ele>815.4000244140625</ele>
        <time>2026-08-09T13:12:32.000Z</time>
        <extensions>
          <ns3:TrackPointExtension>
            <ns3:hr>154</ns3:hr>
            <ns3:cad>55</ns3:cad>
          </ns3:TrackPointExtension>
        </extensions>
      </trkpt>
      <trkpt lat="43.8485861755907535552978515625" lon="87.510550953447818756103515625">
        <ele>815.4000244140625</ele>
        <time>2026-08-09T13:12:34.000Z</time>
        <extensions>
          <ns3:TrackPointExtension>
            <ns3:hr>150</ns3:hr>
            <ns3:cad>48</ns3:cad>
          </ns3:TrackPointExtension>
        </extensions>
      </trkpt>
      <trkpt lat="43.8485653884708881378173828125" lon="87.51053712330758571624755859375">
        <ele>815.20001220703125</ele>
        <time>2026-08-09T13:12:36.000Z</time>
        <extensions>
          <ns3:TrackPointExtension>
            <ns3:hr>147</ns3:hr>
            <ns3:cad>0</ns3:cad>
          </ns3:TrackPointExtension>
        </extensions>
      </trkpt>
      <trkpt lat="43.8485191203653812408447265625" lon="87.510479874908924102783203125">
        <ele>814.5999755859375</ele>
        <time>2026-08-09T13:13:38.000Z</time>
        <extensions>
          <ns3:TrackPointExtension>
            <ns3:hr>115</ns3:hr>
            <ns3:cad>0</ns3:cad>
          </ns3:TrackPointExtension>
        </extensions>
      </trkpt>
      <trkpt lat="43.8485191203653812408447265625" lon="87.5104797072708606719970703125">
        <ele>814.5999755859375</ele>
        <time>2026-08-09T13:13:39.000Z</time>
        <extensions>
          <ns3:TrackPointExtension>
            <ns3:hr>115</ns3:hr>
            <ns3:cad>0</ns3:cad>
          </ns3:TrackPointExtension>
        </extensions>
      </trkpt>
      <trkpt lat="43.84851501323282718658447265625" lon="87.51045732758939266204833984375">
        <ele>814.4000244140625</ele>
        <time>2026-08-09T13:13:41.000Z</time>
        <extensions>
          <ns3:TrackPointExtension>
            <ns3:hr>116</ns3:hr>
            <ns3:cad>0</ns3:cad>
          </ns3:TrackPointExtension>
        </extensions>
      </trkpt>
      <trkpt lat="43.84845131076872348785400390625" lon="87.51041374169290065765380859375">
        <ele>813.79998779296875</ele>
        <time>2026-08-09T13:13:45.000Z</time>
        <extensions>
          <ns3:TrackPointExtension>
            <ns3:hr>119</ns3:hr>
            <ns3:cad>0</ns3:cad>
          </ns3:TrackPointExtension>
        </extensions>
      </trkpt>
      <trkpt lat="43.8484232313930988311767578125" lon="87.51041005365550518035888671875">
        <ele>813.79998779296875</ele>
        <time>2026-08-09T13:13:46.000Z</time>
        <extensions>
          <ns3:TrackPointExtension>
            <ns3:hr>119</ns3:hr>
            <ns3:cad>78</ns3:cad>
          </ns3:TrackPointExtension>
        </extensions>
      </trkpt>
      <trkpt lat="43.84826011955738067626953125" lon="87.51038105227053165435791015625">
        <ele>814</ele>
        <time>2026-08-09T13:13:52.000Z</time>
        <extensions>
          <ns3:TrackPointExtension>
            <ns3:hr>119</ns3:hr>
            <ns3:cad>83</ns3:cad>
          </ns3:TrackPointExtension>
        </extensions>
      </trkpt>
      <trkpt lat="43.84822885505855083465576171875" lon="87.51037736423313617706298828125">
        <ele>814.20001220703125</ele>
        <time>2026-08-09T13:13:53.000Z</time>
        <extensions>
          <ns3:TrackPointExtension>
            <ns3:hr>122</ns3:hr>
            <ns3:cad>83</ns3:cad>
          </ns3:TrackPointExtension>
        </extensions>
      </trkpt>
      <trkpt lat="43.848166577517986297607421875" lon="87.51036747358739376068115234375">
        <ele>814.5999755859375</ele>
        <time>2026-08-09T13:13:55.000Z</time>
        <extensions>
          <ns3:TrackPointExtension>
            <ns3:hr>125</ns3:hr>
            <ns3:cad>82</ns3:cad>
          </ns3:TrackPointExtension>
        </extensions>
      </trkpt>
      <trkpt lat="43.84810815565288066864013671875" lon="87.51035104505717754364013671875">
        <ele>814.79998779296875</ele>
        <time>2026-08-09T13:13:57.000Z</time>
        <extensions>
          <ns3:TrackPointExtension>
            <ns3:hr>128</ns3:hr>
            <ns3:cad>82</ns3:cad>
          </ns3:TrackPointExtension>
        </extensions>
      </trkpt>
      <trkpt lat="43.8480188883841037750244140625" lon="87.51032019965350627899169921875">
        <ele>815</ele>
        <time>2026-08-09T13:14:00.000Z</time>
        <extensions>
          <ns3:TrackPointExtension>
            <ns3:hr>131</ns3:hr>
            <ns3:cad>82</ns3:cad>
          </ns3:TrackPointExtension>
        </extensions>
      </trkpt>
      <trkpt lat="43.8479645736515522003173828125" lon="87.51031684689223766326904296875">
        <ele>815</ele>
        <time>2026-08-09T13:14:02.000Z</time>
        <extensions>
          <ns3:TrackPointExtension>
            <ns3:hr>132</ns3:hr>
            <ns3:cad>82</ns3:cad>
          </ns3:TrackPointExtension>
        </extensions>
      </trkpt>
      <trkpt lat="43.847940266132354736328125" lon="87.51032254658639430999755859375">
        <ele>815</ele>
        <time>2026-08-09T13:14:03.000Z</time>
        <extensions>
          <ns3:TrackPointExtension>
            <ns3:hr>135</ns3:hr>
            <ns3:cad>82</ns3:cad>
          </ns3:TrackPointExtension>
        </extensions>
      </trkpt>
      <trkpt lat="43.84786793030798435211181640625" lon="87.51034450717270374298095703125">
        <ele>815</ele>
        <time>2026-08-09T13:14:06.000Z</time>
        <extensions>
          <ns3:TrackPointExtension>
            <ns3:hr>138</ns3:hr>
            <ns3:cad>79</ns3:cad>
          </ns3:TrackPointExtension>
        </extensions>
      </trkpt>
      <trkpt lat="43.84784613735973834991455078125" lon="87.51034475862979888916015625">
        <ele>815</ele>
        <time>2026-08-09T13:14:07.000Z</time>
        <extensions>
          <ns3:TrackPointExtension>
            <ns3:hr>139</ns3:hr>
            <ns3:cad>79</ns3:cad>
          </ns3:TrackPointExtension>
        </extensions>
      </trkpt>
      <trkpt lat="43.847773633897304534912109375" lon="87.5103534758090972900390625">
        <ele>815.4000244140625</ele>
        <time>2026-08-09T13:14:10.000Z</time>
        <extensions>
          <ns3:TrackPointExtension>
            <ns3:hr>143</ns3:hr>
            <ns3:cad>81</ns3:cad>
          </ns3:TrackPointExtension>
        </extensions>
      </trkpt>
      <trkpt lat="43.847701884806156158447265625" lon="87.51033059321343898773193359375">
        <ele>816</ele>
        <time>2026-08-09T13:14:14.000Z</time>
        <extensions>
          <ns3:TrackPointExtension>
            <ns3:hr>146</ns3:hr>
            <ns3:cad>82</ns3:cad>
          </ns3:TrackPointExtension>
        </extensions>
      </trkpt>
      <trkpt lat="43.8476105220615863800048828125" lon="87.51030611805617809295654296875">
        <ele>817</ele>
        <time>2026-08-09T13:14:18.000Z</time>
        <extensions>
          <ns3:TrackPointExtension>
            <ns3:hr>149</ns3:hr>
            <ns3:cad>81</ns3:cad>
          </ns3:TrackPointExtension>
        </extensions>
      </trkpt>
      <trkpt lat="43.8475391082465648651123046875" lon="87.51029622741043567657470703125">
        <ele>817.5999755859375</ele>
        <time>2026-08-09T13:14:21.000Z</time>
        <extensions>
          <ns3:TrackPointExtension>
            <ns3:hr>150</ns3:hr>
            <ns3:cad>81</ns3:cad>
          </ns3:TrackPointExtension>
        </extensions>
      </trkpt>
      <trkpt lat="43.84739569388329982757568359375" lon="87.51025280915200710296630859375">
        <ele>819</ele>
        <time>2026-08-09T13:14:29.000Z</time>
        <extensions>
          <ns3:TrackPointExtension>
            <ns3:hr>151</ns3:hr>
            <ns3:cad>0</ns3:cad>
          </ns3:TrackPointExtension>
        </extensions>
      </trkpt>
      <trkpt lat="43.84729343466460704803466796875" lon="87.51023084856569766998291015625">
        <ele>820</ele>
        <time>2026-08-09T13:14:37.000Z</time>
        <extensions>
          <ns3:TrackPointExtension>
            <ns3:hr>150</ns3:hr>
            <ns3:cad>56</ns3:cad>
          </ns3:TrackPointExtension>
        </extensions>
      </trkpt>
      <trkpt lat="43.84726678021252155303955078125" lon="87.510233782231807708740234375">
        <ele>820.4000244140625</ele>
        <time>2026-08-09T13:14:40.000Z</time>
        <extensions>
          <ns3:TrackPointExtension>
            <ns3:hr>150</ns3:hr>
            <ns3:cad>56</ns3:cad>
          </ns3:TrackPointExtension>
        </extensions>
      </trkpt>
      <trkpt lat="43.8472517766058444976806640625" lon="87.51024459488689899444580078125">
        <ele>820.5999755859375</ele>
        <time>2026-08-09T13:14:42.000Z</time>
        <extensions>
          <ns3:TrackPointExtension>
            <ns3:hr>151</ns3:hr>
            <ns3:cad>55</ns3:cad>
          </ns3:TrackPointExtension>
        </extensions>
      </trkpt>
      <trkpt lat="43.84723819792270660400390625" lon="87.51025180332362651824951171875">
        <ele>820.79998779296875</ele>
        <time>2026-08-09T13:14:43.000Z</time>
        <extensions>
          <ns3:TrackPointExtension>
            <ns3:hr>151</ns3:hr>
            <ns3:cad>55</ns3:cad>
          </ns3:TrackPointExtension>
        </extensions>
      </trkpt>
      <trkpt lat="43.8471853919327259063720703125" lon="87.51024677418172359466552734375">
        <ele>821</ele>
        <time>2026-08-09T13:14:46.000Z</time>
        <extensions>
          <ns3:TrackPointExtension>
            <ns3:hr>153</ns3:hr>
            <ns3:cad>55</ns3:cad>
          </ns3:TrackPointExtension>
        </extensions>
      </trkpt>
      <trkpt lat="43.8471334241330623626708984375" lon="87.51022850163280963897705078125">
        <ele>821.4000244140625</ele>
        <time>2026-08-09T13:14:49.000Z</time>
        <extensions>
          <ns3:TrackPointExtension>
            <ns3:hr>153</ns3:hr>
            <ns3:cad>54</ns3:cad>
          </ns3:TrackPointExtension>
        </extensions>
      </trkpt>
      <trkpt lat="43.847013227641582489013671875" lon="87.510210983455181121826171875">
        <ele>821.79998779296875</ele>
        <time>2026-08-09T13:14:56.000Z</time>
        <extensions>
          <ns3:TrackPointExtension>
            <ns3:hr>151</ns3:hr>
            <ns3:cad>55</ns3:cad>
          </ns3:TrackPointExtension>
        </extensions>
      </trkpt>
      <trkpt lat="43.84690887294709682464599609375" lon="87.510183155536651611328125">
        <ele>822.5999755859375</ele>
        <time>2026-08-09T13:15:01.000Z</time>
        <extensions>
          <ns3:TrackPointExtension>
            <ns3:hr>148</ns3:hr>
            <ns3:cad>79</ns3:cad>
          </ns3:TrackPointExtension>
        </extensions>
      </trkpt>
      <trkpt lat="43.84688925929367542266845703125" lon="87.51018374226987361907958984375">
        <ele>822.79998779296875</ele>
        <time>2026-08-09T13:15:02.000Z</time>
        <extensions>
          <ns3:TrackPointExtension>
            <ns3:hr>148</ns3:hr>
            <ns3:cad>79</ns3:cad>
          </ns3:TrackPointExtension>
        </extensions>
      </trkpt>
      <trkpt lat="43.84678130038082599639892578125" lon="87.51016161404550075531005859375">
        <ele>824</ele>
        <time>2026-08-09T13:15:09.000Z</time>
        <extensions>
          <ns3:TrackPointExtension>
            <ns3:hr>147</ns3:hr>
            <ns3:cad>74</ns3:cad>
          </ns3:TrackPointExtension>
        </extensions>
      </trkpt>
      <trkpt lat="43.846639730036258697509765625" lon="87.51016773283481597900390625">
        <ele>824.79998779296875</ele>
        <time>2026-08-09T13:15:15.000Z</time>
        <extensions>
          <ns3:TrackPointExtension>
            <ns3:hr>150</ns3:hr>
            <ns3:cad>79</ns3:cad>
          </ns3:TrackPointExtension>
        </extensions>
      </trkpt>
      <trkpt lat="43.84657493792474269866943359375" lon="87.51017753966152667999267578125">
        <ele>824.5999755859375</ele>
        <time>2026-08-09T13:15:20.000Z</time>
        <extensions>
          <ns3:TrackPointExtension>
            <ns3:hr>152</ns3:hr>
            <ns3:cad>54</ns3:cad>
          </ns3:TrackPointExtension>
        </extensions>
      </trkpt>
      <trkpt lat="43.84647309780120849609375" lon="87.5101836584508419036865234375">
        <ele>824.5999755859375</ele>
        <time>2026-08-09T13:15:28.000Z</time>
        <extensions>
          <ns3:TrackPointExtension>
            <ns3:hr>149</ns3:hr>
            <ns3:cad>54</ns3:cad>
          </ns3:TrackPointExtension>
        </extensions>
      </trkpt>
      <trkpt lat="43.846278972923755645751953125" lon="87.51014082692563533782958984375">
        <ele>824.20001220703125</ele>
        <time>2026-08-09T13:15:38.000Z</time>
        <extensions>
          <ns3:TrackPointExtension>
            <ns3:hr>147</ns3:hr>
            <ns3:cad>79</ns3:cad>
          </ns3:TrackPointExtension>
        </extensions>
      </trkpt>
      <trkpt lat="43.84608895517885684967041015625" lon="87.51011073589324951171875">
        <ele>823.20001220703125</ele>
        <time>2026-08-09T13:15:47.000Z</time>
        <extensions>
          <ns3:TrackPointExtension>
            <ns3:hr>148</ns3:hr>
            <ns3:cad>79</ns3:cad>
          </ns3:TrackPointExtension>
        </extensions>
      </trkpt>
      <trkpt lat="43.84599021635949611663818359375" lon="87.510131858289241790771484375">
        <ele>823.4000244140625</ele>
        <time>2026-08-09T13:15:52.000Z</time>
        <extensions>
          <ns3:TrackPointExtension>
            <ns3:hr>151</ns3:hr>
            <ns3:cad>81</ns3:cad>
          </ns3:TrackPointExtension>
        </extensions>
      </trkpt>
      <trkpt lat="43.84598116390407085418701171875" lon="87.51012858934700489044189453125">
        <ele>823.5999755859375</ele>
        <time>2026-08-09T13:15:53.000Z</time>
        <extensions>
          <ns3:TrackPointExtension>
            <ns3:hr>151</ns3:hr>
            <ns3:cad>81</ns3:cad>
          </ns3:TrackPointExtension>
        </extensions>
      </trkpt>
      <trkpt lat="43.84591042064130306243896484375" lon="87.5101072154939174652099609375">
        <ele>823.79998779296875</ele>
        <time>2026-08-09T13:16:00.000Z</time>
        <extensions>
          <ns3:TrackPointExtension>
            <ns3:hr>152</ns3:hr>
            <ns3:cad>54</ns3:cad>
          </ns3:TrackPointExtension>
        </extensions>
      </trkpt>
      <trkpt lat="43.84583498351275920867919921875" lon="87.51008952967822551727294921875">
        <ele>824.20001220703125</ele>
        <time>2026-08-09T13:16:05.000Z</time>
        <extensions>
          <ns3:TrackPointExtension>
            <ns3:hr>155</ns3:hr>
            <ns3:cad>54</ns3:cad>
          </ns3:TrackPointExtension>
        </extensions>
      </trkpt>
      <trkpt lat="43.84573909454047679901123046875" lon="87.51009455882012844085693359375">
        <ele>824.79998779296875</ele>
        <time>2026-08-09T13:16:11.000Z</time>
        <extensions>
          <ns3:TrackPointExtension>
            <ns3:hr>155</ns3:hr>
            <ns3:cad>79</ns3:cad>
          </ns3:TrackPointExtension>
        </extensions>
      </trkpt>
      <trkpt lat="43.845666088163852691650390625" lon="87.51007653772830963134765625">
        <ele>825.4000244140625</ele>
        <time>2026-08-09T13:16:15.000Z</time>
        <extensions>
          <ns3:TrackPointExtension>
            <ns3:hr>152</ns3:hr>
            <ns3:cad>80</ns3:cad>
          </ns3:TrackPointExtension>
        </extensions>
      </trkpt>
      <trkpt lat="43.84564370848238468170166015625" lon="87.51007176004350185394287109375">
        <ele>825.4000244140625</ele>
        <time>2026-08-09T13:16:16.000Z</time>
        <extensions>
          <ns3:TrackPointExtension>
            <ns3:hr>149</ns3:hr>
            <ns3:cad>80</ns3:cad>
          </ns3:TrackPointExtension>
        </extensions>
      </trkpt>
      <trkpt lat="43.8456216640770435333251953125" lon="87.510070167481899261474609375">
        <ele>825.5999755859375</ele>
        <time>2026-08-09T13:16:17.000Z</time>
        <extensions>
          <ns3:TrackPointExtension>
            <ns3:hr>151</ns3:hr>
            <ns3:cad>80</ns3:cad>
          </ns3:TrackPointExtension>
        </extensions>
      </trkpt>
      <trkpt lat="43.84544874541461467742919921875" lon="87.51004041172564029693603515625">
        <ele>826.79998779296875</ele>
        <time>2026-08-09T13:16:24.000Z</time>
        <extensions>
          <ns3:TrackPointExtension>
            <ns3:hr>151</ns3:hr>
            <ns3:cad>81</ns3:cad>
          </ns3:TrackPointExtension>
        </extensions>
      </trkpt>
      <trkpt lat="43.84537347592413425445556640625" lon="87.510030269622802734375">
        <ele>827.4000244140625</ele>
        <time>2026-08-09T13:16:29.000Z</time>
        <extensions>
          <ns3:TrackPointExtension>
            <ns3:hr>153</ns3:hr>
            <ns3:cad>75</ns3:cad>
          </ns3:TrackPointExtension>
        </extensions>
      </trkpt>
      <trkpt lat="43.84533190168440341949462890625" lon="87.51004275865852832794189453125">
        <ele>827.5999755859375</ele>
        <time>2026-08-09T13:16:32.000Z</time>
        <extensions>
          <ns3:TrackPointExtension>
            <ns3:hr>156</ns3:hr>
            <ns3:cad>0</ns3:cad>
          </ns3:TrackPointExtension>
        </extensions>
      </trkpt>
      <trkpt lat="43.845311366021633148193359375" lon="87.5100316107273101806640625">
        <ele>827.79998779296875</ele>
        <time>2026-08-09T13:16:35.000Z</time>
        <extensions>
          <ns3:TrackPointExtension>
            <ns3:hr>158</ns3:hr>
            <ns3:cad>54</ns3:cad>
          </ns3:TrackPointExtension>
        </extensions>
      </trkpt>
      <trkpt lat="43.8451707176864147186279296875" lon="87.50998207367956638336181640625">
        <ele>828</ele>
        <time>2026-08-09T13:16:44.000Z</time>
        <extensions>
          <ns3:TrackPointExtension>
            <ns3:hr>158</ns3:hr>
            <ns3:cad>0</ns3:cad>
          </ns3:TrackPointExtension>
        </extensions>
      </trkpt>
      <trkpt lat="43.8451547920703887939453125" lon="87.50998861156404018402099609375">
        <ele>828</ele>
        <time>2026-08-09T13:16:48.000Z</time>
        <extensions>
          <ns3:TrackPointExtension>
            <ns3:hr>156</ns3:hr>
            <ns3:cad>0</ns3:cad>
          </ns3:TrackPointExtension>
        </extensions>
      </trkpt>
      <trkpt lat="43.8451159000396728515625" lon="87.510025911033153533935546875">
        <ele>828</ele>
        <time>2026-08-09T13:16:51.000Z</time>
        <extensions>
          <ns3:TrackPointExtension>
            <ns3:hr>154</ns3:hr>
            <ns3:cad>54</ns3:cad>
          </ns3:TrackPointExtension>
        </extensions>
      </trkpt>
      <trkpt lat="43.84510039351880550384521484375" lon="87.5100284256041049957275390625">
        <ele>828</ele>
        <time>2026-08-09T13:16:52.000Z</time>
        <extensions>
          <ns3:TrackPointExtension>
            <ns3:hr>153</ns3:hr>
            <ns3:cad>54</ns3:cad>
          </ns3:TrackPointExtension>
        </extensions>
      </trkpt>
      <trkpt lat="43.84506820701062679290771484375" lon="87.5100267492234706878662109375">
        <ele>828</ele>
        <time>2026-08-09T13:16:54.000Z</time>
        <extensions>
          <ns3:TrackPointExtension>
            <ns3:hr>150</ns3:hr>
            <ns3:cad>54</ns3:cad>
          </ns3:TrackPointExtension>
        </extensions>
      </trkpt>
      <trkpt lat="43.844994865357875823974609375" lon="87.5100317783653736114501953125">
        <ele>828</ele>
        <time>2026-08-09T13:16:57.000Z</time>
        <extensions>
          <ns3:TrackPointExtension>
            <ns3:hr>148</ns3:hr>
            <ns3:cad>81</ns3:cad>
          </ns3:TrackPointExtension>
        </extensions>
      </trkpt>
      <trkpt lat="43.84479872882366180419921875" lon="87.51000537537038326263427734375">
        <ele>828.79998779296875</ele>
        <time>2026-08-09T13:17:04.000Z</time>
        <extensions>
          <ns3:TrackPointExtension>
            <ns3:hr>149</ns3:hr>
            <ns3:cad>81</ns3:cad>
          </ns3:TrackPointExtension>
        </extensions>
      </trkpt>
      <trkpt lat="43.84469068609178066253662109375" lon="87.50997637398540973663330078125">
        <ele>829.20001220703125</ele>
        <time>2026-08-09T13:17:08.000Z</time>
        <extensions>
          <ns3:TrackPointExtension>
            <ns3:hr>152</ns3:hr>
            <ns3:cad>81</ns3:cad>
          </ns3:TrackPointExtension>
        </extensions>
      </trkpt>
      <trkpt lat="43.84464357979595661163330078125" lon="87.50999313779175281524658203125">
        <ele>829.20001220703125</ele>
        <time>2026-08-09T13:17:11.000Z</time>
        <extensions>
          <ns3:TrackPointExtension>
            <ns3:hr>152</ns3:hr>
            <ns3:cad>81</ns3:cad>
          </ns3:TrackPointExtension>
        </extensions>
      </trkpt>
      <trkpt lat="43.84455489926040172576904296875" lon="87.50997335650026798248291015625">
        <ele>829.20001220703125</ele>
        <time>2026-08-09T13:17:17.000Z</time>
        <extensions>
          <ns3:TrackPointExtension>
            <ns3:hr>155</ns3:hr>
            <ns3:cad>81</ns3:cad>
          </ns3:TrackPointExtension>
        </extensions>
      </trkpt>
      <trkpt lat="43.8445410691201686859130859375" lon="87.50997461378574371337890625">
        <ele>829.20001220703125</ele>
        <time>2026-08-09T13:17:18.000Z</time>
        <extensions>
          <ns3:TrackPointExtension>
            <ns3:hr>155</ns3:hr>
            <ns3:cad>81</ns3:cad>
          </ns3:TrackPointExtension>
        </extensions>
      </trkpt>
      <trkpt lat="43.8444666378200054168701171875" lon="87.509933374822139739990234375">
        <ele>829.4000244140625</ele>
        <time>2026-08-09T13:17:23.000Z</time>
        <extensions>
          <ns3:TrackPointExtension>
            <ns3:hr>152</ns3:hr>
            <ns3:cad>0</ns3:cad>
          </ns3:TrackPointExtension>
        </extensions>
      </trkpt>
      <trkpt lat="43.844422884285449981689453125" lon="87.5099181197583675384521484375">
        <ele>829.4000244140625</ele>
        <time>2026-08-09T13:17:25.000Z</time>
        <extensions>
          <ns3:TrackPointExtension>
            <ns3:hr>153</ns3:hr>
            <ns3:cad>0</ns3:cad>
          </ns3:TrackPointExtension>
        </extensions>
      </trkpt>
      <trkpt lat="43.844306878745555877685546875" lon="87.50993848778307437896728515625">
        <ele>829.20001220703125</ele>
        <time>2026-08-09T13:17:30.000Z</time>
        <extensions>
          <ns3:TrackPointExtension>
            <ns3:hr>153</ns3:hr>
            <ns3:cad>79</ns3:cad>
          </ns3:TrackPointExtension>
        </extensions>
      </trkpt>
      <trkpt lat="43.8442664779722690582275390625" lon="87.50999875366687774658203125">
        <ele>829.4000244140625</ele>
        <time>2026-08-09T13:17:33.000Z</time>
        <extensions>
          <ns3:TrackPointExtension>
            <ns3:hr>155</ns3:hr>
            <ns3:cad>79</ns3:cad>
          </ns3:TrackPointExtension>
        </extensions>
      </trkpt>
      <trkpt lat="43.84425826370716094970703125" lon="87.510065138339996337890625">
        <ele>829.79998779296875</ele>
        <time>2026-08-09T13:17:35.000Z</time>
        <extensions>
          <ns3:TrackPointExtension>
            <ns3:hr>155</ns3:hr>
            <ns3:cad>81</ns3:cad>
          </ns3:TrackPointExtension>
        </extensions>
      </trkpt>
      <trkpt lat="43.844314254820346832275390625" lon="87.51033310778439044952392578125">
        <ele>831.5999755859375</ele>
        <time>2026-08-09T13:17:41.000Z</time>
        <extensions>
          <ns3:TrackPointExtension>
            <ns3:hr>157</ns3:hr>
            <ns3:cad>82</ns3:cad>
          </ns3:TrackPointExtension>
        </extensions>
      </trkpt>
      <trkpt lat="43.8443519733846187591552734375" lon="87.5104223750531673431396484375">
        <ele>831.79998779296875</ele>
        <time>2026-08-09T13:17:44.000Z</time>
        <extensions>
          <ns3:TrackPointExtension>
            <ns3:hr>162</ns3:hr>
            <ns3:cad>80</ns3:cad>
          </ns3:TrackPointExtension>
        </extensions>
      </trkpt>
      <trkpt lat="43.84437183849513530731201171875" lon="87.5104401446878910064697265625">
        <ele>831.79998779296875</ele>
        <time>2026-08-09T13:17:45.000Z</time>
        <extensions>
          <ns3:TrackPointExtension>
            <ns3:hr>159</ns3:hr>
            <ns3:cad>80</ns3:cad>
          </ns3:TrackPointExtension>
        </extensions>
      </trkpt>
      <trkpt lat="43.84439195506274700164794921875" lon="87.51043997704982757568359375">
        <ele>831.5999755859375</ele>
        <time>2026-08-09T13:17:46.000Z</time>
        <extensions>
          <ns3:TrackPointExtension>
            <ns3:hr>159</ns3:hr>
            <ns3:cad>79</ns3:cad>
          </ns3:TrackPointExtension>
        </extensions>
      </trkpt>
      <trkpt lat="43.84450913406908512115478515625" lon="87.5104592554271221160888671875">
        <ele>831.20001220703125</ele>
        <time>2026-08-09T13:17:52.000Z</time>
        <extensions>
          <ns3:TrackPointExtension>
            <ns3:hr>160</ns3:hr>
            <ns3:cad>64</ns3:cad>
          </ns3:TrackPointExtension>
        </extensions>
      </trkpt>
      <trkpt lat="43.8445481099188327789306640625" lon="87.51050711609423160552978515625">
        <ele>831</ele>
        <time>2026-08-09T13:17:58.000Z</time>
        <extensions>
          <ns3:TrackPointExtension>
            <ns3:hr>159</ns3:hr>
            <ns3:cad>54</ns3:cad>
          </ns3:TrackPointExtension>
        </extensions>
      </trkpt>
      <trkpt lat="43.84459597058594226837158203125" lon="87.5105484388768672943115234375">
        <ele>830.79998779296875</ele>
        <time>2026-08-09T13:18:03.000Z</time>
        <extensions>
          <ns3:TrackPointExtension>
            <ns3:hr>156</ns3:hr>
            <ns3:cad>57</ns3:cad>
          </ns3:TrackPointExtension>
        </extensions>
      </trkpt>
      <trkpt lat="43.844622708857059478759765625" lon="87.51055858097970485687255859375">
        <ele>830.5999755859375</ele>
        <time>2026-08-09T13:18:05.000Z</time>
        <extensions>
          <ns3:TrackPointExtension>
            <ns3:hr>155</ns3:hr>
            <ns3:cad>57</ns3:cad>
          </ns3:TrackPointExtension>
        </extensions>
      </trkpt>
      <trkpt lat="43.84466595947742462158203125" lon="87.510575763881206512451171875">
        <ele>830.4000244140625</ele>
        <time>2026-08-09T13:18:07.000Z</time>
        <extensions>
          <ns3:TrackPointExtension>
            <ns3:hr>152</ns3:hr>
            <ns3:cad>57</ns3:cad>
          </ns3:TrackPointExtension>
        </extensions>
      </trkpt>
      <trkpt lat="43.8447217829525470733642578125" lon="87.51057534478604793548583984375">
        <ele>830</ele>
        <time>2026-08-09T13:18:09.000Z</time>
        <extensions>
          <ns3:TrackPointExtension>
            <ns3:hr>149</ns3:hr>
            <ns3:cad>80</ns3:cad>
          </ns3:TrackPointExtension>
        </extensions>
      </trkpt>
      <trkpt lat="43.8448656164109706878662109375" lon="87.51057132147252559661865234375">
        <ele>829.4000244140625</ele>
        <time>2026-08-09T13:18:14.000Z</time>
        <extensions>
          <ns3:TrackPointExtension>
            <ns3:hr>147</ns3:hr>
            <ns3:cad>79</ns3:cad>
          </ns3:TrackPointExtension>
        </extensions>
      </trkpt>
      <trkpt lat="43.844968378543853759765625" lon="87.51057970337569713592529296875">
        <ele>829</ele>
        <time>2026-08-09T13:18:18.000Z</time>
        <extensions>
          <ns3:TrackPointExtension>
            <ns3:hr>143</ns3:hr>
            <ns3:cad>79</ns3:cad>
          </ns3:TrackPointExtension>
        </extensions>
      </trkpt>
      <trkpt lat="43.84503702633082866668701171875" lon="87.510596551001071929931640625">
        <ele>829.20001220703125</ele>
        <time>2026-08-09T13:18:21.000Z</time>
        <extensions>
          <ns3:TrackPointExtension>
            <ns3:hr>144</ns3:hr>
            <ns3:cad>80</ns3:cad>
          </ns3:TrackPointExtension>
        </extensions>
      </trkpt>
      <trkpt lat="43.84513526223599910736083984375" lon="87.5106161646544933319091796875">
        <ele>830.4000244140625</ele>
        <time>2026-08-09T13:18:26.000Z</time>
        <extensions>
          <ns3:TrackPointExtension>
            <ns3:hr>147</ns3:hr>
            <ns3:cad>81</ns3:cad>
          </ns3:TrackPointExtension>
        </extensions>
      </trkpt>
      <trkpt lat="43.845151104032993316650390625" lon="87.51061432063579559326171875">
        <ele>830.4000244140625</ele>
        <time>2026-08-09T13:18:27.000Z</time>
        <extensions>
          <ns3:TrackPointExtension>
            <ns3:hr>147</ns3:hr>
            <ns3:cad>81</ns3:cad>
          </ns3:TrackPointExtension>
        </extensions>
      </trkpt>
      <trkpt lat="43.84529720060527324676513671875" lon="87.51058288849890232086181640625">
        <ele>831.5999755859375</ele>
        <time>2026-08-09T13:18:34.000Z</time>
        <extensions>
          <ns3:TrackPointExtension>
            <ns3:hr>150</ns3:hr>
            <ns3:cad>54</ns3:cad>
          </ns3:TrackPointExtension>
        </extensions>
      </trkpt>
      <trkpt lat="43.845474310219287872314453125" lon="87.51063175499439239501953125">
        <ele>831</ele>
        <time>2026-08-09T13:18:42.000Z</time>
        <extensions>
          <ns3:TrackPointExtension>
            <ns3:hr>149</ns3:hr>
            <ns3:cad>79</ns3:cad>
          </ns3:TrackPointExtension>
        </extensions>
      </trkpt>
      <trkpt lat="43.845579922199249267578125" lon="87.5106672942638397216796875">
        <ele>830.5999755859375</ele>
        <time>2026-08-09T13:18:47.000Z</time>
        <extensions>
          <ns3:TrackPointExtension>
            <ns3:hr>146</ns3:hr>
            <ns3:cad>80</ns3:cad>
          </ns3:TrackPointExtension>
        </extensions>
      </trkpt>
      <trkpt lat="43.8456464745104312896728515625" lon="87.51065790653228759765625">
        <ele>829.4000244140625</ele>
        <time>2026-08-09T13:18:51.000Z</time>
        <extensions>
          <ns3:TrackPointExtension>
            <ns3:hr>144</ns3:hr>
            <ns3:cad>0</ns3:cad>
          </ns3:TrackPointExtension>
        </extensions>
      </trkpt>
      <trkpt lat="43.84575803764164447784423828125" lon="87.510662935674190521240234375">
        <ele>827.79998779296875</ele>
        <time>2026-08-09T13:18:58.000Z</time>
        <extensions>
          <ns3:TrackPointExtension>
            <ns3:hr>141</ns3:hr>
            <ns3:cad>54</ns3:cad>
          </ns3:TrackPointExtension>
        </extensions>
      </trkpt>
      <trkpt lat="43.845770023763179779052734375" lon="87.51066586934030055999755859375">
        <ele>827.79998779296875</ele>
        <time>2026-08-09T13:18:59.000Z</time>
        <extensions>
          <ns3:TrackPointExtension>
            <ns3:hr>141</ns3:hr>
            <ns3:cad>54</ns3:cad>
          </ns3:TrackPointExtension>
        </extensions>
      </trkpt>
      <trkpt lat="43.84578041732311248779296875" lon="87.5106661207973957061767578125">
        <ele>827.5999755859375</ele>
        <time>2026-08-09T13:19:00.000Z</time>
        <extensions>
          <ns3:TrackPointExtension>
            <ns3:hr>141</ns3:hr>
            <ns3:cad>54</ns3:cad>
          </ns3:TrackPointExtension>
        </extensions>
      </trkpt>
      <trkpt lat="43.84584881365299224853515625" lon="87.51069118268787860870361328125">
        <ele>826.79998779296875</ele>
        <time>2026-08-09T13:19:05.000Z</time>
        <extensions>
          <ns3:TrackPointExtension>
            <ns3:hr>138</ns3:hr>
            <ns3:cad>55</ns3:cad>
          </ns3:TrackPointExtension>
        </extensions>
      </trkpt>
      <trkpt lat="43.8458540104329586029052734375" lon="87.5106966309249401092529296875">
        <ele>827</ele>
        <time>2026-08-09T13:19:06.000Z</time>
        <extensions>
          <ns3:TrackPointExtension>
            <ns3:hr>136</ns3:hr>
            <ns3:cad>55</ns3:cad>
          </ns3:TrackPointExtension>
        </extensions>
      </trkpt>
      <trkpt lat="43.84587069042026996612548828125" lon="87.5106916017830371856689453125">
        <ele>826.79998779296875</ele>
        <time>2026-08-09T13:19:09.000Z</time>
        <extensions>
          <ns3:TrackPointExtension>
            <ns3:hr>133</ns3:hr>
            <ns3:cad>54</ns3:cad>
          </ns3:TrackPointExtension>
        </extensions>
      </trkpt>
      <trkpt lat="43.84592525660991668701171875" lon="87.51070861704647541046142578125">
        <ele>827</ele>
        <time>2026-08-09T13:19:13.000Z</time>
        <extensions>
          <ns3:TrackPointExtension>
            <ns3:hr>132</ns3:hr>
            <ns3:cad>54</ns3:cad>
          </ns3:TrackPointExtension>
        </extensions>
      </trkpt>
      <trkpt lat="43.84597093798220157623291015625" lon="87.51071364618837833404541015625">
        <ele>827</ele>
        <time>2026-08-09T13:19:16.000Z</time>
        <extensions>
          <ns3:TrackPointExtension>
            <ns3:hr>129</ns3:hr>
            <ns3:cad>79</ns3:cad>
          </ns3:TrackPointExtension>
        </extensions>
      </trkpt>
      <trkpt lat="43.84608057327568531036376953125" lon="87.510724961757659912109375">
        <ele>827.20001220703125</ele>
        <time>2026-08-09T13:19:21.000Z</time>
        <extensions>
          <ns3:TrackPointExtension>
            <ns3:hr>128</ns3:hr>
            <ns3:cad>80</ns3:cad>
          </ns3:TrackPointExtension>
        </extensions>
      </trkpt>
      <trkpt lat="43.84614226408302783966064453125" lon="87.510737366974353790283203125">
        <ele>827.4000244140625</ele>
        <time>2026-08-09T13:19:25.000Z</time>
        <extensions>
          <ns3:TrackPointExtension>
            <ns3:hr>131</ns3:hr>
            <ns3:cad>80</ns3:cad>
          </ns3:TrackPointExtension>
        </extensions>
      </trkpt>
      <trkpt lat="43.846221305429935455322265625" lon="87.51073292456567287445068359375">
        <ele>827.5999755859375</ele>
        <time>2026-08-09T13:19:29.000Z</time>
        <extensions>
          <ns3:TrackPointExtension>
            <ns3:hr>134</ns3:hr>
            <ns3:cad>82</ns3:cad>
          </ns3:TrackPointExtension>
        </extensions>
      </trkpt>
      <trkpt lat="43.84625491686165332794189453125" lon="87.51073460094630718231201171875">
        <ele>827.79998779296875</ele>
        <time>2026-08-09T13:19:30.000Z</time>
        <extensions>
          <ns3:TrackPointExtension>
            <ns3:hr>135</ns3:hr>
            <ns3:cad>82</ns3:cad>
          </ns3:TrackPointExtension>
        </extensions>
      </trkpt>
      <trkpt lat="43.846391625702381134033203125" lon="87.5107432343065738677978515625">
        <ele>828.4000244140625</ele>
        <time>2026-08-09T13:19:34.000Z</time>
        <extensions>
          <ns3:TrackPointExtension>
            <ns3:hr>138</ns3:hr>
            <ns3:cad>81</ns3:cad>
          </ns3:TrackPointExtension>
        </extensions>
      </trkpt>
      <trkpt lat="43.846467398107051849365234375" lon="87.5107423961162567138671875">
        <ele>828</ele>
        <time>2026-08-09T13:19:36.000Z</time>
        <extensions>
          <ns3:TrackPointExtension>
            <ns3:hr>138</ns3:hr>
            <ns3:cad>81</ns3:cad>
          </ns3:TrackPointExtension>
        </extensions>
      </trkpt>
      <trkpt lat="43.84654962457716464996337890625" lon="87.51075002364814281463623046875">
        <ele>827.4000244140625</ele>
        <time>2026-08-09T13:19:39.000Z</time>
        <extensions>
          <ns3:TrackPointExtension>
            <ns3:hr>142</ns3:hr>
            <ns3:cad>80</ns3:cad>
          </ns3:TrackPointExtension>
        </extensions>
      </trkpt>
      <trkpt lat="43.84657971560955047607421875" lon="87.5107542984187602996826171875">
        <ele>827.5999755859375</ele>
        <time>2026-08-09T13:19:41.000Z</time>
        <extensions>
          <ns3:TrackPointExtension>
            <ns3:hr>143</ns3:hr>
            <ns3:cad>80</ns3:cad>
          </ns3:TrackPointExtension>
        </extensions>
      </trkpt>
      <trkpt lat="43.8467092998325824737548828125" lon="87.5107569806277751922607421875">
        <ele>827.4000244140625</ele>
        <time>2026-08-09T13:19:49.000Z</time>
        <extensions>
          <ns3:TrackPointExtension>
            <ns3:hr>145</ns3:hr>
            <ns3:cad>55</ns3:cad>
          </ns3:TrackPointExtension>
        </extensions>
      </trkpt>
      <trkpt lat="43.84681985713541507720947265625" lon="87.5107911787927150726318359375">
        <ele>827.20001220703125</ele>
        <time>2026-08-09T13:19:57.000Z</time>
        <extensions>
          <ns3:TrackPointExtension>
            <ns3:hr>142</ns3:hr>
            <ns3:cad>59</ns3:cad>
          </ns3:TrackPointExtension>
        </extensions>
      </trkpt>
      <trkpt lat="43.84697190485894680023193359375" lon="87.5108431465923786163330078125">
        <ele>826.4000244140625</ele>
        <time>2026-08-09T13:20:04.000Z</time>
        <extensions>
          <ns3:TrackPointExtension>
            <ns3:hr>140</ns3:hr>
            <ns3:cad>82</ns3:cad>
          </ns3:TrackPointExtension>
        </extensions>
      </trkpt>
      <trkpt lat="43.84707366116344928741455078125" lon="87.51088111661374568939208984375">
        <ele>825.79998779296875</ele>
        <time>2026-08-09T13:20:10.000Z</time>
        <extensions>
          <ns3:TrackPointExtension>
            <ns3:hr>137</ns3:hr>
            <ns3:cad>82</ns3:cad>
          </ns3:TrackPointExtension>
        </extensions>
      </trkpt>
      <trkpt lat="43.847081623971462249755859375" lon="87.510884217917919158935546875">
        <ele>825.5999755859375</ele>
        <time>2026-08-09T13:20:11.000Z</time>
        <extensions>
          <ns3:TrackPointExtension>
            <ns3:hr>137</ns3:hr>
            <ns3:cad>82</ns3:cad>
          </ns3:TrackPointExtension>
        </extensions>
      </trkpt>
      <trkpt lat="43.84709092788398265838623046875" lon="87.51091782934963703155517578125">
        <ele>825.79998779296875</ele>
        <time>2026-08-09T13:20:15.000Z</time>
        <extensions>
          <ns3:TrackPointExtension>
            <ns3:hr>137</ns3:hr>
            <ns3:cad>82</ns3:cad>
          </ns3:TrackPointExtension>
        </extensions>
      </trkpt>
      <trkpt lat="43.8471488468348979949951171875" lon="87.51094582490622997283935546875">
        <ele>825.4000244140625</ele>
        <time>2026-08-09T13:20:19.000Z</time>
        <extensions>
          <ns3:TrackPointExtension>
            <ns3:hr>139</ns3:hr>
            <ns3:cad>58</ns3:cad>
          </ns3:TrackPointExtension>
        </extensions>
      </trkpt>
      <trkpt lat="43.84723509661853313446044921875" lon="87.51095957122743129730224609375">
        <ele>824.5999755859375</ele>
        <time>2026-08-09T13:20:23.000Z</time>
        <extensions>
          <ns3:TrackPointExtension>
            <ns3:hr>140</ns3:hr>
            <ns3:cad>81</ns3:cad>
          </ns3:TrackPointExtension>
        </extensions>
      </trkpt>
      <trkpt lat="43.8472454063594341278076171875" lon="87.51096728257834911346435546875">
        <ele>824.5999755859375</ele>
        <time>2026-08-09T13:20:24.000Z</time>
        <extensions>
          <ns3:TrackPointExtension>
            <ns3:hr>140</ns3:hr>
            <ns3:cad>82</ns3:cad>
          </ns3:TrackPointExtension>
        </extensions>
      </trkpt>
      <trkpt lat="43.8473845459520816802978515625" lon="87.51095739193260669708251953125">
        <ele>823.20001220703125</ele>
        <time>2026-08-09T13:20:29.000Z</time>
        <extensions>
          <ns3:TrackPointExtension>
            <ns3:hr>142</ns3:hr>
            <ns3:cad>81</ns3:cad>
          </ns3:TrackPointExtension>
        </extensions>
      </trkpt>
      <trkpt lat="43.84756417013704776763916015625" lon="87.51095001585781574249267578125">
        <ele>822</ele>
        <time>2026-08-09T13:20:34.000Z</time>
        <extensions>
          <ns3:TrackPointExtension>
            <ns3:hr>142</ns3:hr>
            <ns3:cad>81</ns3:cad>
          </ns3:TrackPointExtension>
        </extensions>
      </trkpt>
      <trkpt lat="43.84767967276275157928466796875" lon="87.5109551288187503814697265625">
        <ele>821.4000244140625</ele>
        <time>2026-08-09T13:20:40.000Z</time>
        <extensions>
          <ns3:TrackPointExtension>
            <ns3:hr>143</ns3:hr>
            <ns3:cad>80</ns3:cad>
          </ns3:TrackPointExtension>
        </extensions>
      </trkpt>
      <trkpt lat="43.84771839715540409088134765625" lon="87.5109581463038921356201171875">
        <ele>821</ele>
        <time>2026-08-09T13:20:43.000Z</time>
        <extensions>
          <ns3:TrackPointExtension>
            <ns3:hr>146</ns3:hr>
            <ns3:cad>54</ns3:cad>
          </ns3:TrackPointExtension>
        </extensions>
      </trkpt>
      <trkpt lat="43.84776533581316471099853515625" lon="87.51097164116799831390380859375">
        <ele>820.79998779296875</ele>
        <time>2026-08-09T13:20:47.000Z</time>
        <extensions>
          <ns3:TrackPointExtension>
            <ns3:hr>146</ns3:hr>
            <ns3:cad>54</ns3:cad>
          </ns3:TrackPointExtension>
        </extensions>
      </trkpt>
      <trkpt lat="43.84784848429262638092041015625" lon="87.5109956972301006317138671875">
        <ele>820.79998779296875</ele>
        <time>2026-08-09T13:20:54.000Z</time>
        <extensions>
          <ns3:TrackPointExtension>
            <ns3:hr>142</ns3:hr>
            <ns3:cad>54</ns3:cad>
          </ns3:TrackPointExtension>
        </extensions>
      </trkpt>
      <trkpt lat="43.8478730432689189910888671875" lon="87.51099728979170322418212890625">
        <ele>820.79998779296875</ele>
        <time>2026-08-09T13:20:56.000Z</time>
        <extensions>
          <ns3:TrackPointExtension>
            <ns3:hr>139</ns3:hr>
            <ns3:cad>54</ns3:cad>
          </ns3:TrackPointExtension>
        </extensions>
      </trkpt>
      <trkpt lat="43.847912438213825225830078125" lon="87.5110111199319362640380859375">
        <ele>820.79998779296875</ele>
        <time>2026-08-09T13:21:00.000Z</time>
        <extensions>
          <ns3:TrackPointExtension>
            <ns3:hr>136</ns3:hr>
            <ns3:cad>52</ns3:cad>
          </ns3:TrackPointExtension>
        </extensions>
      </trkpt>
      <trkpt lat="43.8479488156735897064208984375" lon="87.5110892392694950103759765625">
        <ele>821.4000244140625</ele>
        <time>2026-08-09T13:22:12.000Z</time>
        <extensions>
          <ns3:TrackPointExtension>
            <ns3:hr>106</ns3:hr>
            <ns3:cad>0</ns3:cad>
          </ns3:TrackPointExtension>
        </extensions>
      </trkpt>
      <trkpt lat="43.8479531742632389068603515625" lon="87.51109049655497074127197265625">
        <ele>821.4000244140625</ele>
        <time>2026-08-09T13:22:13.000Z</time>
        <extensions>
          <ns3:TrackPointExtension>
            <ns3:hr>106</ns3:hr>
            <ns3:cad>0</ns3:cad>
          </ns3:TrackPointExtension>
        </extensions>
      </trkpt>
      <trkpt lat="43.84800639934837818145751953125" lon="87.51109200529754161834716796875">
        <ele>821.4000244140625</ele>
        <time>2026-08-09T13:22:15.000Z</time>
        <extensions>
          <ns3:TrackPointExtension>
            <ns3:hr>105</ns3:hr>
            <ns3:cad>0</ns3:cad>
          </ns3:TrackPointExtension>
        </extensions>
      </trkpt>
      <trkpt lat="43.84820102714002132415771484375" lon="87.51112394034862518310546875">
        <ele>820.79998779296875</ele>
        <time>2026-08-09T13:22:21.000Z</time>
        <extensions>
          <ns3:TrackPointExtension>
            <ns3:hr>105</ns3:hr>
            <ns3:cad>82</ns3:cad>
          </ns3:TrackPointExtension>
        </extensions>
      </trkpt>
      <trkpt lat="43.8482358120381832122802734375" lon="87.51113492064177989959716796875">
        <ele>821</ele>
        <time>2026-08-09T13:22:22.000Z</time>
        <extensions>
          <ns3:TrackPointExtension>
            <ns3:hr>105</ns3:hr>
            <ns3:cad>82</ns3:cad>
          </ns3:TrackPointExtension>
        </extensions>
      </trkpt>
      <trkpt lat="43.84826590307056903839111328125" lon="87.51114313490688800811767578125">
        <ele>821</ele>
        <time>2026-08-09T13:22:23.000Z</time>
        <extensions>
          <ns3:TrackPointExtension>
            <ns3:hr>108</ns3:hr>
            <ns3:cad>82</ns3:cad>
          </ns3:TrackPointExtension>
        </extensions>
      </trkpt>
      <trkpt lat="43.8483223132789134979248046875" lon="87.51115419901907444000244140625">
        <ele>820.79998779296875</ele>
        <time>2026-08-09T13:22:25.000Z</time>
        <extensions>
          <ns3:TrackPointExtension>
            <ns3:hr>111</ns3:hr>
            <ns3:cad>82</ns3:cad>
          </ns3:TrackPointExtension>
        </extensions>
      </trkpt>
      <trkpt lat="43.848385512828826904296875" lon="87.51116216182708740234375">
        <ele>821</ele>
        <time>2026-08-09T13:22:27.000Z</time>
        <extensions>
          <ns3:TrackPointExtension>
            <ns3:hr>115</ns3:hr>
            <ns3:cad>82</ns3:cad>
          </ns3:TrackPointExtension>
        </extensions>
      </trkpt>
      <trkpt lat="43.84844074957072734832763671875" lon="87.5111566297709941864013671875">
        <ele>821.20001220703125</ele>
        <time>2026-08-09T13:22:29.000Z</time>
        <extensions>
          <ns3:TrackPointExtension>
            <ns3:hr>118</ns3:hr>
            <ns3:cad>81</ns3:cad>
          </ns3:TrackPointExtension>
        </extensions>
      </trkpt>
      <trkpt lat="43.84845600463449954986572265625" lon="87.51114615239202976226806640625">
        <ele>821.20001220703125</ele>
        <time>2026-08-09T13:22:30.000Z</time>
        <extensions>
          <ns3:TrackPointExtension>
            <ns3:hr>119</ns3:hr>
            <ns3:cad>81</ns3:cad>
          </ns3:TrackPointExtension>
        </extensions>
      </trkpt>
      <trkpt lat="43.8484688289463520050048828125" lon="87.51112394034862518310546875">
        <ele>821</ele>
        <time>2026-08-09T13:22:32.000Z</time>
        <extensions>
          <ns3:TrackPointExtension>
            <ns3:hr>123</ns3:hr>
            <ns3:cad>80</ns3:cad>
          </ns3:TrackPointExtension>
        </extensions>
      </trkpt>
      <trkpt lat="43.8484807312488555908203125" lon="87.51110457815229892730712890625">
        <ele>821</ele>
        <time>2026-08-09T13:22:34.000Z</time>
        <extensions>
          <ns3:TrackPointExtension>
            <ns3:hr>126</ns3:hr>
            <ns3:cad>60</ns3:cad>
          </ns3:TrackPointExtension>
        </extensions>
      </trkpt>
      <trkpt lat="43.848573602735996246337890625" lon="87.51106359064579010009765625">
        <ele>820.79998779296875</ele>
        <time>2026-08-09T13:22:40.000Z</time>
        <extensions>
          <ns3:TrackPointExtension>
            <ns3:hr>123</ns3:hr>
            <ns3:cad>60</ns3:cad>
          </ns3:TrackPointExtension>
        </extensions>
      </trkpt>
      <trkpt lat="43.8486032746732234954833984375" lon="87.511055879294872283935546875">
        <ele>820.79998779296875</ele>
        <time>2026-08-09T13:22:41.000Z</time>
        <extensions>
          <ns3:TrackPointExtension>
            <ns3:hr>122</ns3:hr>
            <ns3:cad>78</ns3:cad>
          </ns3:TrackPointExtension>
        </extensions>
      </trkpt>
      <trkpt lat="43.84876177646219730377197265625" lon="87.511041462421417236328125">
        <ele>820.20001220703125</ele>
        <time>2026-08-09T13:22:47.000Z</time>
        <extensions>
          <ns3:TrackPointExtension>
            <ns3:hr>127</ns3:hr>
            <ns3:cad>79</ns3:cad>
          </ns3:TrackPointExtension>
        </extensions>
      </trkpt>
      <trkpt lat="43.8487883470952510833740234375" lon="87.51104691065847873687744140625">
        <ele>820.20001220703125</ele>
        <time>2026-08-09T13:22:48.000Z</time>
        <extensions>
          <ns3:TrackPointExtension>
            <ns3:hr>127</ns3:hr>
            <ns3:cad>79</ns3:cad>
          </ns3:TrackPointExtension>
        </extensions>
      </trkpt>
      <trkpt lat="43.8488374650478363037109375" lon="87.51105596311390399932861328125">
        <ele>820</ele>
        <time>2026-08-09T13:22:50.000Z</time>
        <extensions>
          <ns3:TrackPointExtension>
            <ns3:hr>131</ns3:hr>
            <ns3:cad>80</ns3:cad>
          </ns3:TrackPointExtension>
        </extensions>
      </trkpt>
      <trkpt lat="43.8489140756428241729736328125" lon="87.5110630877315998077392578125">
        <ele>819.79998779296875</ele>
        <time>2026-08-09T13:22:53.000Z</time>
        <extensions>
          <ns3:TrackPointExtension>
            <ns3:hr>136</ns3:hr>
            <ns3:cad>82</ns3:cad>
          </ns3:TrackPointExtension>
        </extensions>
      </trkpt>
      <trkpt lat="43.848957158625125885009765625" lon="87.51106761395931243896484375">
        <ele>819.5999755859375</ele>
        <time>2026-08-09T13:22:55.000Z</time>
        <extensions>
          <ns3:TrackPointExtension>
            <ns3:hr>139</ns3:hr>
            <ns3:cad>82</ns3:cad>
          </ns3:TrackPointExtension>
        </extensions>
      </trkpt>
      <trkpt lat="43.84907525964081287384033203125" lon="87.51108773052692413330078125">
        <ele>819</ele>
        <time>2026-08-09T13:22:59.000Z</time>
        <extensions>
          <ns3:TrackPointExtension>
            <ns3:hr>140</ns3:hr>
            <ns3:cad>82</ns3:cad>
          </ns3:TrackPointExtension>
        </extensions>
      </trkpt>
      <trkpt lat="43.849169723689556121826171875" lon="87.51108882017433643341064453125">
        <ele>818</ele>
        <time>2026-08-09T13:23:03.000Z</time>
        <extensions>
          <ns3:TrackPointExtension>
            <ns3:hr>143</ns3:hr>
            <ns3:cad>82</ns3:cad>
          </ns3:TrackPointExtension>
        </extensions>
      </trkpt>
      <trkpt lat="43.84926200844347476959228515625" lon="87.511102817952632904052734375">
        <ele>817.79998779296875</ele>
        <time>2026-08-09T13:23:07.000Z</time>
        <extensions>
          <ns3:TrackPointExtension>
            <ns3:hr>146</ns3:hr>
            <ns3:cad>82</ns3:cad>
          </ns3:TrackPointExtension>
        </extensions>
      </trkpt>
      <trkpt lat="43.84928145445883274078369140625" lon="87.5111060030758380889892578125">
        <ele>817.79998779296875</ele>
        <time>2026-08-09T13:23:08.000Z</time>
        <extensions>
          <ns3:TrackPointExtension>
            <ns3:hr>146</ns3:hr>
            <ns3:cad>82</ns3:cad>
          </ns3:TrackPointExtension>
        </extensions>
      </trkpt>
      <trkpt lat="43.849312551319599151611328125" lon="87.511092089116573333740234375">
        <ele>817.4000244140625</ele>
        <time>2026-08-09T13:23:13.000Z</time>
        <extensions>
          <ns3:TrackPointExtension>
            <ns3:hr>147</ns3:hr>
            <ns3:cad>0</ns3:cad>
          </ns3:TrackPointExtension>
        </extensions>
      </trkpt>
      <trkpt lat="43.8493837974965572357177734375" lon="87.51110776327550411224365234375">
        <ele>817.4000244140625</ele>
        <time>2026-08-09T13:23:18.000Z</time>
        <extensions>
          <ns3:TrackPointExtension>
            <ns3:hr>149</ns3:hr>
            <ns3:cad>55</ns3:cad>
          </ns3:TrackPointExtension>
        </extensions>
      </trkpt>
      <trkpt lat="43.84947340004146099090576171875" lon="87.51111631281673908233642578125">
        <ele>817.4000244140625</ele>
        <time>2026-08-09T13:23:24.000Z</time>
        <extensions>
          <ns3:TrackPointExtension>
            <ns3:hr>147</ns3:hr>
            <ns3:cad>55</ns3:cad>
          </ns3:TrackPointExtension>
        </extensions>
      </trkpt>
      <trkpt lat="43.8496362604200839996337890625" lon="87.511118240654468536376953125">
        <ele>816.79998779296875</ele>
        <time>2026-08-09T13:23:31.000Z</time>
        <extensions>
          <ns3:TrackPointExtension>
            <ns3:hr>146</ns3:hr>
            <ns3:cad>79</ns3:cad>
          </ns3:TrackPointExtension>
        </extensions>
      </trkpt>
      <trkpt lat="43.84982711635529994964599609375" lon="87.5111204199492931365966796875">
        <ele>815.79998779296875</ele>
        <time>2026-08-09T13:23:38.000Z</time>
        <extensions>
          <ns3:TrackPointExtension>
            <ns3:hr>145</ns3:hr>
            <ns3:cad>80</ns3:cad>
          </ns3:TrackPointExtension>
        </extensions>
      </trkpt>
      <trkpt lat="43.84985930286347866058349609375" lon="87.51112435944378376007080078125">
        <ele>815.4000244140625</ele>
        <time>2026-08-09T13:23:39.000Z</time>
        <extensions>
          <ns3:TrackPointExtension>
            <ns3:hr>146</ns3:hr>
            <ns3:cad>81</ns3:cad>
          </ns3:TrackPointExtension>
        </extensions>
      </trkpt>
      <trkpt lat="43.84992334060370922088623046875" lon="87.51113223843276500701904296875">
        <ele>814.79998779296875</ele>
        <time>2026-08-09T13:23:42.000Z</time>
        <extensions>
          <ns3:TrackPointExtension>
            <ns3:hr>150</ns3:hr>
            <ns3:cad>81</ns3:cad>
          </ns3:TrackPointExtension>
        </extensions>
      </trkpt>
      <trkpt lat="43.85002627037465572357177734375" lon="87.51113735139369964599609375">
        <ele>814</ele>
        <time>2026-08-09T13:23:46.000Z</time>
        <extensions>
          <ns3:TrackPointExtension>
            <ns3:hr>155</ns3:hr>
            <ns3:cad>82</ns3:cad>
          </ns3:TrackPointExtension>
        </extensions>
      </trkpt>
      <trkpt lat="43.8501115143299102783203125" lon="87.511139698326587677001953125">
        <ele>814</ele>
        <time>2026-08-09T13:23:49.000Z</time>
        <extensions>
          <ns3:TrackPointExtension>
            <ns3:hr>153</ns3:hr>
            <ns3:cad>81</ns3:cad>
          </ns3:TrackPointExtension>
        </extensions>
      </trkpt>
      <trkpt lat="43.8501908071339130401611328125" lon="87.51115084625780582427978515625">
        <ele>814</ele>
        <time>2026-08-09T13:23:54.000Z</time>
        <extensions>
          <ns3:TrackPointExtension>
            <ns3:hr>152</ns3:hr>
            <ns3:cad>80</ns3:cad>
          </ns3:TrackPointExtension>
        </extensions>
      </trkpt>
      <trkpt lat="43.85023229755461215972900390625" lon="87.51115118153393268585205078125">
        <ele>814</ele>
        <time>2026-08-09T13:23:58.000Z</time>
        <extensions>
          <ns3:TrackPointExtension>
            <ns3:hr>150</ns3:hr>
            <ns3:cad>56</ns3:cad>
          </ns3:TrackPointExtension>
        </extensions>
      </trkpt>
      <trkpt lat="43.85025434195995330810546875" lon="87.5111552886664867401123046875">
        <ele>814</ele>
        <time>2026-08-09T13:24:00.000Z</time>
        <extensions>
          <ns3:TrackPointExtension>
            <ns3:hr>149</ns3:hr>
            <ns3:cad>54</ns3:cad>
          </ns3:TrackPointExtension>
        </extensions>
      </trkpt>
      <trkpt lat="43.85032298974692821502685546875" lon="87.51115470193326473236083984375">
        <ele>813.79998779296875</ele>
        <time>2026-08-09T13:24:04.000Z</time>
        <extensions>
          <ns3:TrackPointExtension>
            <ns3:hr>146</ns3:hr>
            <ns3:cad>55</ns3:cad>
          </ns3:TrackPointExtension>
        </extensions>
      </trkpt>
      <trkpt lat="43.85041703470051288604736328125" lon="87.51116828061640262603759765625">
        <ele>813.5999755859375</ele>
        <time>2026-08-09T13:24:09.000Z</time>
        <extensions>
          <ns3:TrackPointExtension>
            <ns3:hr>143</ns3:hr>
            <ns3:cad>79</ns3:cad>
          </ns3:TrackPointExtension>
        </extensions>
      </trkpt>
      <trkpt lat="43.85045123286545276641845703125" lon="87.5111730583012104034423828125">
        <ele>813.4000244140625</ele>
        <time>2026-08-09T13:24:11.000Z</time>
        <extensions>
          <ns3:TrackPointExtension>
            <ns3:hr>143</ns3:hr>
            <ns3:cad>80</ns3:cad>
          </ns3:TrackPointExtension>
        </extensions>
      </trkpt>
      <trkpt lat="43.85064284317195415496826171875" lon="87.51117833890020847320556640625">
        <ele>812.5999755859375</ele>
        <time>2026-08-09T13:24:19.000Z</time>
        <extensions>
          <ns3:TrackPointExtension>
            <ns3:hr>141</ns3:hr>
            <ns3:cad>81</ns3:cad>
          </ns3:TrackPointExtension>
        </extensions>
      </trkpt>
      <trkpt lat="43.85071559809148311614990234375" lon="87.51118831336498260498046875">
        <ele>812</ele>
        <time>2026-08-09T13:24:23.000Z</time>
        <extensions>
          <ns3:TrackPointExtension>
            <ns3:hr>142</ns3:hr>
            <ns3:cad>80</ns3:cad>
          </ns3:TrackPointExtension>
        </extensions>
      </trkpt>
      <trkpt lat="43.8507745228707790374755859375" lon="87.51120113767683506011962890625">
        <ele>811.5999755859375</ele>
        <time>2026-08-09T13:24:28.000Z</time>
        <extensions>
          <ns3:TrackPointExtension>
            <ns3:hr>145</ns3:hr>
            <ns3:cad>80</ns3:cad>
          </ns3:TrackPointExtension>
        </extensions>
      </trkpt>
      <trkpt lat="43.85092816315591335296630859375" lon="87.51121781766414642333984375">
        <ele>810.4000244140625</ele>
        <time>2026-08-09T13:24:39.000Z</time>
        <extensions>
          <ns3:TrackPointExtension>
            <ns3:hr>142</ns3:hr>
            <ns3:cad>55</ns3:cad>
          </ns3:TrackPointExtension>
        </extensions>
      </trkpt>
      <trkpt lat="43.85096110403537750244140625" lon="87.5112196616828441619873046875">
        <ele>810.20001220703125</ele>
        <time>2026-08-09T13:24:42.000Z</time>
        <extensions>
          <ns3:TrackPointExtension>
            <ns3:hr>139</ns3:hr>
            <ns3:cad>55</ns3:cad>
          </ns3:TrackPointExtension>
        </extensions>
      </trkpt>
      <trkpt lat="43.85098532773554325103759765625" lon="87.51120700500905513763427734375">
        <ele>810</ele>
        <time>2026-08-09T13:24:45.000Z</time>
        <extensions>
          <ns3:TrackPointExtension>
            <ns3:hr>136</ns3:hr>
            <ns3:cad>55</ns3:cad>
          </ns3:TrackPointExtension>
        </extensions>
      </trkpt>
      <trkpt lat="43.85101030580699443817138671875" lon="87.5112059153616428375244140625">
        <ele>809.79998779296875</ele>
        <time>2026-08-09T13:24:46.000Z</time>
        <extensions>
          <ns3:TrackPointExtension>
            <ns3:hr>135</ns3:hr>
            <ns3:cad>55</ns3:cad>
          </ns3:TrackPointExtension>
        </extensions>
      </trkpt>
      <trkpt lat="43.8511728309094905853271484375" lon="87.51121387816965579986572265625">
        <ele>809</ele>
        <time>2026-08-09T13:24:53.000Z</time>
        <extensions>
          <ns3:TrackPointExtension>
            <ns3:hr>133</ns3:hr>
            <ns3:cad>80</ns3:cad>
          </ns3:TrackPointExtension>
        </extensions>
      </trkpt>
      <trkpt lat="43.85136771015822887420654296875" lon="87.51123265363276004791259765625">
        <ele>808.4000244140625</ele>
        <time>2026-08-09T13:25:00.000Z</time>
        <extensions>
          <ns3:TrackPointExtension>
            <ns3:hr>135</ns3:hr>
            <ns3:cad>81</ns3:cad>
          </ns3:TrackPointExtension>
        </extensions>
      </trkpt>
      <trkpt lat="43.85144214145839214324951171875" lon="87.51124019734561443328857421875">
        <ele>808</ele>
        <time>2026-08-09T13:25:03.000Z</time>
        <extensions>
          <ns3:TrackPointExtension>
            <ns3:hr>137</ns3:hr>
            <ns3:cad>82</ns3:cad>
          </ns3:TrackPointExtension>
        </extensions>
      </trkpt>
      <trkpt lat="43.8516055047512054443359375" lon="87.5112493336200714111328125">
        <ele>807</ele>
        <time>2026-08-09T13:25:09.000Z</time>
        <extensions>
          <ns3:TrackPointExtension>
            <ns3:hr>140</ns3:hr>
            <ns3:cad>82</ns3:cad>
          </ns3:TrackPointExtension>
        </extensions>
      </trkpt>
      <trkpt lat="43.85169661603868007659912109375" lon="87.5112552009522914886474609375">
        <ele>806.20001220703125</ele>
        <time>2026-08-09T13:25:13.000Z</time>
        <extensions>
          <ns3:TrackPointExtension>
            <ns3:hr>142</ns3:hr>
            <ns3:cad>80</ns3:cad>
          </ns3:TrackPointExtension>
        </extensions>
      </trkpt>
      <trkpt lat="43.85174405761063098907470703125" lon="87.51125444658100605010986328125">
        <ele>805.79998779296875</ele>
        <time>2026-08-09T13:25:16.000Z</time>
        <extensions>
          <ns3:TrackPointExtension>
            <ns3:hr>145</ns3:hr>
            <ns3:cad>80</ns3:cad>
          </ns3:TrackPointExtension>
        </extensions>
      </trkpt>
      <trkpt lat="43.85182888247072696685791015625" lon="87.5112481601536273956298828125">
        <ele>804.79998779296875</ele>
        <time>2026-08-09T13:25:23.000Z</time>
        <extensions>
          <ns3:TrackPointExtension>
            <ns3:hr>145</ns3:hr>
            <ns3:cad>56</ns3:cad>
          </ns3:TrackPointExtension>
        </extensions>
      </trkpt>
      <trkpt lat="43.85193482972681522369384765625" lon="87.51125126145780086517333984375">
        <ele>803.5999755859375</ele>
        <time>2026-08-09T13:25:32.000Z</time>
        <extensions>
          <ns3:TrackPointExtension>
            <ns3:hr>142</ns3:hr>
            <ns3:cad>55</ns3:cad>
          </ns3:TrackPointExtension>
        </extensions>
      </trkpt>
      <trkpt lat="43.8519671000540256500244140625" lon="87.51125897280871868133544921875">
        <ele>803.4000244140625</ele>
        <time>2026-08-09T13:25:34.000Z</time>
        <extensions>
          <ns3:TrackPointExtension>
            <ns3:hr>139</ns3:hr>
            <ns3:cad>54</ns3:cad>
          </ns3:TrackPointExtension>
        </extensions>
      </trkpt>
      <trkpt lat="43.85208738036453723907470703125" lon="87.511272467672824859619140625">
        <ele>802.5999755859375</ele>
        <time>2026-08-09T13:25:40.000Z</time>
        <extensions>
          <ns3:TrackPointExtension>
            <ns3:hr>138</ns3:hr>
            <ns3:cad>79</ns3:cad>
          </ns3:TrackPointExtension>
        </extensions>
      </trkpt>
      <trkpt lat="43.85220699012279510498046875" lon="87.51129451207816600799560546875">
        <ele>802.20001220703125</ele>
        <time>2026-08-09T13:25:45.000Z</time>
        <extensions>
          <ns3:TrackPointExtension>
            <ns3:hr>135</ns3:hr>
            <ns3:cad>80</ns3:cad>
          </ns3:TrackPointExtension>
        </extensions>
      </trkpt>
      <trkpt lat="43.85229826904833316802978515625" lon="87.51130742020905017852783203125">
        <ele>802.20001220703125</ele>
        <time>2026-08-09T13:25:48.000Z</time>
        <extensions>
          <ns3:TrackPointExtension>
            <ns3:hr>134</ns3:hr>
            <ns3:cad>81</ns3:cad>
          </ns3:TrackPointExtension>
        </extensions>
      </trkpt>
      <trkpt lat="43.85249105282127857208251953125" lon="87.5113297998905181884765625">
        <ele>802.20001220703125</ele>
        <time>2026-08-09T13:25:54.000Z</time>
        <extensions>
          <ns3:TrackPointExtension>
            <ns3:hr>136</ns3:hr>
            <ns3:cad>80</ns3:cad>
          </ns3:TrackPointExtension>
        </extensions>
      </trkpt>
      <trkpt lat="43.85252189822494983673095703125" lon="87.5113329850137233734130859375">
        <ele>802.20001220703125</ele>
        <time>2026-08-09T13:25:55.000Z</time>
        <extensions>
          <ns3:TrackPointExtension>
            <ns3:hr>137</ns3:hr>
            <ns3:cad>80</ns3:cad>
          </ns3:TrackPointExtension>
        </extensions>
      </trkpt>
      <trkpt lat="43.8526463694870471954345703125" lon="87.51134497113525867462158203125">
        <ele>801.4000244140625</ele>
        <time>2026-08-09T13:25:59.000Z</time>
        <extensions>
          <ns3:TrackPointExtension>
            <ns3:hr>140</ns3:hr>
            <ns3:cad>81</ns3:cad>
          </ns3:TrackPointExtension>
        </extensions>
      </trkpt>
      <trkpt lat="43.85267076082527637481689453125" lon="87.51134614460170269012451171875">
        <ele>801.20001220703125</ele>
        <time>2026-08-09T13:26:00.000Z</time>
        <extensions>
          <ns3:TrackPointExtension>
            <ns3:hr>141</ns3:hr>
            <ns3:cad>81</ns3:cad>
          </ns3:TrackPointExtension>
        </extensions>
      </trkpt>
      <trkpt lat="43.85283236391842365264892578125" lon="87.5113658420741558074951171875">
        <ele>800.4000244140625</ele>
        <time>2026-08-09T13:26:05.000Z</time>
        <extensions>
          <ns3:TrackPointExtension>
            <ns3:hr>144</ns3:hr>
            <ns3:cad>81</ns3:cad>
          </ns3:TrackPointExtension>
        </extensions>
      </trkpt>
      <trkpt lat="43.85295993648469448089599609375" lon="87.51137196086347103118896484375">
        <ele>799.5999755859375</ele>
        <time>2026-08-09T13:26:09.000Z</time>
        <extensions>
          <ns3:TrackPointExtension>
            <ns3:hr>145</ns3:hr>
            <ns3:cad>81</ns3:cad>
          </ns3:TrackPointExtension>
        </extensions>
      </trkpt>
      <trkpt lat="43.853140734136104583740234375" lon="87.51140247099101543426513671875">
        <ele>798.20001220703125</ele>
        <time>2026-08-09T13:26:16.000Z</time>
        <extensions>
          <ns3:TrackPointExtension>
            <ns3:hr>147</ns3:hr>
            <ns3:cad>81</ns3:cad>
          </ns3:TrackPointExtension>
        </extensions>
      </trkpt>
      <trkpt lat="43.85321742855012416839599609375" lon="87.5113866291940212249755859375">
        <ele>797.5999755859375</ele>
        <time>2026-08-09T13:26:23.000Z</time>
        <extensions>
          <ns3:TrackPointExtension>
            <ns3:hr>148</ns3:hr>
            <ns3:cad>81</ns3:cad>
          </ns3:TrackPointExtension>
        </extensions>
      </trkpt>
      <trkpt lat="43.8533004932105541229248046875" lon="87.5113903172314167022705078125">
        <ele>797</ele>
        <time>2026-08-09T13:26:29.000Z</time>
        <extensions>
          <ns3:TrackPointExtension>
            <ns3:hr>148</ns3:hr>
            <ns3:cad>56</ns3:cad>
          </ns3:TrackPointExtension>
        </extensions>
      </trkpt>
      <trkpt lat="43.85339076630771160125732421875" lon="87.5114007107913494110107421875">
        <ele>796.79998779296875</ele>
        <time>2026-08-09T13:26:33.000Z</time>
        <extensions>
          <ns3:TrackPointExtension>
            <ns3:hr>147</ns3:hr>
            <ns3:cad>80</ns3:cad>
          </ns3:TrackPointExtension>
        </extensions>
      </trkpt>
      <trkpt lat="43.8534634374082088470458984375" lon="87.51140666194260120391845703125">
        <ele>796.4000244140625</ele>
        <time>2026-08-09T13:26:36.000Z</time>
        <extensions>
          <ns3:TrackPointExtension>
            <ns3:hr>144</ns3:hr>
            <ns3:cad>81</ns3:cad>
          </ns3:TrackPointExtension>
        </extensions>
      </trkpt>
      <trkpt lat="43.85365043766796588897705078125" lon="87.5114261917769908905029296875">
        <ele>796</ele>
        <time>2026-08-09T13:26:43.000Z</time>
        <extensions>
          <ns3:TrackPointExtension>
            <ns3:hr>143</ns3:hr>
            <ns3:cad>82</ns3:cad>
          </ns3:TrackPointExtension>
        </extensions>
      </trkpt>
      <trkpt lat="43.85372369550168514251708984375" lon="87.51143549568951129913330078125">
        <ele>796</ele>
        <time>2026-08-09T13:26:48.000Z</time>
        <extensions>
          <ns3:TrackPointExtension>
            <ns3:hr>145</ns3:hr>
            <ns3:cad>82</ns3:cad>
          </ns3:TrackPointExtension>
        </extensions>
      </trkpt>
      <trkpt lat="43.85379980318248271942138671875" lon="87.51144002191722393035888671875">
        <ele>796</ele>
        <time>2026-08-09T13:26:54.000Z</time>
        <extensions>
          <ns3:TrackPointExtension>
            <ns3:hr>148</ns3:hr>
            <ns3:cad>54</ns3:cad>
          </ns3:TrackPointExtension>
        </extensions>
      </trkpt>
      <trkpt lat="43.8538171537220478057861328125" lon="87.51143985427916049957275390625">
        <ele>796</ele>
        <time>2026-08-09T13:26:55.000Z</time>
        <extensions>
          <ns3:TrackPointExtension>
            <ns3:hr>148</ns3:hr>
            <ns3:cad>55</ns3:cad>
          </ns3:TrackPointExtension>
        </extensions>
      </trkpt>
      <trkpt lat="43.853927291929721832275390625" lon="87.5114463083446025848388671875">
        <ele>796</ele>
        <time>2026-08-09T13:27:04.000Z</time>
        <extensions>
          <ns3:TrackPointExtension>
            <ns3:hr>147</ns3:hr>
            <ns3:cad>54</ns3:cad>
          </ns3:TrackPointExtension>
        </extensions>
      </trkpt>
      <trkpt lat="43.8539851270616054534912109375" lon="87.511456198990345001220703125">
        <ele>795.79998779296875</ele>
        <time>2026-08-09T13:27:07.000Z</time>
        <extensions>
          <ns3:TrackPointExtension>
            <ns3:hr>143</ns3:hr>
            <ns3:cad>56</ns3:cad>
          </ns3:TrackPointExtension>
        </extensions>
      </trkpt>
      <trkpt lat="43.85408462025225162506103515625" lon="87.511459887027740478515625">
        <ele>795.4000244140625</ele>
        <time>2026-08-09T13:27:11.000Z</time>
        <extensions>
          <ns3:TrackPointExtension>
            <ns3:hr>140</ns3:hr>
            <ns3:cad>79</ns3:cad>
          </ns3:TrackPointExtension>
        </extensions>
      </trkpt>
      <trkpt lat="43.85417749173939228057861328125" lon="87.5114691071212291717529296875">
        <ele>795.20001220703125</ele>
        <time>2026-08-09T13:27:15.000Z</time>
        <extensions>
          <ns3:TrackPointExtension>
            <ns3:hr>137</ns3:hr>
            <ns3:cad>80</ns3:cad>
          </ns3:TrackPointExtension>
        </extensions>
      </trkpt>
      <trkpt lat="43.85429299436509609222412109375" lon="87.51147606410086154937744140625">
        <ele>794.5999755859375</ele>
        <time>2026-08-09T13:27:19.000Z</time>
        <extensions>
          <ns3:TrackPointExtension>
            <ns3:hr>137</ns3:hr>
            <ns3:cad>81</ns3:cad>
          </ns3:TrackPointExtension>
        </extensions>
      </trkpt>
      <trkpt lat="43.85446683503687381744384765625" lon="87.51147790811955928802490234375">
        <ele>794</ele>
        <time>2026-08-09T13:27:25.000Z</time>
        <extensions>
          <ns3:TrackPointExtension>
            <ns3:hr>140</ns3:hr>
            <ns3:cad>82</ns3:cad>
          </ns3:TrackPointExtension>
        </extensions>
      </trkpt>
      <trkpt lat="43.8545376621186733245849609375" lon="87.51147824339568614959716796875">
        <ele>793.5999755859375</ele>
        <time>2026-08-09T13:27:30.000Z</time>
        <extensions>
          <ns3:TrackPointExtension>
            <ns3:hr>142</ns3:hr>
            <ns3:cad>81</ns3:cad>
          </ns3:TrackPointExtension>
        </extensions>
      </trkpt>
      <trkpt lat="43.8546067290008068084716796875" lon="87.51147589646279811859130859375">
        <ele>793.4000244140625</ele>
        <time>2026-08-09T13:27:37.000Z</time>
        <extensions>
          <ns3:TrackPointExtension>
            <ns3:hr>145</ns3:hr>
            <ns3:cad>55</ns3:cad>
          </ns3:TrackPointExtension>
        </extensions>
      </trkpt>
      <trkpt lat="43.85461988858878612518310546875" lon="87.51147572882473468780517578125">
        <ele>793.4000244140625</ele>
        <time>2026-08-09T13:27:38.000Z</time>
        <extensions>
          <ns3:TrackPointExtension>
            <ns3:hr>145</ns3:hr>
            <ns3:cad>56</ns3:cad>
          </ns3:TrackPointExtension>
        </extensions>
      </trkpt>
      <trkpt lat="43.8546392507851123809814453125" lon="87.511470280587673187255859375">
        <ele>793.4000244140625</ele>
        <time>2026-08-09T13:27:40.000Z</time>
        <extensions>
          <ns3:TrackPointExtension>
            <ns3:hr>144</ns3:hr>
            <ns3:cad>56</ns3:cad>
          </ns3:TrackPointExtension>
        </extensions>
      </trkpt>
      <trkpt lat="43.85474494658410549163818359375" lon="87.51147338189184665679931640625">
        <ele>793</ele>
        <time>2026-08-09T13:27:50.000Z</time>
        <extensions>
          <ns3:TrackPointExtension>
            <ns3:hr>144</ns3:hr>
            <ns3:cad>54</ns3:cad>
          </ns3:TrackPointExtension>
        </extensions>
      </trkpt>
      <trkpt lat="43.85477143339812755584716796875" lon="87.51147539354860782623291015625">
        <ele>792.79998779296875</ele>
        <time>2026-08-09T13:27:52.000Z</time>
        <extensions>
          <ns3:TrackPointExtension>
            <ns3:hr>141</ns3:hr>
            <ns3:cad>54</ns3:cad>
          </ns3:TrackPointExtension>
        </extensions>
      </trkpt>
      <trkpt lat="43.85482616722583770751953125" lon="87.511477656662464141845703125">
        <ele>792.20001220703125</ele>
        <time>2026-08-09T13:27:56.000Z</time>
        <extensions>
          <ns3:TrackPointExtension>
            <ns3:hr>138</ns3:hr>
            <ns3:cad>54</ns3:cad>
          </ns3:TrackPointExtension>
        </extensions>
      </trkpt>
      <trkpt lat="43.85485759936273097991943359375" lon="87.511481679975986480712890625">
        <ele>792</ele>
        <time>2026-08-09T13:27:59.000Z</time>
        <extensions>
          <ns3:TrackPointExtension>
            <ns3:hr>134</ns3:hr>
            <ns3:cad>55</ns3:cad>
          </ns3:TrackPointExtension>
        </extensions>
      </trkpt>
      <trkpt lat="43.8548860140144824981689453125" lon="87.51148494891822338104248046875">
        <ele>791.5999755859375</ele>
        <time>2026-08-09T13:28:01.000Z</time>
        <extensions>
          <ns3:TrackPointExtension>
            <ns3:hr>129</ns3:hr>
            <ns3:cad>53</ns3:cad>
          </ns3:TrackPointExtension>
        </extensions>
      </trkpt>
      <trkpt lat="43.85489900596439838409423828125" lon="87.51148545183241367340087890625">
        <ele>791.5999755859375</ele>
        <time>2026-08-09T13:28:02.000Z</time>
        <extensions>
          <ns3:TrackPointExtension>
            <ns3:hr>126</ns3:hr>
            <ns3:cad>53</ns3:cad>
          </ns3:TrackPointExtension>
        </extensions>
      </trkpt>
      <trkpt lat="43.8549292646348476409912109375" lon="87.5114878825843334197998046875">
        <ele>791.20001220703125</ele>
        <time>2026-08-09T13:28:04.000Z</time>
        <extensions>
          <ns3:TrackPointExtension>
            <ns3:hr>123</ns3:hr>
            <ns3:cad>53</ns3:cad>
          </ns3:TrackPointExtension>
        </extensions>
      </trkpt>
      <trkpt lat="43.85498718358576297760009765625" lon="87.51149408519268035888671875">
        <ele>790.5999755859375</ele>
        <time>2026-08-09T13:28:09.000Z</time>
        <extensions>
          <ns3:TrackPointExtension>
            <ns3:hr>122</ns3:hr>
            <ns3:cad>54</ns3:cad>
          </ns3:TrackPointExtension>
        </extensions>
      </trkpt>
      <trkpt lat="43.8550036959350109100341796875" lon="87.51148872077465057373046875">
        <ele>790.4000244140625</ele>
        <time>2026-08-09T13:28:11.000Z</time>
        <extensions>
          <ns3:TrackPointExtension>
            <ns3:hr>121</ns3:hr>
            <ns3:cad>54</ns3:cad>
          </ns3:TrackPointExtension>
        </extensions>
      </trkpt>
      <trkpt lat="43.8550761155784130096435546875" lon="87.5114885531365871429443359375">
        <ele>789.79998779296875</ele>
        <time>2026-08-09T13:28:19.000Z</time>
        <extensions>
          <ns3:TrackPointExtension>
            <ns3:hr>119</ns3:hr>
            <ns3:cad>53</ns3:cad>
          </ns3:TrackPointExtension>
        </extensions>
      </trkpt>
      <trkpt lat="43.85515633039176464080810546875" lon="87.51148469746112823486328125">
        <ele>788.79998779296875</ele>
        <time>2026-08-09T13:28:26.000Z</time>
        <extensions>
          <ns3:TrackPointExtension>
            <ns3:hr>118</ns3:hr>
            <ns3:cad>53</ns3:cad>
          </ns3:TrackPointExtension>
        </extensions>
      </trkpt>
      <trkpt lat="43.85528675280511379241943359375" lon="87.5114979408681392669677734375">
        <ele>787.5999755859375</ele>
        <time>2026-08-09T13:28:36.000Z</time>
        <extensions>
          <ns3:TrackPointExtension>
            <ns3:hr>117</ns3:hr>
            <ns3:cad>52</ns3:cad>
          </ns3:TrackPointExtension>
        </extensions>
      </trkpt>
      <trkpt lat="43.85536353103816509246826171875" lon="87.51158125698566436767578125">
        <ele>787.79998779296875</ele>
        <time>2026-08-09T13:28:44.000Z</time>
        <extensions>
          <ns3:TrackPointExtension>
            <ns3:hr>116</ns3:hr>
            <ns3:cad>52</ns3:cad>
          </ns3:TrackPointExtension>
        </extensions>
      </trkpt>
      <trkpt lat="43.8553959690034389495849609375" lon="87.51169122755527496337890625">
        <ele>788.4000244140625</ele>
        <time>2026-08-09T13:28:52.000Z</time>
        <extensions>
          <ns3:TrackPointExtension>
            <ns3:hr>118</ns3:hr>
            <ns3:cad>52</ns3:cad>
          </ns3:TrackPointExtension>
        </extensions>
      </trkpt>
      <trkpt lat="43.8553885929286479949951171875" lon="87.5118342228233814239501953125">
        <ele>789.79998779296875</ele>
        <time>2026-08-09T13:29:01.000Z</time>
        <extensions>
          <ns3:TrackPointExtension>
            <ns3:hr>118</ns3:hr>
            <ns3:cad>53</ns3:cad>
          </ns3:TrackPointExtension>
        </extensions>
      </trkpt>
      <trkpt lat="43.8553740084171295166015625" lon="87.51191091723740100860595703125">
        <ele>790.4000244140625</ele>
        <time>2026-08-09T13:29:06.000Z</time>
        <extensions>
          <ns3:TrackPointExtension>
            <ns3:hr>117</ns3:hr>
            <ns3:cad>53</ns3:cad>
          </ns3:TrackPointExtension>
        </extensions>
      </trkpt>
    </trkseg>
  </trk>
</gpx>
