<gpx xmlns:ns3="http://www.garmin.com/xmlschemas/TrackPointExtension/v1" xmlns="http://www.topografix.com/GPX/1/1" xmlns:xsi="http://www.w3.org/2001/XMLSchema-instance" xmlns:ns2="http://www.garmin.com/xmlschemas/GpxExtensions/v3" creator="Garmin Connect" version="1.1" xsi:schemaLocation="http://www.topografix.com/GPX/1/1 http://www.topografix.com/GPX/11.xsd">
  <extensions>
<distance>3896.73</distance>
<average_hr>137.0</average_hr>
<average_speed>2.140000104904175</average_speed>
<start_time>2026-08-13T13:32:20+00:00</start_time>
<end_time>2026-08-13T14:02:40.908000+00:00</end_time>
<moving_time>1762.802</moving_time>
<elapsed_time>2144.768</elapsed_time>
</extensions>
<metadata>
    <link href="connect.garmin.com">
      <text>Garmin Connect</text>
    </link>
    <time>2026-08-13T13:32:20.000Z</time>
  </metadata>
  <trk>
    <name>乌鲁木齐市 - 基础训练</name>
    <type>running</type>
    <trkseg>
      <trkpt lat="43.8560410402715206146240234375" lon="87.50694665126502513885498046875">
        <ele>789.20001220703125</ele>
        <time>2026-08-13T13:41:21.000Z</time>
        <extensions>
          <ns3:TrackPointExtension>
            <ns3:hr>137</ns3:hr>
            <ns3:cad>81</ns3:cad>
          </ns3:TrackPointExtension>
        </extensions>
      </trkpt>
      <trkpt lat="43.8558755815029144287109375" lon="87.506950087845325469970703125">
        <ele>788</ele>
        <time>2026-08-13T13:41:24.000Z</time>
        <extensions>
          <ns3:TrackPointExtension>
            <ns3:hr>138</ns3:hr>
            <ns3:cad>81</ns3:cad>
          </ns3:TrackPointExtension>
        </extensions>
      </trkpt>
      <trkpt lat="43.8555729947984218597412109375" lon="87.507054693996906280517578125">
        <ele>789.4000244140625</ele>
        <time>2026-08-13T13:41:29.000Z</time>
        <extensions>
          <ns3:TrackPointExtension>
            <ns3:hr>139</ns3:hr>
            <ns3:cad>81</ns3:cad>
          </ns3:TrackPointExtension>
        </extensions>
      </trkpt>
      <trkpt lat="43.855537958443164825439453125" lon="87.50711009837687015533447265625">
        <ele>789.79998779296875</ele>
        <time>2026-08-13T13:41:32.000Z</time>
        <extensions>
          <ns3:TrackPointExtension>
            <ns3:hr>140</ns3:hr>
            <ns3:cad>82</ns3:cad>
          </ns3:TrackPointExtension>
        </extensions>
      </trkpt>
      <trkpt lat="43.8555706478655338287353515625" lon="87.50721470452845096588134765625">
        <ele>790.5999755859375</ele>
        <time>2026-08-13T13:41:36.000Z</time>
        <extensions>
          <ns3:TrackPointExtension>
            <ns3:hr>137</ns3:hr>
            <ns3:cad>56</ns3:cad>
          </ns3:TrackPointExtension>
        </extensions>
      </trkpt>
      <trkpt lat="43.8555773533880710601806640625" lon="87.50731964595615863800048828125">
        <ele>791.4000244140625</ele>
        <time>2026-08-13T13:41:39.000Z</time>
        <extensions>
          <ns3:TrackPointExtension>
            <ns3:hr>138</ns3:hr>
            <ns3:cad>0</ns3:cad>
          </ns3:TrackPointExtension>
        </extensions>
      </trkpt>
      <trkpt lat="43.85557911358773708343505859375" lon="87.5073891319334506988525390625">
        <ele>791.79998779296875</ele>
        <time>2026-08-13T13:41:41.000Z</time>
        <extensions>
          <ns3:TrackPointExtension>
            <ns3:hr>135</ns3:hr>
            <ns3:cad>79</ns3:cad>
          </ns3:TrackPointExtension>
        </extensions>
      </trkpt>
      <trkpt lat="43.855561427772045135498046875" lon="87.507603205740451812744140625">
        <ele>794</ele>
        <time>2026-08-13T13:41:47.000Z</time>
        <extensions>
          <ns3:TrackPointExtension>
            <ns3:hr>134</ns3:hr>
            <ns3:cad>81</ns3:cad>
          </ns3:TrackPointExtension>
        </extensions>
      </trkpt>
      <trkpt lat="43.855578862130641937255859375" lon="87.50777344219386577606201171875">
        <ele>796.20001220703125</ele>
        <time>2026-08-13T13:41:52.000Z</time>
        <extensions>
          <ns3:TrackPointExtension>
            <ns3:hr>133</ns3:hr>
            <ns3:cad>81</ns3:cad>
          </ns3:TrackPointExtension>
        </extensions>
      </trkpt>
      <trkpt lat="43.855568468570709228515625" lon="87.50793538056313991546630859375">
        <ele>797.79998779296875</ele>
        <time>2026-08-13T13:41:57.000Z</time>
        <extensions>
          <ns3:TrackPointExtension>
            <ns3:hr>131</ns3:hr>
            <ns3:cad>79</ns3:cad>
          </ns3:TrackPointExtension>
        </extensions>
      </trkpt>
      <trkpt lat="43.85551289655268192291259765625" lon="87.50817594118416309356689453125">
        <ele>800</ele>
        <time>2026-08-13T13:42:04.000Z</time>
        <extensions>
          <ns3:TrackPointExtension>
            <ns3:hr>131</ns3:hr>
            <ns3:cad>80</ns3:cad>
          </ns3:TrackPointExtension>
        </extensions>
      </trkpt>
      <trkpt lat="43.85550283826887607574462890625" lon="87.5081958062946796417236328125">
        <ele>800.20001220703125</ele>
        <time>2026-08-13T13:42:05.000Z</time>
        <extensions>
          <ns3:TrackPointExtension>
            <ns3:hr>131</ns3:hr>
            <ns3:cad>80</ns3:cad>
          </ns3:TrackPointExtension>
        </extensions>
      </trkpt>
      <trkpt lat="43.855496384203433990478515625" lon="87.50820636749267578125">
        <ele>800.20001220703125</ele>
        <time>2026-08-13T13:42:06.000Z</time>
        <extensions>
          <ns3:TrackPointExtension>
            <ns3:hr>130</ns3:hr>
            <ns3:cad>80</ns3:cad>
          </ns3:TrackPointExtension>
        </extensions>
      </trkpt>
      <trkpt lat="43.85548909194767475128173828125" lon="87.50825758092105388641357421875">
        <ele>800.4000244140625</ele>
        <time>2026-08-13T13:42:09.000Z</time>
        <extensions>
          <ns3:TrackPointExtension>
            <ns3:hr>129</ns3:hr>
            <ns3:cad>55</ns3:cad>
          </ns3:TrackPointExtension>
        </extensions>
      </trkpt>
      <trkpt lat="43.8554828055202960968017578125" lon="87.5082940421998500823974609375">
        <ele>800.5999755859375</ele>
        <time>2026-08-13T13:42:11.000Z</time>
        <extensions>
          <ns3:TrackPointExtension>
            <ns3:hr>128</ns3:hr>
            <ns3:cad>52</ns3:cad>
          </ns3:TrackPointExtension>
        </extensions>
      </trkpt>
      <trkpt lat="43.85548196732997894287109375" lon="87.50836101360619068145751953125">
        <ele>800.4000244140625</ele>
        <time>2026-08-13T13:42:14.000Z</time>
        <extensions>
          <ns3:TrackPointExtension>
            <ns3:hr>126</ns3:hr>
            <ns3:cad>74</ns3:cad>
          </ns3:TrackPointExtension>
        </extensions>
      </trkpt>
      <trkpt lat="43.85550518520176410675048828125" lon="87.50859637744724750518798828125">
        <ele>799.4000244140625</ele>
        <time>2026-08-13T13:42:22.000Z</time>
        <extensions>
          <ns3:TrackPointExtension>
            <ns3:hr>125</ns3:hr>
            <ns3:cad>79</ns3:cad>
          </ns3:TrackPointExtension>
        </extensions>
      </trkpt>
      <trkpt lat="43.855494372546672821044921875" lon="87.5087423063814640045166015625">
        <ele>797.79998779296875</ele>
        <time>2026-08-13T13:42:27.000Z</time>
        <extensions>
          <ns3:TrackPointExtension>
            <ns3:hr>129</ns3:hr>
            <ns3:cad>79</ns3:cad>
          </ns3:TrackPointExtension>
        </extensions>
      </trkpt>
      <trkpt lat="43.85548423044383525848388671875" lon="87.5088056735694408416748046875">
        <ele>796.79998779296875</ele>
        <time>2026-08-13T13:42:29.000Z</time>
        <extensions>
          <ns3:TrackPointExtension>
            <ns3:hr>132</ns3:hr>
            <ns3:cad>79</ns3:cad>
          </ns3:TrackPointExtension>
        </extensions>
      </trkpt>
      <trkpt lat="43.85549194179475307464599609375" lon="87.50890885479748249053955078125">
        <ele>795.5999755859375</ele>
        <time>2026-08-13T13:42:32.000Z</time>
        <extensions>
          <ns3:TrackPointExtension>
            <ns3:hr>136</ns3:hr>
            <ns3:cad>79</ns3:cad>
          </ns3:TrackPointExtension>
        </extensions>
      </trkpt>
      <trkpt lat="43.85548624210059642791748046875" lon="87.5090396963059902191162109375">
        <ele>793.79998779296875</ele>
        <time>2026-08-13T13:42:36.000Z</time>
        <extensions>
          <ns3:TrackPointExtension>
            <ns3:hr>133</ns3:hr>
            <ns3:cad>80</ns3:cad>
          </ns3:TrackPointExtension>
        </extensions>
      </trkpt>
      <trkpt lat="43.85548657737672328948974609375" lon="87.50915042124688625335693359375">
        <ele>792.20001220703125</ele>
        <time>2026-08-13T13:42:39.000Z</time>
        <extensions>
          <ns3:TrackPointExtension>
            <ns3:hr>133</ns3:hr>
            <ns3:cad>80</ns3:cad>
          </ns3:TrackPointExtension>
        </extensions>
      </trkpt>
      <trkpt lat="43.85549378581345081329345703125" lon="87.50929174013435840606689453125">
        <ele>790</ele>
        <time>2026-08-13T13:42:43.000Z</time>
        <extensions>
          <ns3:TrackPointExtension>
            <ns3:hr>137</ns3:hr>
            <ns3:cad>80</ns3:cad>
          </ns3:TrackPointExtension>
        </extensions>
      </trkpt>
      <trkpt lat="43.85549227707087993621826171875" lon="87.50939919613301753997802734375">
        <ele>788</ele>
        <time>2026-08-13T13:42:46.000Z</time>
        <extensions>
          <ns3:TrackPointExtension>
            <ns3:hr>140</ns3:hr>
            <ns3:cad>79</ns3:cad>
          </ns3:TrackPointExtension>
        </extensions>
      </trkpt>
      <trkpt lat="43.85549630038440227508544921875" lon="87.5095074065029621124267578125">
        <ele>786.79998779296875</ele>
        <time>2026-08-13T13:42:49.000Z</time>
        <extensions>
          <ns3:TrackPointExtension>
            <ns3:hr>139</ns3:hr>
            <ns3:cad>79</ns3:cad>
          </ns3:TrackPointExtension>
        </extensions>
      </trkpt>
      <trkpt lat="43.8554938696324825286865234375" lon="87.509652078151702880859375">
        <ele>785.20001220703125</ele>
        <time>2026-08-13T13:42:53.000Z</time>
        <extensions>
          <ns3:TrackPointExtension>
            <ns3:hr>143</ns3:hr>
            <ns3:cad>80</ns3:cad>
          </ns3:TrackPointExtension>
        </extensions>
      </trkpt>
      <trkpt lat="43.855482973158359527587890625" lon="87.5097920559346675872802734375">
        <ele>784</ele>
        <time>2026-08-13T13:42:57.000Z</time>
        <extensions>
          <ns3:TrackPointExtension>
            <ns3:hr>144</ns3:hr>
            <ns3:cad>81</ns3:cad>
          </ns3:TrackPointExtension>
        </extensions>
      </trkpt>
      <trkpt lat="43.855489678680896759033203125" lon="87.50999347306787967681884765625">
        <ele>783</ele>
        <time>2026-08-13T13:43:03.000Z</time>
        <extensions>
          <ns3:TrackPointExtension>
            <ns3:hr>145</ns3:hr>
            <ns3:cad>80</ns3:cad>
          </ns3:TrackPointExtension>
        </extensions>
      </trkpt>
      <trkpt lat="43.855475597083568572998046875" lon="87.5100837461650371551513671875">
        <ele>782.79998779296875</ele>
        <time>2026-08-13T13:43:08.000Z</time>
        <extensions>
          <ns3:TrackPointExtension>
            <ns3:hr>144</ns3:hr>
            <ns3:cad>0</ns3:cad>
          </ns3:TrackPointExtension>
        </extensions>
      </trkpt>
      <trkpt lat="43.855488002300262451171875" lon="87.51011400483548641204833984375">
        <ele>782.5999755859375</ele>
        <time>2026-08-13T13:43:10.000Z</time>
        <extensions>
          <ns3:TrackPointExtension>
            <ns3:hr>144</ns3:hr>
            <ns3:cad>0</ns3:cad>
          </ns3:TrackPointExtension>
        </extensions>
      </trkpt>
      <trkpt lat="43.85548993013799190521240234375" lon="87.51014116220176219940185546875">
        <ele>782.5999755859375</ele>
        <time>2026-08-13T13:43:12.000Z</time>
        <extensions>
          <ns3:TrackPointExtension>
            <ns3:hr>144</ns3:hr>
            <ns3:cad>57</ns3:cad>
          </ns3:TrackPointExtension>
        </extensions>
      </trkpt>
      <trkpt lat="43.85548842139542102813720703125" lon="87.51015239395201206207275390625">
        <ele>782.5999755859375</ele>
        <time>2026-08-13T13:43:13.000Z</time>
        <extensions>
          <ns3:TrackPointExtension>
            <ns3:hr>143</ns3:hr>
            <ns3:cad>54</ns3:cad>
          </ns3:TrackPointExtension>
        </extensions>
      </trkpt>
      <trkpt lat="43.85547232814133167266845703125" lon="87.51024811528623104095458984375">
        <ele>782.5999755859375</ele>
        <time>2026-08-13T13:43:18.000Z</time>
        <extensions>
          <ns3:TrackPointExtension>
            <ns3:hr>140</ns3:hr>
            <ns3:cad>54</ns3:cad>
          </ns3:TrackPointExtension>
        </extensions>
      </trkpt>
      <trkpt lat="43.8554744236171245574951171875" lon="87.51033495180308818817138671875">
        <ele>782.4000244140625</ele>
        <time>2026-08-13T13:43:21.000Z</time>
        <extensions>
          <ns3:TrackPointExtension>
            <ns3:hr>139</ns3:hr>
            <ns3:cad>0</ns3:cad>
          </ns3:TrackPointExtension>
        </extensions>
      </trkpt>
      <trkpt lat="43.8554625213146209716796875" lon="87.51057048328220844268798828125">
        <ele>781.5999755859375</ele>
        <time>2026-08-13T13:43:28.000Z</time>
        <extensions>
          <ns3:TrackPointExtension>
            <ns3:hr>138</ns3:hr>
            <ns3:cad>80</ns3:cad>
          </ns3:TrackPointExtension>
        </extensions>
      </trkpt>
      <trkpt lat="43.85545891709625720977783203125" lon="87.5107070244848728179931640625">
        <ele>781.4000244140625</ele>
        <time>2026-08-13T13:43:32.000Z</time>
        <extensions>
          <ns3:TrackPointExtension>
            <ns3:hr>141</ns3:hr>
            <ns3:cad>80</ns3:cad>
          </ns3:TrackPointExtension>
        </extensions>
      </trkpt>
      <trkpt lat="43.85545724071562290191650390625" lon="87.510764189064502716064453125">
        <ele>781.4000244140625</ele>
        <time>2026-08-13T13:43:34.000Z</time>
        <extensions>
          <ns3:TrackPointExtension>
            <ns3:hr>142</ns3:hr>
            <ns3:cad>80</ns3:cad>
          </ns3:TrackPointExtension>
        </extensions>
      </trkpt>
      <trkpt lat="43.8554569892585277557373046875" lon="87.5108079425990581512451171875">
        <ele>781.5999755859375</ele>
        <time>2026-08-13T13:43:36.000Z</time>
        <extensions>
          <ns3:TrackPointExtension>
            <ns3:hr>142</ns3:hr>
            <ns3:cad>80</ns3:cad>
          </ns3:TrackPointExtension>
        </extensions>
      </trkpt>
      <trkpt lat="43.85542203672230243682861328125" lon="87.51089586876332759857177734375">
        <ele>782.20001220703125</ele>
        <time>2026-08-13T13:43:42.000Z</time>
        <extensions>
          <ns3:TrackPointExtension>
            <ns3:hr>145</ns3:hr>
            <ns3:cad>80</ns3:cad>
          </ns3:TrackPointExtension>
        </extensions>
      </trkpt>
      <trkpt lat="43.8554170913994312286376953125" lon="87.51089972443878650665283203125">
        <ele>782.20001220703125</ele>
        <time>2026-08-13T13:43:43.000Z</time>
        <extensions>
          <ns3:TrackPointExtension>
            <ns3:hr>145</ns3:hr>
            <ns3:cad>80</ns3:cad>
          </ns3:TrackPointExtension>
        </extensions>
      </trkpt>
      <trkpt lat="43.85534324683248996734619140625" lon="87.51099544577300548553466796875">
        <ele>783.4000244140625</ele>
        <time>2026-08-13T13:43:50.000Z</time>
        <extensions>
          <ns3:TrackPointExtension>
            <ns3:hr>147</ns3:hr>
            <ns3:cad>57</ns3:cad>
          </ns3:TrackPointExtension>
        </extensions>
      </trkpt>
      <trkpt lat="43.85528926737606525421142578125" lon="87.511017657816410064697265625">
        <ele>784.20001220703125</ele>
        <time>2026-08-13T13:43:53.000Z</time>
        <extensions>
          <ns3:TrackPointExtension>
            <ns3:hr>146</ns3:hr>
            <ns3:cad>57</ns3:cad>
          </ns3:TrackPointExtension>
        </extensions>
      </trkpt>
      <trkpt lat="43.8552665524184703826904296875" lon="87.511016316711902618408203125">
        <ele>784.79998779296875</ele>
        <time>2026-08-13T13:43:54.000Z</time>
        <extensions>
          <ns3:TrackPointExtension>
            <ns3:hr>145</ns3:hr>
            <ns3:cad>78</ns3:cad>
          </ns3:TrackPointExtension>
        </extensions>
      </trkpt>
      <trkpt lat="43.855104111135005950927734375" lon="87.51099427230656147003173828125">
        <ele>788</ele>
        <time>2026-08-13T13:44:00.000Z</time>
        <extensions>
          <ns3:TrackPointExtension>
            <ns3:hr>143</ns3:hr>
            <ns3:cad>79</ns3:cad>
          </ns3:TrackPointExtension>
        </extensions>
      </trkpt>
      <trkpt lat="43.8549218885600566864013671875" lon="87.51099645160138607025146484375">
        <ele>790.79998779296875</ele>
        <time>2026-08-13T13:44:07.000Z</time>
        <extensions>
          <ns3:TrackPointExtension>
            <ns3:hr>145</ns3:hr>
            <ns3:cad>80</ns3:cad>
          </ns3:TrackPointExtension>
        </extensions>
      </trkpt>
      <trkpt lat="43.8548697531223297119140625" lon="87.5110044144093990325927734375">
        <ele>791.5999755859375</ele>
        <time>2026-08-13T13:44:09.000Z</time>
        <extensions>
          <ns3:TrackPointExtension>
            <ns3:hr>147</ns3:hr>
            <ns3:cad>80</ns3:cad>
          </ns3:TrackPointExtension>
        </extensions>
      </trkpt>
      <trkpt lat="43.8547458685934543609619140625" lon="87.51097775995731353759765625">
        <ele>793.4000244140625</ele>
        <time>2026-08-13T13:44:16.000Z</time>
        <extensions>
          <ns3:TrackPointExtension>
            <ns3:hr>150</ns3:hr>
            <ns3:cad>79</ns3:cad>
          </ns3:TrackPointExtension>
        </extensions>
      </trkpt>
      <trkpt lat="43.8546395860612392425537109375" lon="87.51097482629120349884033203125">
        <ele>793.5999755859375</ele>
        <time>2026-08-13T13:44:24.000Z</time>
        <extensions>
          <ns3:TrackPointExtension>
            <ns3:hr>152</ns3:hr>
            <ns3:cad>56</ns3:cad>
          </ns3:TrackPointExtension>
        </extensions>
      </trkpt>
      <trkpt lat="43.85451595298945903778076171875" lon="87.51098169945180416107177734375">
        <ele>794</ele>
        <time>2026-08-13T13:44:30.000Z</time>
        <extensions>
          <ns3:TrackPointExtension>
            <ns3:hr>151</ns3:hr>
            <ns3:cad>79</ns3:cad>
          </ns3:TrackPointExtension>
        </extensions>
      </trkpt>
      <trkpt lat="43.85436960496008396148681640625" lon="87.51096376217901706695556640625">
        <ele>793.5999755859375</ele>
        <time>2026-08-13T13:44:36.000Z</time>
        <extensions>
          <ns3:TrackPointExtension>
            <ns3:hr>153</ns3:hr>
            <ns3:cad>79</ns3:cad>
          </ns3:TrackPointExtension>
        </extensions>
      </trkpt>
      <trkpt lat="43.85426399298012256622314453125" lon="87.51094959676265716552734375">
        <ele>793.20001220703125</ele>
        <time>2026-08-13T13:44:41.000Z</time>
        <extensions>
          <ns3:TrackPointExtension>
            <ns3:hr>154</ns3:hr>
            <ns3:cad>79</ns3:cad>
          </ns3:TrackPointExtension>
        </extensions>
      </trkpt>
      <trkpt lat="43.85407246649265289306640625" lon="87.5109397061169147491455078125">
        <ele>793.20001220703125</ele>
        <time>2026-08-13T13:44:49.000Z</time>
        <extensions>
          <ns3:TrackPointExtension>
            <ns3:hr>153</ns3:hr>
            <ns3:cad>80</ns3:cad>
          </ns3:TrackPointExtension>
        </extensions>
      </trkpt>
      <trkpt lat="43.8540270365774631500244140625" lon="87.51092537306249141693115234375">
        <ele>793.20001220703125</ele>
        <time>2026-08-13T13:44:51.000Z</time>
        <extensions>
          <ns3:TrackPointExtension>
            <ns3:hr>153</ns3:hr>
            <ns3:cad>80</ns3:cad>
          </ns3:TrackPointExtension>
        </extensions>
      </trkpt>
      <trkpt lat="43.85393240489065647125244140625" lon="87.51092319376766681671142578125">
        <ele>793.20001220703125</ele>
        <time>2026-08-13T13:44:55.000Z</time>
        <extensions>
          <ns3:TrackPointExtension>
            <ns3:hr>150</ns3:hr>
            <ns3:cad>80</ns3:cad>
          </ns3:TrackPointExtension>
        </extensions>
      </trkpt>
      <trkpt lat="43.85389921255409717559814453125" lon="87.5109273009002208709716796875">
        <ele>793.20001220703125</ele>
        <time>2026-08-13T13:44:57.000Z</time>
        <extensions>
          <ns3:TrackPointExtension>
            <ns3:hr>149</ns3:hr>
            <ns3:cad>81</ns3:cad>
          </ns3:TrackPointExtension>
        </extensions>
      </trkpt>
      <trkpt lat="43.8537995517253875732421875" lon="87.510909028351306915283203125">
        <ele>793</ele>
        <time>2026-08-13T13:45:03.000Z</time>
        <extensions>
          <ns3:TrackPointExtension>
            <ns3:hr>149</ns3:hr>
            <ns3:cad>79</ns3:cad>
          </ns3:TrackPointExtension>
        </extensions>
      </trkpt>
      <trkpt lat="43.85373258031904697418212890625" lon="87.5109108723700046539306640625">
        <ele>793</ele>
        <time>2026-08-13T13:45:07.000Z</time>
        <extensions>
          <ns3:TrackPointExtension>
            <ns3:hr>152</ns3:hr>
            <ns3:cad>79</ns3:cad>
          </ns3:TrackPointExtension>
        </extensions>
      </trkpt>
      <trkpt lat="43.85370659641921520233154296875" lon="87.510908357799053192138671875">
        <ele>793</ele>
        <time>2026-08-13T13:45:09.000Z</time>
        <extensions>
          <ns3:TrackPointExtension>
            <ns3:hr>152</ns3:hr>
            <ns3:cad>71</ns3:cad>
          </ns3:TrackPointExtension>
        </extensions>
      </trkpt>
      <trkpt lat="43.853588998317718505859375" lon="87.51089234836399555206298828125">
        <ele>793.4000244140625</ele>
        <time>2026-08-13T13:45:15.000Z</time>
        <extensions>
          <ns3:TrackPointExtension>
            <ns3:hr>150</ns3:hr>
            <ns3:cad>80</ns3:cad>
          </ns3:TrackPointExtension>
        </extensions>
      </trkpt>
      <trkpt lat="43.85345689952373504638671875" lon="87.51090207137167453765869140625">
        <ele>794.4000244140625</ele>
        <time>2026-08-13T13:45:21.000Z</time>
        <extensions>
          <ns3:TrackPointExtension>
            <ns3:hr>152</ns3:hr>
            <ns3:cad>80</ns3:cad>
          </ns3:TrackPointExtension>
        </extensions>
      </trkpt>
      <trkpt lat="43.85334424674510955810546875" lon="87.51092218793928623199462890625">
        <ele>795.20001220703125</ele>
        <time>2026-08-13T13:45:26.000Z</time>
        <extensions>
          <ns3:TrackPointExtension>
            <ns3:hr>155</ns3:hr>
            <ns3:cad>80</ns3:cad>
          </ns3:TrackPointExtension>
        </extensions>
      </trkpt>
      <trkpt lat="43.85325296781957149505615234375" lon="87.5109226070344448089599609375">
        <ele>795.79998779296875</ele>
        <time>2026-08-13T13:45:30.000Z</time>
        <extensions>
          <ns3:TrackPointExtension>
            <ns3:hr>158</ns3:hr>
            <ns3:cad>81</ns3:cad>
          </ns3:TrackPointExtension>
        </extensions>
      </trkpt>
      <trkpt lat="43.85317325592041015625" lon="87.5109283067286014556884765625">
        <ele>796.4000244140625</ele>
        <time>2026-08-13T13:45:35.000Z</time>
        <extensions>
          <ns3:TrackPointExtension>
            <ns3:hr>156</ns3:hr>
            <ns3:cad>79</ns3:cad>
          </ns3:TrackPointExtension>
        </extensions>
      </trkpt>
      <trkpt lat="43.8531160913407802581787109375" lon="87.51092017628252506256103515625">
        <ele>796.79998779296875</ele>
        <time>2026-08-13T13:45:41.000Z</time>
        <extensions>
          <ns3:TrackPointExtension>
            <ns3:hr>156</ns3:hr>
            <ns3:cad>67</ns3:cad>
          </ns3:TrackPointExtension>
        </extensions>
      </trkpt>
      <trkpt lat="43.8530983217060565948486328125" lon="87.510887570679187774658203125">
        <ele>796.79998779296875</ele>
        <time>2026-08-13T13:45:47.000Z</time>
        <extensions>
          <ns3:TrackPointExtension>
            <ns3:hr>153</ns3:hr>
            <ns3:cad>0</ns3:cad>
          </ns3:TrackPointExtension>
        </extensions>
      </trkpt>
      <trkpt lat="43.85301039554178714752197265625" lon="87.51086737029254436492919921875">
        <ele>797.5999755859375</ele>
        <time>2026-08-13T13:45:52.000Z</time>
        <extensions>
          <ns3:TrackPointExtension>
            <ns3:hr>150</ns3:hr>
            <ns3:cad>54</ns3:cad>
          </ns3:TrackPointExtension>
        </extensions>
      </trkpt>
      <trkpt lat="43.85298290289938449859619140625" lon="87.51085982657968997955322265625">
        <ele>797.79998779296875</ele>
        <time>2026-08-13T13:45:53.000Z</time>
        <extensions>
          <ns3:TrackPointExtension>
            <ns3:hr>150</ns3:hr>
            <ns3:cad>54</ns3:cad>
          </ns3:TrackPointExtension>
        </extensions>
      </trkpt>
      <trkpt lat="43.8529627025127410888671875" lon="87.5108555518090724945068359375">
        <ele>797.79998779296875</ele>
        <time>2026-08-13T13:45:54.000Z</time>
        <extensions>
          <ns3:TrackPointExtension>
            <ns3:hr>147</ns3:hr>
            <ns3:cad>55</ns3:cad>
          </ns3:TrackPointExtension>
        </extensions>
      </trkpt>
      <trkpt lat="43.8529025204479694366455078125" lon="87.51081439666450023651123046875">
        <ele>798.20001220703125</ele>
        <time>2026-08-13T13:45:58.000Z</time>
        <extensions>
          <ns3:TrackPointExtension>
            <ns3:hr>149</ns3:hr>
            <ns3:cad>81</ns3:cad>
          </ns3:TrackPointExtension>
        </extensions>
      </trkpt>
      <trkpt lat="43.85277201421558856964111328125" lon="87.510803751647472381591796875">
        <ele>799.4000244140625</ele>
        <time>2026-08-13T13:46:03.000Z</time>
        <extensions>
          <ns3:TrackPointExtension>
            <ns3:hr>152</ns3:hr>
            <ns3:cad>81</ns3:cad>
          </ns3:TrackPointExtension>
        </extensions>
      </trkpt>
      <trkpt lat="43.85259750299155712127685546875" lon="87.51079008914530277252197265625">
        <ele>800.79998779296875</ele>
        <time>2026-08-13T13:46:09.000Z</time>
        <extensions>
          <ns3:TrackPointExtension>
            <ns3:hr>153</ns3:hr>
            <ns3:cad>82</ns3:cad>
          </ns3:TrackPointExtension>
        </extensions>
      </trkpt>
      <trkpt lat="43.85247923433780670166015625" lon="87.510780952870845794677734375">
        <ele>801.79998779296875</ele>
        <time>2026-08-13T13:46:13.000Z</time>
        <extensions>
          <ns3:TrackPointExtension>
            <ns3:hr>156</ns3:hr>
            <ns3:cad>81</ns3:cad>
          </ns3:TrackPointExtension>
        </extensions>
      </trkpt>
      <trkpt lat="43.85245869867503643035888671875" lon="87.5107858143746852874755859375">
        <ele>801.79998779296875</ele>
        <time>2026-08-13T13:46:14.000Z</time>
        <extensions>
          <ns3:TrackPointExtension>
            <ns3:hr>156</ns3:hr>
            <ns3:cad>79</ns3:cad>
          </ns3:TrackPointExtension>
        </extensions>
      </trkpt>
      <trkpt lat="43.85237856768071651458740234375" lon="87.51077718101441860198974609375">
        <ele>802.4000244140625</ele>
        <time>2026-08-13T13:46:19.000Z</time>
        <extensions>
          <ns3:TrackPointExtension>
            <ns3:hr>158</ns3:hr>
            <ns3:cad>80</ns3:cad>
          </ns3:TrackPointExtension>
        </extensions>
      </trkpt>
      <trkpt lat="43.8522839359939098358154296875" lon="87.510783635079860687255859375">
        <ele>803.20001220703125</ele>
        <time>2026-08-13T13:46:26.000Z</time>
        <extensions>
          <ns3:TrackPointExtension>
            <ns3:hr>156</ns3:hr>
            <ns3:cad>53</ns3:cad>
          </ns3:TrackPointExtension>
        </extensions>
      </trkpt>
      <trkpt lat="43.8521754741668701171875" lon="87.51081406138837337493896484375">
        <ele>803.20001220703125</ele>
        <time>2026-08-13T13:46:34.000Z</time>
        <extensions>
          <ns3:TrackPointExtension>
            <ns3:hr>156</ns3:hr>
            <ns3:cad>54</ns3:cad>
          </ns3:TrackPointExtension>
        </extensions>
      </trkpt>
      <trkpt lat="43.85205972008407115936279296875" lon="87.5108066014945507049560546875">
        <ele>803.5999755859375</ele>
        <time>2026-08-13T13:46:40.000Z</time>
        <extensions>
          <ns3:TrackPointExtension>
            <ns3:hr>157</ns3:hr>
            <ns3:cad>79</ns3:cad>
          </ns3:TrackPointExtension>
        </extensions>
      </trkpt>
      <trkpt lat="43.85189325548708438873291015625" lon="87.5107710622251033782958984375">
        <ele>804</ele>
        <time>2026-08-13T13:46:46.000Z</time>
        <extensions>
          <ns3:TrackPointExtension>
            <ns3:hr>156</ns3:hr>
            <ns3:cad>81</ns3:cad>
          </ns3:TrackPointExtension>
        </extensions>
      </trkpt>
      <trkpt lat="43.85170675814151763916015625" lon="87.5107402168214321136474609375">
        <ele>804.4000244140625</ele>
        <time>2026-08-13T13:46:53.000Z</time>
        <extensions>
          <ns3:TrackPointExtension>
            <ns3:hr>156</ns3:hr>
            <ns3:cad>81</ns3:cad>
          </ns3:TrackPointExtension>
        </extensions>
      </trkpt>
      <trkpt lat="43.85168261826038360595703125" lon="87.51074113883078098297119140625">
        <ele>804.4000244140625</ele>
        <time>2026-08-13T13:46:54.000Z</time>
        <extensions>
          <ns3:TrackPointExtension>
            <ns3:hr>156</ns3:hr>
            <ns3:cad>81</ns3:cad>
          </ns3:TrackPointExtension>
        </extensions>
      </trkpt>
      <trkpt lat="43.85149528272449970245361328125" lon="87.51073309220373630523681640625">
        <ele>805.20001220703125</ele>
        <time>2026-08-13T13:47:01.000Z</time>
        <extensions>
          <ns3:TrackPointExtension>
            <ns3:hr>158</ns3:hr>
            <ns3:cad>81</ns3:cad>
          </ns3:TrackPointExtension>
        </extensions>
      </trkpt>
      <trkpt lat="43.85146896354854106903076171875" lon="87.51073393039405345916748046875">
        <ele>805.4000244140625</ele>
        <time>2026-08-13T13:47:02.000Z</time>
        <extensions>
          <ns3:TrackPointExtension>
            <ns3:hr>159</ns3:hr>
            <ns3:cad>81</ns3:cad>
          </ns3:TrackPointExtension>
        </extensions>
      </trkpt>
      <trkpt lat="43.851378858089447021484375" lon="87.51070694066584110260009765625">
        <ele>806</ele>
        <time>2026-08-13T13:47:07.000Z</time>
        <extensions>
          <ns3:TrackPointExtension>
            <ns3:hr>160</ns3:hr>
            <ns3:cad>82</ns3:cad>
          </ns3:TrackPointExtension>
        </extensions>
      </trkpt>
      <trkpt lat="43.85127517394721508026123046875" lon="87.51074172556400299072265625">
        <ele>807</ele>
        <time>2026-08-13T13:47:14.000Z</time>
        <extensions>
          <ns3:TrackPointExtension>
            <ns3:hr>158</ns3:hr>
            <ns3:cad>56</ns3:cad>
          </ns3:TrackPointExtension>
        </extensions>
      </trkpt>
      <trkpt lat="43.8511634431779384613037109375" lon="87.51073904335498809814453125">
        <ele>807.79998779296875</ele>
        <time>2026-08-13T13:47:22.000Z</time>
        <extensions>
          <ns3:TrackPointExtension>
            <ns3:hr>156</ns3:hr>
            <ns3:cad>54</ns3:cad>
          </ns3:TrackPointExtension>
        </extensions>
      </trkpt>
      <trkpt lat="43.85105003602802753448486328125" lon="87.51070727594196796417236328125">
        <ele>808.20001220703125</ele>
        <time>2026-08-13T13:47:30.000Z</time>
        <extensions>
          <ns3:TrackPointExtension>
            <ns3:hr>155</ns3:hr>
            <ns3:cad>0</ns3:cad>
          </ns3:TrackPointExtension>
        </extensions>
      </trkpt>
      <trkpt lat="43.85092112235724925994873046875" lon="87.5106619298458099365234375">
        <ele>808.79998779296875</ele>
        <time>2026-08-13T13:47:36.000Z</time>
        <extensions>
          <ns3:TrackPointExtension>
            <ns3:hr>152</ns3:hr>
            <ns3:cad>79</ns3:cad>
          </ns3:TrackPointExtension>
        </extensions>
      </trkpt>
      <trkpt lat="43.8508764468133449554443359375" lon="87.51065790653228759765625">
        <ele>809.20001220703125</ele>
        <time>2026-08-13T13:47:38.000Z</time>
        <extensions>
          <ns3:TrackPointExtension>
            <ns3:hr>152</ns3:hr>
            <ns3:cad>80</ns3:cad>
          </ns3:TrackPointExtension>
        </extensions>
      </trkpt>
      <trkpt lat="43.85071895085275173187255859375" lon="87.51068129204213619232177734375">
        <ele>810</ele>
        <time>2026-08-13T13:47:44.000Z</time>
        <extensions>
          <ns3:TrackPointExtension>
            <ns3:hr>153</ns3:hr>
            <ns3:cad>81</ns3:cad>
          </ns3:TrackPointExtension>
        </extensions>
      </trkpt>
      <trkpt lat="43.85053589008748531341552734375" lon="87.5106567330658435821533203125">
        <ele>810.4000244140625</ele>
        <time>2026-08-13T13:47:51.000Z</time>
        <extensions>
          <ns3:TrackPointExtension>
            <ns3:hr>153</ns3:hr>
            <ns3:cad>81</ns3:cad>
          </ns3:TrackPointExtension>
        </extensions>
      </trkpt>
      <trkpt lat="43.850514180958271026611328125" lon="87.51065748743712902069091796875">
        <ele>810.20001220703125</ele>
        <time>2026-08-13T13:47:52.000Z</time>
        <extensions>
          <ns3:TrackPointExtension>
            <ns3:hr>153</ns3:hr>
            <ns3:cad>81</ns3:cad>
          </ns3:TrackPointExtension>
        </extensions>
      </trkpt>
      <trkpt lat="43.8504550047218799591064453125" lon="87.51063175499439239501953125">
        <ele>809.79998779296875</ele>
        <time>2026-08-13T13:47:57.000Z</time>
        <extensions>
          <ns3:TrackPointExtension>
            <ns3:hr>155</ns3:hr>
            <ns3:cad>78</ns3:cad>
          </ns3:TrackPointExtension>
        </extensions>
      </trkpt>
      <trkpt lat="43.850417621433734893798828125" lon="87.51061926595866680145263671875">
        <ele>809.5999755859375</ele>
        <time>2026-08-13T13:48:01.000Z</time>
        <extensions>
          <ns3:TrackPointExtension>
            <ns3:hr>156</ns3:hr>
            <ns3:cad>54</ns3:cad>
          </ns3:TrackPointExtension>
        </extensions>
      </trkpt>
      <trkpt lat="43.85031879879534244537353515625" lon="87.51060895621776580810546875">
        <ele>809</ele>
        <time>2026-08-13T13:48:07.000Z</time>
        <extensions>
          <ns3:TrackPointExtension>
            <ns3:hr>154</ns3:hr>
            <ns3:cad>57</ns3:cad>
          </ns3:TrackPointExtension>
        </extensions>
      </trkpt>
      <trkpt lat="43.85013305582106113433837890625" lon="87.51057676970958709716796875">
        <ele>810</ele>
        <time>2026-08-13T13:48:15.000Z</time>
        <extensions>
          <ns3:TrackPointExtension>
            <ns3:hr>153</ns3:hr>
            <ns3:cad>81</ns3:cad>
          </ns3:TrackPointExtension>
        </extensions>
      </trkpt>
      <trkpt lat="43.84992845356464385986328125" lon="87.51056729815900325775146484375">
        <ele>811.4000244140625</ele>
        <time>2026-08-13T13:48:23.000Z</time>
        <extensions>
          <ns3:TrackPointExtension>
            <ns3:hr>152</ns3:hr>
            <ns3:cad>81</ns3:cad>
          </ns3:TrackPointExtension>
        </extensions>
      </trkpt>
      <trkpt lat="43.84987623430788516998291015625" lon="87.51056880690157413482666015625">
        <ele>811.79998779296875</ele>
        <time>2026-08-13T13:48:25.000Z</time>
        <extensions>
          <ns3:TrackPointExtension>
            <ns3:hr>152</ns3:hr>
            <ns3:cad>81</ns3:cad>
          </ns3:TrackPointExtension>
        </extensions>
      </trkpt>
      <trkpt lat="43.84968437254428863525390625" lon="87.51057148911058902740478515625">
        <ele>812.79998779296875</ele>
        <time>2026-08-13T13:48:32.000Z</time>
        <extensions>
          <ns3:TrackPointExtension>
            <ns3:hr>152</ns3:hr>
            <ns3:cad>82</ns3:cad>
          </ns3:TrackPointExtension>
        </extensions>
      </trkpt>
      <trkpt lat="43.849604912102222442626953125" lon="87.51055824570357799530029296875">
        <ele>812.5999755859375</ele>
        <time>2026-08-13T13:48:35.000Z</time>
        <extensions>
          <ns3:TrackPointExtension>
            <ns3:hr>155</ns3:hr>
            <ns3:cad>81</ns3:cad>
          </ns3:TrackPointExtension>
        </extensions>
      </trkpt>
      <trkpt lat="43.84958236478269100189208984375" lon="87.51056377775967121124267578125">
        <ele>812.5999755859375</ele>
        <time>2026-08-13T13:48:36.000Z</time>
        <extensions>
          <ns3:TrackPointExtension>
            <ns3:hr>155</ns3:hr>
            <ns3:cad>81</ns3:cad>
          </ns3:TrackPointExtension>
        </extensions>
      </trkpt>
      <trkpt lat="43.84951111860573291778564453125" lon="87.51054617576301097869873046875">
        <ele>812.5999755859375</ele>
        <time>2026-08-13T13:48:42.000Z</time>
        <extensions>
          <ns3:TrackPointExtension>
            <ns3:hr>158</ns3:hr>
            <ns3:cad>58</ns3:cad>
          </ns3:TrackPointExtension>
        </extensions>
      </trkpt>
      <trkpt lat="43.8494961149990558624267578125" lon="87.5105519592761993408203125">
        <ele>812.5999755859375</ele>
        <time>2026-08-13T13:48:43.000Z</time>
        <extensions>
          <ns3:TrackPointExtension>
            <ns3:hr>158</ns3:hr>
            <ns3:cad>58</ns3:cad>
          </ns3:TrackPointExtension>
        </extensions>
      </trkpt>
      <trkpt lat="43.84940349496901035308837890625" lon="87.5105635263025760650634765625">
        <ele>812.79998779296875</ele>
        <time>2026-08-13T13:48:51.000Z</time>
        <extensions>
          <ns3:TrackPointExtension>
            <ns3:hr>161</ns3:hr>
            <ns3:cad>56</ns3:cad>
          </ns3:TrackPointExtension>
        </extensions>
      </trkpt>
      <trkpt lat="43.8493873178958892822265625" lon="87.5105574913322925567626953125">
        <ele>812.79998779296875</ele>
        <time>2026-08-13T13:48:52.000Z</time>
        <extensions>
          <ns3:TrackPointExtension>
            <ns3:hr>161</ns3:hr>
            <ns3:cad>56</ns3:cad>
          </ns3:TrackPointExtension>
        </extensions>
      </trkpt>
      <trkpt lat="43.84928396902978420257568359375" lon="87.51054315827786922454833984375">
        <ele>812.79998779296875</ele>
        <time>2026-08-13T13:48:57.000Z</time>
        <extensions>
          <ns3:TrackPointExtension>
            <ns3:hr>160</ns3:hr>
            <ns3:cad>81</ns3:cad>
          </ns3:TrackPointExtension>
        </extensions>
      </trkpt>
      <trkpt lat="43.84912471286952495574951171875" lon="87.51051105558872222900390625">
        <ele>813</ele>
        <time>2026-08-13T13:49:03.000Z</time>
        <extensions>
          <ns3:TrackPointExtension>
            <ns3:hr>161</ns3:hr>
            <ns3:cad>82</ns3:cad>
          </ns3:TrackPointExtension>
        </extensions>
      </trkpt>
      <trkpt lat="43.8490029238164424896240234375" lon="87.51050728373229503631591796875">
        <ele>814</ele>
        <time>2026-08-13T13:49:07.000Z</time>
        <extensions>
          <ns3:TrackPointExtension>
            <ns3:hr>158</ns3:hr>
            <ns3:cad>81</ns3:cad>
          </ns3:TrackPointExtension>
        </extensions>
      </trkpt>
      <trkpt lat="43.84888314642012119293212890625" lon="87.51049487851560115814208984375">
        <ele>814.4000244140625</ele>
        <time>2026-08-13T13:49:11.000Z</time>
        <extensions>
          <ns3:TrackPointExtension>
            <ns3:hr>157</ns3:hr>
            <ns3:cad>82</ns3:cad>
          </ns3:TrackPointExtension>
        </extensions>
      </trkpt>
      <trkpt lat="43.8487008400261402130126953125" lon="87.51047794707119464874267578125">
        <ele>814.4000244140625</ele>
        <time>2026-08-13T13:49:17.000Z</time>
        <extensions>
          <ns3:TrackPointExtension>
            <ns3:hr>158</ns3:hr>
            <ns3:cad>82</ns3:cad>
          </ns3:TrackPointExtension>
        </extensions>
      </trkpt>
      <trkpt lat="43.84860134683549404144287109375" lon="87.5104592554271221160888671875">
        <ele>814.4000244140625</ele>
        <time>2026-08-13T13:49:21.000Z</time>
        <extensions>
          <ns3:TrackPointExtension>
            <ns3:hr>162</ns3:hr>
            <ns3:cad>82</ns3:cad>
          </ns3:TrackPointExtension>
        </extensions>
      </trkpt>
      <trkpt lat="43.848577626049518585205078125" lon="87.5104723311960697174072265625">
        <ele>814.4000244140625</ele>
        <time>2026-08-13T13:49:23.000Z</time>
        <extensions>
          <ns3:TrackPointExtension>
            <ns3:hr>160</ns3:hr>
            <ns3:cad>80</ns3:cad>
          </ns3:TrackPointExtension>
        </extensions>
      </trkpt>
      <trkpt lat="43.848516605794429779052734375" lon="87.51040519215166568756103515625">
        <ele>813.79998779296875</ele>
        <time>2026-08-13T13:51:24.000Z</time>
        <extensions>
          <ns3:TrackPointExtension>
            <ns3:hr>107</ns3:hr>
            <ns3:cad>0</ns3:cad>
          </ns3:TrackPointExtension>
        </extensions>
      </trkpt>
      <trkpt lat="43.848516605794429779052734375" lon="87.51040519215166568756103515625">
        <ele>813.79998779296875</ele>
        <time>2026-08-13T13:51:25.000Z</time>
        <extensions>
          <ns3:TrackPointExtension>
            <ns3:hr>107</ns3:hr>
            <ns3:cad>0</ns3:cad>
          </ns3:TrackPointExtension>
        </extensions>
      </trkpt>
      <trkpt lat="43.8484581001102924346923828125" lon="87.51041474752128124237060546875">
        <ele>813.79998779296875</ele>
        <time>2026-08-13T13:51:29.000Z</time>
        <extensions>
          <ns3:TrackPointExtension>
            <ns3:hr>107</ns3:hr>
            <ns3:cad>0</ns3:cad>
          </ns3:TrackPointExtension>
        </extensions>
      </trkpt>
      <trkpt lat="43.84827629663050174713134765625" lon="87.51038339920341968536376953125">
        <ele>814</ele>
        <time>2026-08-13T13:51:35.000Z</time>
        <extensions>
          <ns3:TrackPointExtension>
            <ns3:hr>109</ns3:hr>
            <ns3:cad>82</ns3:cad>
          </ns3:TrackPointExtension>
        </extensions>
      </trkpt>
      <trkpt lat="43.84820957668125629425048828125" lon="87.51036428846418857574462890625">
        <ele>814.20001220703125</ele>
        <time>2026-08-13T13:51:37.000Z</time>
        <extensions>
          <ns3:TrackPointExtension>
            <ns3:hr>113</ns3:hr>
            <ns3:cad>82</ns3:cad>
          </ns3:TrackPointExtension>
        </extensions>
      </trkpt>
      <trkpt lat="43.8481516577303409576416015625" lon="87.5103459320962429046630859375">
        <ele>814.5999755859375</ele>
        <time>2026-08-13T13:51:39.000Z</time>
        <extensions>
          <ns3:TrackPointExtension>
            <ns3:hr>116</ns3:hr>
            <ns3:cad>82</ns3:cad>
          </ns3:TrackPointExtension>
        </extensions>
      </trkpt>
      <trkpt lat="43.8480356521904468536376953125" lon="87.51030460931360721588134765625">
        <ele>815.20001220703125</ele>
        <time>2026-08-13T13:51:43.000Z</time>
        <extensions>
          <ns3:TrackPointExtension>
            <ns3:hr>120</ns3:hr>
            <ns3:cad>82</ns3:cad>
          </ns3:TrackPointExtension>
        </extensions>
      </trkpt>
      <trkpt lat="43.84792216122150421142578125" lon="87.51031852327287197113037109375">
        <ele>815</ele>
        <time>2026-08-13T13:51:47.000Z</time>
        <extensions>
          <ns3:TrackPointExtension>
            <ns3:hr>123</ns3:hr>
            <ns3:cad>81</ns3:cad>
          </ns3:TrackPointExtension>
        </extensions>
      </trkpt>
      <trkpt lat="43.84786943905055522918701171875" lon="87.510337717831134796142578125">
        <ele>815</ele>
        <time>2026-08-13T13:51:49.000Z</time>
        <extensions>
          <ns3:TrackPointExtension>
            <ns3:hr>125</ns3:hr>
            <ns3:cad>79</ns3:cad>
          </ns3:TrackPointExtension>
        </extensions>
      </trkpt>
      <trkpt lat="43.8478425331413745880126953125" lon="87.51034702174365520477294921875">
        <ele>815</ele>
        <time>2026-08-13T13:51:50.000Z</time>
        <extensions>
          <ns3:TrackPointExtension>
            <ns3:hr>122</ns3:hr>
            <ns3:cad>79</ns3:cad>
          </ns3:TrackPointExtension>
        </extensions>
      </trkpt>
      <trkpt lat="43.84781897999346256256103515625" lon="87.510350458323955535888671875">
        <ele>815</ele>
        <time>2026-08-13T13:51:51.000Z</time>
        <extensions>
          <ns3:TrackPointExtension>
            <ns3:hr>126</ns3:hr>
            <ns3:cad>79</ns3:cad>
          </ns3:TrackPointExtension>
        </extensions>
      </trkpt>
      <trkpt lat="43.8477432914078235626220703125" lon="87.51034132204949855804443359375">
        <ele>815.5999755859375</ele>
        <time>2026-08-13T13:51:54.000Z</time>
        <extensions>
          <ns3:TrackPointExtension>
            <ns3:hr>129</ns3:hr>
            <ns3:cad>81</ns3:cad>
          </ns3:TrackPointExtension>
        </extensions>
      </trkpt>
      <trkpt lat="43.84769274853169918060302734375" lon="87.51032958738505840301513671875">
        <ele>816.20001220703125</ele>
        <time>2026-08-13T13:51:56.000Z</time>
        <extensions>
          <ns3:TrackPointExtension>
            <ns3:hr>130</ns3:hr>
            <ns3:cad>82</ns3:cad>
          </ns3:TrackPointExtension>
        </extensions>
      </trkpt>
      <trkpt lat="43.847629129886627197265625" lon="87.51030745916068553924560546875">
        <ele>816.79998779296875</ele>
        <time>2026-08-13T13:51:58.000Z</time>
        <extensions>
          <ns3:TrackPointExtension>
            <ns3:hr>133</ns3:hr>
            <ns3:cad>82</ns3:cad>
          </ns3:TrackPointExtension>
        </extensions>
      </trkpt>
      <trkpt lat="43.84746023453772068023681640625" lon="87.51026152633130550384521484375">
        <ele>818.4000244140625</ele>
        <time>2026-08-13T13:52:05.000Z</time>
        <extensions>
          <ns3:TrackPointExtension>
            <ns3:hr>136</ns3:hr>
            <ns3:cad>81</ns3:cad>
          </ns3:TrackPointExtension>
        </extensions>
      </trkpt>
      <trkpt lat="43.84728002361953258514404296875" lon="87.51024149358272552490234375">
        <ele>820.20001220703125</ele>
        <time>2026-08-13T13:52:13.000Z</time>
        <extensions>
          <ns3:TrackPointExtension>
            <ns3:hr>137</ns3:hr>
            <ns3:cad>82</ns3:cad>
          </ns3:TrackPointExtension>
        </extensions>
      </trkpt>
      <trkpt lat="43.84710199199616909027099609375" lon="87.5101816467940807342529296875">
        <ele>821.4000244140625</ele>
        <time>2026-08-13T13:52:21.000Z</time>
        <extensions>
          <ns3:TrackPointExtension>
            <ns3:hr>138</ns3:hr>
            <ns3:cad>81</ns3:cad>
          </ns3:TrackPointExtension>
        </extensions>
      </trkpt>
      <trkpt lat="43.8469403050839900970458984375" lon="87.51015323214232921600341796875">
        <ele>822.20001220703125</ele>
        <time>2026-08-13T13:52:28.000Z</time>
        <extensions>
          <ns3:TrackPointExtension>
            <ns3:hr>141</ns3:hr>
            <ns3:cad>79</ns3:cad>
          </ns3:TrackPointExtension>
        </extensions>
      </trkpt>
      <trkpt lat="43.84687333367764949798583984375" lon="87.5101749412715435028076171875">
        <ele>823</ele>
        <time>2026-08-13T13:52:33.000Z</time>
        <extensions>
          <ns3:TrackPointExtension>
            <ns3:hr>142</ns3:hr>
            <ns3:cad>0</ns3:cad>
          </ns3:TrackPointExtension>
        </extensions>
      </trkpt>
      <trkpt lat="43.84674726985394954681396484375" lon="87.5101628713309764862060546875">
        <ele>824.4000244140625</ele>
        <time>2026-08-13T13:52:38.000Z</time>
        <extensions>
          <ns3:TrackPointExtension>
            <ns3:hr>139</ns3:hr>
            <ns3:cad>0</ns3:cad>
          </ns3:TrackPointExtension>
        </extensions>
      </trkpt>
      <trkpt lat="43.8465557433664798736572265625" lon="87.51016815192997455596923828125">
        <ele>824.5999755859375</ele>
        <time>2026-08-13T13:52:45.000Z</time>
        <extensions>
          <ns3:TrackPointExtension>
            <ns3:hr>138</ns3:hr>
            <ns3:cad>78</ns3:cad>
          </ns3:TrackPointExtension>
        </extensions>
      </trkpt>
      <trkpt lat="43.84637930430471897125244140625" lon="87.51015306450426578521728515625">
        <ele>824.5999755859375</ele>
        <time>2026-08-13T13:52:52.000Z</time>
        <extensions>
          <ns3:TrackPointExtension>
            <ns3:hr>138</ns3:hr>
            <ns3:cad>81</ns3:cad>
          </ns3:TrackPointExtension>
        </extensions>
      </trkpt>
      <trkpt lat="43.84629514999687671661376953125" lon="87.5101549923419952392578125">
        <ele>824.4000244140625</ele>
        <time>2026-08-13T13:52:58.000Z</time>
        <extensions>
          <ns3:TrackPointExtension>
            <ns3:hr>136</ns3:hr>
            <ns3:cad>81</ns3:cad>
          </ns3:TrackPointExtension>
        </extensions>
      </trkpt>
      <trkpt lat="43.84624049998819828033447265625" lon="87.5101471133530139923095703125">
        <ele>824</ele>
        <time>2026-08-13T13:53:04.000Z</time>
        <extensions>
          <ns3:TrackPointExtension>
            <ns3:hr>134</ns3:hr>
            <ns3:cad>52</ns3:cad>
          </ns3:TrackPointExtension>
        </extensions>
      </trkpt>
      <trkpt lat="43.846181072294712066650390625" lon="87.51014166511595249176025390625">
        <ele>823.5999755859375</ele>
        <time>2026-08-13T13:53:09.000Z</time>
        <extensions>
          <ns3:TrackPointExtension>
            <ns3:hr>131</ns3:hr>
            <ns3:cad>54</ns3:cad>
          </ns3:TrackPointExtension>
        </extensions>
      </trkpt>
      <trkpt lat="43.84612030349671840667724609375" lon="87.51013311557471752166748046875">
        <ele>823</ele>
        <time>2026-08-13T13:53:14.000Z</time>
        <extensions>
          <ns3:TrackPointExtension>
            <ns3:hr>129</ns3:hr>
            <ns3:cad>53</ns3:cad>
          </ns3:TrackPointExtension>
        </extensions>
      </trkpt>
      <trkpt lat="43.845996670424938201904296875" lon="87.51011886633932590484619140625">
        <ele>823.4000244140625</ele>
        <time>2026-08-13T13:53:21.000Z</time>
        <extensions>
          <ns3:TrackPointExtension>
            <ns3:hr>126</ns3:hr>
            <ns3:cad>0</ns3:cad>
          </ns3:TrackPointExtension>
        </extensions>
      </trkpt>
      <trkpt lat="43.8459757156670093536376953125" lon="87.5101201236248016357421875">
        <ele>823.5999755859375</ele>
        <time>2026-08-13T13:53:22.000Z</time>
        <extensions>
          <ns3:TrackPointExtension>
            <ns3:hr>126</ns3:hr>
            <ns3:cad>78</ns3:cad>
          </ns3:TrackPointExtension>
        </extensions>
      </trkpt>
      <trkpt lat="43.84581453166902065277099609375" lon="87.51009531319141387939453125">
        <ele>824.20001220703125</ele>
        <time>2026-08-13T13:53:29.000Z</time>
        <extensions>
          <ns3:TrackPointExtension>
            <ns3:hr>126</ns3:hr>
            <ns3:cad>79</ns3:cad>
          </ns3:TrackPointExtension>
        </extensions>
      </trkpt>
      <trkpt lat="43.84568729437887668609619140625" lon="87.51007142476737499237060546875">
        <ele>825.20001220703125</ele>
        <time>2026-08-13T13:53:34.000Z</time>
        <extensions>
          <ns3:TrackPointExtension>
            <ns3:hr>130</ns3:hr>
            <ns3:cad>79</ns3:cad>
          </ns3:TrackPointExtension>
        </extensions>
      </trkpt>
      <trkpt lat="43.8456630706787109375" lon="87.5100629590451717376708984375">
        <ele>825.4000244140625</ele>
        <time>2026-08-13T13:53:36.000Z</time>
        <extensions>
          <ns3:TrackPointExtension>
            <ns3:hr>130</ns3:hr>
            <ns3:cad>79</ns3:cad>
          </ns3:TrackPointExtension>
        </extensions>
      </trkpt>
      <trkpt lat="43.84561479091644287109375" lon="87.510060109198093414306640625">
        <ele>825.5999755859375</ele>
        <time>2026-08-13T13:53:42.000Z</time>
        <extensions>
          <ns3:TrackPointExtension>
            <ns3:hr>132</ns3:hr>
            <ns3:cad>53</ns3:cad>
          </ns3:TrackPointExtension>
        </extensions>
      </trkpt>
      <trkpt lat="43.8455168902873992919921875" lon="87.5100404955446720123291015625">
        <ele>826.4000244140625</ele>
        <time>2026-08-13T13:53:48.000Z</time>
        <extensions>
          <ns3:TrackPointExtension>
            <ns3:hr>130</ns3:hr>
            <ns3:cad>55</ns3:cad>
          </ns3:TrackPointExtension>
        </extensions>
      </trkpt>
      <trkpt lat="43.845428042113780975341796875" lon="87.51004376448690891265869140625">
        <ele>827</ele>
        <time>2026-08-13T13:53:54.000Z</time>
        <extensions>
          <ns3:TrackPointExtension>
            <ns3:hr>133</ns3:hr>
            <ns3:cad>54</ns3:cad>
          </ns3:TrackPointExtension>
        </extensions>
      </trkpt>
      <trkpt lat="43.84540733881294727325439453125" lon="87.51003764569759368896484375">
        <ele>827.20001220703125</ele>
        <time>2026-08-13T13:53:56.000Z</time>
        <extensions>
          <ns3:TrackPointExtension>
            <ns3:hr>133</ns3:hr>
            <ns3:cad>54</ns3:cad>
          </ns3:TrackPointExtension>
        </extensions>
      </trkpt>
      <trkpt lat="43.84535931050777435302734375" lon="87.51002398319542407989501953125">
        <ele>827.4000244140625</ele>
        <time>2026-08-13T13:54:01.000Z</time>
        <extensions>
          <ns3:TrackPointExtension>
            <ns3:hr>135</ns3:hr>
            <ns3:cad>54</ns3:cad>
          </ns3:TrackPointExtension>
        </extensions>
      </trkpt>
      <trkpt lat="43.845322094857692718505859375" lon="87.51002825796604156494140625">
        <ele>827.79998779296875</ele>
        <time>2026-08-13T13:54:03.000Z</time>
        <extensions>
          <ns3:TrackPointExtension>
            <ns3:hr>134</ns3:hr>
            <ns3:cad>54</ns3:cad>
          </ns3:TrackPointExtension>
        </extensions>
      </trkpt>
      <trkpt lat="43.84522779844701290130615234375" lon="87.5100287608802318572998046875">
        <ele>828</ele>
        <time>2026-08-13T13:54:08.000Z</time>
        <extensions>
          <ns3:TrackPointExtension>
            <ns3:hr>135</ns3:hr>
            <ns3:cad>55</ns3:cad>
          </ns3:TrackPointExtension>
        </extensions>
      </trkpt>
      <trkpt lat="43.84508949704468250274658203125" lon="87.5100056268274784088134765625">
        <ele>828</ele>
        <time>2026-08-13T13:54:14.000Z</time>
        <extensions>
          <ns3:TrackPointExtension>
            <ns3:hr>134</ns3:hr>
            <ns3:cad>81</ns3:cad>
          </ns3:TrackPointExtension>
        </extensions>
      </trkpt>
      <trkpt lat="43.8450128026306629180908203125" lon="87.51000034622848033905029296875">
        <ele>828</ele>
        <time>2026-08-13T13:54:17.000Z</time>
        <extensions>
          <ns3:TrackPointExtension>
            <ns3:hr>137</ns3:hr>
            <ns3:cad>80</ns3:cad>
          </ns3:TrackPointExtension>
        </extensions>
      </trkpt>
      <trkpt lat="43.84497164748609066009521484375" lon="87.50999297015368938446044921875">
        <ele>828.20001220703125</ele>
        <time>2026-08-13T13:54:19.000Z</time>
        <extensions>
          <ns3:TrackPointExtension>
            <ns3:hr>140</ns3:hr>
            <ns3:cad>80</ns3:cad>
          </ns3:TrackPointExtension>
        </extensions>
      </trkpt>
      <trkpt lat="43.844951279461383819580078125" lon="87.50998928211629390716552734375">
        <ele>828.20001220703125</ele>
        <time>2026-08-13T13:54:20.000Z</time>
        <extensions>
          <ns3:TrackPointExtension>
            <ns3:hr>142</ns3:hr>
            <ns3:cad>80</ns3:cad>
          </ns3:TrackPointExtension>
        </extensions>
      </trkpt>
      <trkpt lat="43.844903670251369476318359375" lon="87.5099841691553592681884765625">
        <ele>828.4000244140625</ele>
        <time>2026-08-13T13:54:22.000Z</time>
        <extensions>
          <ns3:TrackPointExtension>
            <ns3:hr>146</ns3:hr>
            <ns3:cad>81</ns3:cad>
          </ns3:TrackPointExtension>
        </extensions>
      </trkpt>
      <trkpt lat="43.84481373243033885955810546875" lon="87.5099389068782329559326171875">
        <ele>828.79998779296875</ele>
        <time>2026-08-13T13:54:27.000Z</time>
        <extensions>
          <ns3:TrackPointExtension>
            <ns3:hr>149</ns3:hr>
            <ns3:cad>78</ns3:cad>
          </ns3:TrackPointExtension>
        </extensions>
      </trkpt>
      <trkpt lat="43.84475841186940670013427734375" lon="87.50994351692497730255126953125">
        <ele>829</ele>
        <time>2026-08-13T13:54:32.000Z</time>
        <extensions>
          <ns3:TrackPointExtension>
            <ns3:hr>152</ns3:hr>
            <ns3:cad>78</ns3:cad>
          </ns3:TrackPointExtension>
        </extensions>
      </trkpt>
      <trkpt lat="43.84474248625338077545166015625" lon="87.5099377334117889404296875">
        <ele>829</ele>
        <time>2026-08-13T13:54:34.000Z</time>
        <extensions>
          <ns3:TrackPointExtension>
            <ns3:hr>153</ns3:hr>
            <ns3:cad>55</ns3:cad>
          </ns3:TrackPointExtension>
        </extensions>
      </trkpt>
      <trkpt lat="43.84462798945605754852294921875" lon="87.5099181197583675384521484375">
        <ele>829.4000244140625</ele>
        <time>2026-08-13T13:54:42.000Z</time>
        <extensions>
          <ns3:TrackPointExtension>
            <ns3:hr>156</ns3:hr>
            <ns3:cad>54</ns3:cad>
          </ns3:TrackPointExtension>
        </extensions>
      </trkpt>
      <trkpt lat="43.8445880077779293060302734375" lon="87.50990529544651508331298828125">
        <ele>829.5999755859375</ele>
        <time>2026-08-13T13:54:45.000Z</time>
        <extensions>
          <ns3:TrackPointExtension>
            <ns3:hr>156</ns3:hr>
            <ns3:cad>54</ns3:cad>
          </ns3:TrackPointExtension>
        </extensions>
      </trkpt>
      <trkpt lat="43.84455305524170398712158203125" lon="87.5099057145416736602783203125">
        <ele>829.5999755859375</ele>
        <time>2026-08-13T13:54:48.000Z</time>
        <extensions>
          <ns3:TrackPointExtension>
            <ns3:hr>154</ns3:hr>
            <ns3:cad>54</ns3:cad>
          </ns3:TrackPointExtension>
        </extensions>
      </trkpt>
      <trkpt lat="43.84451013989746570587158203125" lon="87.5099077261984348297119140625">
        <ele>829.5999755859375</ele>
        <time>2026-08-13T13:54:52.000Z</time>
        <extensions>
          <ns3:TrackPointExtension>
            <ns3:hr>152</ns3:hr>
            <ns3:cad>53</ns3:cad>
          </ns3:TrackPointExtension>
        </extensions>
      </trkpt>
      <trkpt lat="43.84446789510548114776611328125" lon="87.50990060158073902130126953125">
        <ele>829.5999755859375</ele>
        <time>2026-08-13T13:54:56.000Z</time>
        <extensions>
          <ns3:TrackPointExtension>
            <ns3:hr>149</ns3:hr>
            <ns3:cad>54</ns3:cad>
          </ns3:TrackPointExtension>
        </extensions>
      </trkpt>
      <trkpt lat="43.8444163464009761810302734375" lon="87.50990177504718303680419921875">
        <ele>829.4000244140625</ele>
        <time>2026-08-13T13:54:59.000Z</time>
        <extensions>
          <ns3:TrackPointExtension>
            <ns3:hr>146</ns3:hr>
            <ns3:cad>54</ns3:cad>
          </ns3:TrackPointExtension>
        </extensions>
      </trkpt>
      <trkpt lat="43.84437183849513530731201171875" lon="87.5099016912281513214111328125">
        <ele>829.20001220703125</ele>
        <time>2026-08-13T13:55:02.000Z</time>
        <extensions>
          <ns3:TrackPointExtension>
            <ns3:hr>142</ns3:hr>
            <ns3:cad>53</ns3:cad>
          </ns3:TrackPointExtension>
        </extensions>
      </trkpt>
      <trkpt lat="43.8443447649478912353515625" lon="87.5099050439894199371337890625">
        <ele>829.20001220703125</ele>
        <time>2026-08-13T13:55:04.000Z</time>
        <extensions>
          <ns3:TrackPointExtension>
            <ns3:hr>141</ns3:hr>
            <ns3:cad>53</ns3:cad>
          </ns3:TrackPointExtension>
        </extensions>
      </trkpt>
      <trkpt lat="43.84430662728846073150634765625" lon="87.5099040381610393524169921875">
        <ele>829</ele>
        <time>2026-08-13T13:55:10.000Z</time>
        <extensions>
          <ns3:TrackPointExtension>
            <ns3:hr>138</ns3:hr>
            <ns3:cad>0</ns3:cad>
          </ns3:TrackPointExtension>
        </extensions>
      </trkpt>
      <trkpt lat="43.8442708365619182586669921875" lon="87.5099254958331584930419921875">
        <ele>829.20001220703125</ele>
        <time>2026-08-13T13:55:13.000Z</time>
        <extensions>
          <ns3:TrackPointExtension>
            <ns3:hr>136</ns3:hr>
            <ns3:cad>0</ns3:cad>
          </ns3:TrackPointExtension>
        </extensions>
      </trkpt>
      <trkpt lat="43.84424292482435703277587890625" lon="87.50994653441011905670166015625">
        <ele>829.4000244140625</ele>
        <time>2026-08-13T13:55:16.000Z</time>
        <extensions>
          <ns3:TrackPointExtension>
            <ns3:hr>133</ns3:hr>
            <ns3:cad>0</ns3:cad>
          </ns3:TrackPointExtension>
        </extensions>
      </trkpt>
      <trkpt lat="43.84423705749213695526123046875" lon="87.5099550001323223114013671875">
        <ele>829.4000244140625</ele>
        <time>2026-08-13T13:55:17.000Z</time>
        <extensions>
          <ns3:TrackPointExtension>
            <ns3:hr>133</ns3:hr>
            <ns3:cad>0</ns3:cad>
          </ns3:TrackPointExtension>
        </extensions>
      </trkpt>
      <trkpt lat="43.8442235626280307769775390625" lon="87.50995525158941745758056640625">
        <ele>829.4000244140625</ele>
        <time>2026-08-13T13:55:21.000Z</time>
        <extensions>
          <ns3:TrackPointExtension>
            <ns3:hr>132</ns3:hr>
            <ns3:cad>0</ns3:cad>
          </ns3:TrackPointExtension>
        </extensions>
      </trkpt>
      <trkpt lat="43.8462637178599834442138671875" lon="87.51069285906851291656494140625">
        <ele>827.4000244140625</ele>
        <time>2026-08-13T13:57:45.000Z</time>
        <extensions>
          <ns3:TrackPointExtension>
            <ns3:hr>150</ns3:hr>
            <ns3:cad>56</ns3:cad>
          </ns3:TrackPointExtension>
        </extensions>
      </trkpt>
      <trkpt lat="43.8462761230766773223876953125" lon="87.5106869079172611236572265625">
        <ele>827.4000244140625</ele>
        <time>2026-08-13T13:57:46.000Z</time>
        <extensions>
          <ns3:TrackPointExtension>
            <ns3:hr>150</ns3:hr>
            <ns3:cad>54</ns3:cad>
          </ns3:TrackPointExtension>
        </extensions>
      </trkpt>
      <trkpt lat="43.846366144716739654541015625" lon="87.51071155071258544921875">
        <ele>828</ele>
        <time>2026-08-13T13:57:51.000Z</time>
        <extensions>
          <ns3:TrackPointExtension>
            <ns3:hr>147</ns3:hr>
            <ns3:cad>112</ns3:cad>
          </ns3:TrackPointExtension>
        </extensions>
      </trkpt>
      <trkpt lat="43.84644887410104274749755859375" lon="87.5107328407466411590576171875">
        <ele>828</ele>
        <time>2026-08-13T13:57:57.000Z</time>
        <extensions>
          <ns3:TrackPointExtension>
            <ns3:hr>145</ns3:hr>
            <ns3:cad>54</ns3:cad>
          </ns3:TrackPointExtension>
        </extensions>
      </trkpt>
      <trkpt lat="43.84650117717683315277099609375" lon="87.5107382051646709442138671875">
        <ele>827.5999755859375</ele>
        <time>2026-08-13T13:58:00.000Z</time>
        <extensions>
          <ns3:TrackPointExtension>
            <ns3:hr>144</ns3:hr>
            <ns3:cad>0</ns3:cad>
          </ns3:TrackPointExtension>
        </extensions>
      </trkpt>
      <trkpt lat="43.846677951514720916748046875" lon="87.51079528592526912689208984375">
        <ele>827.5999755859375</ele>
        <time>2026-08-13T13:58:06.000Z</time>
        <extensions>
          <ns3:TrackPointExtension>
            <ns3:hr>144</ns3:hr>
            <ns3:cad>82</ns3:cad>
          </ns3:TrackPointExtension>
        </extensions>
      </trkpt>
      <trkpt lat="43.846826143562793731689453125" lon="87.5108468346297740936279296875">
        <ele>827.4000244140625</ele>
        <time>2026-08-13T13:58:11.000Z</time>
        <extensions>
          <ns3:TrackPointExtension>
            <ns3:hr>147</ns3:hr>
            <ns3:cad>82</ns3:cad>
          </ns3:TrackPointExtension>
        </extensions>
      </trkpt>
      <trkpt lat="43.84685254655778408050537109375" lon="87.5108558870851993560791015625">
        <ele>827.20001220703125</ele>
        <time>2026-08-13T13:58:12.000Z</time>
        <extensions>
          <ns3:TrackPointExtension>
            <ns3:hr>147</ns3:hr>
            <ns3:cad>82</ns3:cad>
          </ns3:TrackPointExtension>
        </extensions>
      </trkpt>
      <trkpt lat="43.8469205237925052642822265625" lon="87.5108872354030609130859375">
        <ele>827.20001220703125</ele>
        <time>2026-08-13T13:58:16.000Z</time>
        <extensions>
          <ns3:TrackPointExtension>
            <ns3:hr>150</ns3:hr>
            <ns3:cad>82</ns3:cad>
          </ns3:TrackPointExtension>
        </extensions>
      </trkpt>
      <trkpt lat="43.84706192649900913238525390625" lon="87.51091632060706615447998046875">
        <ele>826.20001220703125</ele>
        <time>2026-08-13T13:58:22.000Z</time>
        <extensions>
          <ns3:TrackPointExtension>
            <ns3:hr>150</ns3:hr>
            <ns3:cad>82</ns3:cad>
          </ns3:TrackPointExtension>
        </extensions>
      </trkpt>
      <trkpt lat="43.8470985554158687591552734375" lon="87.51092386431992053985595703125">
        <ele>825.79998779296875</ele>
        <time>2026-08-13T13:58:24.000Z</time>
        <extensions>
          <ns3:TrackPointExtension>
            <ns3:hr>149</ns3:hr>
            <ns3:cad>82</ns3:cad>
          </ns3:TrackPointExtension>
        </extensions>
      </trkpt>
      <trkpt lat="43.8471181690692901611328125" lon="87.5109340064227581024169921875">
        <ele>825.5999755859375</ele>
        <time>2026-08-13T13:58:26.000Z</time>
        <extensions>
          <ns3:TrackPointExtension>
            <ns3:hr>148</ns3:hr>
            <ns3:cad>82</ns3:cad>
          </ns3:TrackPointExtension>
        </extensions>
      </trkpt>
      <trkpt lat="43.84712831117212772369384765625" lon="87.51093752682209014892578125">
        <ele>825.5999755859375</ele>
        <time>2026-08-13T13:58:27.000Z</time>
        <extensions>
          <ns3:TrackPointExtension>
            <ns3:hr>148</ns3:hr>
            <ns3:cad>82</ns3:cad>
          </ns3:TrackPointExtension>
        </extensions>
      </trkpt>
      <trkpt lat="43.8471476733684539794921875" lon="87.510951273143291473388671875">
        <ele>825.4000244140625</ele>
        <time>2026-08-13T13:58:29.000Z</time>
        <extensions>
          <ns3:TrackPointExtension>
            <ns3:hr>147</ns3:hr>
            <ns3:cad>57</ns3:cad>
          </ns3:TrackPointExtension>
        </extensions>
      </trkpt>
      <trkpt lat="43.84723342023789882659912109375" lon="87.51093140803277492523193359375">
        <ele>824.4000244140625</ele>
        <time>2026-08-13T13:58:33.000Z</time>
        <extensions>
          <ns3:TrackPointExtension>
            <ns3:hr>148</ns3:hr>
            <ns3:cad>56</ns3:cad>
          </ns3:TrackPointExtension>
        </extensions>
      </trkpt>
      <trkpt lat="43.84739133529365062713623046875" lon="87.5109086930751800537109375">
        <ele>823</ele>
        <time>2026-08-13T13:58:38.000Z</time>
        <extensions>
          <ns3:TrackPointExtension>
            <ns3:hr>147</ns3:hr>
            <ns3:cad>81</ns3:cad>
          </ns3:TrackPointExtension>
        </extensions>
      </trkpt>
      <trkpt lat="43.84759015403687953948974609375" lon="87.51094766892492771148681640625">
        <ele>822</ele>
        <time>2026-08-13T13:58:45.000Z</time>
        <extensions>
          <ns3:TrackPointExtension>
            <ns3:hr>149</ns3:hr>
            <ns3:cad>82</ns3:cad>
          </ns3:TrackPointExtension>
        </extensions>
      </trkpt>
      <trkpt lat="43.847652263939380645751953125" lon="87.510965354740619659423828125">
        <ele>821.5999755859375</ele>
        <time>2026-08-13T13:58:47.000Z</time>
        <extensions>
          <ns3:TrackPointExtension>
            <ns3:hr>148</ns3:hr>
            <ns3:cad>81</ns3:cad>
          </ns3:TrackPointExtension>
        </extensions>
      </trkpt>
      <trkpt lat="43.8477967679500579833984375" lon="87.5110034085810184478759765625">
        <ele>820.79998779296875</ele>
        <time>2026-08-13T13:58:54.000Z</time>
        <extensions>
          <ns3:TrackPointExtension>
            <ns3:hr>150</ns3:hr>
            <ns3:cad>66</ns3:cad>
          </ns3:TrackPointExtension>
        </extensions>
      </trkpt>
      <trkpt lat="43.84787111543118953704833984375" lon="87.51105546019971370697021484375">
        <ele>821.20001220703125</ele>
        <time>2026-08-13T13:59:02.000Z</time>
        <extensions>
          <ns3:TrackPointExtension>
            <ns3:hr>148</ns3:hr>
            <ns3:cad>49</ns3:cad>
          </ns3:TrackPointExtension>
        </extensions>
      </trkpt>
      <trkpt lat="43.847877569496631622314453125" lon="87.51106099225580692291259765625">
        <ele>821.20001220703125</ele>
        <time>2026-08-13T13:59:03.000Z</time>
        <extensions>
          <ns3:TrackPointExtension>
            <ns3:hr>148</ns3:hr>
            <ns3:cad>49</ns3:cad>
          </ns3:TrackPointExtension>
        </extensions>
      </trkpt>
      <trkpt lat="43.84788192808628082275390625" lon="87.511074654757976531982421875">
        <ele>821.4000244140625</ele>
        <time>2026-08-13T14:00:02.000Z</time>
        <extensions>
          <ns3:TrackPointExtension>
            <ns3:hr>111</ns3:hr>
            <ns3:cad>0</ns3:cad>
          </ns3:TrackPointExtension>
        </extensions>
      </trkpt>
      <trkpt lat="43.84788192808628082275390625" lon="87.511074654757976531982421875">
        <ele>821.4000244140625</ele>
        <time>2026-08-13T14:00:03.000Z</time>
        <extensions>
          <ns3:TrackPointExtension>
            <ns3:hr>111</ns3:hr>
            <ns3:cad>0</ns3:cad>
          </ns3:TrackPointExtension>
        </extensions>
      </trkpt>
      <trkpt lat="43.84791000746190547943115234375" lon="87.511084042489528656005859375">
        <ele>821.4000244140625</ele>
        <time>2026-08-13T14:00:05.000Z</time>
        <extensions>
          <ns3:TrackPointExtension>
            <ns3:hr>110</ns3:hr>
            <ns3:cad>0</ns3:cad>
          </ns3:TrackPointExtension>
        </extensions>
      </trkpt>
      <trkpt lat="43.84808066301047801971435546875" lon="87.511104829609394073486328125">
        <ele>821</ele>
        <time>2026-08-13T14:00:10.000Z</time>
        <extensions>
          <ns3:TrackPointExtension>
            <ns3:hr>110</ns3:hr>
            <ns3:cad>82</ns3:cad>
          </ns3:TrackPointExtension>
        </extensions>
      </trkpt>
      <trkpt lat="43.84819482453167438507080078125" lon="87.51111782155930995941162109375">
        <ele>820.79998779296875</ele>
        <time>2026-08-13T14:00:13.000Z</time>
        <extensions>
          <ns3:TrackPointExtension>
            <ns3:hr>113</ns3:hr>
            <ns3:cad>83</ns3:cad>
          </ns3:TrackPointExtension>
        </extensions>
      </trkpt>
      <trkpt lat="43.8482607901096343994140625" lon="87.5111247785389423370361328125">
        <ele>820.5999755859375</ele>
        <time>2026-08-13T14:00:15.000Z</time>
        <extensions>
          <ns3:TrackPointExtension>
            <ns3:hr>116</ns3:hr>
            <ns3:cad>82</ns3:cad>
          </ns3:TrackPointExtension>
        </extensions>
      </trkpt>
      <trkpt lat="43.848326168954372406005859375" lon="87.5111288018524646759033203125">
        <ele>820.5999755859375</ele>
        <time>2026-08-13T14:00:17.000Z</time>
        <extensions>
          <ns3:TrackPointExtension>
            <ns3:hr>118</ns3:hr>
            <ns3:cad>82</ns3:cad>
          </ns3:TrackPointExtension>
        </extensions>
      </trkpt>
      <trkpt lat="43.84837989695370197296142578125" lon="87.51112787984311580657958984375">
        <ele>820.79998779296875</ele>
        <time>2026-08-13T14:00:19.000Z</time>
        <extensions>
          <ns3:TrackPointExtension>
            <ns3:hr>121</ns3:hr>
            <ns3:cad>82</ns3:cad>
          </ns3:TrackPointExtension>
        </extensions>
      </trkpt>
      <trkpt lat="43.84840554557740688323974609375" lon="87.51112637110054492950439453125">
        <ele>820.79998779296875</ele>
        <time>2026-08-13T14:00:21.000Z</time>
        <extensions>
          <ns3:TrackPointExtension>
            <ns3:hr>126</ns3:hr>
            <ns3:cad>83</ns3:cad>
          </ns3:TrackPointExtension>
        </extensions>
      </trkpt>
      <trkpt lat="43.8484118320047855377197265625" lon="87.51112067140638828277587890625">
        <ele>820.79998779296875</ele>
        <time>2026-08-13T14:00:22.000Z</time>
        <extensions>
          <ns3:TrackPointExtension>
            <ns3:hr>123</ns3:hr>
            <ns3:cad>83</ns3:cad>
          </ns3:TrackPointExtension>
        </extensions>
      </trkpt>
      <trkpt lat="43.84841895662248134613037109375" lon="87.51109317876398563385009765625">
        <ele>820.5999755859375</ele>
        <time>2026-08-13T14:00:24.000Z</time>
        <extensions>
          <ns3:TrackPointExtension>
            <ns3:hr>124</ns3:hr>
            <ns3:cad>55</ns3:cad>
          </ns3:TrackPointExtension>
        </extensions>
      </trkpt>
      <trkpt lat="43.848448880016803741455078125" lon="87.5110453180968761444091796875">
        <ele>820.4000244140625</ele>
        <time>2026-08-13T14:00:28.000Z</time>
        <extensions>
          <ns3:TrackPointExtension>
            <ns3:hr>121</ns3:hr>
            <ns3:cad>54</ns3:cad>
          </ns3:TrackPointExtension>
        </extensions>
      </trkpt>
      <trkpt lat="43.84847201406955718994140625" lon="87.51102914102375507354736328125">
        <ele>820.4000244140625</ele>
        <time>2026-08-13T14:00:30.000Z</time>
        <extensions>
          <ns3:TrackPointExtension>
            <ns3:hr>120</ns3:hr>
            <ns3:cad>56</ns3:cad>
          </ns3:TrackPointExtension>
        </extensions>
      </trkpt>
      <trkpt lat="43.84859740734100341796875" lon="87.51101606525480747222900390625">
        <ele>820.4000244140625</ele>
        <time>2026-08-13T14:00:38.000Z</time>
        <extensions>
          <ns3:TrackPointExtension>
            <ns3:hr>118</ns3:hr>
            <ns3:cad>56</ns3:cad>
          </ns3:TrackPointExtension>
        </extensions>
      </trkpt>
      <trkpt lat="43.84875322692096233367919921875" lon="87.51100449822843074798583984375">
        <ele>819.79998779296875</ele>
        <time>2026-08-13T14:00:44.000Z</time>
        <extensions>
          <ns3:TrackPointExtension>
            <ns3:hr>117</ns3:hr>
            <ns3:cad>80</ns3:cad>
          </ns3:TrackPointExtension>
        </extensions>
      </trkpt>
      <trkpt lat="43.8488061167299747467041015625" lon="87.51100114546716213226318359375">
        <ele>819.5999755859375</ele>
        <time>2026-08-13T14:00:46.000Z</time>
        <extensions>
          <ns3:TrackPointExtension>
            <ns3:hr>120</ns3:hr>
            <ns3:cad>81</ns3:cad>
          </ns3:TrackPointExtension>
        </extensions>
      </trkpt>
      <trkpt lat="43.8488584198057651519775390625" lon="87.51099712215363979339599609375">
        <ele>819.4000244140625</ele>
        <time>2026-08-13T14:00:48.000Z</time>
        <extensions>
          <ns3:TrackPointExtension>
            <ns3:hr>124</ns3:hr>
            <ns3:cad>82</ns3:cad>
          </ns3:TrackPointExtension>
        </extensions>
      </trkpt>
      <trkpt lat="43.84892790578305721282958984375" lon="87.51099108718335628509521484375">
        <ele>819</ele>
        <time>2026-08-13T14:00:51.000Z</time>
        <extensions>
          <ns3:TrackPointExtension>
            <ns3:hr>128</ns3:hr>
            <ns3:cad>81</ns3:cad>
          </ns3:TrackPointExtension>
        </extensions>
      </trkpt>
      <trkpt lat="43.848955146968364715576171875" lon="87.5109956972301006317138671875">
        <ele>818.79998779296875</ele>
        <time>2026-08-13T14:00:52.000Z</time>
        <extensions>
          <ns3:TrackPointExtension>
            <ns3:hr>129</ns3:hr>
            <ns3:cad>81</ns3:cad>
          </ns3:TrackPointExtension>
        </extensions>
      </trkpt>
      <trkpt lat="43.84900770150125026702880859375" lon="87.51101195812225341796875">
        <ele>818.5999755859375</ele>
        <time>2026-08-13T14:00:54.000Z</time>
        <extensions>
          <ns3:TrackPointExtension>
            <ns3:hr>132</ns3:hr>
            <ns3:cad>81</ns3:cad>
          </ns3:TrackPointExtension>
        </extensions>
      </trkpt>
      <trkpt lat="43.849071823060512542724609375" lon="87.51101623289287090301513671875">
        <ele>818</ele>
        <time>2026-08-13T14:00:56.000Z</time>
        <extensions>
          <ns3:TrackPointExtension>
            <ns3:hr>134</ns3:hr>
            <ns3:cad>81</ns3:cad>
          </ns3:TrackPointExtension>
        </extensions>
      </trkpt>
      <trkpt lat="43.84912990964949131011962890625" lon="87.51102461479604244232177734375">
        <ele>817.5999755859375</ele>
        <time>2026-08-13T14:00:58.000Z</time>
        <extensions>
          <ns3:TrackPointExtension>
            <ns3:hr>137</ns3:hr>
            <ns3:cad>81</ns3:cad>
          </ns3:TrackPointExtension>
        </extensions>
      </trkpt>
      <trkpt lat="43.84918573312461376190185546875" lon="87.5110352598130702972412109375">
        <ele>817.20001220703125</ele>
        <time>2026-08-13T14:01:00.000Z</time>
        <extensions>
          <ns3:TrackPointExtension>
            <ns3:hr>140</ns3:hr>
            <ns3:cad>81</ns3:cad>
          </ns3:TrackPointExtension>
        </extensions>
      </trkpt>
      <trkpt lat="43.84920283220708370208740234375" lon="87.51104087568819522857666015625">
        <ele>817.20001220703125</ele>
        <time>2026-08-13T14:01:01.000Z</time>
        <extensions>
          <ns3:TrackPointExtension>
            <ns3:hr>141</ns3:hr>
            <ns3:cad>81</ns3:cad>
          </ns3:TrackPointExtension>
        </extensions>
      </trkpt>
      <trkpt lat="43.84924457408487796783447265625" lon="87.5110248662531375885009765625">
        <ele>816.79998779296875</ele>
        <time>2026-08-13T14:01:06.000Z</time>
        <extensions>
          <ns3:TrackPointExtension>
            <ns3:hr>143</ns3:hr>
            <ns3:cad>56</ns3:cad>
          </ns3:TrackPointExtension>
        </extensions>
      </trkpt>
      <trkpt lat="43.8492506928741931915283203125" lon="87.5110181607306003570556640625">
        <ele>816.5999755859375</ele>
        <time>2026-08-13T14:01:07.000Z</time>
        <extensions>
          <ns3:TrackPointExtension>
            <ns3:hr>143</ns3:hr>
            <ns3:cad>56</ns3:cad>
          </ns3:TrackPointExtension>
        </extensions>
      </trkpt>
      <trkpt lat="43.8492590747773647308349609375" lon="87.51100919209420680999755859375">
        <ele>816.4000244140625</ele>
        <time>2026-08-13T14:01:09.000Z</time>
        <extensions>
          <ns3:TrackPointExtension>
            <ns3:hr>143</ns3:hr>
            <ns3:cad>55</ns3:cad>
          </ns3:TrackPointExtension>
        </extensions>
      </trkpt>
      <trkpt lat="43.84928740561008453369140625" lon="87.511017657816410064697265625">
        <ele>816.4000244140625</ele>
        <time>2026-08-13T14:01:12.000Z</time>
        <extensions>
          <ns3:TrackPointExtension>
            <ns3:hr>142</ns3:hr>
            <ns3:cad>55</ns3:cad>
          </ns3:TrackPointExtension>
        </extensions>
      </trkpt>
      <trkpt lat="43.84940383024513721466064453125" lon="87.51102277077734470367431640625">
        <ele>816.4000244140625</ele>
        <time>2026-08-13T14:01:19.000Z</time>
        <extensions>
          <ns3:TrackPointExtension>
            <ns3:hr>140</ns3:hr>
            <ns3:cad>0</ns3:cad>
          </ns3:TrackPointExtension>
        </extensions>
      </trkpt>
      <trkpt lat="43.8496040739119052886962890625" lon="87.511051185429096221923828125">
        <ele>816.20001220703125</ele>
        <time>2026-08-13T14:01:26.000Z</time>
        <extensions>
          <ns3:TrackPointExtension>
            <ns3:hr>140</ns3:hr>
            <ns3:cad>81</ns3:cad>
          </ns3:TrackPointExtension>
        </extensions>
      </trkpt>
      <trkpt lat="43.84979375638067722320556640625" lon="87.51106015406548976898193359375">
        <ele>815.5999755859375</ele>
        <time>2026-08-13T14:01:32.000Z</time>
        <extensions>
          <ns3:TrackPointExtension>
            <ns3:hr>141</ns3:hr>
            <ns3:cad>81</ns3:cad>
          </ns3:TrackPointExtension>
        </extensions>
      </trkpt>
      <trkpt lat="43.84986852295696735382080078125" lon="87.5110674463212490081787109375">
        <ele>815</ele>
        <time>2026-08-13T14:01:35.000Z</time>
        <extensions>
          <ns3:TrackPointExtension>
            <ns3:hr>141</ns3:hr>
            <ns3:cad>81</ns3:cad>
          </ns3:TrackPointExtension>
        </extensions>
      </trkpt>
      <trkpt lat="43.84994932450354099273681640625" lon="87.5110937654972076416015625">
        <ele>814.20001220703125</ele>
        <time>2026-08-13T14:01:41.000Z</time>
        <extensions>
          <ns3:TrackPointExtension>
            <ns3:hr>141</ns3:hr>
            <ns3:cad>63</ns3:cad>
          </ns3:TrackPointExtension>
        </extensions>
      </trkpt>
      <trkpt lat="43.8500295393168926239013671875" lon="87.51108747906982898712158203125">
        <ele>814</ele>
        <time>2026-08-13T14:01:48.000Z</time>
        <extensions>
          <ns3:TrackPointExtension>
            <ns3:hr>139</ns3:hr>
            <ns3:cad>56</ns3:cad>
          </ns3:TrackPointExtension>
        </extensions>
      </trkpt>
      <trkpt lat="43.85018468834459781646728515625" lon="87.511089742183685302734375">
        <ele>814</ele>
        <time>2026-08-13T14:01:58.000Z</time>
        <extensions>
          <ns3:TrackPointExtension>
            <ns3:hr>140</ns3:hr>
            <ns3:cad>57</ns3:cad>
          </ns3:TrackPointExtension>
        </extensions>
      </trkpt>
      <trkpt lat="43.85030387900769710540771484375" lon="87.51109468750655651092529296875">
        <ele>813.4000244140625</ele>
        <time>2026-08-13T14:02:03.000Z</time>
        <extensions>
          <ns3:TrackPointExtension>
            <ns3:hr>137</ns3:hr>
            <ns3:cad>81</ns3:cad>
          </ns3:TrackPointExtension>
        </extensions>
      </trkpt>
      <trkpt lat="43.85049574077129364013671875" lon="87.51110373996198177337646484375">
        <ele>812.79998779296875</ele>
        <time>2026-08-13T14:02:10.000Z</time>
        <extensions>
          <ns3:TrackPointExtension>
            <ns3:hr>137</ns3:hr>
            <ns3:cad>82</ns3:cad>
          </ns3:TrackPointExtension>
        </extensions>
      </trkpt>
      <trkpt lat="43.85054804384708404541015625" lon="87.51110876910388469696044921875">
        <ele>812.79998779296875</ele>
        <time>2026-08-13T14:02:12.000Z</time>
        <extensions>
          <ns3:TrackPointExtension>
            <ns3:hr>137</ns3:hr>
            <ns3:cad>82</ns3:cad>
          </ns3:TrackPointExtension>
        </extensions>
      </trkpt>
      <trkpt lat="43.850708305835723876953125" lon="87.51112528145313262939453125">
        <ele>812</ele>
        <time>2026-08-13T14:02:18.000Z</time>
        <extensions>
          <ns3:TrackPointExtension>
            <ns3:hr>140</ns3:hr>
            <ns3:cad>81</ns3:cad>
          </ns3:TrackPointExtension>
        </extensions>
      </trkpt>
      <trkpt lat="43.850773684680461883544921875" lon="87.51113810576498508453369140625">
        <ele>811.5999755859375</ele>
        <time>2026-08-13T14:02:21.000Z</time>
        <extensions>
          <ns3:TrackPointExtension>
            <ns3:hr>142</ns3:hr>
            <ns3:cad>81</ns3:cad>
          </ns3:TrackPointExtension>
        </extensions>
      </trkpt>
      <trkpt lat="43.85086429305374622344970703125" lon="87.51114481128752231597900390625">
        <ele>811</ele>
        <time>2026-08-13T14:02:29.000Z</time>
        <extensions>
          <ns3:TrackPointExtension>
            <ns3:hr>144</ns3:hr>
            <ns3:cad>56</ns3:cad>
          </ns3:TrackPointExtension>
        </extensions>
      </trkpt>
      <trkpt lat="43.85100058279931545257568359375" lon="87.51115939579904079437255859375">
        <ele>810</ele>
        <time>2026-08-13T14:02:38.000Z</time>
        <extensions>
          <ns3:TrackPointExtension>
            <ns3:hr>144</ns3:hr>
            <ns3:cad>56</ns3:cad>
          </ns3:TrackPointExtension>
        </extensions>
      </trkpt>
      <trkpt lat="43.85118934325873851776123046875" lon="87.5111596472561359405517578125">
        <ele>808.79998779296875</ele>
        <time>2026-08-13T14:02:45.000Z</time>
        <extensions>
          <ns3:TrackPointExtension>
            <ns3:hr>143</ns3:hr>
            <ns3:cad>81</ns3:cad>
          </ns3:TrackPointExtension>
        </extensions>
      </trkpt>
      <trkpt lat="43.85122102685272693634033203125" lon="87.51116626895964145660400390625">
        <ele>808.5999755859375</ele>
        <time>2026-08-13T14:02:46.000Z</time>
        <extensions>
          <ns3:TrackPointExtension>
            <ns3:hr>142</ns3:hr>
            <ns3:cad>81</ns3:cad>
          </ns3:TrackPointExtension>
        </extensions>
      </trkpt>
      <trkpt lat="43.85140324942767620086669921875" lon="87.51118236221373081207275390625">
        <ele>808</ele>
        <time>2026-08-13T14:02:52.000Z</time>
        <extensions>
          <ns3:TrackPointExtension>
            <ns3:hr>142</ns3:hr>
            <ns3:cad>82</ns3:cad>
          </ns3:TrackPointExtension>
        </extensions>
      </trkpt>
      <trkpt lat="43.8514806143939495086669921875" lon="87.51119367778301239013671875">
        <ele>807.5999755859375</ele>
        <time>2026-08-13T14:02:55.000Z</time>
        <extensions>
          <ns3:TrackPointExtension>
            <ns3:hr>142</ns3:hr>
            <ns3:cad>82</ns3:cad>
          </ns3:TrackPointExtension>
        </extensions>
      </trkpt>
      <trkpt lat="43.85157424025237560272216796875" lon="87.5111891515552997589111328125">
        <ele>807</ele>
        <time>2026-08-13T14:02:58.000Z</time>
        <extensions>
          <ns3:TrackPointExtension>
            <ns3:hr>145</ns3:hr>
            <ns3:cad>82</ns3:cad>
          </ns3:TrackPointExtension>
        </extensions>
      </trkpt>
      <trkpt lat="43.851696364581584930419921875" lon="87.5111911632120609283447265625">
        <ele>806</ele>
        <time>2026-08-13T14:03:03.000Z</time>
        <extensions>
          <ns3:TrackPointExtension>
            <ns3:hr>148</ns3:hr>
            <ns3:cad>81</ns3:cad>
          </ns3:TrackPointExtension>
        </extensions>
      </trkpt>
      <trkpt lat="43.85172058828175067901611328125" lon="87.51120331697165966033935546875">
        <ele>805.79998779296875</ele>
        <time>2026-08-13T14:03:05.000Z</time>
        <extensions>
          <ns3:TrackPointExtension>
            <ns3:hr>150</ns3:hr>
            <ns3:cad>80</ns3:cad>
          </ns3:TrackPointExtension>
        </extensions>
      </trkpt>
      <trkpt lat="43.85178412310779094696044921875" lon="87.5111968629062175750732421875">
        <ele>805</ele>
        <time>2026-08-13T14:03:11.000Z</time>
        <extensions>
          <ns3:TrackPointExtension>
            <ns3:hr>153</ns3:hr>
            <ns3:cad>56</ns3:cad>
          </ns3:TrackPointExtension>
        </extensions>
      </trkpt>
      <trkpt lat="43.85179686360061168670654296875" lon="87.5111951865255832672119140625">
        <ele>805</ele>
        <time>2026-08-13T14:03:12.000Z</time>
        <extensions>
          <ns3:TrackPointExtension>
            <ns3:hr>153</ns3:hr>
            <ns3:cad>56</ns3:cad>
          </ns3:TrackPointExtension>
        </extensions>
      </trkpt>
      <trkpt lat="43.8519339077174663543701171875" lon="87.51120281405746936798095703125">
        <ele>803.5999755859375</ele>
        <time>2026-08-13T14:03:22.000Z</time>
        <extensions>
          <ns3:TrackPointExtension>
            <ns3:hr>150</ns3:hr>
            <ns3:cad>57</ns3:cad>
          </ns3:TrackPointExtension>
        </extensions>
      </trkpt>
      <trkpt lat="43.85194673202931880950927734375" lon="87.51120532862842082977294921875">
        <ele>803.4000244140625</ele>
        <time>2026-08-13T14:03:23.000Z</time>
        <extensions>
          <ns3:TrackPointExtension>
            <ns3:hr>149</ns3:hr>
            <ns3:cad>57</ns3:cad>
          </ns3:TrackPointExtension>
        </extensions>
      </trkpt>
      <trkpt lat="43.8519734703004360198974609375" lon="87.5112230144441127777099609375">
        <ele>803.20001220703125</ele>
        <time>2026-08-13T14:03:25.000Z</time>
        <extensions>
          <ns3:TrackPointExtension>
            <ns3:hr>146</ns3:hr>
            <ns3:cad>57</ns3:cad>
          </ns3:TrackPointExtension>
        </extensions>
      </trkpt>
      <trkpt lat="43.85203205980360507965087890625" lon="87.51121656037867069244384765625">
        <ele>802.79998779296875</ele>
        <time>2026-08-13T14:03:30.000Z</time>
        <extensions>
          <ns3:TrackPointExtension>
            <ns3:hr>146</ns3:hr>
            <ns3:cad>56</ns3:cad>
          </ns3:TrackPointExtension>
        </extensions>
      </trkpt>
      <trkpt lat="43.85205972008407115936279296875" lon="87.51121136359870433807373046875">
        <ele>802.5999755859375</ele>
        <time>2026-08-13T14:03:32.000Z</time>
        <extensions>
          <ns3:TrackPointExtension>
            <ns3:hr>143</ns3:hr>
            <ns3:cad>56</ns3:cad>
          </ns3:TrackPointExtension>
        </extensions>
      </trkpt>
      <trkpt lat="43.85212627239525318145751953125" lon="87.5112166441977024078369140625">
        <ele>802.4000244140625</ele>
        <time>2026-08-13T14:03:36.000Z</time>
        <extensions>
          <ns3:TrackPointExtension>
            <ns3:hr>140</ns3:hr>
            <ns3:cad>0</ns3:cad>
          </ns3:TrackPointExtension>
        </extensions>
      </trkpt>
      <trkpt lat="43.85219785384833812713623046875" lon="87.5112196616828441619873046875">
        <ele>802.20001220703125</ele>
        <time>2026-08-13T14:03:39.000Z</time>
        <extensions>
          <ns3:TrackPointExtension>
            <ns3:hr>139</ns3:hr>
            <ns3:cad>79</ns3:cad>
          </ns3:TrackPointExtension>
        </extensions>
      </trkpt>
      <trkpt lat="43.85236213915050029754638671875" lon="87.511222176253795623779296875">
        <ele>802</ele>
        <time>2026-08-13T14:03:45.000Z</time>
        <extensions>
          <ns3:TrackPointExtension>
            <ns3:hr>136</ns3:hr>
            <ns3:cad>81</ns3:cad>
          </ns3:TrackPointExtension>
        </extensions>
      </trkpt>
      <trkpt lat="43.8523875363171100616455078125" lon="87.51121706329286098480224609375">
        <ele>801.79998779296875</ele>
        <time>2026-08-13T14:03:46.000Z</time>
        <extensions>
          <ns3:TrackPointExtension>
            <ns3:hr>137</ns3:hr>
            <ns3:cad>81</ns3:cad>
          </ns3:TrackPointExtension>
        </extensions>
      </trkpt>
      <trkpt lat="43.85259280912578105926513671875" lon="87.51123701222240924835205078125">
        <ele>801</ele>
        <time>2026-08-13T14:03:53.000Z</time>
        <extensions>
          <ns3:TrackPointExtension>
            <ns3:hr>138</ns3:hr>
            <ns3:cad>82</ns3:cad>
          </ns3:TrackPointExtension>
        </extensions>
      </trkpt>
      <trkpt lat="43.85262935422360897064208984375" lon="87.51124438829720020294189453125">
        <ele>800.79998779296875</ele>
        <time>2026-08-13T14:03:54.000Z</time>
        <extensions>
          <ns3:TrackPointExtension>
            <ns3:hr>138</ns3:hr>
            <ns3:cad>81</ns3:cad>
          </ns3:TrackPointExtension>
        </extensions>
      </trkpt>
      <trkpt lat="43.8528106547892093658447265625" lon="87.51126333139836788177490234375">
        <ele>800.20001220703125</ele>
        <time>2026-08-13T14:04:00.000Z</time>
        <extensions>
          <ns3:TrackPointExtension>
            <ns3:hr>139</ns3:hr>
            <ns3:cad>82</ns3:cad>
          </ns3:TrackPointExtension>
        </extensions>
      </trkpt>
      <trkpt lat="43.85290210135281085968017578125" lon="87.511267103254795074462890625">
        <ele>799.5999755859375</ele>
        <time>2026-08-13T14:04:03.000Z</time>
        <extensions>
          <ns3:TrackPointExtension>
            <ns3:hr>142</ns3:hr>
            <ns3:cad>82</ns3:cad>
          </ns3:TrackPointExtension>
        </extensions>
      </trkpt>
      <trkpt lat="43.8529286719858646392822265625" lon="87.51126953400671482086181640625">
        <ele>799.4000244140625</ele>
        <time>2026-08-13T14:04:04.000Z</time>
        <extensions>
          <ns3:TrackPointExtension>
            <ns3:hr>143</ns3:hr>
            <ns3:cad>82</ns3:cad>
          </ns3:TrackPointExtension>
        </extensions>
      </trkpt>
      <trkpt lat="43.85300486348569393157958984375" lon="87.51127280294895172119140625">
        <ele>798.5999755859375</ele>
        <time>2026-08-13T14:04:09.000Z</time>
        <extensions>
          <ns3:TrackPointExtension>
            <ns3:hr>145</ns3:hr>
            <ns3:cad>82</ns3:cad>
          </ns3:TrackPointExtension>
        </extensions>
      </trkpt>
      <trkpt lat="43.85310142301023006439208984375" lon="87.5112842023372650146484375">
        <ele>797.5999755859375</ele>
        <time>2026-08-13T14:04:16.000Z</time>
        <extensions>
          <ns3:TrackPointExtension>
            <ns3:hr>146</ns3:hr>
            <ns3:cad>56</ns3:cad>
          </ns3:TrackPointExtension>
        </extensions>
      </trkpt>
      <trkpt lat="43.85319965891540050506591796875" lon="87.51129400916397571563720703125">
        <ele>797</ele>
        <time>2026-08-13T14:04:24.000Z</time>
        <extensions>
          <ns3:TrackPointExtension>
            <ns3:hr>148</ns3:hr>
            <ns3:cad>56</ns3:cad>
          </ns3:TrackPointExtension>
        </extensions>
      </trkpt>
      <trkpt lat="43.85321944020688533782958984375" lon="87.51130104996263980865478515625">
        <ele>797</ele>
        <time>2026-08-13T14:04:25.000Z</time>
        <extensions>
          <ns3:TrackPointExtension>
            <ns3:hr>148</ns3:hr>
            <ns3:cad>0</ns3:cad>
          </ns3:TrackPointExtension>
        </extensions>
      </trkpt>
      <trkpt lat="43.85329068638384342193603515625" lon="87.511301971971988677978515625">
        <ele>796.79998779296875</ele>
        <time>2026-08-13T14:04:28.000Z</time>
        <extensions>
          <ns3:TrackPointExtension>
            <ns3:hr>145</ns3:hr>
            <ns3:cad>80</ns3:cad>
          </ns3:TrackPointExtension>
        </extensions>
      </trkpt>
      <trkpt lat="43.85333695448935031890869140625" lon="87.51129199750721454620361328125">
        <ele>796.5999755859375</ele>
        <time>2026-08-13T14:04:30.000Z</time>
        <extensions>
          <ns3:TrackPointExtension>
            <ns3:hr>143</ns3:hr>
            <ns3:cad>81</ns3:cad>
          </ns3:TrackPointExtension>
        </extensions>
      </trkpt>
      <trkpt lat="43.853362016379833221435546875" lon="87.51128898002207279205322265625">
        <ele>796.4000244140625</ele>
        <time>2026-08-13T14:04:31.000Z</time>
        <extensions>
          <ns3:TrackPointExtension>
            <ns3:hr>142</ns3:hr>
            <ns3:cad>81</ns3:cad>
          </ns3:TrackPointExtension>
        </extensions>
      </trkpt>
      <trkpt lat="43.85350249707698822021484375" lon="87.51130096614360809326171875">
        <ele>796</ele>
        <time>2026-08-13T14:04:36.000Z</time>
        <extensions>
          <ns3:TrackPointExtension>
            <ns3:hr>139</ns3:hr>
            <ns3:cad>81</ns3:cad>
          </ns3:TrackPointExtension>
        </extensions>
      </trkpt>
      <trkpt lat="43.8535197637975215911865234375" lon="87.5113101862370967864990234375">
        <ele>796</ele>
        <time>2026-08-13T14:04:37.000Z</time>
        <extensions>
          <ns3:TrackPointExtension>
            <ns3:hr>139</ns3:hr>
            <ns3:cad>82</ns3:cad>
          </ns3:TrackPointExtension>
        </extensions>
      </trkpt>
      <trkpt lat="43.853585980832576751708984375" lon="87.51132887788116931915283203125">
        <ele>795.79998779296875</ele>
        <time>2026-08-13T14:04:42.000Z</time>
        <extensions>
          <ns3:TrackPointExtension>
            <ns3:hr>137</ns3:hr>
            <ns3:cad>81</ns3:cad>
          </ns3:TrackPointExtension>
        </extensions>
      </trkpt>
      <trkpt lat="43.85359411127865314483642578125" lon="87.5113239325582981109619140625">
        <ele>795.79998779296875</ele>
        <time>2026-08-13T14:04:43.000Z</time>
        <extensions>
          <ns3:TrackPointExtension>
            <ns3:hr>137</ns3:hr>
            <ns3:cad>57</ns3:cad>
          </ns3:TrackPointExtension>
        </extensions>
      </trkpt>
      <trkpt lat="43.853640966117382049560546875" lon="87.51131513155996799468994140625">
        <ele>795.5999755859375</ele>
        <time>2026-08-13T14:04:47.000Z</time>
        <extensions>
          <ns3:TrackPointExtension>
            <ns3:hr>136</ns3:hr>
            <ns3:cad>57</ns3:cad>
          </ns3:TrackPointExtension>
        </extensions>
      </trkpt>
      <trkpt lat="43.8537484221160411834716796875" lon="87.51131211407482624053955078125">
        <ele>795.5999755859375</ele>
        <time>2026-08-13T14:04:56.000Z</time>
        <extensions>
          <ns3:TrackPointExtension>
            <ns3:hr>138</ns3:hr>
            <ns3:cad>56</ns3:cad>
          </ns3:TrackPointExtension>
        </extensions>
      </trkpt>
      <trkpt lat="43.85388982482254505157470703125" lon="87.51134455204010009765625">
        <ele>795.4000244140625</ele>
        <time>2026-08-13T14:05:05.000Z</time>
        <extensions>
          <ns3:TrackPointExtension>
            <ns3:hr>136</ns3:hr>
            <ns3:cad>77</ns3:cad>
          </ns3:TrackPointExtension>
        </extensions>
      </trkpt>
      <trkpt lat="43.854045309126377105712890625" lon="87.5113661773502826690673828125">
        <ele>795</ele>
        <time>2026-08-13T14:05:11.000Z</time>
        <extensions>
          <ns3:TrackPointExtension>
            <ns3:hr>135</ns3:hr>
            <ns3:cad>80</ns3:cad>
          </ns3:TrackPointExtension>
        </extensions>
      </trkpt>
      <trkpt lat="43.85423214174807071685791015625" lon="87.51138537190854549407958984375">
        <ele>794.5999755859375</ele>
        <time>2026-08-13T14:05:18.000Z</time>
        <extensions>
          <ns3:TrackPointExtension>
            <ns3:hr>135</ns3:hr>
            <ns3:cad>82</ns3:cad>
          </ns3:TrackPointExtension>
        </extensions>
      </trkpt>
      <trkpt lat="43.85425728745758533477783203125" lon="87.51139350235462188720703125">
        <ele>794.5999755859375</ele>
        <time>2026-08-13T14:05:19.000Z</time>
        <extensions>
          <ns3:TrackPointExtension>
            <ns3:hr>136</ns3:hr>
            <ns3:cad>82</ns3:cad>
          </ns3:TrackPointExtension>
        </extensions>
      </trkpt>
      <trkpt lat="43.85433875955641269683837890625" lon="87.51139626838266849517822265625">
        <ele>794.20001220703125</ele>
        <time>2026-08-13T14:05:24.000Z</time>
        <extensions>
          <ns3:TrackPointExtension>
            <ns3:hr>137</ns3:hr>
            <ns3:cad>0</ns3:cad>
          </ns3:TrackPointExtension>
        </extensions>
      </trkpt>
      <trkpt lat="43.85441503487527370452880859375" lon="87.51138872466981410980224609375">
        <ele>794</ele>
        <time>2026-08-13T14:05:31.000Z</time>
        <extensions>
          <ns3:TrackPointExtension>
            <ns3:hr>138</ns3:hr>
            <ns3:cad>55</ns3:cad>
          </ns3:TrackPointExtension>
        </extensions>
      </trkpt>
      <trkpt lat="43.8544974289834499359130859375" lon="87.51137699000537395477294921875">
        <ele>794</ele>
        <time>2026-08-13T14:05:38.000Z</time>
        <extensions>
          <ns3:TrackPointExtension>
            <ns3:hr>135</ns3:hr>
            <ns3:cad>55</ns3:cad>
          </ns3:TrackPointExtension>
        </extensions>
      </trkpt>
      <trkpt lat="43.85452575981616973876953125" lon="87.51138545572757720947265625">
        <ele>793.79998779296875</ele>
        <time>2026-08-13T14:05:40.000Z</time>
        <extensions>
          <ns3:TrackPointExtension>
            <ns3:hr>134</ns3:hr>
            <ns3:cad>55</ns3:cad>
          </ns3:TrackPointExtension>
        </extensions>
      </trkpt>
      <trkpt lat="43.8546216487884521484375" lon="87.51140381209552288055419921875">
        <ele>793.4000244140625</ele>
        <time>2026-08-13T14:05:45.000Z</time>
        <extensions>
          <ns3:TrackPointExtension>
            <ns3:hr>131</ns3:hr>
            <ns3:cad>78</ns3:cad>
          </ns3:TrackPointExtension>
        </extensions>
      </trkpt>
      <trkpt lat="43.85467520914971828460693359375" lon="87.51141806133091449737548828125">
        <ele>793.20001220703125</ele>
        <time>2026-08-13T14:05:47.000Z</time>
        <extensions>
          <ns3:TrackPointExtension>
            <ns3:hr>130</ns3:hr>
            <ns3:cad>79</ns3:cad>
          </ns3:TrackPointExtension>
        </extensions>
      </trkpt>
      <trkpt lat="43.85475818999111652374267578125" lon="87.51143448986113071441650390625">
        <ele>793</ele>
        <time>2026-08-13T14:05:50.000Z</time>
        <extensions>
          <ns3:TrackPointExtension>
            <ns3:hr>127</ns3:hr>
            <ns3:cad>80</ns3:cad>
          </ns3:TrackPointExtension>
        </extensions>
      </trkpt>
      <trkpt lat="43.8548645563423633575439453125" lon="87.51144111156463623046875">
        <ele>791.79998779296875</ele>
        <time>2026-08-13T14:05:54.000Z</time>
        <extensions>
          <ns3:TrackPointExtension>
            <ns3:hr>128</ns3:hr>
            <ns3:cad>81</ns3:cad>
          </ns3:TrackPointExtension>
        </extensions>
      </trkpt>
      <trkpt lat="43.855053484439849853515625" lon="87.5114432908594608306884765625">
        <ele>789.79998779296875</ele>
        <time>2026-08-13T14:06:01.000Z</time>
        <extensions>
          <ns3:TrackPointExtension>
            <ns3:hr>131</ns3:hr>
            <ns3:cad>81</ns3:cad>
          </ns3:TrackPointExtension>
        </extensions>
      </trkpt>
      <trkpt lat="43.8551267422735691070556640625" lon="87.511430047452449798583984375">
        <ele>789</ele>
        <time>2026-08-13T14:06:04.000Z</time>
        <extensions>
          <ns3:TrackPointExtension>
            <ns3:hr>134</ns3:hr>
            <ns3:cad>82</ns3:cad>
          </ns3:TrackPointExtension>
        </extensions>
      </trkpt>
      <trkpt lat="43.8551820628345012664794921875" lon="87.5114344060420989990234375">
        <ele>788.4000244140625</ele>
        <time>2026-08-13T14:06:06.000Z</time>
        <extensions>
          <ns3:TrackPointExtension>
            <ns3:hr>137</ns3:hr>
            <ns3:cad>82</ns3:cad>
          </ns3:TrackPointExtension>
        </extensions>
      </trkpt>
      <trkpt lat="43.8552397303283214569091796875" lon="87.5114369206130504608154296875">
        <ele>787.79998779296875</ele>
        <time>2026-08-13T14:06:10.000Z</time>
        <extensions>
          <ns3:TrackPointExtension>
            <ns3:hr>140</ns3:hr>
            <ns3:cad>82</ns3:cad>
          </ns3:TrackPointExtension>
        </extensions>
      </trkpt>
      <trkpt lat="43.85528348386287689208984375" lon="87.51145460642874240875244140625">
        <ele>787.20001220703125</ele>
        <time>2026-08-13T14:06:13.000Z</time>
        <extensions>
          <ns3:TrackPointExtension>
            <ns3:hr>141</ns3:hr>
            <ns3:cad>0</ns3:cad>
          </ns3:TrackPointExtension>
        </extensions>
      </trkpt>
      <trkpt lat="43.8553007505834102630615234375" lon="87.51148293726146221160888671875">
        <ele>787.4000244140625</ele>
        <time>2026-08-13T14:06:16.000Z</time>
        <extensions>
          <ns3:TrackPointExtension>
            <ns3:hr>142</ns3:hr>
            <ns3:cad>54</ns3:cad>
          </ns3:TrackPointExtension>
        </extensions>
      </trkpt>
      <trkpt lat="43.855353556573390960693359375" lon="87.51161704771220684051513671875">
        <ele>788</ele>
        <time>2026-08-13T14:06:24.000Z</time>
        <extensions>
          <ns3:TrackPointExtension>
            <ns3:hr>139</ns3:hr>
            <ns3:cad>54</ns3:cad>
          </ns3:TrackPointExtension>
        </extensions>
      </trkpt>
      <trkpt lat="43.855373002588748931884765625" lon="87.5116789899766445159912109375">
        <ele>788.4000244140625</ele>
        <time>2026-08-13T14:06:28.000Z</time>
        <extensions>
          <ns3:TrackPointExtension>
            <ns3:hr>136</ns3:hr>
            <ns3:cad>51</ns3:cad>
          </ns3:TrackPointExtension>
        </extensions>
      </trkpt>
      <trkpt lat="43.85537208057940006256103515625" lon="87.51170824281871318817138671875">
        <ele>788.5999755859375</ele>
        <time>2026-08-13T14:06:30.000Z</time>
        <extensions>
          <ns3:TrackPointExtension>
            <ns3:hr>134</ns3:hr>
            <ns3:cad>55</ns3:cad>
          </ns3:TrackPointExtension>
        </extensions>
      </trkpt>
      <trkpt lat="43.8553611002862453460693359375" lon="87.5117661617696285247802734375">
        <ele>789.20001220703125</ele>
        <time>2026-08-13T14:06:33.000Z</time>
        <extensions>
          <ns3:TrackPointExtension>
            <ns3:hr>131</ns3:hr>
            <ns3:cad>0</ns3:cad>
          </ns3:TrackPointExtension>
        </extensions>
      </trkpt>
      <trkpt lat="43.8553319312632083892822265625" lon="87.51195835880935192108154296875">
        <ele>790.5999755859375</ele>
        <time>2026-08-13T14:06:40.000Z</time>
        <extensions>
          <ns3:TrackPointExtension>
            <ns3:hr>129</ns3:hr>
            <ns3:cad>79</ns3:cad>
          </ns3:TrackPointExtension>
        </extensions>
      </trkpt>
      <trkpt lat="43.85531793348491191864013671875" lon="87.5121158547699451446533203125">
        <ele>791.79998779296875</ele>
        <time>2026-08-13T14:06:45.000Z</time>
        <extensions>
          <ns3:TrackPointExtension>
            <ns3:hr>132</ns3:hr>
            <ns3:cad>80</ns3:cad>
          </ns3:TrackPointExtension>
        </extensions>
      </trkpt>
      <trkpt lat="43.85530938394367694854736328125" lon="87.51218064688146114349365234375">
        <ele>792.20001220703125</ele>
        <time>2026-08-13T14:06:47.000Z</time>
        <extensions>
          <ns3:TrackPointExtension>
            <ns3:hr>133</ns3:hr>
            <ns3:cad>81</ns3:cad>
          </ns3:TrackPointExtension>
        </extensions>
      </trkpt>
      <trkpt lat="43.85529412887990474700927734375" lon="87.51228106208145618438720703125">
        <ele>793</ele>
        <time>2026-08-13T14:06:50.000Z</time>
        <extensions>
          <ns3:TrackPointExtension>
            <ns3:hr>136</ns3:hr>
            <ns3:cad>82</ns3:cad>
          </ns3:TrackPointExtension>
        </extensions>
      </trkpt>
      <trkpt lat="43.85527300648391246795654296875" lon="87.512449957430362701416015625">
        <ele>795.5999755859375</ele>
        <time>2026-08-13T14:06:55.000Z</time>
        <extensions>
          <ns3:TrackPointExtension>
            <ns3:hr>139</ns3:hr>
            <ns3:cad>81</ns3:cad>
          </ns3:TrackPointExtension>
        </extensions>
      </trkpt>
      <trkpt lat="43.8552648760378360748291015625" lon="87.5124973990023136138916015625">
        <ele>796.4000244140625</ele>
        <time>2026-08-13T14:06:57.000Z</time>
        <extensions>
          <ns3:TrackPointExtension>
            <ns3:hr>141</ns3:hr>
            <ns3:cad>81</ns3:cad>
          </ns3:TrackPointExtension>
        </extensions>
      </trkpt>
      <trkpt lat="43.8552682287991046905517578125" lon="87.51251340843737125396728515625">
        <ele>796.5999755859375</ele>
        <time>2026-08-13T14:06:58.000Z</time>
        <extensions>
          <ns3:TrackPointExtension>
            <ns3:hr>142</ns3:hr>
            <ns3:cad>81</ns3:cad>
          </ns3:TrackPointExtension>
        </extensions>
      </trkpt>
      <trkpt lat="43.8552709110081195831298828125" lon="87.51257769763469696044921875">
        <ele>797.4000244140625</ele>
        <time>2026-08-13T14:07:02.000Z</time>
        <extensions>
          <ns3:TrackPointExtension>
            <ns3:hr>144</ns3:hr>
            <ns3:cad>57</ns3:cad>
          </ns3:TrackPointExtension>
        </extensions>
      </trkpt>
      <trkpt lat="43.85525071062147617340087890625" lon="87.51273863017559051513671875">
        <ele>800</ele>
        <time>2026-08-13T14:07:10.000Z</time>
        <extensions>
          <ns3:TrackPointExtension>
            <ns3:hr>143</ns3:hr>
            <ns3:cad>56</ns3:cad>
          </ns3:TrackPointExtension>
        </extensions>
      </trkpt>
      <trkpt lat="43.85522321797907352447509765625" lon="87.5129292346537113189697265625">
        <ele>801.5999755859375</ele>
        <time>2026-08-13T14:07:18.000Z</time>
        <extensions>
          <ns3:TrackPointExtension>
            <ns3:hr>141</ns3:hr>
            <ns3:cad>79</ns3:cad>
          </ns3:TrackPointExtension>
        </extensions>
      </trkpt>
      <trkpt lat="43.85518583469092845916748046875" lon="87.51317507587373256683349609375">
        <ele>802.5999755859375</ele>
        <time>2026-08-13T14:07:26.000Z</time>
        <extensions>
          <ns3:TrackPointExtension>
            <ns3:hr>142</ns3:hr>
            <ns3:cad>81</ns3:cad>
          </ns3:TrackPointExtension>
        </extensions>
      </trkpt>
      <trkpt lat="43.855182230472564697265625" lon="87.51319318078458309173583984375">
        <ele>802.5999755859375</ele>
        <time>2026-08-13T14:07:27.000Z</time>
        <extensions>
          <ns3:TrackPointExtension>
            <ns3:hr>141</ns3:hr>
            <ns3:cad>81</ns3:cad>
          </ns3:TrackPointExtension>
        </extensions>
      </trkpt>
      <trkpt lat="43.85517275892198085784912109375" lon="87.51330566592514514923095703125">
        <ele>802.4000244140625</ele>
        <time>2026-08-13T14:07:33.000Z</time>
        <extensions>
          <ns3:TrackPointExtension>
            <ns3:hr>141</ns3:hr>
            <ns3:cad>0</ns3:cad>
          </ns3:TrackPointExtension>
        </extensions>
      </trkpt>
      <trkpt lat="43.85515331290662288665771484375" lon="87.513450086116790771484375">
        <ele>802.20001220703125</ele>
        <time>2026-08-13T14:07:41.000Z</time>
        <extensions>
          <ns3:TrackPointExtension>
            <ns3:hr>143</ns3:hr>
            <ns3:cad>56</ns3:cad>
          </ns3:TrackPointExtension>
        </extensions>
      </trkpt>
      <trkpt lat="43.85514476336538791656494140625" lon="87.51349777914583683013916015625">
        <ele>802</ele>
        <time>2026-08-13T14:07:44.000Z</time>
        <extensions>
          <ns3:TrackPointExtension>
            <ns3:hr>143</ns3:hr>
            <ns3:cad>56</ns3:cad>
          </ns3:TrackPointExtension>
        </extensions>
      </trkpt>
      <trkpt lat="43.85513202287256717681884765625" lon="87.513571791350841522216796875">
        <ele>801.79998779296875</ele>
        <time>2026-08-13T14:07:48.000Z</time>
        <extensions>
          <ns3:TrackPointExtension>
            <ns3:hr>143</ns3:hr>
            <ns3:cad>0</ns3:cad>
          </ns3:TrackPointExtension>
        </extensions>
      </trkpt>
      <trkpt lat="43.85511743836104869842529296875" lon="87.51372694037854671478271484375">
        <ele>800.79998779296875</ele>
        <time>2026-08-13T14:07:57.000Z</time>
        <extensions>
          <ns3:TrackPointExtension>
            <ns3:hr>142</ns3:hr>
            <ns3:cad>54</ns3:cad>
          </ns3:TrackPointExtension>
        </extensions>
      </trkpt>
      <trkpt lat="43.85510235093533992767333984375" lon="87.51380254514515399932861328125">
        <ele>800.20001220703125</ele>
        <time>2026-08-13T14:08:01.000Z</time>
        <extensions>
          <ns3:TrackPointExtension>
            <ns3:hr>139</ns3:hr>
            <ns3:cad>54</ns3:cad>
          </ns3:TrackPointExtension>
        </extensions>
      </trkpt>
      <trkpt lat="43.8550878502428531646728515625" lon="87.51385568641126155853271484375">
        <ele>799.79998779296875</ele>
        <time>2026-08-13T14:08:05.000Z</time>
        <extensions>
          <ns3:TrackPointExtension>
            <ns3:hr>138</ns3:hr>
            <ns3:cad>54</ns3:cad>
          </ns3:TrackPointExtension>
        </extensions>
      </trkpt>
    </trkseg>
  </trk>
</gpx>
