<gpx xmlns:ns3="http://www.garmin.com/xmlschemas/TrackPointExtension/v1" xmlns="http://www.topografix.com/GPX/1/1" xmlns:xsi="http://www.w3.org/2001/XMLSchema-instance" xmlns:ns2="http://www.garmin.com/xmlschemas/GpxExtensions/v3" creator="Garmin Connect" version="1.1" xsi:schemaLocation="http://www.topografix.com/GPX/1/1 http://www.topografix.com/GPX/11.xsd">
  <extensions>
<distance>3333.5</distance>
<average_hr>139.0</average_hr>
<average_speed>1.843000054359436</average_speed>
<start_time>2026-08-14T13:33:09+00:00</start_time>
<end_time>2026-08-14T14:03:17.635000+00:00</end_time>
<moving_time>1746.402</moving_time>
<elapsed_time>1842.349</elapsed_time>
</extensions>
<metadata>
    <link href="connect.garmin.com">
      <text>Garmin Connect</text>
    </link>
    <time>2026-08-14T13:33:09.000Z</time>
  </metadata>
  <trk>
    <name>乌鲁木齐市 - 基础训练</name>
    <type>running</type>
    <trkseg>
      <trkpt lat="43.8533306680619716644287109375" lon="87.50942501239478588104248046875">
        <ele>792.20001220703125</ele>
        <time>2026-08-14T13:44:04.000Z</time>
        <extensions>
          <ns3:TrackPointExtension>
            <ns3:hr>135</ns3:hr>
            <ns3:cad>79</ns3:cad>
          </ns3:TrackPointExtension>
        </extensions>
      </trkpt>
      <trkpt lat="43.85381489060819149017333984375" lon="87.5093476474285125732421875">
        <ele>792.4000244140625</ele>
        <time>2026-08-14T13:44:09.000Z</time>
        <extensions>
          <ns3:TrackPointExtension>
            <ns3:hr>137</ns3:hr>
            <ns3:cad>79</ns3:cad>
          </ns3:TrackPointExtension>
        </extensions>
      </trkpt>
      <trkpt lat="43.85412200354039669036865234375" lon="87.5092884711921215057373046875">
        <ele>793.4000244140625</ele>
        <time>2026-08-14T13:44:11.000Z</time>
        <extensions>
          <ns3:TrackPointExtension>
            <ns3:hr>137</ns3:hr>
            <ns3:cad>79</ns3:cad>
          </ns3:TrackPointExtension>
        </extensions>
      </trkpt>
      <trkpt lat="43.85430581867694854736328125" lon="87.5092673487961292266845703125">
        <ele>793.20001220703125</ele>
        <time>2026-08-14T13:44:12.000Z</time>
        <extensions>
          <ns3:TrackPointExtension>
            <ns3:hr>138</ns3:hr>
            <ns3:cad>79</ns3:cad>
          </ns3:TrackPointExtension>
        </extensions>
      </trkpt>
      <trkpt lat="43.854809738695621490478515625" lon="87.5093079172074794769287109375">
        <ele>793</ele>
        <time>2026-08-14T13:44:18.000Z</time>
        <extensions>
          <ns3:TrackPointExtension>
            <ns3:hr>139</ns3:hr>
            <ns3:cad>79</ns3:cad>
          </ns3:TrackPointExtension>
        </extensions>
      </trkpt>
      <trkpt lat="43.85484787635505199432373046875" lon="87.5093173049390316009521484375">
        <ele>793</ele>
        <time>2026-08-14T13:44:19.000Z</time>
        <extensions>
          <ns3:TrackPointExtension>
            <ns3:hr>141</ns3:hr>
            <ns3:cad>79</ns3:cad>
          </ns3:TrackPointExtension>
        </extensions>
      </trkpt>
      <trkpt lat="43.85485910810530185699462890625" lon="87.5093414448201656341552734375">
        <ele>792.5999755859375</ele>
        <time>2026-08-14T13:44:21.000Z</time>
        <extensions>
          <ns3:TrackPointExtension>
            <ns3:hr>142</ns3:hr>
            <ns3:cad>0</ns3:cad>
          </ns3:TrackPointExtension>
        </extensions>
      </trkpt>
      <trkpt lat="43.8548514805734157562255859375" lon="87.5093779899179935455322265625">
        <ele>792.20001220703125</ele>
        <time>2026-08-14T13:44:23.000Z</time>
        <extensions>
          <ns3:TrackPointExtension>
            <ns3:hr>142</ns3:hr>
            <ns3:cad>55</ns3:cad>
          </ns3:TrackPointExtension>
        </extensions>
      </trkpt>
      <trkpt lat="43.85485558770596981048583984375" lon="87.5094168819487094879150390625">
        <ele>791.79998779296875</ele>
        <time>2026-08-14T13:44:27.000Z</time>
        <extensions>
          <ns3:TrackPointExtension>
            <ns3:hr>140</ns3:hr>
            <ns3:cad>54</ns3:cad>
          </ns3:TrackPointExtension>
        </extensions>
      </trkpt>
      <trkpt lat="43.854906298220157623291015625" lon="87.5094353221356868743896484375">
        <ele>791.5999755859375</ele>
        <time>2026-08-14T13:44:29.000Z</time>
        <extensions>
          <ns3:TrackPointExtension>
            <ns3:hr>141</ns3:hr>
            <ns3:cad>54</ns3:cad>
          </ns3:TrackPointExtension>
        </extensions>
      </trkpt>
      <trkpt lat="43.85492214001715183258056640625" lon="87.5094393454492092132568359375">
        <ele>791.5999755859375</ele>
        <time>2026-08-14T13:44:30.000Z</time>
        <extensions>
          <ns3:TrackPointExtension>
            <ns3:hr>141</ns3:hr>
            <ns3:cad>54</ns3:cad>
          </ns3:TrackPointExtension>
        </extensions>
      </trkpt>
      <trkpt lat="43.8549976609647274017333984375" lon="87.50947899185121059417724609375">
        <ele>791.20001220703125</ele>
        <time>2026-08-14T13:44:33.000Z</time>
        <extensions>
          <ns3:TrackPointExtension>
            <ns3:hr>141</ns3:hr>
            <ns3:cad>54</ns3:cad>
          </ns3:TrackPointExtension>
        </extensions>
      </trkpt>
      <trkpt lat="43.8550137542188167572021484375" lon="87.5095027126371860504150390625">
        <ele>791</ele>
        <time>2026-08-14T13:44:35.000Z</time>
        <extensions>
          <ns3:TrackPointExtension>
            <ns3:hr>140</ns3:hr>
            <ns3:cad>54</ns3:cad>
          </ns3:TrackPointExtension>
        </extensions>
      </trkpt>
      <trkpt lat="43.85508072562515735626220703125" lon="87.50967965461313724517822265625">
        <ele>789</ele>
        <time>2026-08-14T13:44:43.000Z</time>
        <extensions>
          <ns3:TrackPointExtension>
            <ns3:hr>139</ns3:hr>
            <ns3:cad>77</ns3:cad>
          </ns3:TrackPointExtension>
        </extensions>
      </trkpt>
      <trkpt lat="43.85509698651731014251708984375" lon="87.50974595546722412109375">
        <ele>788.4000244140625</ele>
        <time>2026-08-14T13:44:46.000Z</time>
        <extensions>
          <ns3:TrackPointExtension>
            <ns3:hr>136</ns3:hr>
            <ns3:cad>79</ns3:cad>
          </ns3:TrackPointExtension>
        </extensions>
      </trkpt>
      <trkpt lat="43.8551272451877593994140625" lon="87.50989993102848529815673828125">
        <ele>787</ele>
        <time>2026-08-14T13:44:52.000Z</time>
        <extensions>
          <ns3:TrackPointExtension>
            <ns3:hr>134</ns3:hr>
            <ns3:cad>79</ns3:cad>
          </ns3:TrackPointExtension>
        </extensions>
      </trkpt>
      <trkpt lat="43.85514258407056331634521484375" lon="87.5099546648561954498291015625">
        <ele>786.20001220703125</ele>
        <time>2026-08-14T13:44:54.000Z</time>
        <extensions>
          <ns3:TrackPointExtension>
            <ns3:hr>133</ns3:hr>
            <ns3:cad>79</ns3:cad>
          </ns3:TrackPointExtension>
        </extensions>
      </trkpt>
      <trkpt lat="43.85513822548091411590576171875" lon="87.51006907783448696136474609375">
        <ele>785.20001220703125</ele>
        <time>2026-08-14T13:44:58.000Z</time>
        <extensions>
          <ns3:TrackPointExtension>
            <ns3:hr>132</ns3:hr>
            <ns3:cad>79</ns3:cad>
          </ns3:TrackPointExtension>
        </extensions>
      </trkpt>
      <trkpt lat="43.85512045584619045257568359375" lon="87.510172761976718902587890625">
        <ele>785</ele>
        <time>2026-08-14T13:45:02.000Z</time>
        <extensions>
          <ns3:TrackPointExtension>
            <ns3:hr>135</ns3:hr>
            <ns3:cad>80</ns3:cad>
          </ns3:TrackPointExtension>
        </extensions>
      </trkpt>
      <trkpt lat="43.85511760599911212921142578125" lon="87.5102765299379825592041015625">
        <ele>785</ele>
        <time>2026-08-14T13:45:06.000Z</time>
        <extensions>
          <ns3:TrackPointExtension>
            <ns3:hr>138</ns3:hr>
            <ns3:cad>81</ns3:cad>
          </ns3:TrackPointExtension>
        </extensions>
      </trkpt>
      <trkpt lat="43.8551217131316661834716796875" lon="87.5103036873042583465576171875">
        <ele>785</ele>
        <time>2026-08-14T13:45:07.000Z</time>
        <extensions>
          <ns3:TrackPointExtension>
            <ns3:hr>139</ns3:hr>
            <ns3:cad>81</ns3:cad>
          </ns3:TrackPointExtension>
        </extensions>
      </trkpt>
      <trkpt lat="43.85514493100345134735107421875" lon="87.51044374890625476837158203125">
        <ele>784.4000244140625</ele>
        <time>2026-08-14T13:45:12.000Z</time>
        <extensions>
          <ns3:TrackPointExtension>
            <ns3:hr>141</ns3:hr>
            <ns3:cad>80</ns3:cad>
          </ns3:TrackPointExtension>
        </extensions>
      </trkpt>
      <trkpt lat="43.855143673717975616455078125" lon="87.51052354462444782257080078125">
        <ele>784.4000244140625</ele>
        <time>2026-08-14T13:45:16.000Z</time>
        <extensions>
          <ns3:TrackPointExtension>
            <ns3:hr>143</ns3:hr>
            <ns3:cad>80</ns3:cad>
          </ns3:TrackPointExtension>
        </extensions>
      </trkpt>
      <trkpt lat="43.8551404885947704315185546875" lon="87.51055992208421230316162109375">
        <ele>784.4000244140625</ele>
        <time>2026-08-14T13:45:18.000Z</time>
        <extensions>
          <ns3:TrackPointExtension>
            <ns3:hr>144</ns3:hr>
            <ns3:cad>80</ns3:cad>
          </ns3:TrackPointExtension>
        </extensions>
      </trkpt>
      <trkpt lat="43.85516655631363391876220703125" lon="87.510693781077861785888671875">
        <ele>784.20001220703125</ele>
        <time>2026-08-14T13:45:25.000Z</time>
        <extensions>
          <ns3:TrackPointExtension>
            <ns3:hr>141</ns3:hr>
            <ns3:cad>54</ns3:cad>
          </ns3:TrackPointExtension>
        </extensions>
      </trkpt>
      <trkpt lat="43.85517359711229801177978515625" lon="87.51071490347385406494140625">
        <ele>784.20001220703125</ele>
        <time>2026-08-14T13:45:26.000Z</time>
        <extensions>
          <ns3:TrackPointExtension>
            <ns3:hr>141</ns3:hr>
            <ns3:cad>54</ns3:cad>
          </ns3:TrackPointExtension>
        </extensions>
      </trkpt>
      <trkpt lat="43.85515951551496982574462890625" lon="87.51081280410289764404296875">
        <ele>785.20001220703125</ele>
        <time>2026-08-14T13:45:31.000Z</time>
        <extensions>
          <ns3:TrackPointExtension>
            <ns3:hr>139</ns3:hr>
            <ns3:cad>78</ns3:cad>
          </ns3:TrackPointExtension>
        </extensions>
      </trkpt>
      <trkpt lat="43.85507754050195217132568359375" lon="87.51086200587451457977294921875">
        <ele>787.5999755859375</ele>
        <time>2026-08-14T13:45:37.000Z</time>
        <extensions>
          <ns3:TrackPointExtension>
            <ns3:hr>139</ns3:hr>
            <ns3:cad>78</ns3:cad>
          </ns3:TrackPointExtension>
        </extensions>
      </trkpt>
      <trkpt lat="43.85496161878108978271484375" lon="87.51086653210222721099853515625">
        <ele>789.79998779296875</ele>
        <time>2026-08-14T13:45:43.000Z</time>
        <extensions>
          <ns3:TrackPointExtension>
            <ns3:hr>139</ns3:hr>
            <ns3:cad>79</ns3:cad>
          </ns3:TrackPointExtension>
        </extensions>
      </trkpt>
      <trkpt lat="43.854892887175083160400390625" lon="87.510871477425098419189453125">
        <ele>790.79998779296875</ele>
        <time>2026-08-14T13:45:48.000Z</time>
        <extensions>
          <ns3:TrackPointExtension>
            <ns3:hr>142</ns3:hr>
            <ns3:cad>79</ns3:cad>
          </ns3:TrackPointExtension>
        </extensions>
      </trkpt>
      <trkpt lat="43.8548913784325122833251953125" lon="87.51087776385247707366943359375">
        <ele>790.79998779296875</ele>
        <time>2026-08-14T13:45:49.000Z</time>
        <extensions>
          <ns3:TrackPointExtension>
            <ns3:hr>143</ns3:hr>
            <ns3:cad>79</ns3:cad>
          </ns3:TrackPointExtension>
        </extensions>
      </trkpt>
      <trkpt lat="43.85484083555638790130615234375" lon="87.51089653931558132171630859375">
        <ele>791.5999755859375</ele>
        <time>2026-08-14T13:45:54.000Z</time>
        <extensions>
          <ns3:TrackPointExtension>
            <ns3:hr>146</ns3:hr>
            <ns3:cad>53</ns3:cad>
          </ns3:TrackPointExtension>
        </extensions>
      </trkpt>
      <trkpt lat="43.85482742451131343841552734375" lon="87.51091849990189075469970703125">
        <ele>792</ele>
        <time>2026-08-14T13:45:57.000Z</time>
        <extensions>
          <ns3:TrackPointExtension>
            <ns3:hr>149</ns3:hr>
            <ns3:cad>54</ns3:cad>
          </ns3:TrackPointExtension>
        </extensions>
      </trkpt>
      <trkpt lat="43.85480873286724090576171875" lon="87.51093685626983642578125">
        <ele>792.4000244140625</ele>
        <time>2026-08-14T13:46:00.000Z</time>
        <extensions>
          <ns3:TrackPointExtension>
            <ns3:hr>147</ns3:hr>
            <ns3:cad>0</ns3:cad>
          </ns3:TrackPointExtension>
        </extensions>
      </trkpt>
      <trkpt lat="43.85472801513969898223876953125" lon="87.5109427236020565032958984375">
        <ele>793.20001220703125</ele>
        <time>2026-08-14T13:46:05.000Z</time>
        <extensions>
          <ns3:TrackPointExtension>
            <ns3:hr>145</ns3:hr>
            <ns3:cad>0</ns3:cad>
          </ns3:TrackPointExtension>
        </extensions>
      </trkpt>
      <trkpt lat="43.854647465050220489501953125" lon="87.51094515435397624969482421875">
        <ele>793.5999755859375</ele>
        <time>2026-08-14T13:46:11.000Z</time>
        <extensions>
          <ns3:TrackPointExtension>
            <ns3:hr>145</ns3:hr>
            <ns3:cad>55</ns3:cad>
          </ns3:TrackPointExtension>
        </extensions>
      </trkpt>
      <trkpt lat="43.85452735237777233123779296875" lon="87.51096409745514392852783203125">
        <ele>794</ele>
        <time>2026-08-14T13:46:17.000Z</time>
        <extensions>
          <ns3:TrackPointExtension>
            <ns3:hr>142</ns3:hr>
            <ns3:cad>79</ns3:cad>
          </ns3:TrackPointExtension>
        </extensions>
      </trkpt>
      <trkpt lat="43.85448091663420200347900390625" lon="87.5109836272895336151123046875">
        <ele>794</ele>
        <time>2026-08-14T13:46:19.000Z</time>
        <extensions>
          <ns3:TrackPointExtension>
            <ns3:hr>143</ns3:hr>
            <ns3:cad>79</ns3:cad>
          </ns3:TrackPointExtension>
        </extensions>
      </trkpt>
      <trkpt lat="43.85440330021083354949951171875" lon="87.51100248657166957855224609375">
        <ele>793.79998779296875</ele>
        <time>2026-08-14T13:46:23.000Z</time>
        <extensions>
          <ns3:TrackPointExtension>
            <ns3:hr>147</ns3:hr>
            <ns3:cad>79</ns3:cad>
          </ns3:TrackPointExtension>
        </extensions>
      </trkpt>
      <trkpt lat="43.8543814234435558319091796875" lon="87.51100986264646053314208984375">
        <ele>793.5999755859375</ele>
        <time>2026-08-14T13:46:24.000Z</time>
        <extensions>
          <ns3:TrackPointExtension>
            <ns3:hr>145</ns3:hr>
            <ns3:cad>79</ns3:cad>
          </ns3:TrackPointExtension>
        </extensions>
      </trkpt>
      <trkpt lat="43.854193501174449920654296875" lon="87.51105445437133312225341796875">
        <ele>793.5999755859375</ele>
        <time>2026-08-14T13:46:32.000Z</time>
        <extensions>
          <ns3:TrackPointExtension>
            <ns3:hr>147</ns3:hr>
            <ns3:cad>80</ns3:cad>
          </ns3:TrackPointExtension>
        </extensions>
      </trkpt>
      <trkpt lat="43.854131810367107391357421875" lon="87.51105965115129947662353515625">
        <ele>793.5999755859375</ele>
        <time>2026-08-14T13:46:36.000Z</time>
        <extensions>
          <ns3:TrackPointExtension>
            <ns3:hr>148</ns3:hr>
            <ns3:cad>0</ns3:cad>
          </ns3:TrackPointExtension>
        </extensions>
      </trkpt>
      <trkpt lat="43.854121752083301544189453125" lon="87.511057220399379730224609375">
        <ele>793.5999755859375</ele>
        <time>2026-08-14T13:46:37.000Z</time>
        <extensions>
          <ns3:TrackPointExtension>
            <ns3:hr>149</ns3:hr>
            <ns3:cad>0</ns3:cad>
          </ns3:TrackPointExtension>
        </extensions>
      </trkpt>
      <trkpt lat="43.85411764495074748992919921875" lon="87.511047162115573883056640625">
        <ele>793.5999755859375</ele>
        <time>2026-08-14T13:46:38.000Z</time>
        <extensions>
          <ns3:TrackPointExtension>
            <ns3:hr>150</ns3:hr>
            <ns3:cad>0</ns3:cad>
          </ns3:TrackPointExtension>
        </extensions>
      </trkpt>
      <trkpt lat="43.85408797301352024078369140625" lon="87.51102679409086704254150390625">
        <ele>793.4000244140625</ele>
        <time>2026-08-14T13:46:41.000Z</time>
        <extensions>
          <ns3:TrackPointExtension>
            <ns3:hr>151</ns3:hr>
            <ns3:cad>0</ns3:cad>
          </ns3:TrackPointExtension>
        </extensions>
      </trkpt>
      <trkpt lat="43.8540508411824703216552734375" lon="87.5110449828207492828369140625">
        <ele>793.5999755859375</ele>
        <time>2026-08-14T13:46:44.000Z</time>
        <extensions>
          <ns3:TrackPointExtension>
            <ns3:hr>152</ns3:hr>
            <ns3:cad>54</ns3:cad>
          </ns3:TrackPointExtension>
        </extensions>
      </trkpt>
      <trkpt lat="43.85403583757579326629638671875" lon="87.511060237884521484375">
        <ele>793.5999755859375</ele>
        <time>2026-08-14T13:46:45.000Z</time>
        <extensions>
          <ns3:TrackPointExtension>
            <ns3:hr>152</ns3:hr>
            <ns3:cad>54</ns3:cad>
          </ns3:TrackPointExtension>
        </extensions>
      </trkpt>
      <trkpt lat="43.85402762331068515777587890625" lon="87.51104640774428844451904296875">
        <ele>793.5999755859375</ele>
        <time>2026-08-14T13:46:46.000Z</time>
        <extensions>
          <ns3:TrackPointExtension>
            <ns3:hr>152</ns3:hr>
            <ns3:cad>54</ns3:cad>
          </ns3:TrackPointExtension>
        </extensions>
      </trkpt>
      <trkpt lat="43.85399895720183849334716796875" lon="87.51103215850889682769775390625">
        <ele>793.5999755859375</ele>
        <time>2026-08-14T13:46:49.000Z</time>
        <extensions>
          <ns3:TrackPointExtension>
            <ns3:hr>152</ns3:hr>
            <ns3:cad>55</ns3:cad>
          </ns3:TrackPointExtension>
        </extensions>
      </trkpt>
      <trkpt lat="43.853964172303676605224609375" lon="87.5109926797449588775634765625">
        <ele>793.4000244140625</ele>
        <time>2026-08-14T13:46:53.000Z</time>
        <extensions>
          <ns3:TrackPointExtension>
            <ns3:hr>151</ns3:hr>
            <ns3:cad>56</ns3:cad>
          </ns3:TrackPointExtension>
        </extensions>
      </trkpt>
      <trkpt lat="43.85388798080384731292724609375" lon="87.51094096340239048004150390625">
        <ele>793.20001220703125</ele>
        <time>2026-08-14T13:46:58.000Z</time>
        <extensions>
          <ns3:TrackPointExtension>
            <ns3:hr>150</ns3:hr>
            <ns3:cad>78</ns3:cad>
          </ns3:TrackPointExtension>
        </extensions>
      </trkpt>
      <trkpt lat="43.853867612779140472412109375" lon="87.51093811355531215667724609375">
        <ele>793.20001220703125</ele>
        <time>2026-08-14T13:46:59.000Z</time>
        <extensions>
          <ns3:TrackPointExtension>
            <ns3:hr>149</ns3:hr>
            <ns3:cad>78</ns3:cad>
          </ns3:TrackPointExtension>
        </extensions>
      </trkpt>
      <trkpt lat="43.85382863692939281463623046875" lon="87.5109313242137432098388671875">
        <ele>793.20001220703125</ele>
        <time>2026-08-14T13:47:01.000Z</time>
        <extensions>
          <ns3:TrackPointExtension>
            <ns3:hr>147</ns3:hr>
            <ns3:cad>78</ns3:cad>
          </ns3:TrackPointExtension>
        </extensions>
      </trkpt>
      <trkpt lat="43.85376241989433765411376953125" lon="87.51094230450689792633056640625">
        <ele>793.20001220703125</ele>
        <time>2026-08-14T13:47:04.000Z</time>
        <extensions>
          <ns3:TrackPointExtension>
            <ns3:hr>148</ns3:hr>
            <ns3:cad>79</ns3:cad>
          </ns3:TrackPointExtension>
        </extensions>
      </trkpt>
      <trkpt lat="43.8537420518696308135986328125" lon="87.510934509336948394775390625">
        <ele>793.20001220703125</ele>
        <time>2026-08-14T13:47:05.000Z</time>
        <extensions>
          <ns3:TrackPointExtension>
            <ns3:hr>148</ns3:hr>
            <ns3:cad>79</ns3:cad>
          </ns3:TrackPointExtension>
        </extensions>
      </trkpt>
      <trkpt lat="43.8536770083010196685791015625" lon="87.51092235557734966278076171875">
        <ele>793.20001220703125</ele>
        <time>2026-08-14T13:47:08.000Z</time>
        <extensions>
          <ns3:TrackPointExtension>
            <ns3:hr>148</ns3:hr>
            <ns3:cad>79</ns3:cad>
          </ns3:TrackPointExtension>
        </extensions>
      </trkpt>
      <trkpt lat="43.8535482622683048248291015625" lon="87.51088446937501430511474609375">
        <ele>793.5999755859375</ele>
        <time>2026-08-14T13:47:14.000Z</time>
        <extensions>
          <ns3:TrackPointExtension>
            <ns3:hr>148</ns3:hr>
            <ns3:cad>80</ns3:cad>
          </ns3:TrackPointExtension>
        </extensions>
      </trkpt>
      <trkpt lat="43.8534964621067047119140625" lon="87.510875165462493896484375">
        <ele>794</ele>
        <time>2026-08-14T13:47:18.000Z</time>
        <extensions>
          <ns3:TrackPointExtension>
            <ns3:hr>148</ns3:hr>
            <ns3:cad>78</ns3:cad>
          </ns3:TrackPointExtension>
        </extensions>
      </trkpt>
      <trkpt lat="43.85347894392907619476318359375" lon="87.51086032949388027191162109375">
        <ele>794</ele>
        <time>2026-08-14T13:47:20.000Z</time>
        <extensions>
          <ns3:TrackPointExtension>
            <ns3:hr>149</ns3:hr>
            <ns3:cad>0</ns3:cad>
          </ns3:TrackPointExtension>
        </extensions>
      </trkpt>
      <trkpt lat="43.853447847068309783935546875" lon="87.51084624789655208587646484375">
        <ele>794.20001220703125</ele>
        <time>2026-08-14T13:47:23.000Z</time>
        <extensions>
          <ns3:TrackPointExtension>
            <ns3:hr>152</ns3:hr>
            <ns3:cad>52</ns3:cad>
          </ns3:TrackPointExtension>
        </extensions>
      </trkpt>
      <trkpt lat="43.85334433056414127349853515625" lon="87.5108550488948822021484375">
        <ele>795</ele>
        <time>2026-08-14T13:47:31.000Z</time>
        <extensions>
          <ns3:TrackPointExtension>
            <ns3:hr>150</ns3:hr>
            <ns3:cad>50</ns3:cad>
          </ns3:TrackPointExtension>
        </extensions>
      </trkpt>
      <trkpt lat="43.85324626229703426361083984375" lon="87.51083216629922389984130859375">
        <ele>795.79998779296875</ele>
        <time>2026-08-14T13:47:36.000Z</time>
        <extensions>
          <ns3:TrackPointExtension>
            <ns3:hr>148</ns3:hr>
            <ns3:cad>79</ns3:cad>
          </ns3:TrackPointExtension>
        </extensions>
      </trkpt>
      <trkpt lat="43.8530981540679931640625" lon="87.51083803363144397735595703125">
        <ele>796.79998779296875</ele>
        <time>2026-08-14T13:47:42.000Z</time>
        <extensions>
          <ns3:TrackPointExtension>
            <ns3:hr>147</ns3:hr>
            <ns3:cad>81</ns3:cad>
          </ns3:TrackPointExtension>
        </extensions>
      </trkpt>
      <trkpt lat="43.85296831838786602020263671875" lon="87.51084121875464916229248046875">
        <ele>797.79998779296875</ele>
        <time>2026-08-14T13:47:47.000Z</time>
        <extensions>
          <ns3:TrackPointExtension>
            <ns3:hr>149</ns3:hr>
            <ns3:cad>82</ns3:cad>
          </ns3:TrackPointExtension>
        </extensions>
      </trkpt>
      <trkpt lat="43.85288768447935581207275390625" lon="87.5108136422932147979736328125">
        <ele>798.4000244140625</ele>
        <time>2026-08-14T13:47:51.000Z</time>
        <extensions>
          <ns3:TrackPointExtension>
            <ns3:hr>150</ns3:hr>
            <ns3:cad>80</ns3:cad>
          </ns3:TrackPointExtension>
        </extensions>
      </trkpt>
      <trkpt lat="43.85286723263561725616455078125" lon="87.5108121335506439208984375">
        <ele>798.5999755859375</ele>
        <time>2026-08-14T13:47:52.000Z</time>
        <extensions>
          <ns3:TrackPointExtension>
            <ns3:hr>150</ns3:hr>
            <ns3:cad>80</ns3:cad>
          </ns3:TrackPointExtension>
        </extensions>
      </trkpt>
      <trkpt lat="43.85280202142894268035888671875" lon="87.510825879871845245361328125">
        <ele>799</ele>
        <time>2026-08-14T13:47:56.000Z</time>
        <extensions>
          <ns3:TrackPointExtension>
            <ns3:hr>150</ns3:hr>
            <ns3:cad>81</ns3:cad>
          </ns3:TrackPointExtension>
        </extensions>
      </trkpt>
      <trkpt lat="43.85274921543896198272705078125" lon="87.51080886460840702056884765625">
        <ele>799.5999755859375</ele>
        <time>2026-08-14T13:48:00.000Z</time>
        <extensions>
          <ns3:TrackPointExtension>
            <ns3:hr>153</ns3:hr>
            <ns3:cad>52</ns3:cad>
          </ns3:TrackPointExtension>
        </extensions>
      </trkpt>
      <trkpt lat="43.85272138752043247222900390625" lon="87.510815821588039398193359375">
        <ele>799.79998779296875</ele>
        <time>2026-08-14T13:48:02.000Z</time>
        <extensions>
          <ns3:TrackPointExtension>
            <ns3:hr>153</ns3:hr>
            <ns3:cad>52</ns3:cad>
          </ns3:TrackPointExtension>
        </extensions>
      </trkpt>
      <trkpt lat="43.8526993431150913238525390625" lon="87.51083887182176113128662109375">
        <ele>800</ele>
        <time>2026-08-14T13:48:04.000Z</time>
        <extensions>
          <ns3:TrackPointExtension>
            <ns3:hr>153</ns3:hr>
            <ns3:cad>52</ns3:cad>
          </ns3:TrackPointExtension>
        </extensions>
      </trkpt>
      <trkpt lat="43.8526792265474796295166015625" lon="87.51083602197468280792236328125">
        <ele>800</ele>
        <time>2026-08-14T13:48:06.000Z</time>
        <extensions>
          <ns3:TrackPointExtension>
            <ns3:hr>153</ns3:hr>
            <ns3:cad>53</ns3:cad>
          </ns3:TrackPointExtension>
        </extensions>
      </trkpt>
      <trkpt lat="43.85266992263495922088623046875" lon="87.51082378439605236053466796875">
        <ele>800.20001220703125</ele>
        <time>2026-08-14T13:48:07.000Z</time>
        <extensions>
          <ns3:TrackPointExtension>
            <ns3:hr>154</ns3:hr>
            <ns3:cad>53</ns3:cad>
          </ns3:TrackPointExtension>
        </extensions>
      </trkpt>
      <trkpt lat="43.8526513986289501190185546875" lon="87.510803081095218658447265625">
        <ele>800.4000244140625</ele>
        <time>2026-08-14T13:48:09.000Z</time>
        <extensions>
          <ns3:TrackPointExtension>
            <ns3:hr>155</ns3:hr>
            <ns3:cad>53</ns3:cad>
          </ns3:TrackPointExtension>
        </extensions>
      </trkpt>
      <trkpt lat="43.85263706557452678680419921875" lon="87.5108069367706775665283203125">
        <ele>800.4000244140625</ele>
        <time>2026-08-14T13:48:10.000Z</time>
        <extensions>
          <ns3:TrackPointExtension>
            <ns3:hr>156</ns3:hr>
            <ns3:cad>53</ns3:cad>
          </ns3:TrackPointExtension>
        </extensions>
      </trkpt>
      <trkpt lat="43.85256774723529815673828125" lon="87.51084054820239543914794921875">
        <ele>800.79998779296875</ele>
        <time>2026-08-14T13:48:16.000Z</time>
        <extensions>
          <ns3:TrackPointExtension>
            <ns3:hr>154</ns3:hr>
            <ns3:cad>54</ns3:cad>
          </ns3:TrackPointExtension>
        </extensions>
      </trkpt>
      <trkpt lat="43.8525538332760334014892578125" lon="87.51082747243344783782958984375">
        <ele>801</ele>
        <time>2026-08-14T13:48:17.000Z</time>
        <extensions>
          <ns3:TrackPointExtension>
            <ns3:hr>153</ns3:hr>
            <ns3:cad>54</ns3:cad>
          </ns3:TrackPointExtension>
        </extensions>
      </trkpt>
      <trkpt lat="43.8525260053575038909912109375" lon="87.51081154681742191314697265625">
        <ele>801.20001220703125</ele>
        <time>2026-08-14T13:48:19.000Z</time>
        <extensions>
          <ns3:TrackPointExtension>
            <ns3:hr>152</ns3:hr>
            <ns3:cad>54</ns3:cad>
          </ns3:TrackPointExtension>
        </extensions>
      </trkpt>
      <trkpt lat="43.85247697122395038604736328125" lon="87.51082956790924072265625">
        <ele>801.5999755859375</ele>
        <time>2026-08-14T13:48:22.000Z</time>
        <extensions>
          <ns3:TrackPointExtension>
            <ns3:hr>151</ns3:hr>
            <ns3:cad>54</ns3:cad>
          </ns3:TrackPointExtension>
        </extensions>
      </trkpt>
      <trkpt lat="43.8524468801915645599365234375" lon="87.51081992872059345245361328125">
        <ele>801.79998779296875</ele>
        <time>2026-08-14T13:48:24.000Z</time>
        <extensions>
          <ns3:TrackPointExtension>
            <ns3:hr>150</ns3:hr>
            <ns3:cad>55</ns3:cad>
          </ns3:TrackPointExtension>
        </extensions>
      </trkpt>
      <trkpt lat="43.85238527320325374603271484375" lon="87.51080735586583614349365234375">
        <ele>802.20001220703125</ele>
        <time>2026-08-14T13:48:27.000Z</time>
        <extensions>
          <ns3:TrackPointExtension>
            <ns3:hr>149</ns3:hr>
            <ns3:cad>78</ns3:cad>
          </ns3:TrackPointExtension>
        </extensions>
      </trkpt>
      <trkpt lat="43.8523592054843902587890625" lon="87.510818503797054290771484375">
        <ele>802.4000244140625</ele>
        <time>2026-08-14T13:48:28.000Z</time>
        <extensions>
          <ns3:TrackPointExtension>
            <ns3:hr>147</ns3:hr>
            <ns3:cad>79</ns3:cad>
          </ns3:TrackPointExtension>
        </extensions>
      </trkpt>
      <trkpt lat="43.852287121117115020751953125" lon="87.510827891528606414794921875">
        <ele>803</ele>
        <time>2026-08-14T13:48:31.000Z</time>
        <extensions>
          <ns3:TrackPointExtension>
            <ns3:hr>145</ns3:hr>
            <ns3:cad>79</ns3:cad>
          </ns3:TrackPointExtension>
        </extensions>
      </trkpt>
      <trkpt lat="43.85215711779892444610595703125" lon="87.51088145188987255096435546875">
        <ele>803.4000244140625</ele>
        <time>2026-08-14T13:48:36.000Z</time>
        <extensions>
          <ns3:TrackPointExtension>
            <ns3:hr>148</ns3:hr>
            <ns3:cad>80</ns3:cad>
          </ns3:TrackPointExtension>
        </extensions>
      </trkpt>
      <trkpt lat="43.8520844466984272003173828125" lon="87.51088120043277740478515625">
        <ele>803.5999755859375</ele>
        <time>2026-08-14T13:48:39.000Z</time>
        <extensions>
          <ns3:TrackPointExtension>
            <ns3:hr>149</ns3:hr>
            <ns3:cad>81</ns3:cad>
          </ns3:TrackPointExtension>
        </extensions>
      </trkpt>
      <trkpt lat="43.85203474201261997222900390625" lon="87.51087047159671783447265625">
        <ele>803.79998779296875</ele>
        <time>2026-08-14T13:48:41.000Z</time>
        <extensions>
          <ns3:TrackPointExtension>
            <ns3:hr>150</ns3:hr>
            <ns3:cad>81</ns3:cad>
          </ns3:TrackPointExtension>
        </extensions>
      </trkpt>
      <trkpt lat="43.8519137911498546600341796875" lon="87.51086376607418060302734375">
        <ele>804.20001220703125</ele>
        <time>2026-08-14T13:48:46.000Z</time>
        <extensions>
          <ns3:TrackPointExtension>
            <ns3:hr>150</ns3:hr>
            <ns3:cad>80</ns3:cad>
          </ns3:TrackPointExtension>
        </extensions>
      </trkpt>
      <trkpt lat="43.8518651761114597320556640625" lon="87.51083015464246273040771484375">
        <ele>804.20001220703125</ele>
        <time>2026-08-14T13:48:50.000Z</time>
        <extensions>
          <ns3:TrackPointExtension>
            <ns3:hr>152</ns3:hr>
            <ns3:cad>81</ns3:cad>
          </ns3:TrackPointExtension>
        </extensions>
      </trkpt>
      <trkpt lat="43.85185704566538333892822265625" lon="87.510825879871845245361328125">
        <ele>804.20001220703125</ele>
        <time>2026-08-14T13:48:51.000Z</time>
        <extensions>
          <ns3:TrackPointExtension>
            <ns3:hr>153</ns3:hr>
            <ns3:cad>81</ns3:cad>
          </ns3:TrackPointExtension>
        </extensions>
      </trkpt>
      <trkpt lat="43.85181379504501819610595703125" lon="87.51079402863979339599609375">
        <ele>804.20001220703125</ele>
        <time>2026-08-14T13:48:55.000Z</time>
        <extensions>
          <ns3:TrackPointExtension>
            <ns3:hr>155</ns3:hr>
            <ns3:cad>81</ns3:cad>
          </ns3:TrackPointExtension>
        </extensions>
      </trkpt>
      <trkpt lat="43.8517887331545352935791015625" lon="87.5107838027179241180419921875">
        <ele>804.20001220703125</ele>
        <time>2026-08-14T13:48:57.000Z</time>
        <extensions>
          <ns3:TrackPointExtension>
            <ns3:hr>156</ns3:hr>
            <ns3:cad>55</ns3:cad>
          </ns3:TrackPointExtension>
        </extensions>
      </trkpt>
      <trkpt lat="43.851737938821315765380859375" lon="87.5108200125396251678466796875">
        <ele>804.5999755859375</ele>
        <time>2026-08-14T13:49:00.000Z</time>
        <extensions>
          <ns3:TrackPointExtension>
            <ns3:hr>156</ns3:hr>
            <ns3:cad>55</ns3:cad>
          </ns3:TrackPointExtension>
        </extensions>
      </trkpt>
      <trkpt lat="43.85171505622565746307373046875" lon="87.510816156864166259765625">
        <ele>804.5999755859375</ele>
        <time>2026-08-14T13:49:02.000Z</time>
        <extensions>
          <ns3:TrackPointExtension>
            <ns3:hr>154</ns3:hr>
            <ns3:cad>55</ns3:cad>
          </ns3:TrackPointExtension>
        </extensions>
      </trkpt>
      <trkpt lat="43.8516925089061260223388671875" lon="87.510800398886203765869140625">
        <ele>804.5999755859375</ele>
        <time>2026-08-14T13:49:04.000Z</time>
        <extensions>
          <ns3:TrackPointExtension>
            <ns3:hr>152</ns3:hr>
            <ns3:cad>56</ns3:cad>
          </ns3:TrackPointExtension>
        </extensions>
      </trkpt>
      <trkpt lat="43.8516482524573802947998046875" lon="87.5107952021062374114990234375">
        <ele>804.79998779296875</ele>
        <time>2026-08-14T13:49:07.000Z</time>
        <extensions>
          <ns3:TrackPointExtension>
            <ns3:hr>151</ns3:hr>
            <ns3:cad>56</ns3:cad>
          </ns3:TrackPointExtension>
        </extensions>
      </trkpt>
      <trkpt lat="43.85154339484870433807373046875" lon="87.51070082187652587890625">
        <ele>804.79998779296875</ele>
        <time>2026-08-14T13:49:13.000Z</time>
        <extensions>
          <ns3:TrackPointExtension>
            <ns3:hr>151</ns3:hr>
            <ns3:cad>79</ns3:cad>
          </ns3:TrackPointExtension>
        </extensions>
      </trkpt>
      <trkpt lat="43.8513934426009654998779296875" lon="87.51065027900040149688720703125">
        <ele>805.4000244140625</ele>
        <time>2026-08-14T13:49:19.000Z</time>
        <extensions>
          <ns3:TrackPointExtension>
            <ns3:hr>151</ns3:hr>
            <ns3:cad>82</ns3:cad>
          </ns3:TrackPointExtension>
        </extensions>
      </trkpt>
      <trkpt lat="43.85123603045940399169921875" lon="87.5105031765997409820556640625">
        <ele>805.4000244140625</ele>
        <time>2026-08-14T13:49:27.000Z</time>
        <extensions>
          <ns3:TrackPointExtension>
            <ns3:hr>150</ns3:hr>
            <ns3:cad>82</ns3:cad>
          </ns3:TrackPointExtension>
        </extensions>
      </trkpt>
      <trkpt lat="43.85121365077793598175048828125" lon="87.51049898564815521240234375">
        <ele>805.5999755859375</ele>
        <time>2026-08-14T13:49:28.000Z</time>
        <extensions>
          <ns3:TrackPointExtension>
            <ns3:hr>152</ns3:hr>
            <ns3:cad>82</ns3:cad>
          </ns3:TrackPointExtension>
        </extensions>
      </trkpt>
      <trkpt lat="43.85109144262969493865966796875" lon="87.5104394741356372833251953125">
        <ele>805.79998779296875</ele>
        <time>2026-08-14T13:49:34.000Z</time>
        <extensions>
          <ns3:TrackPointExtension>
            <ns3:hr>149</ns3:hr>
            <ns3:cad>82</ns3:cad>
          </ns3:TrackPointExtension>
        </extensions>
      </trkpt>
      <trkpt lat="43.8510749302804470062255859375" lon="87.51044475473463535308837890625">
        <ele>805.79998779296875</ele>
        <time>2026-08-14T13:49:35.000Z</time>
        <extensions>
          <ns3:TrackPointExtension>
            <ns3:hr>149</ns3:hr>
            <ns3:cad>82</ns3:cad>
          </ns3:TrackPointExtension>
        </extensions>
      </trkpt>
      <trkpt lat="43.85098633356392383575439453125" lon="87.5104126520454883575439453125">
        <ele>805.5999755859375</ele>
        <time>2026-08-14T13:49:42.000Z</time>
        <extensions>
          <ns3:TrackPointExtension>
            <ns3:hr>147</ns3:hr>
            <ns3:cad>56</ns3:cad>
          </ns3:TrackPointExtension>
        </extensions>
      </trkpt>
      <trkpt lat="43.85095481760799884796142578125" lon="87.51038373447954654693603515625">
        <ele>805.4000244140625</ele>
        <time>2026-08-14T13:49:45.000Z</time>
        <extensions>
          <ns3:TrackPointExtension>
            <ns3:hr>150</ns3:hr>
            <ns3:cad>55</ns3:cad>
          </ns3:TrackPointExtension>
        </extensions>
      </trkpt>
      <trkpt lat="43.85094023309648036956787109375" lon="87.51039111055433750152587890625">
        <ele>805.4000244140625</ele>
        <time>2026-08-14T13:49:46.000Z</time>
        <extensions>
          <ns3:TrackPointExtension>
            <ns3:hr>150</ns3:hr>
            <ns3:cad>54</ns3:cad>
          </ns3:TrackPointExtension>
        </extensions>
      </trkpt>
      <trkpt lat="43.85092263109982013702392578125" lon="87.51036998815834522247314453125">
        <ele>805.20001220703125</ele>
        <time>2026-08-14T13:49:48.000Z</time>
        <extensions>
          <ns3:TrackPointExtension>
            <ns3:hr>150</ns3:hr>
            <ns3:cad>54</ns3:cad>
          </ns3:TrackPointExtension>
        </extensions>
      </trkpt>
      <trkpt lat="43.8509139977395534515380859375" lon="87.51036110334098339080810546875">
        <ele>805.20001220703125</ele>
        <time>2026-08-14T13:49:49.000Z</time>
        <extensions>
          <ns3:TrackPointExtension>
            <ns3:hr>150</ns3:hr>
            <ns3:cad>54</ns3:cad>
          </ns3:TrackPointExtension>
        </extensions>
      </trkpt>
      <trkpt lat="43.85087032802402973175048828125" lon="87.51038708724081516265869140625">
        <ele>805.5999755859375</ele>
        <time>2026-08-14T13:49:52.000Z</time>
        <extensions>
          <ns3:TrackPointExtension>
            <ns3:hr>149</ns3:hr>
            <ns3:cad>54</ns3:cad>
          </ns3:TrackPointExtension>
        </extensions>
      </trkpt>
      <trkpt lat="43.85081551037728786468505859375" lon="87.51038641668856143951416015625">
        <ele>806</ele>
        <time>2026-08-14T13:49:55.000Z</time>
        <extensions>
          <ns3:TrackPointExtension>
            <ns3:hr>145</ns3:hr>
            <ns3:cad>54</ns3:cad>
          </ns3:TrackPointExtension>
        </extensions>
      </trkpt>
      <trkpt lat="43.85076337493956089019775390625" lon="87.5103935413062572479248046875">
        <ele>806.20001220703125</ele>
        <time>2026-08-14T13:49:57.000Z</time>
        <extensions>
          <ns3:TrackPointExtension>
            <ns3:hr>143</ns3:hr>
            <ns3:cad>80</ns3:cad>
          </ns3:TrackPointExtension>
        </extensions>
      </trkpt>
      <trkpt lat="43.85068927891552448272705078125" lon="87.51039714552462100982666015625">
        <ele>806.5999755859375</ele>
        <time>2026-08-14T13:50:00.000Z</time>
        <extensions>
          <ns3:TrackPointExtension>
            <ns3:hr>140</ns3:hr>
            <ns3:cad>80</ns3:cad>
          </ns3:TrackPointExtension>
        </extensions>
      </trkpt>
      <trkpt lat="43.8506088964641094207763671875" lon="87.51040921546518802642822265625">
        <ele>807</ele>
        <time>2026-08-14T13:50:03.000Z</time>
        <extensions>
          <ns3:TrackPointExtension>
            <ns3:hr>140</ns3:hr>
            <ns3:cad>81</ns3:cad>
          </ns3:TrackPointExtension>
        </extensions>
      </trkpt>
      <trkpt lat="43.8504655659198760986328125" lon="87.51048180274665355682373046875">
        <ele>808.5999755859375</ele>
        <time>2026-08-14T13:50:08.000Z</time>
        <extensions>
          <ns3:TrackPointExtension>
            <ns3:hr>143</ns3:hr>
            <ns3:cad>82</ns3:cad>
          </ns3:TrackPointExtension>
        </extensions>
      </trkpt>
      <trkpt lat="43.850300945341587066650390625" lon="87.510544247925281524658203125">
        <ele>808.5999755859375</ele>
        <time>2026-08-14T13:50:14.000Z</time>
        <extensions>
          <ns3:TrackPointExtension>
            <ns3:hr>145</ns3:hr>
            <ns3:cad>82</ns3:cad>
          </ns3:TrackPointExtension>
        </extensions>
      </trkpt>
      <trkpt lat="43.85018971748650074005126953125" lon="87.5105641968548297882080078125">
        <ele>809.4000244140625</ele>
        <time>2026-08-14T13:50:18.000Z</time>
        <extensions>
          <ns3:TrackPointExtension>
            <ns3:hr>148</ns3:hr>
            <ns3:cad>82</ns3:cad>
          </ns3:TrackPointExtension>
        </extensions>
      </trkpt>
      <trkpt lat="43.85014160536229610443115234375" lon="87.5105698965489864349365234375">
        <ele>809.79998779296875</ele>
        <time>2026-08-14T13:50:21.000Z</time>
        <extensions>
          <ns3:TrackPointExtension>
            <ns3:hr>150</ns3:hr>
            <ns3:cad>82</ns3:cad>
          </ns3:TrackPointExtension>
        </extensions>
      </trkpt>
      <trkpt lat="43.85010874830186367034912109375" lon="87.5105789490044116973876953125">
        <ele>810.20001220703125</ele>
        <time>2026-08-14T13:50:23.000Z</time>
        <extensions>
          <ns3:TrackPointExtension>
            <ns3:hr>152</ns3:hr>
            <ns3:cad>82</ns3:cad>
          </ns3:TrackPointExtension>
        </extensions>
      </trkpt>
      <trkpt lat="43.85007605887949466705322265625" lon="87.5105600059032440185546875">
        <ele>810.20001220703125</ele>
        <time>2026-08-14T13:50:26.000Z</time>
        <extensions>
          <ns3:TrackPointExtension>
            <ns3:hr>153</ns3:hr>
            <ns3:cad>82</ns3:cad>
          </ns3:TrackPointExtension>
        </extensions>
      </trkpt>
      <trkpt lat="43.84999140165746212005615234375" lon="87.51056243665516376495361328125">
        <ele>810.79998779296875</ele>
        <time>2026-08-14T13:50:33.000Z</time>
        <extensions>
          <ns3:TrackPointExtension>
            <ns3:hr>153</ns3:hr>
            <ns3:cad>56</ns3:cad>
          </ns3:TrackPointExtension>
        </extensions>
      </trkpt>
      <trkpt lat="43.84995527565479278564453125" lon="87.51059998758137226104736328125">
        <ele>811.4000244140625</ele>
        <time>2026-08-14T13:50:35.000Z</time>
        <extensions>
          <ns3:TrackPointExtension>
            <ns3:hr>153</ns3:hr>
            <ns3:cad>56</ns3:cad>
          </ns3:TrackPointExtension>
        </extensions>
      </trkpt>
      <trkpt lat="43.84988947771489620208740234375" lon="87.51062043942511081695556640625">
        <ele>812</ele>
        <time>2026-08-14T13:50:39.000Z</time>
        <extensions>
          <ns3:TrackPointExtension>
            <ns3:hr>152</ns3:hr>
            <ns3:cad>55</ns3:cad>
          </ns3:TrackPointExtension>
        </extensions>
      </trkpt>
      <trkpt lat="43.849847316741943359375" lon="87.51061960123479366302490234375">
        <ele>812.4000244140625</ele>
        <time>2026-08-14T13:50:43.000Z</time>
        <extensions>
          <ns3:TrackPointExtension>
            <ns3:hr>152</ns3:hr>
            <ns3:cad>56</ns3:cad>
          </ns3:TrackPointExtension>
        </extensions>
      </trkpt>
      <trkpt lat="43.84978151880204677581787109375" lon="87.51061054877936840057373046875">
        <ele>812.79998779296875</ele>
        <time>2026-08-14T13:50:47.000Z</time>
        <extensions>
          <ns3:TrackPointExtension>
            <ns3:hr>149</ns3:hr>
            <ns3:cad>56</ns3:cad>
          </ns3:TrackPointExtension>
        </extensions>
      </trkpt>
      <trkpt lat="43.84967858903110027313232421875" lon="87.51060183160006999969482421875">
        <ele>813</ele>
        <time>2026-08-14T13:50:51.000Z</time>
        <extensions>
          <ns3:TrackPointExtension>
            <ns3:hr>146</ns3:hr>
            <ns3:cad>79</ns3:cad>
          </ns3:TrackPointExtension>
        </extensions>
      </trkpt>
      <trkpt lat="43.84965394623577594757080078125" lon="87.51060769893229007720947265625">
        <ele>813</ele>
        <time>2026-08-14T13:50:52.000Z</time>
        <extensions>
          <ns3:TrackPointExtension>
            <ns3:hr>145</ns3:hr>
            <ns3:cad>79</ns3:cad>
          </ns3:TrackPointExtension>
        </extensions>
      </trkpt>
      <trkpt lat="43.84951539337635040283203125" lon="87.510606944561004638671875">
        <ele>813</ele>
        <time>2026-08-14T13:50:58.000Z</time>
        <extensions>
          <ns3:TrackPointExtension>
            <ns3:hr>145</ns3:hr>
            <ns3:cad>82</ns3:cad>
          </ns3:TrackPointExtension>
        </extensions>
      </trkpt>
      <trkpt lat="43.8493157364428043365478515625" lon="87.51057702116668224334716796875">
        <ele>812.79998779296875</ele>
        <time>2026-08-14T13:51:06.000Z</time>
        <extensions>
          <ns3:TrackPointExtension>
            <ns3:hr>147</ns3:hr>
            <ns3:cad>82</ns3:cad>
          </ns3:TrackPointExtension>
        </extensions>
      </trkpt>
      <trkpt lat="43.8491271436214447021484375" lon="87.510587833821773529052734375">
        <ele>813.4000244140625</ele>
        <time>2026-08-14T13:51:13.000Z</time>
        <extensions>
          <ns3:TrackPointExtension>
            <ns3:hr>150</ns3:hr>
            <ns3:cad>82</ns3:cad>
          </ns3:TrackPointExtension>
        </extensions>
      </trkpt>
      <trkpt lat="43.84897367097437381744384765625" lon="87.51058959402143955230712890625">
        <ele>814.4000244140625</ele>
        <time>2026-08-14T13:51:19.000Z</time>
        <extensions>
          <ns3:TrackPointExtension>
            <ns3:hr>151</ns3:hr>
            <ns3:cad>82</ns3:cad>
          </ns3:TrackPointExtension>
        </extensions>
      </trkpt>
      <trkpt lat="43.8489553146064281463623046875" lon="87.51057668589055538177490234375">
        <ele>814.5999755859375</ele>
        <time>2026-08-14T13:51:20.000Z</time>
        <extensions>
          <ns3:TrackPointExtension>
            <ns3:hr>152</ns3:hr>
            <ns3:cad>82</ns3:cad>
          </ns3:TrackPointExtension>
        </extensions>
      </trkpt>
      <trkpt lat="43.848803937435150146484375" lon="87.51053921878337860107421875">
        <ele>814.5999755859375</ele>
        <time>2026-08-14T13:51:26.000Z</time>
        <extensions>
          <ns3:TrackPointExtension>
            <ns3:hr>153</ns3:hr>
            <ns3:cad>82</ns3:cad>
          </ns3:TrackPointExtension>
        </extensions>
      </trkpt>
      <trkpt lat="43.84873218834400177001953125" lon="87.51054131425917148590087890625">
        <ele>814.79998779296875</ele>
        <time>2026-08-14T13:51:29.000Z</time>
        <extensions>
          <ns3:TrackPointExtension>
            <ns3:hr>155</ns3:hr>
            <ns3:cad>81</ns3:cad>
          </ns3:TrackPointExtension>
        </extensions>
      </trkpt>
      <trkpt lat="43.8486964814364910125732421875" lon="87.5105524621903896331787109375">
        <ele>815.20001220703125</ele>
        <time>2026-08-14T13:51:31.000Z</time>
        <extensions>
          <ns3:TrackPointExtension>
            <ns3:hr>157</ns3:hr>
            <ns3:cad>81</ns3:cad>
          </ns3:TrackPointExtension>
        </extensions>
      </trkpt>
      <trkpt lat="43.84868315421044826507568359375" lon="87.5105554796755313873291015625">
        <ele>815.20001220703125</ele>
        <time>2026-08-14T13:51:32.000Z</time>
        <extensions>
          <ns3:TrackPointExtension>
            <ns3:hr>157</ns3:hr>
            <ns3:cad>81</ns3:cad>
          </ns3:TrackPointExtension>
        </extensions>
      </trkpt>
      <trkpt lat="43.84864929132163524627685546875" lon="87.51054952852427959442138671875">
        <ele>815.20001220703125</ele>
        <time>2026-08-14T13:51:35.000Z</time>
        <extensions>
          <ns3:TrackPointExtension>
            <ns3:hr>158</ns3:hr>
            <ns3:cad>81</ns3:cad>
          </ns3:TrackPointExtension>
        </extensions>
      </trkpt>
      <trkpt lat="43.848609812557697296142578125" lon="87.51052287407219409942626953125">
        <ele>815</ele>
        <time>2026-08-14T13:51:39.000Z</time>
        <extensions>
          <ns3:TrackPointExtension>
            <ns3:hr>159</ns3:hr>
            <ns3:cad>44</ns3:cad>
          </ns3:TrackPointExtension>
        </extensions>
      </trkpt>
      <trkpt lat="43.8485945574939250946044921875" lon="87.51049102284014225006103515625">
        <ele>814.79998779296875</ele>
        <time>2026-08-14T13:51:41.000Z</time>
        <extensions>
          <ns3:TrackPointExtension>
            <ns3:hr>159</ns3:hr>
            <ns3:cad>44</ns3:cad>
          </ns3:TrackPointExtension>
        </extensions>
      </trkpt>
      <trkpt lat="43.848546780645847320556640625" lon="87.51044190488755702972412109375">
        <ele>814.20001220703125</ele>
        <time>2026-08-14T13:51:44.000Z</time>
        <extensions>
          <ns3:TrackPointExtension>
            <ns3:hr>156</ns3:hr>
            <ns3:cad>54</ns3:cad>
          </ns3:TrackPointExtension>
        </extensions>
      </trkpt>
      <trkpt lat="43.84853177703917026519775390625" lon="87.51042966730892658233642578125">
        <ele>814</ele>
        <time>2026-08-14T13:51:45.000Z</time>
        <extensions>
          <ns3:TrackPointExtension>
            <ns3:hr>156</ns3:hr>
            <ns3:cad>54</ns3:cad>
          </ns3:TrackPointExtension>
        </extensions>
      </trkpt>
      <trkpt lat="43.84848944842815399169921875" lon="87.51041240058839321136474609375">
        <ele>813.79998779296875</ele>
        <time>2026-08-14T13:51:47.000Z</time>
        <extensions>
          <ns3:TrackPointExtension>
            <ns3:hr>155</ns3:hr>
            <ns3:cad>78</ns3:cad>
          </ns3:TrackPointExtension>
        </extensions>
      </trkpt>
      <trkpt lat="43.84842013008892536163330078125" lon="87.5103895179927349090576171875">
        <ele>813.5999755859375</ele>
        <time>2026-08-14T13:51:50.000Z</time>
        <extensions>
          <ns3:TrackPointExtension>
            <ns3:hr>155</ns3:hr>
            <ns3:cad>78</ns3:cad>
          </ns3:TrackPointExtension>
        </extensions>
      </trkpt>
      <trkpt lat="43.8483707606792449951171875" lon="87.5103764422237873077392578125">
        <ele>813.4000244140625</ele>
        <time>2026-08-14T13:51:52.000Z</time>
        <extensions>
          <ns3:TrackPointExtension>
            <ns3:hr>155</ns3:hr>
            <ns3:cad>80</ns3:cad>
          </ns3:TrackPointExtension>
        </extensions>
      </trkpt>
      <trkpt lat="43.84817219339311122894287109375" lon="87.510316260159015655517578125">
        <ele>814.20001220703125</ele>
        <time>2026-08-14T13:52:00.000Z</time>
        <extensions>
          <ns3:TrackPointExtension>
            <ns3:hr>156</ns3:hr>
            <ns3:cad>81</ns3:cad>
          </ns3:TrackPointExtension>
        </extensions>
      </trkpt>
      <trkpt lat="43.8480152003467082977294921875" lon="87.51027795486152172088623046875">
        <ele>815.20001220703125</ele>
        <time>2026-08-14T13:52:06.000Z</time>
        <extensions>
          <ns3:TrackPointExtension>
            <ns3:hr>155</ns3:hr>
            <ns3:cad>81</ns3:cad>
          </ns3:TrackPointExtension>
        </extensions>
      </trkpt>
      <trkpt lat="43.84794202633202075958251953125" lon="87.51028751023113727569580078125">
        <ele>815.20001220703125</ele>
        <time>2026-08-14T13:52:11.000Z</time>
        <extensions>
          <ns3:TrackPointExtension>
            <ns3:hr>156</ns3:hr>
            <ns3:cad>80</ns3:cad>
          </ns3:TrackPointExtension>
        </extensions>
      </trkpt>
      <trkpt lat="43.8478294573724269866943359375" lon="87.5103373825550079345703125">
        <ele>815</ele>
        <time>2026-08-14T13:52:20.000Z</time>
        <extensions>
          <ns3:TrackPointExtension>
            <ns3:hr>155</ns3:hr>
            <ns3:cad>53</ns3:cad>
          </ns3:TrackPointExtension>
        </extensions>
      </trkpt>
      <trkpt lat="43.84769509546458721160888671875" lon="87.51036613248288631439208984375">
        <ele>816.4000244140625</ele>
        <time>2026-08-14T13:52:30.000Z</time>
        <extensions>
          <ns3:TrackPointExtension>
            <ns3:hr>156</ns3:hr>
            <ns3:cad>55</ns3:cad>
          </ns3:TrackPointExtension>
        </extensions>
      </trkpt>
      <trkpt lat="43.84763625450432300567626953125" lon="87.51036479137837886810302734375">
        <ele>817</ele>
        <time>2026-08-14T13:52:35.000Z</time>
        <extensions>
          <ns3:TrackPointExtension>
            <ns3:hr>153</ns3:hr>
            <ns3:cad>54</ns3:cad>
          </ns3:TrackPointExtension>
        </extensions>
      </trkpt>
      <trkpt lat="43.8475840352475643157958984375" lon="87.51034920103847980499267578125">
        <ele>817.4000244140625</ele>
        <time>2026-08-14T13:52:38.000Z</time>
        <extensions>
          <ns3:TrackPointExtension>
            <ns3:hr>153</ns3:hr>
            <ns3:cad>56</ns3:cad>
          </ns3:TrackPointExtension>
        </extensions>
      </trkpt>
      <trkpt lat="43.84747289121150970458984375" lon="87.51031349413096904754638671875">
        <ele>818.4000244140625</ele>
        <time>2026-08-14T13:52:43.000Z</time>
        <extensions>
          <ns3:TrackPointExtension>
            <ns3:hr>150</ns3:hr>
            <ns3:cad>80</ns3:cad>
          </ns3:TrackPointExtension>
        </extensions>
      </trkpt>
      <trkpt lat="43.84733400307595729827880859375" lon="87.5102959759533405303955078125">
        <ele>819.79998779296875</ele>
        <time>2026-08-14T13:52:49.000Z</time>
        <extensions>
          <ns3:TrackPointExtension>
            <ns3:hr>149</ns3:hr>
            <ns3:cad>79</ns3:cad>
          </ns3:TrackPointExtension>
        </extensions>
      </trkpt>
      <trkpt lat="43.84724264033138751983642578125" lon="87.51022808253765106201171875">
        <ele>820.5999755859375</ele>
        <time>2026-08-14T13:52:54.000Z</time>
        <extensions>
          <ns3:TrackPointExtension>
            <ns3:hr>151</ns3:hr>
            <ns3:cad>81</ns3:cad>
          </ns3:TrackPointExtension>
        </extensions>
      </trkpt>
      <trkpt lat="43.8472115434706211090087890625" lon="87.51019916497170925140380859375">
        <ele>820.79998779296875</ele>
        <time>2026-08-14T13:52:56.000Z</time>
        <extensions>
          <ns3:TrackPointExtension>
            <ns3:hr>151</ns3:hr>
            <ns3:cad>81</ns3:cad>
          </ns3:TrackPointExtension>
        </extensions>
      </trkpt>
      <trkpt lat="43.84720198810100555419921875" lon="87.51019715331494808197021484375">
        <ele>820.79998779296875</ele>
        <time>2026-08-14T13:52:57.000Z</time>
        <extensions>
          <ns3:TrackPointExtension>
            <ns3:hr>152</ns3:hr>
            <ns3:cad>81</ns3:cad>
          </ns3:TrackPointExtension>
        </extensions>
      </trkpt>
      <trkpt lat="43.84719151072204113006591796875" lon="87.5101871788501739501953125">
        <ele>820.79998779296875</ele>
        <time>2026-08-14T13:52:58.000Z</time>
        <extensions>
          <ns3:TrackPointExtension>
            <ns3:hr>152</ns3:hr>
            <ns3:cad>82</ns3:cad>
          </ns3:TrackPointExtension>
        </extensions>
      </trkpt>
      <trkpt lat="43.84709537029266357421875" lon="87.5101568363606929779052734375">
        <ele>821.4000244140625</ele>
        <time>2026-08-14T13:53:04.000Z</time>
        <extensions>
          <ns3:TrackPointExtension>
            <ns3:hr>153</ns3:hr>
            <ns3:cad>81</ns3:cad>
          </ns3:TrackPointExtension>
        </extensions>
      </trkpt>
      <trkpt lat="43.84702990762889385223388671875" lon="87.51015557907521724700927734375">
        <ele>821.79998779296875</ele>
        <time>2026-08-14T13:53:08.000Z</time>
        <extensions>
          <ns3:TrackPointExtension>
            <ns3:hr>153</ns3:hr>
            <ns3:cad>57</ns3:cad>
          </ns3:TrackPointExtension>
        </extensions>
      </trkpt>
      <trkpt lat="43.846968300640583038330078125" lon="87.510194219648838043212890625">
        <ele>822</ele>
        <time>2026-08-14T13:53:11.000Z</time>
        <extensions>
          <ns3:TrackPointExtension>
            <ns3:hr>150</ns3:hr>
            <ns3:cad>0</ns3:cad>
          </ns3:TrackPointExtension>
        </extensions>
      </trkpt>
      <trkpt lat="43.8468652032315731048583984375" lon="87.51024090684950351715087890625">
        <ele>823</ele>
        <time>2026-08-14T13:53:18.000Z</time>
        <extensions>
          <ns3:TrackPointExtension>
            <ns3:hr>150</ns3:hr>
            <ns3:cad>54</ns3:cad>
          </ns3:TrackPointExtension>
        </extensions>
      </trkpt>
      <trkpt lat="43.8468454219400882720947265625" lon="87.51024476252496242523193359375">
        <ele>823.20001220703125</ele>
        <time>2026-08-14T13:53:20.000Z</time>
        <extensions>
          <ns3:TrackPointExtension>
            <ns3:hr>150</ns3:hr>
            <ns3:cad>54</ns3:cad>
          </ns3:TrackPointExtension>
        </extensions>
      </trkpt>
      <trkpt lat="43.8468065299093723297119140625" lon="87.510215006768703460693359375">
        <ele>823.5999755859375</ele>
        <time>2026-08-14T13:53:23.000Z</time>
        <extensions>
          <ns3:TrackPointExtension>
            <ns3:hr>149</ns3:hr>
            <ns3:cad>53</ns3:cad>
          </ns3:TrackPointExtension>
        </extensions>
      </trkpt>
      <trkpt lat="43.846671245992183685302734375" lon="87.51019480638206005096435546875">
        <ele>825</ele>
        <time>2026-08-14T13:53:28.000Z</time>
        <extensions>
          <ns3:TrackPointExtension>
            <ns3:hr>147</ns3:hr>
            <ns3:cad>80</ns3:cad>
          </ns3:TrackPointExtension>
        </extensions>
      </trkpt>
      <trkpt lat="43.84661299176514148712158203125" lon="87.5101970694959163665771484375">
        <ele>824.79998779296875</ele>
        <time>2026-08-14T13:53:31.000Z</time>
        <extensions>
          <ns3:TrackPointExtension>
            <ns3:hr>144</ns3:hr>
            <ns3:cad>80</ns3:cad>
          </ns3:TrackPointExtension>
        </extensions>
      </trkpt>
      <trkpt lat="43.84658130817115306854248046875" lon="87.510198242962360382080078125">
        <ele>824.5999755859375</ele>
        <time>2026-08-14T13:53:34.000Z</time>
        <extensions>
          <ns3:TrackPointExtension>
            <ns3:hr>145</ns3:hr>
            <ns3:cad>82</ns3:cad>
          </ns3:TrackPointExtension>
        </extensions>
      </trkpt>
      <trkpt lat="43.84650528430938720703125" lon="87.51017552800476551055908203125">
        <ele>824.5999755859375</ele>
        <time>2026-08-14T13:53:40.000Z</time>
        <extensions>
          <ns3:TrackPointExtension>
            <ns3:hr>146</ns3:hr>
            <ns3:cad>55</ns3:cad>
          </ns3:TrackPointExtension>
        </extensions>
      </trkpt>
      <trkpt lat="43.84637854993343353271484375" lon="87.510136552155017852783203125">
        <ele>824.4000244140625</ele>
        <time>2026-08-14T13:53:50.000Z</time>
        <extensions>
          <ns3:TrackPointExtension>
            <ns3:hr>145</ns3:hr>
            <ns3:cad>54</ns3:cad>
          </ns3:TrackPointExtension>
        </extensions>
      </trkpt>
      <trkpt lat="43.84622843004763126373291015625" lon="87.510113753378391265869140625">
        <ele>823.79998779296875</ele>
        <time>2026-08-14T13:53:58.000Z</time>
        <extensions>
          <ns3:TrackPointExtension>
            <ns3:hr>143</ns3:hr>
            <ns3:cad>79</ns3:cad>
          </ns3:TrackPointExtension>
        </extensions>
      </trkpt>
      <trkpt lat="43.84613639675080776214599609375" lon="87.51010143198072910308837890625">
        <ele>823</ele>
        <time>2026-08-14T13:54:02.000Z</time>
        <extensions>
          <ns3:TrackPointExtension>
            <ns3:hr>146</ns3:hr>
            <ns3:cad>81</ns3:cad>
          </ns3:TrackPointExtension>
        </extensions>
      </trkpt>
      <trkpt lat="43.8460139371454715728759765625" lon="87.51011232845485210418701171875">
        <ele>823.4000244140625</ele>
        <time>2026-08-14T13:54:08.000Z</time>
        <extensions>
          <ns3:TrackPointExtension>
            <ns3:hr>148</ns3:hr>
            <ns3:cad>80</ns3:cad>
          </ns3:TrackPointExtension>
        </extensions>
      </trkpt>
      <trkpt lat="43.845912851393222808837890625" lon="87.5100555829703807830810546875">
        <ele>823.79998779296875</ele>
        <time>2026-08-14T13:54:16.000Z</time>
        <extensions>
          <ns3:TrackPointExtension>
            <ns3:hr>151</ns3:hr>
            <ns3:cad>54</ns3:cad>
          </ns3:TrackPointExtension>
        </extensions>
      </trkpt>
      <trkpt lat="43.84579340927302837371826171875" lon="87.51006773672997951507568359375">
        <ele>824.4000244140625</ele>
        <time>2026-08-14T13:54:25.000Z</time>
        <extensions>
          <ns3:TrackPointExtension>
            <ns3:hr>150</ns3:hr>
            <ns3:cad>55</ns3:cad>
          </ns3:TrackPointExtension>
        </extensions>
      </trkpt>
      <trkpt lat="43.84574630297720432281494140625" lon="87.51006052829325199127197265625">
        <ele>824.79998779296875</ele>
        <time>2026-08-14T13:54:30.000Z</time>
        <extensions>
          <ns3:TrackPointExtension>
            <ns3:hr>149</ns3:hr>
            <ns3:cad>55</ns3:cad>
          </ns3:TrackPointExtension>
        </extensions>
      </trkpt>
      <trkpt lat="43.8457242585718631744384765625" lon="87.51004225574433803558349609375">
        <ele>825</ele>
        <time>2026-08-14T13:54:32.000Z</time>
        <extensions>
          <ns3:TrackPointExtension>
            <ns3:hr>148</ns3:hr>
            <ns3:cad>54</ns3:cad>
          </ns3:TrackPointExtension>
        </extensions>
      </trkpt>
      <trkpt lat="43.8456954248249530792236328125" lon="87.51003756187856197357177734375">
        <ele>825.20001220703125</ele>
        <time>2026-08-14T13:54:34.000Z</time>
        <extensions>
          <ns3:TrackPointExtension>
            <ns3:hr>147</ns3:hr>
            <ns3:cad>54</ns3:cad>
          </ns3:TrackPointExtension>
        </extensions>
      </trkpt>
      <trkpt lat="43.84561789222061634063720703125" lon="87.51005616970360279083251953125">
        <ele>825.5999755859375</ele>
        <time>2026-08-14T13:54:38.000Z</time>
        <extensions>
          <ns3:TrackPointExtension>
            <ns3:hr>145</ns3:hr>
            <ns3:cad>55</ns3:cad>
          </ns3:TrackPointExtension>
        </extensions>
      </trkpt>
      <trkpt lat="43.84553633630275726318359375" lon="87.51006203703582286834716796875">
        <ele>826.4000244140625</ele>
        <time>2026-08-14T13:54:42.000Z</time>
        <extensions>
          <ns3:TrackPointExtension>
            <ns3:hr>144</ns3:hr>
            <ns3:cad>55</ns3:cad>
          </ns3:TrackPointExtension>
        </extensions>
      </trkpt>
      <trkpt lat="43.84552200324833393096923828125" lon="87.5100495480000972747802734375">
        <ele>826.4000244140625</ele>
        <time>2026-08-14T13:54:43.000Z</time>
        <extensions>
          <ns3:TrackPointExtension>
            <ns3:hr>144</ns3:hr>
            <ns3:cad>55</ns3:cad>
          </ns3:TrackPointExtension>
        </extensions>
      </trkpt>
      <trkpt lat="43.8454096019268035888671875" lon="87.51003890298306941986083984375">
        <ele>827.20001220703125</ele>
        <time>2026-08-14T13:54:48.000Z</time>
        <extensions>
          <ns3:TrackPointExtension>
            <ns3:hr>145</ns3:hr>
            <ns3:cad>80</ns3:cad>
          </ns3:TrackPointExtension>
        </extensions>
      </trkpt>
      <trkpt lat="43.84534045122563838958740234375" lon="87.50998961739242076873779296875">
        <ele>827.4000244140625</ele>
        <time>2026-08-14T13:54:52.000Z</time>
        <extensions>
          <ns3:TrackPointExtension>
            <ns3:hr>146</ns3:hr>
            <ns3:cad>81</ns3:cad>
          </ns3:TrackPointExtension>
        </extensions>
      </trkpt>
      <trkpt lat="43.84532016701996326446533203125" lon="87.50997989438474178314208984375">
        <ele>827.5999755859375</ele>
        <time>2026-08-14T13:54:53.000Z</time>
        <extensions>
          <ns3:TrackPointExtension>
            <ns3:hr>146</ns3:hr>
            <ns3:cad>81</ns3:cad>
          </ns3:TrackPointExtension>
        </extensions>
      </trkpt>
      <trkpt lat="43.8451697118580341339111328125" lon="87.509959526360034942626953125">
        <ele>828</ele>
        <time>2026-08-14T13:55:00.000Z</time>
        <extensions>
          <ns3:TrackPointExtension>
            <ns3:hr>147</ns3:hr>
            <ns3:cad>81</ns3:cad>
          </ns3:TrackPointExtension>
        </extensions>
      </trkpt>
      <trkpt lat="43.84505278430879116058349609375" lon="87.50996849499642848968505859375">
        <ele>828</ele>
        <time>2026-08-14T13:55:05.000Z</time>
        <extensions>
          <ns3:TrackPointExtension>
            <ns3:hr>148</ns3:hr>
            <ns3:cad>82</ns3:cad>
          </ns3:TrackPointExtension>
        </extensions>
      </trkpt>
      <trkpt lat="43.844945915043354034423828125" lon="87.50994888134300708770751953125">
        <ele>828.20001220703125</ele>
        <time>2026-08-14T13:55:10.000Z</time>
        <extensions>
          <ns3:TrackPointExtension>
            <ns3:hr>150</ns3:hr>
            <ns3:cad>82</ns3:cad>
          </ns3:TrackPointExtension>
        </extensions>
      </trkpt>
      <trkpt lat="43.84492454119026660919189453125" lon="87.50991694629192352294921875">
        <ele>828.4000244140625</ele>
        <time>2026-08-14T13:55:13.000Z</time>
        <extensions>
          <ns3:TrackPointExtension>
            <ns3:hr>153</ns3:hr>
            <ns3:cad>80</ns3:cad>
          </ns3:TrackPointExtension>
        </extensions>
      </trkpt>
      <trkpt lat="43.8448877446353435516357421875" lon="87.50991602428257465362548828125">
        <ele>828.4000244140625</ele>
        <time>2026-08-14T13:55:16.000Z</time>
        <extensions>
          <ns3:TrackPointExtension>
            <ns3:hr>155</ns3:hr>
            <ns3:cad>78</ns3:cad>
          </ns3:TrackPointExtension>
        </extensions>
      </trkpt>
      <trkpt lat="43.8448619283735752105712890625" lon="87.50991216860711574554443359375">
        <ele>828.5999755859375</ele>
        <time>2026-08-14T13:55:18.000Z</time>
        <extensions>
          <ns3:TrackPointExtension>
            <ns3:hr>156</ns3:hr>
            <ns3:cad>78</ns3:cad>
          </ns3:TrackPointExtension>
        </extensions>
      </trkpt>
      <trkpt lat="43.84483921341598033905029296875" lon="87.50989590771496295928955078125">
        <ele>828.5999755859375</ele>
        <time>2026-08-14T13:55:20.000Z</time>
        <extensions>
          <ns3:TrackPointExtension>
            <ns3:hr>157</ns3:hr>
            <ns3:cad>54</ns3:cad>
          </ns3:TrackPointExtension>
        </extensions>
      </trkpt>
      <trkpt lat="43.8448156602680683135986328125" lon="87.50989691354334354400634765625">
        <ele>828.79998779296875</ele>
        <time>2026-08-14T13:55:22.000Z</time>
        <extensions>
          <ns3:TrackPointExtension>
            <ns3:hr>157</ns3:hr>
            <ns3:cad>54</ns3:cad>
          </ns3:TrackPointExtension>
        </extensions>
      </trkpt>
      <trkpt lat="43.8447905145585536956787109375" lon="87.50989255495369434356689453125">
        <ele>828.79998779296875</ele>
        <time>2026-08-14T13:55:25.000Z</time>
        <extensions>
          <ns3:TrackPointExtension>
            <ns3:hr>156</ns3:hr>
            <ns3:cad>54</ns3:cad>
          </ns3:TrackPointExtension>
        </extensions>
      </trkpt>
      <trkpt lat="43.8447838090360164642333984375" lon="87.50988165847957134246826171875">
        <ele>828.79998779296875</ele>
        <time>2026-08-14T13:55:26.000Z</time>
        <extensions>
          <ns3:TrackPointExtension>
            <ns3:hr>156</ns3:hr>
            <ns3:cad>54</ns3:cad>
          </ns3:TrackPointExtension>
        </extensions>
      </trkpt>
      <trkpt lat="43.84472521953284740447998046875" lon="87.50989892520010471343994140625">
        <ele>829</ele>
        <time>2026-08-14T13:55:30.000Z</time>
        <extensions>
          <ns3:TrackPointExtension>
            <ns3:hr>156</ns3:hr>
            <ns3:cad>54</ns3:cad>
          </ns3:TrackPointExtension>
        </extensions>
      </trkpt>
      <trkpt lat="43.84471130557358264923095703125" lon="87.50988082028925418853759765625">
        <ele>829</ele>
        <time>2026-08-14T13:55:32.000Z</time>
        <extensions>
          <ns3:TrackPointExtension>
            <ns3:hr>160</ns3:hr>
            <ns3:cad>54</ns3:cad>
          </ns3:TrackPointExtension>
        </extensions>
      </trkpt>
      <trkpt lat="43.84469839744269847869873046875" lon="87.50986137427389621734619140625">
        <ele>829.20001220703125</ele>
        <time>2026-08-14T13:55:34.000Z</time>
        <extensions>
          <ns3:TrackPointExtension>
            <ns3:hr>161</ns3:hr>
            <ns3:cad>55</ns3:cad>
          </ns3:TrackPointExtension>
        </extensions>
      </trkpt>
      <trkpt lat="43.8446708209812641143798828125" lon="87.50985793769359588623046875">
        <ele>829.20001220703125</ele>
        <time>2026-08-14T13:55:36.000Z</time>
        <extensions>
          <ns3:TrackPointExtension>
            <ns3:hr>162</ns3:hr>
            <ns3:cad>54</ns3:cad>
          </ns3:TrackPointExtension>
        </extensions>
      </trkpt>
      <trkpt lat="43.844550959765911102294921875" lon="87.50985919497907161712646484375">
        <ele>829.5999755859375</ele>
        <time>2026-08-14T13:55:43.000Z</time>
        <extensions>
          <ns3:TrackPointExtension>
            <ns3:hr>159</ns3:hr>
            <ns3:cad>54</ns3:cad>
          </ns3:TrackPointExtension>
        </extensions>
      </trkpt>
      <trkpt lat="43.84452137164771556854248046875" lon="87.5098534114658832550048828125">
        <ele>829.79998779296875</ele>
        <time>2026-08-14T13:55:46.000Z</time>
        <extensions>
          <ns3:TrackPointExtension>
            <ns3:hr>156</ns3:hr>
            <ns3:cad>53</ns3:cad>
          </ns3:TrackPointExtension>
        </extensions>
      </trkpt>
      <trkpt lat="43.8445085473358631134033203125" lon="87.50985282473266124725341796875">
        <ele>829.79998779296875</ele>
        <time>2026-08-14T13:55:47.000Z</time>
        <extensions>
          <ns3:TrackPointExtension>
            <ns3:hr>149</ns3:hr>
            <ns3:cad>53</ns3:cad>
          </ns3:TrackPointExtension>
        </extensions>
      </trkpt>
      <trkpt lat="43.84449890814721584320068359375" lon="87.509816698729991912841796875">
        <ele>829.79998779296875</ele>
        <time>2026-08-14T13:55:49.000Z</time>
        <extensions>
          <ns3:TrackPointExtension>
            <ns3:hr>146</ns3:hr>
            <ns3:cad>53</ns3:cad>
          </ns3:TrackPointExtension>
        </extensions>
      </trkpt>
      <trkpt lat="43.844491951167583465576171875" lon="87.50979968346655368804931640625">
        <ele>829.79998779296875</ele>
        <time>2026-08-14T13:55:50.000Z</time>
        <extensions>
          <ns3:TrackPointExtension>
            <ns3:hr>145</ns3:hr>
            <ns3:cad>55</ns3:cad>
          </ns3:TrackPointExtension>
        </extensions>
      </trkpt>
      <trkpt lat="43.84443889372050762176513671875" lon="87.5097933970391750335693359375">
        <ele>829.79998779296875</ele>
        <time>2026-08-14T13:55:53.000Z</time>
        <extensions>
          <ns3:TrackPointExtension>
            <ns3:hr>143</ns3:hr>
            <ns3:cad>56</ns3:cad>
          </ns3:TrackPointExtension>
        </extensions>
      </trkpt>
      <trkpt lat="43.84441391564905643463134765625" lon="87.50980169512331485748291015625">
        <ele>829.79998779296875</ele>
        <time>2026-08-14T13:55:54.000Z</time>
        <extensions>
          <ns3:TrackPointExtension>
            <ns3:hr>142</ns3:hr>
            <ns3:cad>56</ns3:cad>
          </ns3:TrackPointExtension>
        </extensions>
      </trkpt>
      <trkpt lat="43.844339735805988311767578125" lon="87.50987914390861988067626953125">
        <ele>829.20001220703125</ele>
        <time>2026-08-14T13:55:57.000Z</time>
        <extensions>
          <ns3:TrackPointExtension>
            <ns3:hr>139</ns3:hr>
            <ns3:cad>78</ns3:cad>
          </ns3:TrackPointExtension>
        </extensions>
      </trkpt>
      <trkpt lat="43.844298161566257476806640625" lon="87.50996279530227184295654296875">
        <ele>829.20001220703125</ele>
        <time>2026-08-14T13:55:59.000Z</time>
        <extensions>
          <ns3:TrackPointExtension>
            <ns3:hr>138</ns3:hr>
            <ns3:cad>80</ns3:cad>
          </ns3:TrackPointExtension>
        </extensions>
      </trkpt>
      <trkpt lat="43.8442557491362094879150390625" lon="87.51020989380776882171630859375">
        <ele>830.79998779296875</ele>
        <time>2026-08-14T13:56:04.000Z</time>
        <extensions>
          <ns3:TrackPointExtension>
            <ns3:hr>142</ns3:hr>
            <ns3:cad>81</ns3:cad>
          </ns3:TrackPointExtension>
        </extensions>
      </trkpt>
      <trkpt lat="43.8442570902407169342041015625" lon="87.5102483667433261871337890625">
        <ele>831.20001220703125</ele>
        <time>2026-08-14T13:56:05.000Z</time>
        <extensions>
          <ns3:TrackPointExtension>
            <ns3:hr>143</ns3:hr>
            <ns3:cad>81</ns3:cad>
          </ns3:TrackPointExtension>
        </extensions>
      </trkpt>
      <trkpt lat="43.84423923678696155548095703125" lon="87.51035775057971477508544921875">
        <ele>831.79998779296875</ele>
        <time>2026-08-14T13:56:07.000Z</time>
        <extensions>
          <ns3:TrackPointExtension>
            <ns3:hr>146</ns3:hr>
            <ns3:cad>81</ns3:cad>
          </ns3:TrackPointExtension>
        </extensions>
      </trkpt>
      <trkpt lat="43.844222389161586761474609375" lon="87.51044265925884246826171875">
        <ele>832.79998779296875</ele>
        <time>2026-08-14T13:56:09.000Z</time>
        <extensions>
          <ns3:TrackPointExtension>
            <ns3:hr>147</ns3:hr>
            <ns3:cad>80</ns3:cad>
          </ns3:TrackPointExtension>
        </extensions>
      </trkpt>
      <trkpt lat="43.84427259676158428192138671875" lon="87.51051315106451511383056640625">
        <ele>833</ele>
        <time>2026-08-14T13:56:15.000Z</time>
        <extensions>
          <ns3:TrackPointExtension>
            <ns3:hr>148</ns3:hr>
            <ns3:cad>79</ns3:cad>
          </ns3:TrackPointExtension>
        </extensions>
      </trkpt>
      <trkpt lat="43.84433277882635593414306640625" lon="87.510487921535968780517578125">
        <ele>832</ele>
        <time>2026-08-14T13:56:20.000Z</time>
        <extensions>
          <ns3:TrackPointExtension>
            <ns3:hr>148</ns3:hr>
            <ns3:cad>80</ns3:cad>
          </ns3:TrackPointExtension>
        </extensions>
      </trkpt>
      <trkpt lat="43.8443586789071559906005859375" lon="87.51048297621309757232666015625">
        <ele>832</ele>
        <time>2026-08-14T13:56:22.000Z</time>
        <extensions>
          <ns3:TrackPointExtension>
            <ns3:hr>149</ns3:hr>
            <ns3:cad>80</ns3:cad>
          </ns3:TrackPointExtension>
        </extensions>
      </trkpt>
      <trkpt lat="43.84445599280297756195068359375" lon="87.5104714930057525634765625">
        <ele>831.5999755859375</ele>
        <time>2026-08-14T13:56:27.000Z</time>
        <extensions>
          <ns3:TrackPointExtension>
            <ns3:hr>151</ns3:hr>
            <ns3:cad>0</ns3:cad>
          </ns3:TrackPointExtension>
        </extensions>
      </trkpt>
      <trkpt lat="43.8445400632917881011962890625" lon="87.51049437560141086578369140625">
        <ele>831</ele>
        <time>2026-08-14T13:56:30.000Z</time>
        <extensions>
          <ns3:TrackPointExtension>
            <ns3:hr>154</ns3:hr>
            <ns3:cad>54</ns3:cad>
          </ns3:TrackPointExtension>
        </extensions>
      </trkpt>
      <trkpt lat="43.84460317902266979217529296875" lon="87.510479204356670379638671875">
        <ele>830.4000244140625</ele>
        <time>2026-08-14T13:56:33.000Z</time>
        <extensions>
          <ns3:TrackPointExtension>
            <ns3:hr>155</ns3:hr>
            <ns3:cad>55</ns3:cad>
          </ns3:TrackPointExtension>
        </extensions>
      </trkpt>
      <trkpt lat="43.84461424313485622406005859375" lon="87.51048129983246326446533203125">
        <ele>830.4000244140625</ele>
        <time>2026-08-14T13:56:36.000Z</time>
        <extensions>
          <ns3:TrackPointExtension>
            <ns3:hr>153</ns3:hr>
            <ns3:cad>55</ns3:cad>
          </ns3:TrackPointExtension>
        </extensions>
      </trkpt>
      <trkpt lat="43.84464726783335208892822265625" lon="87.510483227670192718505859375">
        <ele>830.20001220703125</ele>
        <time>2026-08-14T13:56:38.000Z</time>
        <extensions>
          <ns3:TrackPointExtension>
            <ns3:hr>150</ns3:hr>
            <ns3:cad>54</ns3:cad>
          </ns3:TrackPointExtension>
        </extensions>
      </trkpt>
      <trkpt lat="43.844667635858058929443359375" lon="87.5104978121817111968994140625">
        <ele>830.20001220703125</ele>
        <time>2026-08-14T13:56:41.000Z</time>
        <extensions>
          <ns3:TrackPointExtension>
            <ns3:hr>147</ns3:hr>
            <ns3:cad>54</ns3:cad>
          </ns3:TrackPointExtension>
        </extensions>
      </trkpt>
      <trkpt lat="43.844671659171581268310546875" lon="87.510494291782379150390625">
        <ele>830</ele>
        <time>2026-08-14T13:56:42.000Z</time>
        <extensions>
          <ns3:TrackPointExtension>
            <ns3:hr>146</ns3:hr>
            <ns3:cad>54</ns3:cad>
          </ns3:TrackPointExtension>
        </extensions>
      </trkpt>
      <trkpt lat="43.8446802087128162384033203125" lon="87.510495968163013458251953125">
        <ele>830</ele>
        <time>2026-08-14T13:56:43.000Z</time>
        <extensions>
          <ns3:TrackPointExtension>
            <ns3:hr>145</ns3:hr>
            <ns3:cad>54</ns3:cad>
          </ns3:TrackPointExtension>
        </extensions>
      </trkpt>
      <trkpt lat="43.84471356868743896484375" lon="87.51048699952661991119384765625">
        <ele>829.79998779296875</ele>
        <time>2026-08-14T13:56:44.000Z</time>
        <extensions>
          <ns3:TrackPointExtension>
            <ns3:hr>144</ns3:hr>
            <ns3:cad>54</ns3:cad>
          </ns3:TrackPointExtension>
        </extensions>
      </trkpt>
      <trkpt lat="43.8447744213044643402099609375" lon="87.51048934645950794219970703125">
        <ele>829.4000244140625</ele>
        <time>2026-08-14T13:56:46.000Z</time>
        <extensions>
          <ns3:TrackPointExtension>
            <ns3:hr>143</ns3:hr>
            <ns3:cad>54</ns3:cad>
          </ns3:TrackPointExtension>
        </extensions>
      </trkpt>
      <trkpt lat="43.84481540881097316741943359375" lon="87.510516755282878875732421875">
        <ele>829.4000244140625</ele>
        <time>2026-08-14T13:56:48.000Z</time>
        <extensions>
          <ns3:TrackPointExtension>
            <ns3:hr>142</ns3:hr>
            <ns3:cad>74</ns3:cad>
          </ns3:TrackPointExtension>
        </extensions>
      </trkpt>
      <trkpt lat="43.84499645791947841644287109375" lon="87.5105350278317928314208984375">
        <ele>828.5999755859375</ele>
        <time>2026-08-14T13:56:55.000Z</time>
        <extensions>
          <ns3:TrackPointExtension>
            <ns3:hr>140</ns3:hr>
            <ns3:cad>79</ns3:cad>
          </ns3:TrackPointExtension>
        </extensions>
      </trkpt>
      <trkpt lat="43.8450808636844158172607421875" lon="87.510526143014430999755859375">
        <ele>829</ele>
        <time>2026-08-14T13:56:58.000Z</time>
        <extensions>
          <ns3:TrackPointExtension>
            <ns3:hr>138</ns3:hr>
            <ns3:cad>80</ns3:cad>
          </ns3:TrackPointExtension>
        </extensions>
      </trkpt>
      <trkpt lat="43.8452900759875774383544921875" lon="87.51048750244081020355224609375">
        <ele>830.5999755859375</ele>
        <time>2026-08-14T13:57:04.000Z</time>
        <extensions>
          <ns3:TrackPointExtension>
            <ns3:hr>140</ns3:hr>
            <ns3:cad>81</ns3:cad>
          </ns3:TrackPointExtension>
        </extensions>
      </trkpt>
      <trkpt lat="43.8453728891909122467041015625" lon="87.5104958005249500274658203125">
        <ele>830.20001220703125</ele>
        <time>2026-08-14T13:57:07.000Z</time>
        <extensions>
          <ns3:TrackPointExtension>
            <ns3:hr>143</ns3:hr>
            <ns3:cad>81</ns3:cad>
          </ns3:TrackPointExtension>
        </extensions>
      </trkpt>
      <trkpt lat="43.84540951810777187347412109375" lon="87.51048901118338108062744140625">
        <ele>829.79998779296875</ele>
        <time>2026-08-14T13:57:08.000Z</time>
        <extensions>
          <ns3:TrackPointExtension>
            <ns3:hr>144</ns3:hr>
            <ns3:cad>81</ns3:cad>
          </ns3:TrackPointExtension>
        </extensions>
      </trkpt>
      <trkpt lat="43.84557380340993404388427734375" lon="87.5104984827339649200439453125">
        <ele>829.20001220703125</ele>
        <time>2026-08-14T13:57:15.000Z</time>
        <extensions>
          <ns3:TrackPointExtension>
            <ns3:hr>146</ns3:hr>
            <ns3:cad>82</ns3:cad>
          </ns3:TrackPointExtension>
        </extensions>
      </trkpt>
      <trkpt lat="43.845610432326793670654296875" lon="87.510515414178371429443359375">
        <ele>828.79998779296875</ele>
        <time>2026-08-14T13:57:18.000Z</time>
        <extensions>
          <ns3:TrackPointExtension>
            <ns3:hr>146</ns3:hr>
            <ns3:cad>79</ns3:cad>
          </ns3:TrackPointExtension>
        </extensions>
      </trkpt>
      <trkpt lat="43.8456563651561737060546875" lon="87.5105212815105915069580078125">
        <ele>828.20001220703125</ele>
        <time>2026-08-14T13:57:22.000Z</time>
        <extensions>
          <ns3:TrackPointExtension>
            <ns3:hr>145</ns3:hr>
            <ns3:cad>55</ns3:cad>
          </ns3:TrackPointExtension>
        </extensions>
      </trkpt>
      <trkpt lat="43.84570724330842494964599609375" lon="87.5105363689363002777099609375">
        <ele>827.5999755859375</ele>
        <time>2026-08-14T13:57:27.000Z</time>
        <extensions>
          <ns3:TrackPointExtension>
            <ns3:hr>145</ns3:hr>
            <ns3:cad>55</ns3:cad>
          </ns3:TrackPointExtension>
        </extensions>
      </trkpt>
      <trkpt lat="43.84572803042829036712646484375" lon="87.510516084730625152587890625">
        <ele>827</ele>
        <time>2026-08-14T13:57:29.000Z</time>
        <extensions>
          <ns3:TrackPointExtension>
            <ns3:hr>146</ns3:hr>
            <ns3:cad>55</ns3:cad>
          </ns3:TrackPointExtension>
        </extensions>
      </trkpt>
      <trkpt lat="43.8457846082746982574462890625" lon="87.51052178442478179931640625">
        <ele>826.4000244140625</ele>
        <time>2026-08-14T13:57:33.000Z</time>
        <extensions>
          <ns3:TrackPointExtension>
            <ns3:hr>146</ns3:hr>
            <ns3:cad>56</ns3:cad>
          </ns3:TrackPointExtension>
        </extensions>
      </trkpt>
      <trkpt lat="43.8458395935595035552978515625" lon="87.51051365397870540618896484375">
        <ele>825.4000244140625</ele>
        <time>2026-08-14T13:57:35.000Z</time>
        <extensions>
          <ns3:TrackPointExtension>
            <ns3:hr>144</ns3:hr>
            <ns3:cad>55</ns3:cad>
          </ns3:TrackPointExtension>
        </extensions>
      </trkpt>
      <trkpt lat="43.84590648114681243896484375" lon="87.5105439126491546630859375">
        <ele>825.5999755859375</ele>
        <time>2026-08-14T13:57:40.000Z</time>
        <extensions>
          <ns3:TrackPointExtension>
            <ns3:hr>140</ns3:hr>
            <ns3:cad>55</ns3:cad>
          </ns3:TrackPointExtension>
        </extensions>
      </trkpt>
      <trkpt lat="43.84594059549272060394287109375" lon="87.51055723987519741058349609375">
        <ele>825.5999755859375</ele>
        <time>2026-08-14T13:57:42.000Z</time>
        <extensions>
          <ns3:TrackPointExtension>
            <ns3:hr>136</ns3:hr>
            <ns3:cad>54</ns3:cad>
          </ns3:TrackPointExtension>
        </extensions>
      </trkpt>
      <trkpt lat="43.84597362019121646881103515625" lon="87.5105584971606731414794921875">
        <ele>825.5999755859375</ele>
        <time>2026-08-14T13:57:44.000Z</time>
        <extensions>
          <ns3:TrackPointExtension>
            <ns3:hr>134</ns3:hr>
            <ns3:cad>54</ns3:cad>
          </ns3:TrackPointExtension>
        </extensions>
      </trkpt>
      <trkpt lat="43.84615433402359485626220703125" lon="87.51058858819305896759033203125">
        <ele>825.79998779296875</ele>
        <time>2026-08-14T13:57:53.000Z</time>
        <extensions>
          <ns3:TrackPointExtension>
            <ns3:hr>132</ns3:hr>
            <ns3:cad>80</ns3:cad>
          </ns3:TrackPointExtension>
        </extensions>
      </trkpt>
      <trkpt lat="43.8463027775287628173828125" lon="87.5105787813663482666015625">
        <ele>826.20001220703125</ele>
        <time>2026-08-14T13:57:59.000Z</time>
        <extensions>
          <ns3:TrackPointExtension>
            <ns3:hr>133</ns3:hr>
            <ns3:cad>81</ns3:cad>
          </ns3:TrackPointExtension>
        </extensions>
      </trkpt>
      <trkpt lat="43.846367485821247100830078125" lon="87.5105615146458148956298828125">
        <ele>826.4000244140625</ele>
        <time>2026-08-14T13:58:02.000Z</time>
        <extensions>
          <ns3:TrackPointExtension>
            <ns3:hr>135</ns3:hr>
            <ns3:cad>81</ns3:cad>
          </ns3:TrackPointExtension>
        </extensions>
      </trkpt>
      <trkpt lat="43.84642691351473331451416015625" lon="87.51056076027452945709228515625">
        <ele>826.79998779296875</ele>
        <time>2026-08-14T13:58:04.000Z</time>
        <extensions>
          <ns3:TrackPointExtension>
            <ns3:hr>136</ns3:hr>
            <ns3:cad>82</ns3:cad>
          </ns3:TrackPointExtension>
        </extensions>
      </trkpt>
      <trkpt lat="43.8464953936636447906494140625" lon="87.51058590598404407501220703125">
        <ele>827</ele>
        <time>2026-08-14T13:58:09.000Z</time>
        <extensions>
          <ns3:TrackPointExtension>
            <ns3:hr>138</ns3:hr>
            <ns3:cad>74</ns3:cad>
          </ns3:TrackPointExtension>
        </extensions>
      </trkpt>
      <trkpt lat="43.846539147198200225830078125" lon="87.5105893425643444061279296875">
        <ele>827</ele>
        <time>2026-08-14T13:58:12.000Z</time>
        <extensions>
          <ns3:TrackPointExtension>
            <ns3:hr>140</ns3:hr>
            <ns3:cad>54</ns3:cad>
          </ns3:TrackPointExtension>
        </extensions>
      </trkpt>
      <trkpt lat="43.8465629518032073974609375" lon="87.5105923600494861602783203125">
        <ele>827</ele>
        <time>2026-08-14T13:58:14.000Z</time>
        <extensions>
          <ns3:TrackPointExtension>
            <ns3:hr>141</ns3:hr>
            <ns3:cad>54</ns3:cad>
          </ns3:TrackPointExtension>
        </extensions>
      </trkpt>
      <trkpt lat="43.84670653380453586578369140625" lon="87.510664276778697967529296875">
        <ele>827.20001220703125</ele>
        <time>2026-08-14T13:58:21.000Z</time>
        <extensions>
          <ns3:TrackPointExtension>
            <ns3:hr>138</ns3:hr>
            <ns3:cad>54</ns3:cad>
          </ns3:TrackPointExtension>
        </extensions>
      </trkpt>
      <trkpt lat="43.84673302061855792999267578125" lon="87.51067190431058406829833984375">
        <ele>827</ele>
        <time>2026-08-14T13:58:22.000Z</time>
        <extensions>
          <ns3:TrackPointExtension>
            <ns3:hr>139</ns3:hr>
            <ns3:cad>78</ns3:cad>
          </ns3:TrackPointExtension>
        </extensions>
      </trkpt>
      <trkpt lat="43.846903927624225616455078125" lon="87.5107531249523162841796875">
        <ele>826.20001220703125</ele>
        <time>2026-08-14T13:58:30.000Z</time>
        <extensions>
          <ns3:TrackPointExtension>
            <ns3:hr>141</ns3:hr>
            <ns3:cad>81</ns3:cad>
          </ns3:TrackPointExtension>
        </extensions>
      </trkpt>
      <trkpt lat="43.84700409136712551116943359375" lon="87.5108951143920421600341796875">
        <ele>826.5999755859375</ele>
        <time>2026-08-14T13:58:38.000Z</time>
        <extensions>
          <ns3:TrackPointExtension>
            <ns3:hr>142</ns3:hr>
            <ns3:cad>80</ns3:cad>
          </ns3:TrackPointExtension>
        </extensions>
      </trkpt>
      <trkpt lat="43.84701699949800968170166015625" lon="87.51092503778636455535888671875">
        <ele>826.5999755859375</ele>
        <time>2026-08-14T13:58:40.000Z</time>
        <extensions>
          <ns3:TrackPointExtension>
            <ns3:hr>142</ns3:hr>
            <ns3:cad>53</ns3:cad>
          </ns3:TrackPointExtension>
        </extensions>
      </trkpt>
      <trkpt lat="43.84703091345727443695068359375" lon="87.51096091233193874359130859375">
        <ele>826.79998779296875</ele>
        <time>2026-08-14T13:58:43.000Z</time>
        <extensions>
          <ns3:TrackPointExtension>
            <ns3:hr>143</ns3:hr>
            <ns3:cad>53</ns3:cad>
          </ns3:TrackPointExtension>
        </extensions>
      </trkpt>
      <trkpt lat="43.84718866087496280670166015625" lon="87.51087474636733531951904296875">
        <ele>824.4000244140625</ele>
        <time>2026-08-14T13:58:51.000Z</time>
        <extensions>
          <ns3:TrackPointExtension>
            <ns3:hr>143</ns3:hr>
            <ns3:cad>54</ns3:cad>
          </ns3:TrackPointExtension>
        </extensions>
      </trkpt>
      <trkpt lat="43.8472273014485836029052734375" lon="87.51087960787117481231689453125">
        <ele>824</ele>
        <time>2026-08-14T13:58:54.000Z</time>
        <extensions>
          <ns3:TrackPointExtension>
            <ns3:hr>142</ns3:hr>
            <ns3:cad>54</ns3:cad>
          </ns3:TrackPointExtension>
        </extensions>
      </trkpt>
      <trkpt lat="43.8472923450171947479248046875" lon="87.5108612515032291412353515625">
        <ele>823.5999755859375</ele>
        <time>2026-08-14T13:58:59.000Z</time>
        <extensions>
          <ns3:TrackPointExtension>
            <ns3:hr>139</ns3:hr>
            <ns3:cad>54</ns3:cad>
          </ns3:TrackPointExtension>
        </extensions>
      </trkpt>
      <trkpt lat="43.847323693335056304931640625" lon="87.5108391232788562774658203125">
        <ele>823.20001220703125</ele>
        <time>2026-08-14T13:59:01.000Z</time>
        <extensions>
          <ns3:TrackPointExtension>
            <ns3:hr>138</ns3:hr>
            <ns3:cad>54</ns3:cad>
          </ns3:TrackPointExtension>
        </extensions>
      </trkpt>
      <trkpt lat="43.84733635000884532928466796875" lon="87.51083350740373134613037109375">
        <ele>823.20001220703125</ele>
        <time>2026-08-14T13:59:02.000Z</time>
        <extensions>
          <ns3:TrackPointExtension>
            <ns3:hr>135</ns3:hr>
            <ns3:cad>54</ns3:cad>
          </ns3:TrackPointExtension>
        </extensions>
      </trkpt>
      <trkpt lat="43.847391419112682342529296875" lon="87.510812468826770782470703125">
        <ele>822.5999755859375</ele>
        <time>2026-08-14T13:59:05.000Z</time>
        <extensions>
          <ns3:TrackPointExtension>
            <ns3:hr>130</ns3:hr>
            <ns3:cad>53</ns3:cad>
          </ns3:TrackPointExtension>
        </extensions>
      </trkpt>
      <trkpt lat="43.8474338315427303314208984375" lon="87.510795034468173980712890625">
        <ele>822.20001220703125</ele>
        <time>2026-08-14T13:59:07.000Z</time>
        <extensions>
          <ns3:TrackPointExtension>
            <ns3:hr>127</ns3:hr>
            <ns3:cad>54</ns3:cad>
          </ns3:TrackPointExtension>
        </extensions>
      </trkpt>
      <trkpt lat="43.8474683649837970733642578125" lon="87.5107952021062374114990234375">
        <ele>821.79998779296875</ele>
        <time>2026-08-14T13:59:09.000Z</time>
        <extensions>
          <ns3:TrackPointExtension>
            <ns3:hr>124</ns3:hr>
            <ns3:cad>54</ns3:cad>
          </ns3:TrackPointExtension>
        </extensions>
      </trkpt>
      <trkpt lat="43.847487308084964752197265625" lon="87.510799057781696319580078125">
        <ele>821.5999755859375</ele>
        <time>2026-08-14T13:59:11.000Z</time>
        <extensions>
          <ns3:TrackPointExtension>
            <ns3:hr>123</ns3:hr>
            <ns3:cad>54</ns3:cad>
          </ns3:TrackPointExtension>
        </extensions>
      </trkpt>
      <trkpt lat="43.84751714766025543212890625" lon="87.51080584712326526641845703125">
        <ele>821.4000244140625</ele>
        <time>2026-08-14T13:59:13.000Z</time>
        <extensions>
          <ns3:TrackPointExtension>
            <ns3:hr>122</ns3:hr>
            <ns3:cad>0</ns3:cad>
          </ns3:TrackPointExtension>
        </extensions>
      </trkpt>
      <trkpt lat="43.847639523446559906005859375" lon="87.510822527110576629638671875">
        <ele>820.5999755859375</ele>
        <time>2026-08-14T13:59:18.000Z</time>
        <extensions>
          <ns3:TrackPointExtension>
            <ns3:hr>119</ns3:hr>
            <ns3:cad>79</ns3:cad>
          </ns3:TrackPointExtension>
        </extensions>
      </trkpt>
      <trkpt lat="43.84766626171767711639404296875" lon="87.510821856558322906494140625">
        <ele>820.4000244140625</ele>
        <time>2026-08-14T13:59:19.000Z</time>
        <extensions>
          <ns3:TrackPointExtension>
            <ns3:hr>119</ns3:hr>
            <ns3:cad>79</ns3:cad>
          </ns3:TrackPointExtension>
        </extensions>
      </trkpt>
      <trkpt lat="43.84781747125089168548583984375" lon="87.51084943301975727081298828125">
        <ele>819.5999755859375</ele>
        <time>2026-08-14T13:59:24.000Z</time>
        <extensions>
          <ns3:TrackPointExtension>
            <ns3:hr>116</ns3:hr>
            <ns3:cad>81</ns3:cad>
          </ns3:TrackPointExtension>
        </extensions>
      </trkpt>
      <trkpt lat="43.84784513153135776519775390625" lon="87.5108577311038970947265625">
        <ele>819.4000244140625</ele>
        <time>2026-08-14T13:59:25.000Z</time>
        <extensions>
          <ns3:TrackPointExtension>
            <ns3:hr>117</ns3:hr>
            <ns3:cad>82</ns3:cad>
          </ns3:TrackPointExtension>
        </extensions>
      </trkpt>
      <trkpt lat="43.84789575822651386260986328125" lon="87.51087608747184276580810546875">
        <ele>819.20001220703125</ele>
        <time>2026-08-14T13:59:28.000Z</time>
        <extensions>
          <ns3:TrackPointExtension>
            <ns3:hr>121</ns3:hr>
            <ns3:cad>81</ns3:cad>
          </ns3:TrackPointExtension>
        </extensions>
      </trkpt>
      <trkpt lat="43.8479347340762615203857421875" lon="87.510880194604396820068359375">
        <ele>819</ele>
        <time>2026-08-14T13:59:31.000Z</time>
        <extensions>
          <ns3:TrackPointExtension>
            <ns3:hr>122</ns3:hr>
            <ns3:cad>81</ns3:cad>
          </ns3:TrackPointExtension>
        </extensions>
      </trkpt>
      <trkpt lat="43.84796163998544216156005859375" lon="87.51102193258702754974365234375">
        <ele>820.79998779296875</ele>
        <time>2026-08-14T13:59:38.000Z</time>
        <extensions>
          <ns3:TrackPointExtension>
            <ns3:hr>125</ns3:hr>
            <ns3:cad>0</ns3:cad>
          </ns3:TrackPointExtension>
        </extensions>
      </trkpt>
      <trkpt lat="43.847961723804473876953125" lon="87.5110374391078948974609375">
        <ele>821</ele>
        <time>2026-08-14T13:59:39.000Z</time>
        <extensions>
          <ns3:TrackPointExtension>
            <ns3:hr>128</ns3:hr>
            <ns3:cad>49</ns3:cad>
          </ns3:TrackPointExtension>
        </extensions>
      </trkpt>
      <trkpt lat="43.8479603826999664306640625" lon="87.511054538190364837646484375">
        <ele>821.20001220703125</ele>
        <time>2026-08-14T13:59:41.000Z</time>
        <extensions>
          <ns3:TrackPointExtension>
            <ns3:hr>131</ns3:hr>
            <ns3:cad>51</ns3:cad>
          </ns3:TrackPointExtension>
        </extensions>
      </trkpt>
      <trkpt lat="43.84796717204153537750244140625" lon="87.51106149516999721527099609375">
        <ele>821.20001220703125</ele>
        <time>2026-08-14T13:59:46.000Z</time>
        <extensions>
          <ns3:TrackPointExtension>
            <ns3:hr>130</ns3:hr>
            <ns3:cad>0</ns3:cad>
          </ns3:TrackPointExtension>
        </extensions>
      </trkpt>
      <trkpt lat="43.84796775877475738525390625" lon="87.51106266863644123077392578125">
        <ele>821.20001220703125</ele>
        <time>2026-08-14T13:59:49.000Z</time>
        <extensions>
          <ns3:TrackPointExtension>
            <ns3:hr>126</ns3:hr>
            <ns3:cad>0</ns3:cad>
          </ns3:TrackPointExtension>
        </extensions>
      </trkpt>
      <trkpt lat="43.84796733967959880828857421875" lon="87.5110640935599803924560546875">
        <ele>821.20001220703125</ele>
        <time>2026-08-14T13:59:52.000Z</time>
        <extensions>
          <ns3:TrackPointExtension>
            <ns3:hr>123</ns3:hr>
            <ns3:cad>0</ns3:cad>
          </ns3:TrackPointExtension>
        </extensions>
      </trkpt>
      <trkpt lat="43.84796733967959880828857421875" lon="87.5110640935599803924560546875">
        <ele>821.20001220703125</ele>
        <time>2026-08-14T13:59:57.000Z</time>
        <extensions>
          <ns3:TrackPointExtension>
            <ns3:hr>120</ns3:hr>
            <ns3:cad>0</ns3:cad>
          </ns3:TrackPointExtension>
        </extensions>
      </trkpt>
      <trkpt lat="43.84796733967959880828857421875" lon="87.5110640935599803924560546875">
        <ele>821.20001220703125</ele>
        <time>2026-08-14T14:00:00.000Z</time>
        <extensions>
          <ns3:TrackPointExtension>
            <ns3:hr>117</ns3:hr>
            <ns3:cad>0</ns3:cad>
          </ns3:TrackPointExtension>
        </extensions>
      </trkpt>
      <trkpt lat="43.84796733967959880828857421875" lon="87.5110640935599803924560546875">
        <ele>821.20001220703125</ele>
        <time>2026-08-14T14:00:02.000Z</time>
        <extensions>
          <ns3:TrackPointExtension>
            <ns3:hr>114</ns3:hr>
            <ns3:cad>0</ns3:cad>
          </ns3:TrackPointExtension>
        </extensions>
      </trkpt>
      <trkpt lat="43.84796750731766223907470703125" lon="87.5110640935599803924560546875">
        <ele>821.20001220703125</ele>
        <time>2026-08-14T14:00:05.000Z</time>
        <extensions>
          <ns3:TrackPointExtension>
            <ns3:hr>110</ns3:hr>
            <ns3:cad>0</ns3:cad>
          </ns3:TrackPointExtension>
        </extensions>
      </trkpt>
      <trkpt lat="43.84796767495572566986083984375" lon="87.5110640935599803924560546875">
        <ele>821.20001220703125</ele>
        <time>2026-08-14T14:00:07.000Z</time>
        <extensions>
          <ns3:TrackPointExtension>
            <ns3:hr>110</ns3:hr>
            <ns3:cad>0</ns3:cad>
          </ns3:TrackPointExtension>
        </extensions>
      </trkpt>
      <trkpt lat="43.84796801023185253143310546875" lon="87.51106568612158298492431640625">
        <ele>821.20001220703125</ele>
        <time>2026-08-14T14:00:13.000Z</time>
        <extensions>
          <ns3:TrackPointExtension>
            <ns3:hr>106</ns3:hr>
            <ns3:cad>0</ns3:cad>
          </ns3:TrackPointExtension>
        </extensions>
      </trkpt>
      <trkpt lat="43.84803590364754199981689453125" lon="87.51107574440538883209228515625">
        <ele>821</ele>
        <time>2026-08-14T14:00:17.000Z</time>
        <extensions>
          <ns3:TrackPointExtension>
            <ns3:hr>105</ns3:hr>
            <ns3:cad>0</ns3:cad>
          </ns3:TrackPointExtension>
        </extensions>
      </trkpt>
      <trkpt lat="43.8481305353343486785888671875" lon="87.51108731143176555633544921875">
        <ele>820.5999755859375</ele>
        <time>2026-08-14T14:00:20.000Z</time>
        <extensions>
          <ns3:TrackPointExtension>
            <ns3:hr>108</ns3:hr>
            <ns3:cad>81</ns3:cad>
          </ns3:TrackPointExtension>
        </extensions>
      </trkpt>
      <trkpt lat="43.848315775394439697265625" lon="87.511112205684185028076171875">
        <ele>820.4000244140625</ele>
        <time>2026-08-14T14:00:26.000Z</time>
        <extensions>
          <ns3:TrackPointExtension>
            <ns3:hr>111</ns3:hr>
            <ns3:cad>82</ns3:cad>
          </ns3:TrackPointExtension>
        </extensions>
      </trkpt>
      <trkpt lat="43.8483410887420177459716796875" lon="87.51111547462642192840576171875">
        <ele>820.5999755859375</ele>
        <time>2026-08-14T14:00:27.000Z</time>
        <extensions>
          <ns3:TrackPointExtension>
            <ns3:hr>113</ns3:hr>
            <ns3:cad>82</ns3:cad>
          </ns3:TrackPointExtension>
        </extensions>
      </trkpt>
      <trkpt lat="43.84836631827056407928466796875" lon="87.51111966557800769805908203125">
        <ele>820.5999755859375</ele>
        <time>2026-08-14T14:00:28.000Z</time>
        <extensions>
          <ns3:TrackPointExtension>
            <ns3:hr>114</ns3:hr>
            <ns3:cad>82</ns3:cad>
          </ns3:TrackPointExtension>
        </extensions>
      </trkpt>
      <trkpt lat="43.84844385087490081787109375" lon="87.51112125813961029052734375">
        <ele>821</ele>
        <time>2026-08-14T14:00:31.000Z</time>
        <extensions>
          <ns3:TrackPointExtension>
            <ns3:hr>117</ns3:hr>
            <ns3:cad>82</ns3:cad>
          </ns3:TrackPointExtension>
        </extensions>
      </trkpt>
      <trkpt lat="43.848464973270893096923828125" lon="87.51110524870455265045166015625">
        <ele>821</ele>
        <time>2026-08-14T14:00:33.000Z</time>
        <extensions>
          <ns3:TrackPointExtension>
            <ns3:hr>118</ns3:hr>
            <ns3:cad>82</ns3:cad>
          </ns3:TrackPointExtension>
        </extensions>
      </trkpt>
      <trkpt lat="43.84848316200077533721923828125" lon="87.51105328090488910675048828125">
        <ele>820.5999755859375</ele>
        <time>2026-08-14T14:00:37.000Z</time>
        <extensions>
          <ns3:TrackPointExtension>
            <ns3:hr>121</ns3:hr>
            <ns3:cad>54</ns3:cad>
          </ns3:TrackPointExtension>
        </extensions>
      </trkpt>
      <trkpt lat="43.8485020212829113006591796875" lon="87.51101489178836345672607421875">
        <ele>820.4000244140625</ele>
        <time>2026-08-14T14:00:40.000Z</time>
        <extensions>
          <ns3:TrackPointExtension>
            <ns3:hr>121</ns3:hr>
            <ns3:cad>54</ns3:cad>
          </ns3:TrackPointExtension>
        </extensions>
      </trkpt>
      <trkpt lat="43.84863252751529216766357421875" lon="87.51097507774829864501953125">
        <ele>820</ele>
        <time>2026-08-14T14:00:50.000Z</time>
        <extensions>
          <ns3:TrackPointExtension>
            <ns3:hr>120</ns3:hr>
            <ns3:cad>53</ns3:cad>
          </ns3:TrackPointExtension>
        </extensions>
      </trkpt>
      <trkpt lat="43.84870159439742565155029296875" lon="87.51099787652492523193359375">
        <ele>820</ele>
        <time>2026-08-14T14:00:55.000Z</time>
        <extensions>
          <ns3:TrackPointExtension>
            <ns3:hr>123</ns3:hr>
            <ns3:cad>54</ns3:cad>
          </ns3:TrackPointExtension>
        </extensions>
      </trkpt>
      <trkpt lat="43.8487893529236316680908203125" lon="87.511014640331268310546875">
        <ele>819.79998779296875</ele>
        <time>2026-08-14T14:01:00.000Z</time>
        <extensions>
          <ns3:TrackPointExtension>
            <ns3:hr>122</ns3:hr>
            <ns3:cad>54</ns3:cad>
          </ns3:TrackPointExtension>
        </extensions>
      </trkpt>
      <trkpt lat="43.84891751222312450408935546875" lon="87.51102210022509098052978515625">
        <ele>819.4000244140625</ele>
        <time>2026-08-14T14:01:05.000Z</time>
        <extensions>
          <ns3:TrackPointExtension>
            <ns3:hr>122</ns3:hr>
            <ns3:cad>80</ns3:cad>
          </ns3:TrackPointExtension>
        </extensions>
      </trkpt>
      <trkpt lat="43.84903167374432086944580078125" lon="87.51104481518268585205078125">
        <ele>818.79998779296875</ele>
        <time>2026-08-14T14:01:10.000Z</time>
        <extensions>
          <ns3:TrackPointExtension>
            <ns3:hr>125</ns3:hr>
            <ns3:cad>81</ns3:cad>
          </ns3:TrackPointExtension>
        </extensions>
      </trkpt>
      <trkpt lat="43.84909319691359996795654296875" lon="87.51103986985981464385986328125">
        <ele>818.20001220703125</ele>
        <time>2026-08-14T14:01:13.000Z</time>
        <extensions>
          <ns3:TrackPointExtension>
            <ns3:hr>128</ns3:hr>
            <ns3:cad>82</ns3:cad>
          </ns3:TrackPointExtension>
        </extensions>
      </trkpt>
      <trkpt lat="43.84913845919072628021240234375" lon="87.51104456372559070587158203125">
        <ele>817.79998779296875</ele>
        <time>2026-08-14T14:01:15.000Z</time>
        <extensions>
          <ns3:TrackPointExtension>
            <ns3:hr>130</ns3:hr>
            <ns3:cad>82</ns3:cad>
          </ns3:TrackPointExtension>
        </extensions>
      </trkpt>
      <trkpt lat="43.84922345168888568878173828125" lon="87.5110510177910327911376953125">
        <ele>817.20001220703125</ele>
        <time>2026-08-14T14:01:19.000Z</time>
        <extensions>
          <ns3:TrackPointExtension>
            <ns3:hr>133</ns3:hr>
            <ns3:cad>82</ns3:cad>
          </ns3:TrackPointExtension>
        </extensions>
      </trkpt>
      <trkpt lat="43.84928145445883274078369140625" lon="87.51106333918869495391845703125">
        <ele>817.20001220703125</ele>
        <time>2026-08-14T14:01:24.000Z</time>
        <extensions>
          <ns3:TrackPointExtension>
            <ns3:hr>136</ns3:hr>
            <ns3:cad>82</ns3:cad>
          </ns3:TrackPointExtension>
        </extensions>
      </trkpt>
      <trkpt lat="43.84929503314197063446044921875" lon="87.51106451265513896942138671875">
        <ele>817.20001220703125</ele>
        <time>2026-08-14T14:01:25.000Z</time>
        <extensions>
          <ns3:TrackPointExtension>
            <ns3:hr>136</ns3:hr>
            <ns3:cad>82</ns3:cad>
          </ns3:TrackPointExtension>
        </extensions>
      </trkpt>
      <trkpt lat="43.84936493821442127227783203125" lon="87.51106132753193378448486328125">
        <ele>816.79998779296875</ele>
        <time>2026-08-14T14:01:31.000Z</time>
        <extensions>
          <ns3:TrackPointExtension>
            <ns3:hr>138</ns3:hr>
            <ns3:cad>54</ns3:cad>
          </ns3:TrackPointExtension>
        </extensions>
      </trkpt>
      <trkpt lat="43.84940751828253269195556640625" lon="87.51104691065847873687744140625">
        <ele>816.5999755859375</ele>
        <time>2026-08-14T14:01:36.000Z</time>
        <extensions>
          <ns3:TrackPointExtension>
            <ns3:hr>138</ns3:hr>
            <ns3:cad>54</ns3:cad>
          </ns3:TrackPointExtension>
        </extensions>
      </trkpt>
      <trkpt lat="43.84942981414496898651123046875" lon="87.51105478964745998382568359375">
        <ele>816.79998779296875</ele>
        <time>2026-08-14T14:01:37.000Z</time>
        <extensions>
          <ns3:TrackPointExtension>
            <ns3:hr>138</ns3:hr>
            <ns3:cad>54</ns3:cad>
          </ns3:TrackPointExtension>
        </extensions>
      </trkpt>
      <trkpt lat="43.84948630817234516143798828125" lon="87.51107624731957912445068359375">
        <ele>817</ele>
        <time>2026-08-14T14:01:42.000Z</time>
        <extensions>
          <ns3:TrackPointExtension>
            <ns3:hr>135</ns3:hr>
            <ns3:cad>55</ns3:cad>
          </ns3:TrackPointExtension>
        </extensions>
      </trkpt>
      <trkpt lat="43.849525116384029388427734375" lon="87.5110667757689952850341796875">
        <ele>816.5999755859375</ele>
        <time>2026-08-14T14:01:46.000Z</time>
        <extensions>
          <ns3:TrackPointExtension>
            <ns3:hr>132</ns3:hr>
            <ns3:cad>54</ns3:cad>
          </ns3:TrackPointExtension>
        </extensions>
      </trkpt>
      <trkpt lat="43.84954481385648250579833984375" lon="87.51105914823710918426513671875">
        <ele>816.5999755859375</ele>
        <time>2026-08-14T14:01:48.000Z</time>
        <extensions>
          <ns3:TrackPointExtension>
            <ns3:hr>129</ns3:hr>
            <ns3:cad>54</ns3:cad>
          </ns3:TrackPointExtension>
        </extensions>
      </trkpt>
      <trkpt lat="43.8496067561209201812744140625" lon="87.51105076633393764495849609375">
        <ele>816.20001220703125</ele>
        <time>2026-08-14T14:01:53.000Z</time>
        <extensions>
          <ns3:TrackPointExtension>
            <ns3:hr>127</ns3:hr>
            <ns3:cad>54</ns3:cad>
          </ns3:TrackPointExtension>
        </extensions>
      </trkpt>
      <trkpt lat="43.8496915809810161590576171875" lon="87.5110503472387790679931640625">
        <ele>816.20001220703125</ele>
        <time>2026-08-14T14:01:58.000Z</time>
        <extensions>
          <ns3:TrackPointExtension>
            <ns3:hr>124</ns3:hr>
            <ns3:cad>54</ns3:cad>
          </ns3:TrackPointExtension>
        </extensions>
      </trkpt>
      <trkpt lat="43.84973323903977870941162109375" lon="87.51105126924812793731689453125">
        <ele>816.20001220703125</ele>
        <time>2026-08-14T14:02:01.000Z</time>
        <extensions>
          <ns3:TrackPointExtension>
            <ns3:hr>124</ns3:hr>
            <ns3:cad>57</ns3:cad>
          </ns3:TrackPointExtension>
        </extensions>
      </trkpt>
      <trkpt lat="43.84987774305045604705810546875" lon="87.51104925759136676788330078125">
        <ele>814.79998779296875</ele>
        <time>2026-08-14T14:02:07.000Z</time>
        <extensions>
          <ns3:TrackPointExtension>
            <ns3:hr>122</ns3:hr>
            <ns3:cad>79</ns3:cad>
          </ns3:TrackPointExtension>
        </extensions>
      </trkpt>
      <trkpt lat="43.8500577025115489959716796875" lon="87.51107540912926197052001953125">
        <ele>814</ele>
        <time>2026-08-14T14:02:15.000Z</time>
        <extensions>
          <ns3:TrackPointExtension>
            <ns3:hr>123</ns3:hr>
            <ns3:cad>82</ns3:cad>
          </ns3:TrackPointExtension>
        </extensions>
      </trkpt>
      <trkpt lat="43.8501141965389251708984375" lon="87.5110818631947040557861328125">
        <ele>814</ele>
        <time>2026-08-14T14:02:19.000Z</time>
        <extensions>
          <ns3:TrackPointExtension>
            <ns3:hr>126</ns3:hr>
            <ns3:cad>0</ns3:cad>
          </ns3:TrackPointExtension>
        </extensions>
      </trkpt>
      <trkpt lat="43.85014713741838932037353515625" lon="87.51106895506381988525390625">
        <ele>814</ele>
        <time>2026-08-14T14:02:22.000Z</time>
        <extensions>
          <ns3:TrackPointExtension>
            <ns3:hr>130</ns3:hr>
            <ns3:cad>55</ns3:cad>
          </ns3:TrackPointExtension>
        </extensions>
      </trkpt>
      <trkpt lat="43.85018686763942241668701171875" lon="87.51109711825847625732421875">
        <ele>814</ele>
        <time>2026-08-14T14:02:25.000Z</time>
        <extensions>
          <ns3:TrackPointExtension>
            <ns3:hr>133</ns3:hr>
            <ns3:cad>55</ns3:cad>
          </ns3:TrackPointExtension>
        </extensions>
      </trkpt>
      <trkpt lat="43.85028493590652942657470703125" lon="87.51111513935029506683349609375">
        <ele>813.79998779296875</ele>
        <time>2026-08-14T14:02:32.000Z</time>
        <extensions>
          <ns3:TrackPointExtension>
            <ns3:hr>130</ns3:hr>
            <ns3:cad>56</ns3:cad>
          </ns3:TrackPointExtension>
        </extensions>
      </trkpt>
      <trkpt lat="43.850294239819049835205078125" lon="87.51111455261707305908203125">
        <ele>813.5999755859375</ele>
        <time>2026-08-14T14:02:33.000Z</time>
        <extensions>
          <ns3:TrackPointExtension>
            <ns3:hr>129</ns3:hr>
            <ns3:cad>56</ns3:cad>
          </ns3:TrackPointExtension>
        </extensions>
      </trkpt>
      <trkpt lat="43.85031678713858127593994140625" lon="87.51111580990254878997802734375">
        <ele>813.5999755859375</ele>
        <time>2026-08-14T14:02:35.000Z</time>
        <extensions>
          <ns3:TrackPointExtension>
            <ns3:hr>126</ns3:hr>
            <ns3:cad>56</ns3:cad>
          </ns3:TrackPointExtension>
        </extensions>
      </trkpt>
      <trkpt lat="43.8503725267946720123291015625" lon="87.51112134195864200592041015625">
        <ele>813.4000244140625</ele>
        <time>2026-08-14T14:02:40.000Z</time>
        <extensions>
          <ns3:TrackPointExtension>
            <ns3:hr>123</ns3:hr>
            <ns3:cad>56</ns3:cad>
          </ns3:TrackPointExtension>
        </extensions>
      </trkpt>
      <trkpt lat="43.85038836859166622161865234375" lon="87.511121928691864013671875">
        <ele>813.4000244140625</ele>
        <time>2026-08-14T14:02:41.000Z</time>
        <extensions>
          <ns3:TrackPointExtension>
            <ns3:hr>123</ns3:hr>
            <ns3:cad>56</ns3:cad>
          </ns3:TrackPointExtension>
        </extensions>
      </trkpt>
      <trkpt lat="43.8504536636173725128173828125" lon="87.5111261196434497833251953125">
        <ele>813.20001220703125</ele>
        <time>2026-08-14T14:02:45.000Z</time>
        <extensions>
          <ns3:TrackPointExtension>
            <ns3:hr>120</ns3:hr>
            <ns3:cad>55</ns3:cad>
          </ns3:TrackPointExtension>
        </extensions>
      </trkpt>
      <trkpt lat="43.8505317829549312591552734375" lon="87.511131651699542999267578125">
        <ele>812.79998779296875</ele>
        <time>2026-08-14T14:02:51.000Z</time>
        <extensions>
          <ns3:TrackPointExtension>
            <ns3:hr>119</ns3:hr>
            <ns3:cad>55</ns3:cad>
          </ns3:TrackPointExtension>
        </extensions>
      </trkpt>
      <trkpt lat="43.85060881264507770538330078125" lon="87.51113592647016048431396484375">
        <ele>812.79998779296875</ele>
        <time>2026-08-14T14:02:56.000Z</time>
        <extensions>
          <ns3:TrackPointExtension>
            <ns3:hr>116</ns3:hr>
            <ns3:cad>55</ns3:cad>
          </ns3:TrackPointExtension>
        </extensions>
      </trkpt>
      <trkpt lat="43.8506479561328887939453125" lon="87.51113542355597019195556640625">
        <ele>812.5999755859375</ele>
        <time>2026-08-14T14:02:59.000Z</time>
        <extensions>
          <ns3:TrackPointExtension>
            <ns3:hr>118</ns3:hr>
            <ns3:cad>55</ns3:cad>
          </ns3:TrackPointExtension>
        </extensions>
      </trkpt>
      <trkpt lat="43.85073990561068058013916015625" lon="87.5111365132033824920654296875">
        <ele>811.79998779296875</ele>
        <time>2026-08-14T14:03:07.000Z</time>
        <extensions>
          <ns3:TrackPointExtension>
            <ns3:hr>115</ns3:hr>
            <ns3:cad>56</ns3:cad>
          </ns3:TrackPointExtension>
        </extensions>
      </trkpt>
      <trkpt lat="43.85085021145641803741455078125" lon="87.51113961450755596160888671875">
        <ele>811</ele>
        <time>2026-08-14T14:03:16.000Z</time>
        <extensions>
          <ns3:TrackPointExtension>
            <ns3:hr>114</ns3:hr>
            <ns3:cad>54</ns3:cad>
          </ns3:TrackPointExtension>
        </extensions>
      </trkpt>
      <trkpt lat="43.8509827293455600738525390625" lon="87.5111686997115612030029296875">
        <ele>810</ele>
        <time>2026-08-14T14:03:26.000Z</time>
        <extensions>
          <ns3:TrackPointExtension>
            <ns3:hr>113</ns3:hr>
            <ns3:cad>55</ns3:cad>
          </ns3:TrackPointExtension>
        </extensions>
      </trkpt>
      <trkpt lat="43.85108306072652339935302734375" lon="87.51117381267249584197998046875">
        <ele>809.4000244140625</ele>
        <time>2026-08-14T14:03:35.000Z</time>
        <extensions>
          <ns3:TrackPointExtension>
            <ns3:hr>113</ns3:hr>
            <ns3:cad>55</ns3:cad>
          </ns3:TrackPointExtension>
        </extensions>
      </trkpt>
      <trkpt lat="43.8511711545288562774658203125" lon="87.5111606530845165252685546875">
        <ele>808.79998779296875</ele>
        <time>2026-08-14T14:03:42.000Z</time>
        <extensions>
          <ns3:TrackPointExtension>
            <ns3:hr>113</ns3:hr>
            <ns3:cad>54</ns3:cad>
          </ns3:TrackPointExtension>
        </extensions>
      </trkpt>
      <trkpt lat="43.85122396051883697509765625" lon="87.511166520416736602783203125">
        <ele>808.5999755859375</ele>
        <time>2026-08-14T14:03:46.000Z</time>
        <extensions>
          <ns3:TrackPointExtension>
            <ns3:hr>113</ns3:hr>
            <ns3:cad>55</ns3:cad>
          </ns3:TrackPointExtension>
        </extensions>
      </trkpt>
      <trkpt lat="43.85128640569746494293212890625" lon="87.51117163337767124176025390625">
        <ele>808.4000244140625</ele>
        <time>2026-08-14T14:03:51.000Z</time>
        <extensions>
          <ns3:TrackPointExtension>
            <ns3:hr>112</ns3:hr>
            <ns3:cad>55</ns3:cad>
          </ns3:TrackPointExtension>
        </extensions>
      </trkpt>
    </trkseg>
  </trk>
</gpx>
